Season,Player,Pos,Team,Matches,Sets,Kills,Atk Err,Atk,Hit %,Assists,Aces,Serv Err,Digs,Total Blk,Solo Blk,Blk Ast,Blk Err,BH Err,PTS,Hometown,High School
2026,Allie Sweet,OH,UNC Greensboro,16,63,302,126,841,0.209,16,23,17,186,37,9,28,1,0,348.0,"Woodstock, Ga.",River Ridge
2026,Kalista Lukovich,OH,Eastern Wash.,18,70,308,105,942,0.215,19,17,15,164,31,8,23,1,0,344.5,"Happy Valley, Ore",Adrienne C. Nelson '23
2026,Mallory Reck,OH,Marist,18,70,286,104,740,0.246,13,26,27,190,24,4,20,6,2,326.0,"Northville, MI",Northville
2026,Kennedy Louisell,OH,James Madison,15,57,270,75,642,0.304,12,34,41,145,28,4,24,1,0,320.0,"Grand Rapids, Mich.",Forest Hills Northern
2026,Riley Rosneck,OH,Purdue Fort Wayne,17,67,276,79,765,0.258,8,16,20,150,36,4,32,0,0,312.0,"Cleveland, Ohio",Kenston
2026,Jurnee Robinson,OH,LSU,13,54,273,107,669,0.248,11,10,29,132,42,11,31,7,0,309.5,,
2026,Claire Wagstaff,RS,Gonzaga,16,62,248,116,592,0.223,13,26,32,104,54,8,46,3,0,305.0,"Fort Collins, Colo.",Fort Collins HS
2026,Olivia Babcock,RS,Pittsburgh,15,49,260,63,560,0.352,9,19,37,94,48,1,47,4,0,303.5,"Los Angeles, Calif.",Sierra Canyon HS
2026,Sylvie Zgonc,OH,South Dakota St.,15,58,272,85,639,0.293,14,14,15,147,20,4,16,4,1,298.0,"Hartford, Wis.",Sussex Hamilton H.S.
2026,Suli Davis,OH,SMU,15,56,262,98,657,0.250,25,14,22,121,36,5,31,6,0,296.5,"Euless, Texas",Colleyville Heritage HS
2026,Carola Tesoro,OH,St. John's (NY),17,63,263,100,610,0.267,8,19,21,152,19,1,18,3,1,292.0,"Milan, Italy",
2026,Emersen Schrom,OH,Duquesne,16,60,241,89,599,0.254,13,42,34,137,11,1,10,3,0,289.0,"Pittsburgh, Pa.",Hampton
2026,Maria Tabacuks,OH,LMU (CA),16,63,248,78,672,0.253,20,19,39,137,36,5,31,2,0,287.5,"Cannes, France",Stanislas Private Secondary
2026,Antonie Kelnárová,OH,Saint Mary's (CA),17,66,231,123,664,0.163,30,43,55,186,22,2,20,5,1,286.0,"Prague, Czechia",BK Selmy Brno
2026,Morgan Hayes,OPP,Santa Clara,15,60,257,100,594,0.264,5,10,20,89,37,1,36,2,0,286.0,Honolulu,Highlands HS
2026,Chloe Smith,OH,Wofford,17,65,244,78,705,0.235,11,28,25,160,22,4,18,5,0,285.0,"Louisville, Ky.",Assumption
2026,Jenna Legault,OH,Fresno St.,15,59,230,93,693,0.198,6,37,40,130,27,9,18,3,0,285.0,"Bothell, Wash.",
2026,Carson Tyler,OH,Marquette,14,55,239,85,581,0.265,11,29,36,135,26,2,24,4,0,282.0,"Pavilion, NY",
2026,Sarah Wadsworth,OH,UNC Asheville,18,67,222,87,619,0.218,5,46,85,134,22,5,17,1,0,281.5,"Scottsdale, Ariz.",Horizon HS
2026,Akira Burt,MB,Georgia St.,16,64,237,103,634,0.211,7,14,17,115,47,3,44,3,0,276.0,"Columbus, Ga.",Richmond Hill
2026,Alayna Pierce,OH,Tennessee Tech,17,65,250,128,690,0.177,19,19,29,156,11,2,9,1,0,275.5,,
2026,Lauren Hubert,OH,Sacred Heart,17,65,240,108,613,0.215,16,16,16,176,35,1,34,4,0,274.0,"Buffalo, N.Y.",Sweet Home (Canisius)
2026,Kiera Hamilton,OH,George Mason,14,56,249,117,636,0.208,8,14,11,117,18,4,14,3,0,274.0,"Tuscon, Ariz.",Tuscon High Magnet
2026,Gabrielle Gilbert,OH,Norfolk St.,16,61,228,95,630,0.211,11,35,30,121,18,3,15,1,0,273.5,"Indianapolis, Ind.",
2026,Ellie Rink,OH,Saint Louis,16,67,231,90,658,0.214,24,17,43,141,44,3,41,2,0,271.5,"Bloomington, Ill.",Normal Community West High School
2026,Kyleene Filimaua,OH,Florida St.,15,58,228,86,567,0.250,17,30,53,155,24,3,21,5,2,271.5,"Bothell, Wash.",
2026,Simone Searles,RS,Duquesne,16,60,235,72,477,0.342,5,11,17,125,44,3,41,3,0,269.5,"Marietta, Ga.",Walton High School
2026,Audrey Ross,OH,Boston College,15,51,237,78,582,0.273,2,8,18,105,35,14,21,1,0,269.5,"Danville, Calif.",San Ramon Valley
2026,Gracie Furlong,OH,Bradley,17,68,250,94,689,0.226,19,9,10,177,18,2,16,1,0,269.0,,
2026,Victoria Marthaler,OH,Sacramento St.,15,61,238,117,642,0.188,8,18,38,106,23,2,21,2,0,268.5,"Albuquerque, N.M.",
2026,Emma Sorensen,OH,Holy Cross,19,71,235,102,797,0.167,18,23,15,161,17,3,14,0,1,268.0,"Dallas, Texas",Ursuline Academy of Dallas
2026,Hanah Stoddard,OH,Northern Ariz.,17,64,237,81,812,0.192,18,12,37,161,31,7,24,2,1,268.0,"Coeur d’Alene, Idaho",Lake City
2026,Ava Helming,RS,Valparaiso,16,63,233,96,579,0.237,13,13,14,127,38,6,32,5,0,268.0,,
2026,Kiana Greer,OH,Idaho,17,66,231,107,581,0.213,12,23,32,130,20,6,14,8,1,267.0,"Torrance, CA",Torrance HS
2026,Chloe Monson,OH,Sam Houston,17,62,242,117,641,0.195,13,14,23,154,21,1,20,1,0,267.0,"San Antonio, Texas",Pieper HS
2026,Bianna Muoneke,OH,Georgia,13,51,234,56,600,0.297,25,15,21,103,35,0,35,5,2,266.5,"Cypress, Texas",
2026,Ksenia Rakhmanchik,OH,Baylor,15,52,244,93,589,0.256,4,10,36,76,19,4,15,4,0,265.5,,
2026,Ariana Brown,OH,East Texas A&M,18,72,228,70,653,0.242,9,26,34,148,19,2,17,3,1,264.5,"Houston, Texas",Conroe HS
2026,Cassidy Hartman,OH,UNI,16,56,240,118,677,0.180,14,6,9,195,33,3,30,1,0,264.0,"North Liberty, Iowa",Iowa City Liberty HS
2026,Lily Dykstra,OH,UNI,16,56,237,97,669,0.209,5,12,27,99,27,2,25,4,0,263.5,"Urbandale, Iowa",Urbandale HS
2026,Molly McCluskey,OH,UC San Diego,15,62,220,72,524,0.282,9,20,28,144,44,3,41,0,0,263.5,"Costa Mesa, Calif.",Edison HS
2026,Ana Burilovic,OH,Colorado,14,52,219,95,573,0.216,10,26,23,101,32,5,27,2,1,263.5,,
2026,Taylor Stanley,OH,Kansas,14,47,221,73,472,0.314,9,19,41,84,45,1,44,5,0,263.0,,
2026,Mary Claire Deacy,RS,Siena,18,65,238,57,633,0.286,4,3,5,129,40,2,38,1,0,262.0,"Chicago, IL",Mother McAuley (Michio Chicago Volleyball Academy)
2026,Abby Zimmerman,OH,California,16,66,201,81,533,0.225,27,32,45,172,53,2,51,3,0,260.5,"Redondo Beach, Calif.",Redondo Union HS
2026,Sydney Jones,OH,Houston,16,58,250,94,569,0.274,9,5,10,50,11,0,11,1,1,260.5,"Havertown, Pa.",Haverford HS
2026,Kaili Doctor,OH,North Florida,15,59,232,81,616,0.245,6,12,30,121,27,6,21,6,2,260.5,,
2026,Ema Petkovic,RS,UTRGV,16,57,208,80,530,0.242,7,38,47,103,27,1,26,3,1,260.0,"Novi Sad, Serbia",
2026,Paige Thies,OH,Nevada,15,64,228,99,673,0.192,13,23,35,126,15,1,14,1,0,259.0,"Oregon City, Ore.",
2026,Ally Cordes,OH,Samford,15,60,223,77,725,0.201,8,15,16,182,32,8,24,3,1,258.0,"Wyoming, Ohio",
2026,Becca Kelley,OH,TCU,15,54,228,77,510,0.296,6,8,22,95,38,6,32,6,0,258.0,"Rockwall, Texas",Rockwall HS
2026,Reagan Nelson,OH,Southeast Mo. St.,17,62,229,80,580,0.257,18,20,26,153,12,4,8,0,0,257.0,"St. Charles, Mo.",Pattonville High School
2026,Lauren MacKellar,RS,New Haven,16,57,235,119,619,0.187,9,4,17,107,31,3,28,2,0,256.0,"Grosse Pointe Woods, Mich.",Northville
2026,Izzy Castelloe,MB,Furman,16,65,226,73,633,0.242,8,10,17,78,36,2,34,2,1,255.0,"Charlotte, N.C.",South Mecklenburg
2026,Brooklyn DeLeye,OH,Kentucky,14,50,220,80,536,0.261,6,24,41,96,18,4,14,1,0,255.0,"Topeka, Kansas",instagram tiktok twitter
2026,Ella Sanders,OH,Stony Brook,16,59,220,84,650,0.209,8,16,14,170,34,2,32,3,0,254.0,"Albuquerque, N.M.",La Cueva
2026,Ashby Willis,OH,Southern Ind.,14,56,221,90,637,0.206,18,21,13,177,22,2,20,1,0,254.0,"Mount Carmel, IL",Mount Carmel
2026,Brynn Minter,OH,Charleston So.,16,62,211,80,578,0.227,19,32,20,147,20,1,19,1,1,253.5,"Seal Beach, CA",Los Alamitos HS
2026,Ellie Pate,OH,East Carolina,17,60,227,84,653,0.219,11,10,22,125,26,5,21,1,0,252.5,"Auburn, Ala.",Auburn High School
2026,Bella Hutchens,OH,App State,17,68,219,102,543,0.215,7,18,33,126,27,3,24,3,0,252.0,"Pilot Mountain, N.C.",East Surry
2026,Trinity Rye,OH,Purdue Fort Wayne,17,67,217,101,564,0.206,5,12,17,78,40,4,36,7,0,251.0,"San Diego, Calif.",Western Christian Academy
2026,Lauren Decker,OH,Robert Morris,17,62,233,104,638,0.202,4,8,27,155,16,4,12,5,0,251.0,"Wadsworth, Ohio",Wadsworth
2026,Elena Garcia-Guerrios,OH,Davidson,16,63,216,97,648,0.184,4,24,25,176,19,2,17,8,0,250.5,"Manati, Puerto Rico",
2026,Ella Demetrician,OH,Michigan,15,53,229,95,560,0.239,13,9,15,130,20,5,15,10,0,250.5,"Appleton, Wis.",
2026,Cate Shanahan,OH,Santa Clara,15,60,224,90,568,0.236,11,10,22,123,28,4,24,2,0,250.0,Toronto,Deerfield Academy
2026,Lejla Hadžiredžepovic,OH,St. John's (NY),17,64,215,109,583,0.182,3,12,14,47,39,6,33,2,1,249.5,"Reykjavík, Iceland",
2026,Elsie Sanchez,OH,Northwestern St.,19,66,222,100,687,0.178,8,17,25,59,18,2,16,1,0,249.0,,
2026,Jordyn Gove,OH,Valparaiso,16,63,221,75,582,0.251,23,20,24,167,16,0,16,2,1,249.0,,
2026,Ryanne Wattree,RS,Kansas City,16,60,228,67,491,0.328,1,0,0,34,39,3,36,4,0,249.0,"Lee's Summit, Mo.",Lee's Summit West HS
2026,Chloe Chicoine,OH,Louisville,17,57,225,33,574,0.334,11,12,14,142,19,4,15,0,1,248.5,"Lafayette, Ind.",
2026,Sophia Henry,OH,Middle Tenn.,16,61,219,97,593,0.206,8,18,13,99,22,1,21,4,0,248.5,"Atlanta, Ga.",Walton High School
2026,Petra Fritz,OH,San Francisco,17,63,218,85,581,0.229,8,17,42,105,20,6,14,1,1,248.0,"Corrales, N.M.",Seattle U
2026,Diane Pichelman,MB,Green Bay,15,62,195,35,419,0.382,9,26,29,37,48,6,42,9,0,248.0,"Madison, Wis.",Edgewood High School
2026,Nia Thompson,OH,George Mason,17,66,226,105,629,0.192,10,12,15,144,15,2,13,0,0,246.5,"San Diego, Calif.",Westview
2026,LaDonna Trantham,OH,Florida A&M,16,62,212,97,623,0.185,13,23,23,117,22,1,21,1,0,246.5,"Homewood, Ill.",
2026,Alida Bennour,OH,Georgia Tech,15,54,190,74,450,0.258,3,33,32,103,45,2,43,9,0,246.5,"Algiers, Algeria",
2026,Reese Ricketts,OH,North Ala.,18,60,224,87,560,0.245,10,12,26,173,17,2,15,1,0,245.5,"Harrison, Ark.",Harrison HS
2026,Nina Horning,OH,West Virginia,15,64,216,75,563,0.250,5,17,31,92,24,1,23,0,0,245.5,"Lake Orion, Mich.",Lake Orion
2026,Bradley Brown,MB,Wofford,17,65,203,47,416,0.375,2,2,19,21,59,20,39,6,0,244.5,"Florence, S.C.",Florence Christian School
2026,Molly Creech,OH,Miami (OH),16,56,222,76,660,0.221,9,12,22,146,17,4,13,0,0,244.5,"Cincinnati, Ohio",Saint Ursula Academy
2026,Kaitlin Curran,OH,Bryant,20,71,196,115,582,0.139,13,31,28,219,27,5,22,1,0,243.0,,
2026,Mckenna Wucherer,OH,Minnesota,12,43,203,52,484,0.312,2,28,33,104,24,0,24,1,0,243.0,"HOMETOWN
BROOKFIELD, WIS.",
2026,Kamryn Gibadlo,OH,Utah,16,53,206,69,508,0.270,5,18,20,83,31,6,25,4,0,242.5,"Cave Creek, Ariz.",Cactus Shadows HS
2026,Avery Fearnley,OH,Little Rock,17,61,208,93,529,0.217,8,20,30,143,23,5,18,5,1,242.0,"Reno, Nev.",Reno HS
2026,Nicole Schuetz,OH,LMU (CA),16,63,213,94,549,0.217,10,16,28,135,24,2,22,5,0,242.0,"Santa Barbara, CA",Bishop Diego High School/Santa Barbara High school
2026,Tyne Ross,OH,N.C. A&T,14,56,215,65,565,0.265,10,9,21,118,26,9,17,3,0,241.5,"Cameron, N.C.",Union Pines
2026,Michaela Dlouhá,MB,Middle Tenn.,16,63,163,45,340,0.347,11,27,20,43,86,16,70,6,1,241.0,"Pardubice, Czechia",Gymnasium Jana
2026,Maddie Smith,OH,Marshall,16,62,217,68,507,0.294,14,11,8,153,24,2,22,4,0,241.0,"Hickory, N.C.",University Christian
2026,Haley Patterson,MB,Kennesaw St.,16,61,219,107,566,0.198,3,12,22,74,15,3,12,4,0,240.0,"Mobile, Ala.",St. Luke's Episcopal School
2026,Rayishon Jackman,OH,Alabama A&M,17,64,199,70,529,0.244,24,29,20,182,18,5,13,2,0,239.5,"Taipei, Taiwan",
2026,Kylie Surratt,OH,Youngstown St.,15,59,208,87,572,0.212,4,26,34,102,10,1,9,1,0,239.5,"St. Louis, Mo.",Pattonville
2026,Suelen Lima,OH,CSU Bakersfield,16,63,210,79,626,0.209,22,9,26,132,33,7,26,2,1,239.0,"Sao Bento do Sul, Brazil",
2026,Bailey Sinish,OH,IU Indy,17,65,211,94,524,0.223,18,11,37,112,22,10,12,2,0,238.0,"Fort Wayne, Ind.",Carroll
2026,Charlotte Moriarty,OH,Xavier,16,61,206,82,598,0.207,19,23,35,201,17,1,16,2,0,238.0,"LaGrange, Ky.",Assumption
2026,Abbie Hagedorn,OH,Sacred Heart,16,62,189,87,498,0.205,17,41,21,136,13,2,11,2,0,237.5,"Omaha, Neb.",V.J. and Angela Skutt Catholic
2026,Isabella Umpierre,OPP,UC Davis,16,65,206,108,599,0.164,16,16,56,152,28,2,26,2,1,237.0,"Windermere, Fla.",Lake Highland Prep
2026,Sadie McAda,OH,Southern Miss.,14,51,214,100,587,0.194,10,10,22,169,24,2,22,3,0,237.0,"Pleasanton, Texas",
2026,Leyna Nguyen,DS,Loyola Chicago,15,59,213,103,580,0.190,6,12,8,116,22,1,21,0,0,236.5,"San Jose, Calif.",Archbishop Mitty
2026,Ashby Zubchevich,OH,Duke,14,51,198,81,441,0.265,8,29,37,115,19,0,19,1,0,236.5,"La Cañada Flintridge, Calif.",La Cañada High School
2026,Campbell McKinnon,MB,Villanova,15,58,186,47,368,0.378,4,16,25,39,58,10,48,5,0,236.0,"Collierville, Tenn.",Collierville
2026,Kyra McKelvey,OPP,Southeastern La.,17,64,213,96,516,0.227,9,4,9,85,35,2,33,0,0,235.5,"Navarre, Fla.",Navarre High
2026,Abbie Tuyo,OH,Jacksonville,17,61,201,66,501,0.269,10,21,29,112,27,0,27,0,0,235.5,"Waco, Texas",Lorena
2026,Paityn Chapman,OH,Illinois,16,55,192,66,525,0.240,7,23,25,154,41,0,41,4,1,235.5,"Castle Rock, Colo.",
2026,Olivia Nzioki,MB,Northwestern St.,19,65,195,78,427,0.274,1,0,1,9,62,18,44,5,0,235.0,"Shawnee, Kan.",Mill Valley HS
2026,Sydney Whitfield,OH,Florida A&M,17,67,208,84,510,0.243,17,16,13,114,18,4,14,2,0,235.0,"Magonlia, Texas",
2026,Jillian Tippmann,OPP,IU Indy,15,56,206,93,453,0.249,10,18,39,91,19,3,16,3,0,235.0,"Fort Wayne, Ind.",Bishop Dwenger
2026,AC Froehlich,OH,Oregon St.,15,53,208,81,511,0.249,7,15,14,85,20,4,16,3,2,235.0,"Lafayette, La.",St. Thomas More HS
2026,Reagan Barth,OH,Ga. Southern,16,53,205,66,560,0.248,6,13,33,162,28,5,23,0,0,234.5,"Lenexa, Kan.",Shawnee Mission West
2026,Ireland McNees,S,UC San Diego,15,62,207,78,577,0.224,21,14,24,124,23,3,20,0,1,234.0,"Riverton, Utah",Mountain Ridge HS
2026,Sydnee Peterson,OH,Rice,16,60,206,88,639,0.185,10,10,28,142,30,5,25,7,0,233.5,"Fort Worth, Texas",
2026,Paige Bennett,OH,Winthrop,12,49,206,86,481,0.249,14,21,24,131,11,2,9,7,0,233.5,"Pleasanton, CA",Foothill H.S.
2026,Evan Hendrix,OH,TCU,15,52,216,77,562,0.247,17,4,14,135,23,3,20,1,0,233.0,"Scottsdale, Ariz.",Notre Dame Prep
2026,Armie Hall,RS,LSU New Orleans,18,64,211,67,540,0.267,1,1,2,35,38,3,35,2,0,232.5,"Plano, Texas",
2026,Brooke McCall,OH,West Ga.,17,64,214,126,615,0.143,1,11,7,45,13,2,11,1,0,232.5,,
2026,Caitlyn Little,OH,Memphis,13,49,202,87,497,0.231,10,18,34,108,24,1,23,1,0,232.5,"St. Louis, Mo.",
2026,Kamryn Hunt,OH,Dayton,18,70,205,73,544,0.243,7,15,22,172,21,2,19,1,0,231.5,"Sylvania, Ohio",Sylvania Northview
2026,Nataly Moravec,OH,Duke,14,48,207,58,518,0.288,8,13,24,103,20,3,17,4,0,231.5,"Weston, Conn.",Hopkins
2026,Summer Kohler,OH,USC Upstate,14,55,210,83,596,0.213,26,14,24,133,14,0,14,2,0,231.0,"North Port, Fla.",Venice HS
2026,Sidney Hamaker,OH,Long Beach St.,14,52,194,79,477,0.241,8,20,41,93,32,1,31,2,0,230.5,"Oswego, Ill.",
2026,Avah Armour,OH,UCF,14,51,196,56,521,0.269,15,15,30,83,34,5,29,0,1,230.5,"Manitou Springs, Colo.",Rampart
2026,Kennedy Martin,RS,Penn St.,14,47,201,55,464,0.315,7,12,18,105,34,1,33,1,0,230.5,"Fort Mill, S.C.",Nation Ford
2026,Alayna Tessena,OH,Northern Colo.,16,61,192,71,520,0.233,7,23,30,141,27,3,24,1,0,230.0,"Medina, Ohio",Highland HS
2026,Lana Sesar,OH,FIU,16,58,201,89,521,0.215,11,16,29,118,24,2,22,0,1,230.0,"Mostar, Bosnia & Herzegovina",OK Dinamo
2026,Gabi Martinez,OH,UC Santa Barbara,15,54,204,100,511,0.204,13,16,51,104,17,3,14,3,0,230.0,"Katy, Texas",Cinco Ranch HS
2026,Ally Chandler,MB,UC Davis,16,66,171,32,344,0.404,8,20,28,40,63,14,49,10,1,229.5,"Loomis, Calif.",Del Oro
2026,Leilani Lawrence,OH,Old Dominion,15,54,193,109,522,0.161,10,28,43,81,16,1,15,1,0,229.5,,
2026,Julia Leonardo,OH,Iona,17,57,204,82,617,0.198,6,13,7,121,24,0,24,3,1,229.0,"Attleboro, MA",Attleboro
2026,Beatriz Braga,OH,Hofstra,14,51,192,65,469,0.271,9,23,30,141,23,5,18,8,0,229.0,"Uberlândia, Brazil",Faculdades Integradas Campos Salles
2026,Emilee Hill,S,Eastern Ky.,17,66,177,61,425,0.273,405,28,22,191,44,3,41,0,1,228.5,"Yorktown, Ind.",
2026,Basia Latos,OH,UNLV,16,63,210,102,622,0.174,23,5,16,139,23,4,19,2,1,228.5,"Lazy, Poland",School of Sports Championship
2026,Aaliyah Mitchell,OH,Delaware St.,16,56,197,90,521,0.205,8,16,24,88,27,4,23,7,0,228.5,"Monroe, NC",Sun Valley HS
2026,Makayla Bays,OH,ETSU,16,67,198,91,566,0.189,18,22,33,164,15,1,14,3,1,228.0,"Gate City, Va.",
2026,Sophia Johnson,OH,Georgia St.,16,64,193,65,562,0.228,26,21,9,178,28,0,28,5,0,228.0,"San Diego, Calif.",Catherdral Catholic
2026,Sara Bowcutt,OH,Texas Tech,15,54,202,90,572,0.196,13,17,29,108,17,1,16,2,0,228.0,,
2026,Belle Patrick,OH,Auburn,15,51,200,93,550,0.195,6,18,48,111,19,0,19,6,0,227.5,,
2026,Kaira Knox,RS,Western Ky.,16,60,189,66,402,0.306,10,25,51,88,23,3,20,4,0,227.0,,
2026,Delaney Gash,OH,Akron,16,64,201,71,568,0.229,21,12,12,149,26,1,25,2,0,226.5,"Lexington, Ky.",Paul Laurence Dunbar HS
2026,Britni Silver,OH,NC State,15,56,206,113,513,0.181,10,10,22,111,19,2,17,2,1,226.5,"Greenville, North Carolina",
2026,Rose Moore,OPP,Weber St.,14,55,202,87,542,0.212,3,3,25,80,38,5,33,3,1,226.5,,
2026,Hannah Gonzalez,MB,Abilene Christian,17,65,179,55,376,0.330,10,9,25,43,67,9,58,8,0,226.0,"Lucas, Texas",Lovejoy HS
2026,Lucy Arndt,OH,Southeast Mo. St.,17,62,200,60,565,0.248,18,11,7,118,24,5,19,6,0,225.5,"Freeport, Ill.",Aquin Catholic
2026,Sami Blackett,OH,Utah St.,15,55,189,92,572,0.170,22,16,26,107,38,3,35,5,0,225.5,"Orem, Utah",Orem HS
2026,Una Vajagic,OH,Arizona St.,14,52,194,76,459,0.257,18,15,16,126,28,5,23,2,0,225.5,,
2026,Cherisse Atilano,OH,Coppin St.,18,71,199,94,599,0.175,16,20,15,139,10,2,8,2,0,225.0,"Guaynabo, Puerto Rico",Colegio Adianez
2026,Lara Matta,OH,Mercer,17,62,201,86,598,0.192,5,18,20,151,12,0,12,3,1,225.0,"Tampa, Fla.",Plant HS
2026,Maja Malinowska,OH,Lamar University,17,58,202,88,558,0.204,15,13,24,154,19,0,19,2,0,224.5,"Wloclawek, Poland",Stezyca Secondary School of Sports Championships
2026,Kalyssa Blackshear,OPP,Louisville,17,57,196,38,438,0.361,1,2,2,30,49,4,45,2,0,224.5,"Lomita, Calif.",
2026,Anastasija Bozic,OH,Bowling Green,15,55,197,74,551,0.223,18,17,9,126,19,1,18,4,1,224.0,"Panzevo, Serbia",
2026,Hannah Whittingstall,MH,Iowa,18,67,168,27,359,0.393,9,17,13,33,69,8,61,0,0,223.5,"San Antonio, Texas",Alamo Heights
2026,Samantha Loyd,OH,Stonehill,18,59,200,89,507,0.219,10,17,36,89,11,2,9,4,1,223.5,,
2026,Annalise Patchett,OH,Western Mich.,16,58,185,65,499,0.240,9,14,22,138,41,7,34,0,0,223.0,"Appleton, Wis.",
2026,Mara Stiglic,OH,Northwestern,15,53,203,80,533,0.231,5,5,5,55,27,3,24,2,0,223.0,"Rijeka, Croatia",Haok Rijeka
2026,Ava Smith,OH,Ball St.,16,57,205,76,582,0.222,1,11,13,127,11,2,9,0,0,222.5,,
2026,Addison Massey,OPP,Kansas St.,12,45,196,75,450,0.269,7,10,11,89,23,10,13,1,0,222.5,"Las Cruces, N.M.",Las Cruces
2026,Addison Burke,OH,Eastern Ky.,17,66,197,69,545,0.235,5,13,19,142,24,0,24,0,0,222.0,"Fort Mill, S.C.",
2026,Tiana Owens,RS,Colgate,15,57,198,88,585,0.188,6,17,22,87,12,0,12,4,0,221.0,"San Diego, Calif.",Cathedral Catholic
2026,Tatum Sharp,MB,Western Caro.,18,74,165,61,448,0.232,3,16,32,33,71,8,63,2,0,220.5,"Loveland, Colo.",Thompson Valley HS
2026,Ella Schabort,OH,San Diego St.,15,55,192,69,477,0.258,11,12,32,104,33,0,33,2,2,220.5,"Perth, Australia",Penrhos College
2026,Kendall Timme,OH,DePaul,15,54,195,79,569,0.204,6,16,24,77,17,2,15,0,0,220.5,"Richardson, Texas",JJ Pearce
2026,Liv Mogridge,MB,Iowa,17,64,181,38,405,0.353,0,2,11,17,65,9,56,1,0,220.0,"Lutz, Fla.",Steinbrenner
2026,Valiree Schmus,OH,West Ga.,17,64,187,104,617,0.135,9,17,19,118,23,9,14,2,0,220.0,,
2026,Avery Hobson,OH,Bowling Green,15,56,201,84,578,0.202,15,8,11,110,22,0,22,2,1,220.0,"Fishers, Ind.",
2026,Martina Franco,OH,UTRGV,16,57,192,90,502,0.203,17,16,15,114,18,5,13,1,0,219.5,"San Lorenzo, Santa Fe, Argentina",Nuestra señora de la misericordia 8111
2026,Pinar Erol,OH,UAlbany,15,58,201,100,656,0.154,12,12,24,146,11,2,9,0,0,219.5,,
2026,Brooke Hibino,OH,UC Davis,16,64,198,98,595,0.168,3,1,7,34,27,13,14,2,0,219.0,"Salinas, Calif.",Salinas
2026,Kamille Gibson,OH,Houston,16,58,181,70,473,0.235,13,21,50,114,31,3,28,12,0,219.0,"Crossroads, Texas",Braswell HS
2026,Cameron Lanier,RS,Elon,15,54,191,106,524,0.162,16,18,20,105,16,4,12,3,0,219.0,"Chapel Hill, N.C.",Cedar Ridge
2026,Anya Schmidt,OH,St. Thomas (MN),13,53,190,102,514,0.171,15,15,28,111,21,7,14,0,0,219.0,,
2026,Jorda Crook,OPP,Ole Miss,13,52,176,74,488,0.209,8,18,41,77,49,1,48,7,0,219.0,,
2026,Johanna Franzen,OH,Fordham,18,65,188,87,529,0.191,21,18,26,115,19,6,13,2,1,218.5,"Zörbig, Germany",Schul-und Leistungssportzentrum
2026,Kendall Lanclos,OH,UNC Greensboro,16,63,191,97,613,0.153,3,21,19,58,13,0,13,4,0,218.5,"Augusta, Ga.",Lakeside
2026,Sara van Gisteren,OH,LIU,13,44,174,72,433,0.236,6,22,19,101,37,8,29,3,0,218.5,"Leuth, Netherlands","Young Talent Academy, ROC Nijmegan"
2026,Noemie Glover,OPP,Arizona St.,14,52,196,74,485,0.252,7,0,9,80,42,2,40,1,0,218.0,,
2026,Jahniya Jackson,OH,North Texas,15,58,191,97,553,0.170,3,15,16,101,20,3,17,6,0,217.5,"Sacramento, Calif. / Cosumnes Oaks HS",Georgia State
2026,Talia Emmen,OH,N.C. Central,15,55,190,86,515,0.202,6,21,34,125,8,4,4,0,0,217.0,"Florence, SC",
2026,Karis Chatfield,OH,ETSU,16,66,192,60,466,0.283,10,17,26,125,14,1,13,1,0,216.5,"Jenison, Mich.",
2026,Jaida Harris,OH,UNLV,16,63,185,77,542,0.199,10,15,28,120,29,4,25,3,0,216.5,"Las Vegas, Nev.",Lake Mead Christian Academy
2026,Emma Converse,OH,New Hampshire,16,55,187,68,518,0.230,8,22,27,126,14,1,13,1,0,216.5,"San Antonio, Texas",Deer Creek
2026,Jaidyn Jager,OH,Indiana,14,51,192,77,497,0.231,15,12,16,115,21,4,17,5,1,216.5,,
2026,Joelie Spelts,MB,Montana St.,16,66,179,41,359,0.384,5,7,24,46,51,9,42,6,1,216.0,"Gillette, WY",Thunder Basin HS
2026,Tea Kalajdzic,OH,Saint Louis,16,67,186,68,458,0.258,3,10,7,37,37,0,37,6,0,214.5,"Albuquerque, N.M.",La Cueva
2026,Starr Williams,OPP,Grand Canyon,16,58,198,75,505,0.244,7,6,19,95,19,2,17,0,2,214.5,"Ontario, Calif.",Colony
2026,Kierstyn Barton,OH,San Diego,14,53,180,77,458,0.225,18,15,12,132,37,0,37,5,1,213.5,"Chandler, AZ",Corona Del Sol HS
2026,Avery Koonsen,OH,SFA,18,65,183,82,597,0.169,19,19,21,197,22,0,22,1,0,213.0,"Pearland, Texas",
2026,Sydney Bryant,OH,UTSA,15,60,197,62,504,0.268,3,1,2,18,26,4,22,3,0,213.0,"Upper Marlboro, MD",
2026,Viktoria Dimitrova,OH,Binghamton,14,54,190,61,555,0.232,9,0,7,71,43,3,40,0,0,213.0,"Sofia, Bulgaria",Apostolov English Language
2026,Panna Ratkai,OH,Hawaii,14,52,178,49,505,0.255,6,25,23,98,16,3,13,3,0,212.5,"Budapest, Hungary",Gödölloi Török Ignác Gimnázium
2026,Anna Logan Gillens,OH,Delaware,14,53,199,90,490,0.222,4,0,1,22,24,2,22,3,1,212.0,"West Columbia, S.C.",
2026,Katherine Holtman,RS,SFA,18,67,189,73,494,0.235,3,5,8,67,34,0,34,4,0,211.0,"Argyle, Texas",
2026,Kaylen Hines,MH,Alabama St.,16,57,179,56,433,0.284,1,11,11,34,33,9,24,4,1,211.0,"South Holland, Ill.",Thornwood HS
2026,Olivia Keckler,OPP,Central Conn. St.,14,51,193,80,577,0.196,4,9,37,95,17,1,16,3,0,211.0,,
2026,Aniya Hall,OH,ULM,16,56,182,78,551,0.189,11,18,12,142,15,6,9,0,0,210.5,"San Antonio, Texas",Cornerstone Christian School
2026,Zoe Zudans,OH,Western Caro.,18,71,202,71,687,0.191,1,0,1,49,13,3,10,2,0,210.0,"Palm Beach Gardens, Fla.",Suncoast HS
2026,Jaydin Watts,MB,Idaho St.,17,60,163,22,342,0.412,13,0,3,35,78,15,63,1,1,209.5,"Lancaster, CA",
2026,Hope Briggs,RS,Jackson St.,16,62,186,69,417,0.281,3,1,1,48,38,7,31,3,0,209.5,"Cedar Hill, TX",DeSoto HS
2026,Lauren Medeck,OH,South Dakota,15,52,189,70,555,0.214,20,5,9,164,26,5,21,4,0,209.5,"Papillion, Neb.",Papillion-La Vista South HS
2026,Delanie Grevengoed,RS,App State,18,70,154,61,439,0.212,3,30,19,52,49,1,48,0,0,209.0,"South Holland, Ill.",Chicago Christian
2026,Nisaan Martinez,MB,Lamar University,18,60,186,53,441,0.302,0,0,0,18,41,5,36,2,0,209.0,"Belmopan, Belize",Saint Catherine Academy (Alabama A&M)
2026,Emma Fredrick,OH,Cal Poly,14,51,188,81,452,0.237,8,15,20,100,12,0,12,3,0,209.0,,
2026,Mamie Krubally,RS,Fairfield,16,62,180,37,385,0.371,3,0,2,37,52,4,48,2,0,208.0,"Lucas, Texas",Plano East
2026,Mia Reese,OH,UAB,15,59,174,80,503,0.187,7,18,29,120,23,9,14,4,0,208.0,,
2026,Hollan Everett,MB,Morehead St.,13,47,191,65,548,0.230,4,0,1,35,31,3,28,8,0,208.0,"Norris City, Ill.",Norris City-Omaha-Enfield High School
2026,Gillian Walton,OH,Northern Colo.,16,61,191,88,411,0.251,5,0,5,42,31,2,29,5,1,207.5,"Overland Park, Kan.",Shawnee Mission West HS
2026,Kennedy Vaughn,OH,UAB,16,60,190,74,521,0.223,4,10,17,125,13,2,11,6,0,207.5,,
2026,Hailey Brockway,OH,CSUN,14,51,183,81,514,0.198,6,13,25,116,21,2,19,0,2,207.5,"Graham, Wash.",Graham-Kapowsin HS
2026,Ariyana Johnson,OH,Davidson,15,57,186,76,423,0.260,2,3,3,35,30,6,24,4,0,207.0,"Tyrone, Ga.",
2026,Susanna Beretti,OH,Lindenwood,16,56,189,62,466,0.273,16,10,18,119,11,4,7,1,0,206.5,"Milan, Italy",Polo Scolastico Carlo Urbani
2026,Dakota Spurrier,OH,North Florida,15,59,185,92,518,0.180,16,14,15,125,14,1,13,1,0,206.5,,
2026,Farrah Eike,OH,Navy,14,51,184,57,496,0.256,7,11,20,126,20,3,17,1,0,206.5,"Parker, Colo.",Valor Christian
2026,Beka Pfefferkorn,OH,Ga. Southern,17,60,178,56,435,0.280,12,4,18,50,44,3,41,2,0,205.5,,
2026,Elise Sterling,MB,American,15,57,158,40,337,0.350,11,18,13,42,47,12,35,1,0,205.5,"Orland Park, Ill.",Carl Sandburg
2026,Cymarah Gordon,OPP,Michigan,15,53,186,55,408,0.321,0,0,0,34,39,0,39,2,0,205.5,"Irvine, Calif.",
2026,Torrey Stafford,OH,Texas,12,45,188,71,485,0.241,7,8,32,99,18,1,17,1,0,205.5,"Torrance, Calif.",Marymount
2026,Lindsey Mangelson,OH,Mississippi St.,13,45,174,60,487,0.234,6,20,9,119,21,1,20,1,0,205.0,,
2026,Katy Barger,OH,Houston Christian,17,68,193,107,600,0.143,3,2,10,49,17,2,15,0,0,204.5,"Baytown, Texas",Sterling
2026,McKenzie Moeller,OH,Southern Ill.,17,67,177,105,545,0.132,8,19,21,142,17,0,17,1,0,204.5,"Eldridge, Iowa",North Scott HS
2026,Taryn Roberts,MB,Radford,17,67,175,47,389,0.329,6,2,6,26,48,7,41,4,0,204.5,"Franklin, Tenn.",Franklin High School
2026,Molly Reck,OH,Oakland,16,61,181,73,538,0.201,8,16,18,161,12,3,9,1,0,204.5,"Northville, Mich.",Northville High School
2026,Luvina Oguntimehin,RS,UTEP,17,65,158,52,304,0.349,5,3,3,23,73,13,60,8,1,204.0,"Conroe, Texas",Oak Ridge HS
2026,Gabrielle Clinkscale,OH,Middle Tenn.,16,63,189,68,488,0.248,2,1,3,43,25,3,22,4,0,204.0,"St. Louis, Mo.",Ladue Horton Watkins High School
2026,Faith Young,OH,Western Ky.,16,60,166,25,329,0.429,8,15,28,34,40,6,34,5,0,204.0,,
2026,Ivey Stocks,MB,Northern Ky.,15,60,164,42,331,0.369,2,1,3,14,65,13,52,6,0,204.0,"Cincinnati, Ohio",Saint Ursula Academy
2026,Katie Kopshever,OH,Eastern Ill.,15,52,179,78,499,0.202,6,13,10,120,21,3,18,3,0,204.0,"Newburgh, Ind.",Castle
2026,Chloe Pravednikov,OH,Pepperdine,16,62,184,70,524,0.218,17,4,10,88,29,2,27,3,0,203.5,"Long Beach, Calif.",Woodrow Wilson
2026,Curry Kendall,OH,Indiana St.,15,61,176,79,450,0.216,4,13,23,66,27,2,25,1,0,203.5,"Tulsa, Okla.",Bishop Kelley
2026,Salme Hollas,OH,American,15,57,173,70,494,0.209,8,17,20,120,24,3,21,2,0,203.5,"Tartu, Estonia",Hugo Treffneri Gümnaasium
2026,Emma Bortolotti,RS,Fairfield,16,61,163,57,399,0.266,12,11,18,83,51,6,45,2,0,202.5,"San Pietro di Feletto, Italy",Liceo Classico G. Marconi Conegliano
2026,Lisa Melenciano,OH,Drake,16,58,180,89,447,0.204,2,3,10,31,39,0,39,3,0,202.5,"Miami, Fla.",Miami Dades
2026,Hannah Jones,OH,Ohio St.,14,56,174,60,429,0.266,5,4,6,54,41,8,33,5,0,202.5,,
2026,Lara Maric,OH,Omaha,14,53,167,56,415,0.267,2,11,32,37,45,3,42,8,0,202.0,"Brisbane, Australia",Brisbane State High
2026,Naomy Govou,OH,Ohio St.,13,48,181,79,471,0.217,9,17,29,94,6,1,5,1,2,201.5,,
2026,Gerren Tomlin,OH,Alabama A&M,17,60,177,86,491,0.185,13,15,39,122,17,1,16,2,0,201.0,"Statesville, N.C.",
2026,Ryleigh Whitekettle,OH,Wake Forest,15,65,178,74,437,0.238,2,4,10,35,38,0,38,13,1,201.0,"HOMETOWN
TOPSAIL BEACH, N.C.",
2026,Hannah Dobbs,RS,UMBC,12,48,174,72,461,0.221,9,18,4,82,17,1,16,0,0,201.0,"Toronto, Ohio",Toronto
2026,Bella Wood,OH,Sam Houston,17,62,170,71,463,0.214,8,23,33,131,15,0,15,2,0,200.5,"Frisco, Texas",Wakeland HS
2026,Kyndal Stowers,OH,Texas A&M,11,40,171,62,445,0.245,11,18,21,92,21,2,19,1,0,200.5,"Denton, Texas",
2026,Nayeli Ti'a,OH,Iowa St.,15,56,179,99,493,0.162,12,15,17,112,11,1,10,0,0,200.0,"Livermore, Calif.",Granada
2026,Emma Norris,OH,Queens (NC),16,59,178,52,431,0.292,7,1,3,35,37,4,33,4,0,199.5,"Statesville, N.C.",North Iredell HS
2026,Emma McCartney,OH,Campbell,12,48,177,101,466,0.163,12,10,28,112,21,4,17,5,0,199.5,"Cleveland, Ohio",Chardon
2026,Sarina Galyean,RS,Gardner-Webb,17,68,175,52,439,0.280,4,0,0,27,38,10,28,3,0,199.0,"Mauldin, S.C.",Mauldin HS
2026,Nayeli Gonzalez,OH,Iowa St.,15,53,181,77,451,0.231,2,10,15,75,13,2,11,1,0,198.5,"San Antonio, Texas",Cornerstone Christian
2026,Anne Makowski,OH,Murray St.,16,57,183,88,542,0.175,3,7,15,61,15,1,14,1,0,198.0,"St Louis, Mo.",St. Pius X High School
2026,Maggie Uhwat,OH,Valparaiso,16,63,158,74,488,0.172,3,31,22,77,17,0,17,1,0,197.5,,
2026,Jillian Huckabey,OH,FIU,15,56,177,62,444,0.259,9,10,15,120,17,4,13,3,0,197.5,"Olathe, Kan.",Olathe Northwest
2026,Maggie Lightheart,OH,New Mexico St.,17,71,165,69,480,0.200,6,17,36,109,24,6,18,9,0,197.0,"Las Cruces, N.M.",Mayfield HS
2026,Addie Brookbank,OH,UNC Asheville,16,59,171,113,530,0.109,8,17,43,132,17,1,16,0,0,197.0,"Barrington, Ill.",Barrington HS
2026,Liv Hosford,OH,Oakland,16,55,175,88,465,0.187,7,11,14,133,16,6,10,1,0,197.0,"Rockford, Mich.",Rockford High School
2026,Maya Bukovcan,MB,High Point,14,54,144,27,267,0.438,10,16,23,29,68,6,62,0,1,197.0,"Ottawa, Ontario, Canada",All Saints Catholic
2026,Paige Overcash,OH,Liberty,16,59,174,69,428,0.245,5,3,13,47,39,0,39,3,1,196.5,,
2026,Chloe Meester,OH,Louisville,16,54,156,64,416,0.221,6,20,29,39,35,6,29,3,0,196.5,"Mt. Vernon, Iowa",
2026,Auma Mbeche-Odhiambo,OH,Lafayette,14,54,172,81,579,0.157,11,6,20,180,35,2,33,0,1,196.5,"Houston, Texas",Bellaire
2026,Cambria Gaier,OH,South Alabama,14,53,162,93,507,0.136,4,18,33,111,22,11,11,2,1,196.5,"Caledonia, Mich.",
2026,Kendall Beshear,OH,Cal Poly,14,51,167,53,454,0.251,8,20,65,106,19,0,19,4,0,196.5,,
2026,Paula Tomasa,OH,South Fla.,14,47,170,83,457,0.190,7,6,16,75,41,0,41,1,2,196.5,"Bell Ville, Córdoba, Argentina",Instituto Nuestra Señora del Huerto
2026,Carley Wright,RS,Southern Ind.,13,51,167,65,428,0.238,11,15,17,145,26,3,23,2,0,196.5,"North Richland Hills, TX",Keller
2026,Ella Durham,OH,Lipscomb,13,49,181,71,528,0.208,12,11,18,99,7,2,5,2,0,196.5,"Dublin, Ohio",Dublin Coffman
2026,Lauren Jansen,OH,North Dakota St.,12,46,176,74,474,0.215,12,13,14,107,13,2,11,2,1,196.5,,
2026,Laney Daniell,MB,Liberty,16,59,147,36,275,0.404,8,22,42,26,50,4,46,6,0,196.0,,
2026,Layla Austin,OH,San Diego St.,15,55,175,79,474,0.203,7,13,24,129,14,2,12,2,2,196.0,"Southlake, Texas",Southlake Carroll HS
2026,Cara Richter,OH,Rhode Island,17,66,169,99,530,0.132,7,18,22,115,17,0,17,3,1,195.5,"Cincinnati, Ohio",Mount Notre Dame
2026,Sydney Dreves,OH,Boise St.,17,60,162,69,570,0.163,17,15,16,153,31,6,25,4,0,195.5,"Coeur d'Alene, Idaho",Columbia River HS
2026,Evyn Snook,OH,UT Arlington,15,57,174,68,528,0.201,7,16,28,102,11,0,11,2,0,195.5,"Magnolia, Texas",Magnolia West HS
2026,Emma Rowell,OPP,Northeastern,14,57,181,74,435,0.246,11,8,17,78,13,0,13,1,0,195.5,"Torrance, Calif.",South Torrance
2026,Cortnee Smith,OH,Oral Roberts,14,53,182,80,507,0.201,8,7,11,116,12,1,11,1,1,195.5,"Miami, Fla.",Monsignor Edward Pace HS
2026,Sawyer Thomsen,MB,California,16,66,156,21,329,0.410,4,8,27,31,58,4,54,7,0,195.0,"Lawrence, Kan.",Lawrence Free State HS
2026,Caroline Noonan,MB,Col. of Charleston,15,55,154,22,301,0.439,7,8,16,29,57,9,48,4,0,195.0,"Charlotte, N.C.",Charlotte Christian
2026,Dara Obeid,MB,Omaha,14,53,146,54,339,0.271,14,10,23,22,66,12,54,2,0,195.0,"Burlington, Ontario, Canada",Corpus Christi Catholic Secondary
2026,Rilynn Finley,OH,Missouri St.,16,55,183,78,490,0.214,6,1,0,48,19,2,17,2,0,194.5,"Republic, Mo.",
2026,Katariina Korhonen,OH,San Francisco,17,63,174,83,489,0.186,17,8,26,150,20,4,16,1,0,194.0,"Kuopio, Finland",Puijo Wolley
2026,Ella Piskorz,MB,Pepperdine,16,62,133,37,279,0.344,9,7,15,27,98,10,88,2,0,194.0,"Mississauga, Ontario, Canada",Philip Pocock Catholic Secondary School
2026,Manoela Forlin,OH,Buffalo,15,51,171,75,499,0.192,11,10,11,127,21,5,16,5,0,194.0,"Curitiba, Brazil",
2026,Shalyn Bell,OH,N.C. Central,14,52,163,85,485,0.161,5,22,44,133,15,3,12,2,0,194.0,"New London, N.C.",
2026,Olivia Burrage,MB,Kennesaw St.,16,58,158,42,299,0.388,2,0,0,8,65,6,59,5,0,193.5,"Jefferson, Ga.",Jefferson HS
2026,Audrey Flanagan,OH,Wisconsin,15,52,169,60,448,0.243,9,17,19,84,14,1,13,0,1,193.5,"Redondo Beach, Calif.",Mira Costa High School
2026,Marianna Singletary,MB,UCLA,15,51,140,41,282,0.351,6,6,9,25,84,11,73,8,0,193.5,"Charleston, S.C.",Porter-Gaud HS
2026,Anna Rice,OH,Towson,13,50,163,61,414,0.246,6,15,17,68,29,2,27,1,0,193.5,"Edmond, Okla.",Edmond Santa Fe H.S.
2026,Ella Swansiger,RS,Southern Ill.,17,65,176,57,454,0.262,4,0,0,22,33,1,32,6,0,193.0,"Phoenix, Ariz.",Corona Del Sol HS
2026,Layne Dent,OH,Saint Mary's (CA),17,65,178,85,442,0.210,5,0,1,53,27,2,25,3,0,192.5,"Eatonville, Wash.",Cascade Christian
2026,Jada Williams,MB,Morgan St.,16,61,155,71,475,0.177,6,16,22,107,34,9,25,3,1,192.5,"Fredericksburg, Va.",Stafford High School
2026,Maggie Beauer,OH,Pepperdine,16,60,168,73,403,0.236,9,0,0,35,48,1,47,1,0,192.5,"Chandler, Ariz.",Corona del Sol
2026,Claire Little Chambers,OH,BYU,13,48,161,37,380,0.326,15,13,10,93,37,0,37,1,0,192.5,,
2026,Taylor Cripe,OH,Central Mich.,17,53,173,102,560,0.127,12,11,22,130,12,4,8,1,1,192.0,,
2026,Kitana Tuufuli,OH,UIW,14,55,179,73,493,0.215,4,0,0,40,18,8,10,1,0,192.0,,
2026,Shayla Meyer,OH,Ole Miss,14,54,169,68,459,0.220,15,11,9,92,23,1,22,1,0,192.0,,
2026,Riley Imamura,OH,Dartmouth,13,51,164,67,434,0.224,15,13,29,119,29,1,28,3,0,192.0,,
2026,Abby Cunningham,OH,ULM,17,62,173,87,464,0.185,7,2,6,57,30,3,27,3,0,191.5,"Carencro, La.",Westminster Christian Academy
2026,Julia Shepherd,OPP,Mercyhurst,14,53,174,61,362,0.312,4,0,1,49,29,6,23,4,2,191.5,"Chico, Calif.",Pleasant Valley
2026,Dylann Garner,OH,North Ala.,18,59,175,41,548,0.245,4,0,0,59,31,1,30,0,0,191.0,"Franklin, Tenn.",Franklin HS
2026,Halle Jameson,OH,Colorado St.,15,56,164,80,492,0.171,10,7,10,108,35,5,30,1,1,191.0,"HOMETOWN
ROCKWALL, TEX.",
2026,Karli Heidemann,OH,Montana St.,14,55,167,60,445,0.240,19,14,22,99,18,1,17,1,1,190.5,"Diller, NE",Diller-Odell HS
2026,Sydney Borowy,OH,UConn,17,58,169,74,433,0.219,2,3,7,34,32,4,28,3,1,190.0,"Cleveland, Ohio",Magnificat
2026,Anika Groom,OH,Clemson,16,58,169,91,484,0.161,5,10,8,76,14,8,6,5,0,190.0,"Orlando, Fla.",Bishop Moore HS
2026,Loryn Helgesen,OPP,Utah,16,53,169,57,357,0.314,4,1,5,35,37,3,34,3,0,190.0,"Kaysville, Utah",Davis High School
2026,Sydney Nolan,OH,Cincinnati,13,42,172,47,465,0.269,5,13,11,74,9,1,8,1,0,190.0,,
2026,Trinity Shadd-Ceres,OH,Creighton,16,65,172,79,511,0.182,9,7,26,102,17,4,13,6,0,189.5,"Kitchener, Ontario, Canada",Cameron Heights Collegiate Institute
2026,Olivia Borgman,OH,South Carolina,14,55,161,74,489,0.178,7,11,23,96,31,4,27,7,0,189.5,Sophomore,Georgia
2026,Kalina Calvillo,OH,Troy,13,46,154,40,438,0.260,2,20,35,45,28,3,25,2,0,189.5,,
2026,Ayden Ames,MB,Creighton,16,65,153,45,402,0.269,12,3,4,23,55,11,44,10,0,189.0,"Prosper, Texas",Prosper
2026,Sydney Bray,OH,Northern Ky.,15,60,142,56,378,0.228,11,22,27,174,47,3,44,2,0,189.0,"Woodstock, Ga.",Etowah HS
2026,Eve Wilson,MB,Colorado St.,15,56,135,39,273,0.352,9,10,27,17,77,11,66,3,0,189.0,"HOMETOWN
SANDY, UTAH",
2026,Brooke Bentke,OH,Texas St.,15,55,157,66,381,0.239,7,16,15,109,32,0,32,3,1,189.0,"Brenham, Texas",Brenham HS
2026,Addy Tindall,OH,Purdue,13,45,176,51,423,0.296,3,0,0,19,20,6,14,5,0,189.0,,
2026,Sarah Bumstead,RS,Marist,18,69,158,49,343,0.318,6,4,8,25,44,9,35,4,1,188.5,"Waterloo, Ontario",Laurel Heights Secondary School
2026,Mackenzi Davis,OH,UTEP,17,67,157,53,387,0.269,2,0,2,30,49,14,35,0,0,188.5,"Melissa, Texas",Melissa HS
2026,Karli Molnau,OH,Bowling Green,15,58,171,64,411,0.260,6,0,1,35,33,2,31,1,1,188.5,"Brookfield, Wis.",
2026,Isabela Tavares-Salomon,RS,DePaul,15,54,174,64,392,0.281,4,0,0,14,29,0,29,1,0,188.5,"Belo Horizonte, Brazil",
2026,Brenna Kauffeld,OH,Belmont,15,60,163,49,380,0.300,3,10,11,71,29,1,28,1,0,188.0,"Ashville, Ohio",Teays Valley HS
2026,Isabella Bullington,OH,Northwestern,15,54,169,55,437,0.261,8,12,35,75,10,4,6,2,0,188.0,,
2026,Zori Brown,OH,Dartmouth,13,50,165,55,453,0.243,9,12,21,150,17,5,12,2,0,188.0,,
2026,Alaleh Tolliver,OH,Oklahoma,13,50,165,65,407,0.246,3,12,25,64,18,4,14,0,0,188.0,"Indianapolis, Ind.",
2026,Simona Mateska,OH,Washington,13,46,160,42,374,0.316,7,18,21,137,18,2,16,0,1,188.0,"Belgrade, Serbia",Gimnazija Patrijarha Pavle
2026,Malena Benz,MB,Austin Peay,19,72,148,37,328,0.338,0,0,0,23,57,22,35,5,1,187.5,"Slinger, Wis.",Slinger High School
2026,Emma Closurdo,RS,Eastern Ky.,17,60,166,62,381,0.273,4,0,0,49,42,1,41,4,0,187.5,"Crestwood, Ky.",
2026,Khenedi Guest,MB,Temple,16,59,142,51,289,0.315,7,16,49,36,49,10,39,0,0,187.5,"HOMETOWN
BENTON, ARK.",
2026,Jordyn Harvey,OPP,Stanford,14,49,155,49,410,0.259,6,17,31,92,31,0,31,5,0,187.5,"Salt Lake City, Utah",Bountiful
2026,Samantha Wunsch,OPP,Vanderbilt,13,43,158,51,368,0.291,2,17,36,67,25,0,25,6,1,187.5,,
2026,Alaya Rhodes,OH,Bethune-Cookman,15,52,162,81,516,0.157,10,13,10,165,19,5,14,5,0,187.0,"Memphis, Tenn.",White Station HS
2026,Natalie Bland,OH,Bellarmine,14,56,157,81,485,0.157,12,15,23,157,24,6,18,2,0,187.0,"Aiken, SC",Aiken
2026,Valentina Vaulet,OH,Oregon,13,46,159,68,403,0.226,35,20,28,95,14,2,12,1,0,187.0,"Cordoba, Argentina",EEM N3 de 10
2026,Chidera Ozoh,MB,Akron,17,67,142,32,267,0.412,4,1,4,6,70,17,53,2,0,186.5,"Hazel Crest, Ill.",Homewood Flossmoor HS
2026,Gigi Greenlee,MB,Northern Ariz.,17,65,140,28,296,0.378,4,0,4,14,80,13,67,1,1,186.5,"Scottsdale, Ariz.",Horizon
2026,Lauryn Mack,OH,Tulane,13,49,160,62,395,0.248,7,13,17,119,25,2,23,1,0,186.5,,
2026,Kera Arrington,OH,Nicholls,17,66,178,99,476,0.166,2,0,2,28,15,1,14,2,0,186.0,"La Porte, Texas",La Porte
2026,Malia Romes,MB,Rutgers,16,61,163,60,364,0.283,3,0,0,13,42,4,38,2,0,186.0,"Kalida, Ohio",Kalida
2026,Olivia Hummel,OH,Temple,16,59,159,71,489,0.180,12,18,25,136,14,4,10,1,0,186.0,"HOMETOWN
CARY, N.C.",
2026,Azlynn Tittmann,OH,Boise St.,16,55,158,68,426,0.211,5,16,10,77,22,2,20,2,0,186.0,"Corrales, N.M.",Cleveland HS
2026,Bryn VanVleet,OH,Cleveland St.,15,58,164,98,481,0.137,7,11,25,88,19,3,16,2,0,186.0,,
2026,Dalayla Blackwell,MB,South Alabama,16,60,145,32,295,0.383,1,0,0,21,67,14,53,8,0,185.5,"Lafayette, La.",
2026,Morgan Gaerte,OH,Kentucky,12,43,162,55,364,0.294,0,1,9,52,42,3,39,2,1,185.5,"Angola, Ind.",tiktok
2026,Cari Spears,OH,Texas,12,45,157,69,391,0.225,4,16,38,68,23,1,22,1,0,185.0,"Frisco, Texas",Prestonwood Christian Academy
2026,Lauren Wallace,OH,Austin Peay,18,71,159,74,484,0.176,4,10,23,101,29,2,27,8,0,184.5,"Munster, Ind.",Munster HS
2026,Ashley Herman,OH,New Mexico St.,17,71,157,38,322,0.370,2,2,9,34,39,12,27,3,0,184.5,"Bakersfield, Calif.",Bakersfield Christian HS
2026,Emma Barnett,OH,Marshall,16,62,160,63,561,0.173,11,16,17,165,15,2,13,1,0,184.5,"Louisville, Ky.",Assumption HS
2026,Nana Asiata,OPP,Utah Tech,15,54,167,70,425,0.228,3,0,0,43,33,2,31,1,0,184.5,"Herriman, Utah",Herriman HS
2026,Tessa Treanor,OH,Utah Tech,15,54,151,64,477,0.182,21,25,26,163,15,2,13,2,0,184.5,"Salem, Utah",Salem Hills HS
2026,Faith Venable,OH,Omaha,14,53,156,52,418,0.249,2,20,21,47,15,2,13,1,0,184.5,"Lincoln, Neb.",Pius X
2026,Racquel Frazier,OH,Hampton,14,49,156,80,463,0.164,5,22,12,93,12,1,11,1,0,184.5,"Silver Spring, Md.",St. John College HS
2026,Kamryn Chaney,OH,Florida,13,43,168,53,368,0.313,0,1,8,24,25,6,19,5,1,184.5,,
2026,Aspyn Reed,OH,Eastern Wash.,18,70,152,97,515,0.107,8,10,13,89,36,8,28,4,0,184.0,"Rockford, Wash.",Freeman
2026,Nicole Zake,OH,Pacific,17,59,171,92,533,0.148,5,7,8,111,11,1,10,1,0,184.0,"Simi Valley, Calif.",
2026,Harper Murray,OH,Nebraska,17,49,153,56,375,0.259,8,15,22,72,32,0,32,3,0,184.0,"Ann Arbor, Mich.",Skyline
2026,Josie Noble,MB,Milwaukee,16,64,143,52,351,0.259,2,7,23,34,64,4,60,3,0,184.0,"Caledonia, Mich.",Caledonia
2026,Kira Holland,OH,Indiana St.,15,61,168,86,529,0.155,11,7,24,173,18,0,18,3,0,184.0,"Medina, Ohio",Medina
2026,Reese Animashaun,OH,Vanderbilt,13,44,162,45,371,0.315,6,14,26,89,14,2,12,4,0,184.0,,
2026,Kennedi Rogers,OH,Tennessee,11,36,164,59,426,0.246,8,5,26,86,25,5,20,1,0,184.0,"Missouri City, Texas",Ridge Point
2026,Taylor Boice,MB,UC Irvine,15,59,144,54,310,0.290,4,7,19,18,55,10,45,3,0,183.5,,
2026,Grace-Blythe Cornett,RS,West Ga.,17,65,162,75,440,0.198,6,8,16,76,25,1,24,1,0,183.0,,
2026,Aulie Huff,RS,East Carolina,17,59,141,51,376,0.239,2,18,11,68,46,2,44,4,0,183.0,"Suffolk, Va.",Kings Fork High School
2026,Tess Fuqua,OH,New Mexico St.,15,64,153,66,454,0.192,10,19,18,99,18,4,14,3,1,183.0,"Las Cruces, N.M.",Centennial HS
2026,Taylor Woods,OH,Louisiana Tech,18,60,155,59,464,0.207,3,9,12,88,34,3,31,1,1,182.5,"Tyler, Texas",Tyler Legacy HS
2026,Courtney Williams,OPP,Presbyterian,17,63,150,34,415,0.280,3,0,0,15,53,12,41,3,0,182.5,"Oxford, N.C.",
2026,Jaylyn Tuiasosopo,OH,Jacksonville,17,62,143,88,410,0.134,13,28,31,126,23,0,23,0,2,182.5,"San Antonio, Texas",O'Connor
2026,Hannah Klein,OH,South Dakota St.,14,55,148,64,415,0.202,4,10,23,78,38,11,27,1,0,182.5,"Albany, Minn.",Albany Area H.S.
2026,Jill Hanson,MB,Tulsa,15,58,138,42,294,0.327,5,6,15,26,67,9,58,0,0,182.0,"HOMETOWN
SAN ANTONIO, TEXAS",
2026,Mady Yaden,OH,Bellarmine,14,55,174,84,516,0.174,3,0,0,30,13,3,10,2,0,182.0,"Louisville, KY",Mercy Academy
2026,Lyric Jordan,OH,Grambling,14,53,163,27,469,0.290,1,4,2,75,21,9,12,2,0,182.0,"Manvel, TX",
2026,Gabrielle Wire,OH,Siena,18,63,174,55,472,0.252,2,0,0,38,13,2,11,1,0,181.5,"Crystal Lake, IL",Crystal Lake South / UW-Milwaukee (Mission VBC)
2026,Mina Stanojevic,OH,New Mexico,15,55,160,74,465,0.185,21,13,25,181,11,6,5,3,0,181.5,,
2026,Constanza Perez Sain,RS,Hofstra,14,51,152,48,392,0.265,2,3,14,26,51,2,49,1,0,181.5,"Santa Lucía, San Juan, Argentina",Colegio Dr. B.A. Houssay
2026,Lyla Fisher,OH,Evansville,17,65,171,87,506,0.166,3,4,9,47,10,2,8,2,0,181.0,"Frisco, Texas",
2026,Kendall Hastings,MB,Boise St.,17,60,130,35,282,0.337,6,0,1,13,87,15,72,6,0,181.0,"Sequim, Wash.",Sequim HS
2026,Rachel Grier,MB,New Hampshire,16,55,141,35,324,0.327,4,10,11,49,47,13,34,0,0,181.0,"Dublin, Calif.",Dublin High School
2026,Quincey Coyle,OH,Northern Ariz.,16,53,150,67,458,0.181,11,16,25,151,26,4,22,1,0,181.0,"Fort Lupton, Colo.",Mead High School
2026,Lyla Stewart,OH,Wake Forest,12,52,160,89,482,0.147,12,13,18,120,14,1,13,5,2,180.5,"HOMETOWN
POWELL, OHIO",
2026,Chloe Parker,MB,Bradley,17,65,145,45,340,0.294,3,10,13,52,46,4,42,3,0,180.0,,
2026,Annie Eschenbach,OPP,Milwaukee,16,64,164,71,421,0.221,2,0,0,21,32,0,32,4,0,180.0,"Downers Grove, Ill.",Benet Academy
2026,Jenna Otts,OH,Liberty,16,54,162,54,417,0.259,2,0,0,17,27,9,18,1,0,180.0,,
2026,Kat Teepe,RS,Holy Cross,19,70,156,67,411,0.217,3,3,3,42,38,3,35,1,1,179.5,"St. Louis, Mo.",St. Joseph's Academy
2026,Alex Myers,MB,Ga. Southern,17,60,133,16,289,0.405,4,11,24,41,61,10,51,2,0,179.5,"Overland Park, Kan.",Blue Valley West
2026,Kenna Buchanan,OH,A&M-Corpus Christi,16,57,158,65,415,0.224,21,11,12,126,15,6,9,2,0,179.5,"Midlothian, Texas",Midlothian HS
2026,Lizzy Andrew,MB,Stanford,14,49,142,19,289,0.426,4,4,3,24,64,3,61,6,0,179.5,"Ridgefield, Wash.",Ridgefield
2026,Cayla Cogan,OH,George Washington,17,60,165,74,438,0.208,4,0,3,33,24,4,20,1,2,179.0,"Clarkston, MI",
2026,Kacie Moore,MB,Furman,16,65,138,41,299,0.324,6,7,11,25,59,9,50,2,1,179.0,"Charlotte, N.C.",Cox Mill
2026,Beatrice Ciccarelli,MB,Marshall,16,62,129,50,293,0.270,13,9,22,47,68,14,54,6,0,179.0,"Bologna, Italy","Liceo Laura Bassi, Bologna"
2026,Camryn McMinn,OH,UT Arlington,15,54,156,95,494,0.123,7,12,21,110,19,3,16,2,1,179.0,"Pelham, Alabama",Pelham HS
2026,Emry Brown,OH,Kansas City,16,60,164,66,494,0.198,5,1,9,119,24,3,21,2,0,178.5,"Bartlesville, Okla.",Bartlesville HS
2026,Autumn Bax,RS,Lindenwood,16,56,160,43,392,0.298,5,1,1,44,32,3,29,1,0,178.5,"Jefferson City, Mo.",Blair Oaks
2026,Morgan Crawford,OH,Loyola Maryland,15,57,163,62,486,0.208,5,5,14,125,21,0,21,0,0,178.5,"Richmond, Va.",Atlee
2026,Ciara Cunningham,OH,Oral Roberts,15,53,149,75,455,0.163,1,15,27,104,26,3,23,4,0,178.5,"Edwardsville, IL",
2026,Kamryn Lee-Caracci,MB,Georgetown,15,52,146,28,261,0.452,10,4,20,29,45,12,33,1,0,178.5,"La Grange, Ill.",Lyons Township
2026,Arianna Blohm,MB,North Dakota St.,14,54,138,38,304,0.329,9,10,17,27,52,9,43,3,0,178.5,,
2026,Élodie Lalonde,OH,High Point,14,54,161,82,507,0.156,9,5,11,101,24,1,23,0,0,178.5,"Ottawa, Ontario, Canada",École Secondaire Catholique Beatrice-Desloges
2026,Jaelynn Kohli,OH,New Mexico St.,17,68,163,80,432,0.192,4,0,0,31,26,4,22,0,0,178.0,"El Paso, Texas",Eastlake HS
2026,Paige Lauterwasser,OH,Wyoming,16,61,159,61,439,0.223,21,11,13,153,14,2,12,1,0,178.0,"Naperville, Ill.",Naperville North
2026,Summer Snead,MB,Northern Colo.,16,61,145,31,311,0.367,2,0,0,10,56,10,46,5,0,178.0,"Nashville, Tenn.",Hillsboro HS
2026,Alyssa Aguayo,OH,Illinois,16,55,160,38,426,0.286,9,5,21,105,22,4,18,3,0,178.0,"Phoenix, Ariz.",
2026,Allana Archie,MB,Houston Christian,17,68,140,39,330,0.306,1,9,10,28,45,12,33,1,2,177.5,"Spring, Texas",Spring
2026,Audrey Brcka,OH,William & Mary,13,51,159,88,458,0.155,1,9,15,51,13,6,7,1,0,177.5,"Wheaton, Ill.",Wheaton North
2026,Jordin Glass,MB,Chattanooga,17,65,137,52,353,0.241,5,13,20,65,48,6,42,2,0,177.0,"Denver, N.C.",Davidson Day School
2026,Kynli Kirkendoll,MB,Chattanooga,17,65,131,41,356,0.253,4,9,12,79,60,14,46,2,0,177.0,"Tulsa, Okla.",Jenks High School
2026,Emma Neukirchen,MB,San Francisco,17,63,125,37,286,0.308,6,29,21,38,39,7,32,3,0,177.0,"Gladbeck, Germany",Heisenberggymnasium Gladbeck
2026,Emma McHatten,OH,Presbyterian,17,58,158,94,466,0.137,15,13,23,131,11,1,10,1,0,177.0,"Wilmette, Ill.",
2026,Andi Jackson,MB,Nebraska,16,46,126,22,210,0.495,3,17,26,22,59,9,50,3,0,177.0,"Brighton, Colo.",Brighton
2026,Laura Perugini Bieleski,OH,Georgia Tech,15,54,142,57,349,0.244,12,19,11,116,27,5,22,0,0,177.0,,
2026,Alicia Thibodeau,OH,Denver,15,51,157,53,453,0.230,8,11,9,74,16,2,14,2,1,177.0,"Cap-Sante, Quebec",Cégep de Sherbrooke
2026,Taly Cloyd,OPP,Austin Peay,18,65,166,75,424,0.215,3,0,0,26,20,1,19,4,0,176.5,"Las Vegas, Nev.",Faith Lutheran
2026,Phoebe Reyes Fortunato,OH,North Ala.,18,57,159,50,399,0.273,3,8,15,54,19,0,19,1,1,176.5,"San Francisco de Macorís, D.R.",Central Pointe Christian Academy
2026,Helena Einarsdottir,RS,UConn,17,60,144,61,393,0.211,4,21,32,142,23,0,23,0,0,176.5,"Kopavogur, Iceland",HK Kopavogur
2026,Faith Burch,RS,Charleston So.,16,60,159,45,411,0.277,5,2,3,31,26,5,21,0,1,176.5,"Indianapolis, IN",Roncalli HS
2026,Giulia Ragusa,OH,Quinnipiac,16,56,158,102,499,0.112,15,13,7,92,9,2,7,2,0,176.5,"Lavagno, Italy",IISS Copernico Pasoli
2026,Ava Henry,MB,McNeese,16,53,148,46,303,0.337,1,4,9,25,38,11,27,4,0,176.5,"Lake Charles, La.",Sam Houston High
2026,Anna Barr,RS,West Virginia,15,63,154,44,353,0.312,1,0,1,30,44,1,43,3,0,176.5,"Allen, Texas",Lovejoy High School
2026,Maggie Kalisz,OH,Samford,15,57,136,63,399,0.183,4,17,32,48,45,2,43,6,0,176.5,"Spring Hill, TN",
2026,Kiernan Stamey,OH,Syracuse,13,43,157,83,426,0.174,10,7,12,82,22,3,19,0,0,176.5,"Maryville, TN",
2026,Layla Olatunde,MB,Bryant,21,75,143,50,361,0.258,4,4,5,30,46,12,34,5,0,176.0,,
2026,Nicole Okojie,MB,Austin Peay,19,68,130,39,288,0.316,1,0,0,19,73,19,54,12,0,176.0,"Prosper, Texas",Prosper HS
2026,Maja Daca,OH,UConn,17,59,130,73,391,0.146,12,40,51,116,11,1,10,1,2,176.0,"Warsaw, Poland",Marii Konopnickiej
2026,Connore' Siler-Nixon,MH,UNC Greensboro,16,63,125,41,271,0.310,1,13,25,43,70,6,64,3,0,176.0,"Odessa, Fla.",Calvary Christian
2026,Olivia Hart,OH,Fla. Atlantic,15,58,148,51,394,0.246,14,16,26,133,20,4,16,0,0,176.0,"Brandon, Fla.",Tampa Preparatory
2026,Favor Anyanwu,MB,SMU,15,56,121,32,255,0.349,6,8,25,59,89,5,84,7,0,176.0,"Rowlett, Texas",Sachse HS
2026,Gillian Koning,OH,Green Bay,15,54,161,70,511,0.178,3,2,1,42,24,2,22,0,0,176.0,"Madison, Wis.",Edgewood High School
2026,Imani Howell,MB,Rutgers,14,53,121,37,231,0.364,3,14,26,25,68,14,54,0,0,176.0,"Lawrenceville, Ga.",Hebron Christian Academy
2026,Delaney Russell,OH,Montana,16,57,150,87,517,0.122,12,18,18,130,12,3,9,5,0,175.5,"Denver, Colo.",
2026,Emma Isroff,RS,Canisius,15,54,148,53,346,0.275,7,13,11,39,26,3,23,2,0,175.5,"Hartville, Ohio",Lake
2026,Magda Kobaidze,OH,Georgia Tech,15,54,141,64,361,0.213,12,21,14,112,23,4,19,5,0,175.5,"Tbilisi, Georgia",
2026,Kalli Jioshvili Ravva,OH,Ohio St.,14,55,153,79,470,0.157,7,8,22,100,24,5,19,3,0,175.5,,
2026,Ava Bogan,MB,Cornell,12,45,122,28,248,0.379,1,2,5,22,82,21,61,5,2,175.5,"Chicago, Ill.",Loyola Academy
2026,Ema Uskokovic,OH,UTEP,17,66,139,41,478,0.205,22,12,50,150,43,5,38,1,1,175.0,"Belgrade, Serbia",Third Belgrade Gymnasium
2026,Courtney Grayson,MB,UConn,17,59,133,43,292,0.308,0,0,0,14,69,15,54,1,3,175.0,"Gonzales, Louisiana",IMG Academy
2026,Ashley Li,OH,California,16,65,148,76,403,0.179,3,16,23,54,17,5,12,6,0,175.0,"Diamond Bar, Calif.",Walnut HS
2026,Amelia Nott,MB,Morehead St.,14,50,134,34,286,0.350,8,20,30,47,41,1,40,2,0,175.0,"Centerville, Ohio",Centerville HS
2026,Tyra McKinnie,MB,Louisiana Tech,18,59,138,42,299,0.321,4,9,29,21,47,8,39,6,0,174.5,"Glenpool, Okla.",Glenpool HS
2026,Elizabeth Layson,OH,Queens (NC),15,55,154,81,428,0.171,8,16,11,81,8,1,7,4,0,174.5,"Omaha, Neb.",Duchense Academy
2026,Olivia Ruy,OH,Utah St.,15,51,160,62,393,0.249,1,0,3,23,28,1,27,1,1,174.5,"Salt Lake City, Utah",Woods Cross HS
2026,Parker Duncan,OH,Arkansas,11,39,157,66,409,0.222,6,10,24,81,12,3,9,2,0,174.5,"Austin, Texas",Anderson HS
2026,Macie Potter,OH,Radford,17,68,152,69,463,0.179,16,16,35,181,12,0,12,2,0,174.0,"McKinney, Texas",McKinney HS
2026,Wren Jones,OH,Evansville,17,64,156,95,508,0.120,3,7,25,91,19,3,16,1,0,174.0,"Conway, Ark.",
2026,Mia Walsh,OH,Idaho St.,17,59,141,67,485,0.153,8,14,8,155,32,6,26,2,0,174.0,"Rexburg, ID",
2026,Alyssa Todd,OH,Abilene Christian,17,56,163,67,410,0.234,5,4,4,45,11,3,8,1,0,174.0,"Aledo, Texas",Aledo HS
2026,Sophie Diouf,MB,UT Martin,15,54,150,74,436,0.174,4,5,12,47,30,8,22,4,0,174.0,"Albuquerque, NM",La Cueva HS
2026,Noemi Despaigne,OH,Houston,13,47,161,77,402,0.209,15,5,5,73,15,1,14,2,0,174.0,"Ivrea, Italy",I.I.S. Bruno Munari
2026,Chelsea Gilmore,MB,App State,18,71,123,40,258,0.322,3,7,9,21,69,18,51,11,0,173.5,"Charlotte, N.C.",Nation Ford
2026,Noa Kamphuis,MB,Lafayette,16,61,123,38,299,0.284,5,14,19,55,71,2,69,7,3,173.5,"Fleringen, Netherlands",Canisius Almelo
2026,Gabby Weihe,MB,Western Mich.,16,58,140,32,283,0.382,5,0,0,16,59,8,51,2,0,173.5,"Noblesville, Ind.",
2026,Cari Bohm,MB,California,15,61,125,34,285,0.319,1,0,2,13,82,15,67,6,0,173.5,"Ann Arbor, Mich.",Skyline HS/Illinois
2026,Gabi Zachariasen,OH,South Dakota,15,51,137,57,415,0.193,6,21,17,66,28,3,25,1,0,173.5,"Harrisburg, S.D.",Harrisburg HS
2026,Ava Leahy,MB,South Carolina,14,55,138,33,291,0.361,1,5,20,17,54,7,47,8,0,173.5,"Charlotte, N.C.",Providence
2026,Ella Boersema,MB,Indiana,14,51,141,44,263,0.369,6,9,21,19,44,3,41,2,1,173.5,,
2026,Ella Warrick,OH,Morehead St.,14,50,144,94,463,0.108,7,19,8,118,17,4,13,6,1,173.5,"Linton, Ind.",Linton-Stockton HS
2026,Charlotte Vinson,OH,Dayton,18,69,143,70,351,0.208,7,2,3,40,51,5,46,1,0,173.0,"Muncie, Ind.",Yorktown
2026,Jamia Johnson,RS,Denver,16,59,154,67,409,0.213,3,0,1,28,37,1,36,1,0,173.0,"Cedar Hill, Texas",Cedar Hill H.S.
2026,Kyleigh Moore,OH,Norfolk St.,16,59,144,64,417,0.192,14,18,15,88,20,2,18,0,0,173.0,"Lake Elsinore, Calif.",
2026,Sidney Shaffer,MB,Bucknell,15,53,138,38,350,0.286,4,4,14,18,44,18,26,4,1,173.0,"Orange County, Calif.",
2026,Kalaweloilehua Chock,OH,Portland,13,48,147,63,428,0.196,21,14,10,100,20,4,16,1,2,173.0,,
2026,Sofia Locadia,MB,Charlotte,16,58,126,39,267,0.326,3,10,18,20,56,17,39,2,0,172.5,"Naples, Fla.",Barron Collier
2026,Blaire Bayless,OH,Pittsburgh,15,50,157,52,405,0.259,9,1,3,86,29,0,29,1,0,172.5,"Plano, Texas",Plano West HS
2026,Zoe John,OH,North Dakota St.,14,54,161,87,419,0.177,3,3,2,36,13,4,9,1,0,172.5,,
2026,Mya Ayro,OH,Wright St.,14,43,159,71,379,0.232,3,5,19,44,13,4,9,4,0,172.5,,
2026,Lydia Pate,MB,UNC Asheville,18,67,112,30,243,0.337,3,28,35,34,56,8,48,5,0,172.0,"Wilmington, N.C.",Coastal Christian HS
2026,Riley Samuel,MB,George Washington,17,61,134,47,280,0.311,5,0,3,16,65,11,54,3,0,172.0,"Pittsburgh, PA",
2026,Mercedez Brown,OH,Kent St.,16,59,150,73,495,0.156,5,9,17,124,22,4,18,2,0,172.0,"Clinton, Mo.",Clinton
2026,Carly O'Brien,OH,Liberty,16,59,149,52,444,0.218,10,14,15,154,15,3,12,1,1,172.0,,
2026,Ziya Munyer,MB,Weber St.,15,58,99,20,192,0.411,2,18,25,15,85,25,60,11,0,172.0,,
2026,Bailey Blair,OPP,Ohio,14,48,151,59,342,0.269,10,11,21,88,19,1,18,4,0,172.0,"Louisville, Ky.",Assumption H.S.
2026,Alysa Walker,OH,Air Force,11,39,160,66,469,0.200,7,6,8,116,10,2,8,2,1,172.0,"San Antonio, Texas",
2026,Hannah Gardner,S,Missouri St.,16,57,150,47,377,0.273,292,6,16,142,28,3,25,3,1,171.5,"Springfield, Mo.",
2026,Nemo Beach,OH,San Diego,14,51,151,55,459,0.209,11,10,24,99,17,4,13,1,1,171.5,"Chandler, AZ",Hamilton High School
2026,Addy Frye,OH,Stonehill,18,65,150,71,441,0.179,7,18,21,161,5,1,4,0,0,171.0,,
2026,Joya Euhus,OH,Houston Christian,17,64,154,87,417,0.161,2,0,3,44,30,4,26,1,0,171.0,"Corvallis, Oregon",Santiam Christian
2026,Nadia Wasilewski,OH,UNCW,16,59,149,46,338,0.305,1,10,11,29,22,2,20,0,0,171.0,"Jackson, Mo.",Jackson
2026,Sereniti Johnson,OH,Southern U.,16,57,143,77,466,0.142,17,21,2,127,14,0,14,1,1,171.0,"Mesa, Ariz.",Red Mountain HS
2026,Onita Davis,MB,Tarleton St.,18,66,153,48,354,0.297,8,1,0,27,30,3,27,1,0,170.5,"Colleyville, TX",Colleyville Heritage HS
2026,Julija Grubisic Cabo,OH,FGCU,13,50,140,68,366,0.197,11,22,15,113,13,2,11,1,0,169.5,"Maribor, Slovenia",II. Gimnazija Maribor
2026,Jocelyn Hammerstrand,OPP,Merrimack,18,62,152,64,459,0.192,3,2,4,47,26,4,22,2,0,169.0,"San Diego, Calif.",Academy of Our Lady of Peace
2026,Brianna Miller,OH,Siena,18,60,139,79,490,0.122,9,24,18,149,10,2,8,1,1,169.0,"West Chester, PA",Unionville / North Texas / St. Francis (PA) (Synergy Volleyball)
2026,Alivia Skidmore,OH,Western Ky.,16,60,141,56,397,0.214,3,15,29,41,22,4,18,1,0,169.0,,
2026,Lauren Ortwerth,OH,Lindenwood,16,56,161,54,381,0.281,2,0,0,36,13,3,10,2,0,169.0,"St. Louis, Mo.",Cor Jesu Academy
2026,Katie Scherer,RS,Loyola Chicago,15,59,147,56,345,0.264,1,2,5,40,39,1,38,0,0,169.0,"St. Charles, Ill.",Saint Charles North
2026,Ava Hoying,OH,Northern Ky.,15,56,132,47,479,0.177,1,23,12,58,26,2,24,4,1,169.0,"Dublin, Ohio",Bishop Watterson HS
2026,Maddie Anspaugh,OH,Clemson,11,43,146,72,399,0.185,1,5,3,29,21,15,6,1,0,169.0,"Rockford, Ill.",Rockford Christian HS
2026,Mila Samardzija,OH,FDU,16,54,136,68,506,0.134,7,15,15,163,30,5,25,1,1,168.5,"Novi Sad, Serbia",Gimnazija Svetozar Markovic
2026,Bella Risling,OH,Cal St. Fullerton,16,53,155,85,392,0.179,2,3,5,39,19,2,17,2,0,168.5,"Las Vegas, Nev.",Doral Academy Red Rock
2026,Taylor Treahy,RS,Oregon St.,13,46,149,77,387,0.186,4,3,15,73,29,4,25,1,0,168.5,"Santa Clarita, Calif.",Sierra Canyon HS
2026,Elli Mortensen,OH,BYU,13,45,141,47,323,0.291,14,15,21,84,25,0,25,0,0,168.5,,
2026,Samantha Mosley,RS,East Texas A&M,18,71,140,31,359,0.304,0,0,0,18,49,7,42,2,1,168.0,"Atlanta, Ga.",Homeschooled
2026,Iyonna Sherwood,MH,Prairie View,17,59,149,41,334,0.323,3,0,0,36,35,3,32,3,1,168.0,"San Antonio, Texas",Douglas McArthur High School
2026,Ava Tilden,OH,Xavier,16,56,156,63,384,0.242,3,1,5,48,19,3,16,3,0,168.0,"Crescent Springs, Ky.",Notre Dame Academy
2026,Sofia Moss,OH,Florida St.,15,58,146,70,380,0.200,9,15,40,121,12,2,10,1,0,168.0,"Tortoli, Italy",
2026,Nadiya Johnson,OH,Baylor,15,53,146,51,365,0.260,2,0,0,25,38,6,32,6,0,168.0,,
2026,Meile Songaila,OH,Davidson,16,60,149,81,502,0.135,6,14,13,128,8,1,7,3,0,167.5,"Kings Mountain, N.C.",
2026,Grace Fiaseu,MB,Air Force,16,56,120,32,251,0.351,10,11,23,39,56,17,39,3,1,167.5,"Ewa Beach, Hawaii",
2026,Destiny Ndam-Simpson,OH,Arizona,14,50,145,67,464,0.168,8,14,23,104,15,2,13,1,0,167.5,"Omaha, Neb.",Westside H.S.
2026,Reilly Zegunis,MB,Wright St.,14,47,142,34,337,0.320,6,8,10,38,32,3,29,5,0,167.5,,
2026,Jenna Garner,OH,Penn,13,52,148,55,433,0.215,11,12,16,142,14,1,13,1,0,167.5,"Pasadena, Calif.",South Pasadena
2026,Emma Colombari,OH,UIC,16,59,144,91,452,0.117,8,10,12,106,23,3,20,7,0,167.0,"Bergamo, Italy",
2026,Addison Cunnagin,OH,Radford,14,54,147,60,404,0.215,9,12,15,100,15,1,14,1,0,167.0,"Somerset, Ky.",Trevecca
2026,Alanna Bankston,OH,Michigan St.,12,42,150,54,358,0.268,4,4,11,65,23,3,20,2,0,167.0,,
2026,Gigi Artiles,OH,Georgia,13,49,134,48,298,0.289,12,15,31,89,35,0,35,4,2,166.5,"Miami, Fla.",
2026,Fisayo Afonja,MB,Brown,11,45,156,63,383,0.243,14,4,31,74,13,0,13,1,0,166.5,,
2026,Alyssa Boyte,MH,Little Rock,17,61,127,44,326,0.255,7,0,1,25,66,12,54,3,0,166.0,"Allen, Texas",Allen HS
2026,Daria Safian,OH,Seton Hall,16,55,154,55,389,0.254,5,2,12,40,17,3,14,2,1,166.0,"Moscow, Russia",
2026,Skylar George,OH,Rutgers,15,56,140,61,448,0.176,11,20,26,106,11,1,10,0,0,166.0,"Houston, Texas",Statford
2026,Reese Wuebker,OH,Virginia,13,49,141,71,416,0.168,7,19,28,86,10,2,8,0,0,166.0,"Centerville, Ohio",Centerville
2026,Ivanna Luna,OPP,Coppin St.,18,64,146,43,323,0.319,3,0,1,32,35,4,31,1,0,165.5,"Comerio, Puerto Rico",Bayamon Military Academy
2026,Rachel Reininger,OH,The Citadel,17,54,154,79,507,0.148,2,6,10,64,9,2,7,1,0,165.5,,
2026,Maddie Wilson,MB,Wichita St.,16,57,130,35,277,0.343,2,4,15,32,58,5,53,4,0,165.5,"Colorado Springs, Colo.",Palmer Ridge HS
2026,McKenzie Jones,OH,Wichita St.,16,54,150,83,394,0.170,2,1,2,43,28,1,27,2,0,165.5,"Duncanville, Texas",Uplift Summit International
2026,Dionna Mitchell,OH,Georgetown,14,49,143,62,407,0.199,6,11,10,124,18,5,13,4,0,165.5,"Orlando, Fla.",Timber Creek
2026,Keira Hornung,MB,Robert Morris,17,64,130,48,354,0.232,2,0,0,12,61,9,52,5,0,165.0,"Havertown, Pa.",Haverford Township
2026,Chelsea Butler,MB,Sam Houston,17,62,132,38,289,0.325,4,0,0,10,57,9,48,4,0,165.0,"Huntsville, Texas",Huntsville HS
2026,Michaela Panekova,OH,Morgan St.,16,59,150,79,450,0.158,7,8,17,105,11,3,8,5,0,165.0,"Zilina, Slovakia",Sport Gymnasium Ostredkova 10
2026,Julianna Bryant,MB,UTRGV,16,57,121,37,261,0.322,3,5,10,11,61,17,44,7,0,165.0,"Harlingen, Texas",Harlingen High School
2026,Erin McMullen,MB,Belmont,15,60,139,27,295,0.380,4,2,11,20,38,10,28,5,0,165.0,"Miami, Fla.",Doral Academy Preparatory School
2026,Paige Felder,OH,Missouri,15,54,136,47,420,0.212,5,17,12,73,22,2,20,7,2,165.0,"Parowan, Utah",Parowan
2026,Addison France,OPP,New Mexico,15,54,140,71,493,0.140,7,10,7,112,24,6,18,1,0,165.0,,
2026,D'Mya Hill,OH,Prairie View,14,48,149,95,480,0.113,10,8,19,92,14,2,12,3,1,165.0,"Lubbock, Texas",
2026,Callie DeSchryver,OH,Queens (NC),16,59,136,66,476,0.147,8,15,12,159,24,3,21,0,0,164.5,"Brentwood, Tenn.",Highland Park HS
2026,Izzy Swiercz,OH,Western Mich.,16,58,136,61,447,0.168,21,17,16,123,21,2,19,3,0,164.5,"Hudsonville, Mich.",
2026,Ruth Ziegler,OPP,Illinois St.,15,53,124,46,303,0.257,5,29,41,21,20,3,17,0,0,164.5,"Gurnee, Ill.",Warren Township HS
2026,Kaitlin Whitlock,OH,Arkansas St.,13,45,151,59,419,0.220,6,6,6,125,11,4,7,0,3,164.5,"San Antonio, Texas",Clark HS
2026,Tekoa Barnes,OH,Oklahoma,10,38,141,55,298,0.289,13,15,40,72,17,0,17,4,0,164.5,"Boynton Beach, Fla.",
2026,Emily Sawyer,MH,Rhode Island,17,65,130,55,349,0.215,3,2,5,24,52,12,40,3,0,164.0,"Wrentham, Mass.",King Philip (Sacred Heart)
2026,Ella Parker,OH,Milwaukee,16,62,148,77,448,0.158,11,11,22,137,10,0,10,3,2,164.0,"Corrales, N.M.",Cibola
2026,Hazel Slusher,MB,Samford,15,59,112,46,298,0.221,1,5,11,25,84,10,74,15,1,164.0,"Spring Hill, TN",
2026,Sequoia Layne,RS,Fla. Atlantic,15,57,126,40,268,0.321,3,5,12,37,51,15,36,7,1,164.0,"White Plains, N.Y.",White Plains
2026,Hailey Campagna,OH,Buffalo,15,49,144,69,362,0.207,10,6,15,65,19,9,10,5,0,164.0,"Dublin, Ohio",Shekinah Christian/ Hilliard Davidson
2026,Maju Hildebrand,OPP,FGCU,13,50,146,61,375,0.227,7,5,4,66,26,0,26,6,1,164.0,"Florianópolis, Santa Catarina, Brazil",Colégio Evangélico Jaraguá
2026,Kylie Kleckner,OH,Washington,13,45,140,66,407,0.182,20,12,24,104,24,0,24,2,0,164.0,"Trophy Club, Texas",Byron Nelson
2026,Safi Hampton,OH,North Carolina,12,44,148,51,369,0.263,9,7,9,84,17,1,16,4,0,164.0,"Jessup, Md.",Hammond
2026,Hannah Jackson,OH,Bryant,20,69,150,67,401,0.207,3,0,0,30,22,5,17,5,1,163.5,"Carrollton, TX",
2026,Amber Craig,OH,Northwestern St.,20,68,153,42,414,0.268,2,0,0,33,20,1,19,0,0,163.5,"Tomball, Texas",Tomball Memorial HS
2026,Kayden Cupid,MH,Coppin St.,18,69,115,28,236,0.369,3,0,1,15,79,18,61,7,0,163.5,"Supply, N.C.",West Brunswick HS
2026,Alia Schoonover,MB,Ohio St.,14,56,122,27,258,0.368,13,18,12,67,42,5,37,4,1,163.5,,
2026,Abigail Mullen,OPP,Southern California,14,46,134,62,348,0.207,7,12,20,82,35,0,35,0,0,163.5,"Kansas City, Mo.",Liberty HS
2026,London Wijay,OH,Southern California,14,47,142,49,481,0.193,13,6,18,101,29,1,28,1,0,163.0,"Porter Ranch, Calif.",Bishop Alemany HS
2026,Sydney Strenger,MB,Lipscomb,13,49,131,29,273,0.374,6,13,17,27,36,2,34,2,0,163.0,"McKinney, Texas",Frisco Emerson
2026,Gracie Rose,OH,Chattanooga,17,63,148,70,459,0.170,3,0,0,33,27,2,25,0,0,162.5,"Norcross, Ga.",Greater Atlanta Christian
2026,Kayla Wilson,OH,McNeese,16,53,152,61,403,0.226,3,2,3,38,15,2,13,2,0,162.5,"Missouri City, Texas",Ridgepoint High
2026,Joselynn Sanjurjo,MB,Mercer,17,62,138,50,308,0.286,5,0,2,11,39,9,30,3,0,162.0,"Gainesville, Fla.",Santa Fe HS
2026,Londyn Stone,OH,Duquesne,16,59,138,77,425,0.144,16,19,26,153,10,0,10,3,0,162.0,"Avon, Ohio",Avon
2026,Christiana Greene,OH,Temple,16,57,138,61,398,0.193,6,3,13,64,31,11,20,2,0,162.0,"HOMETOWN
COLUMBIA, S.C.",
2026,Jordan Smith,OPP,NC State,15,55,125,43,335,0.245,3,13,9,46,47,1,46,1,0,162.0,"Cottleville, Missouri",
2026,Berkeley Ploder,MB,Georgetown,15,51,127,22,236,0.445,0,0,1,11,59,11,48,2,0,162.0,"Barrington, Ill.",Barrington
2026,Sjakkie Donkers,OH,Oregon,13,38,141,42,324,0.306,18,14,10,79,12,2,10,1,0,162.0,"Brabant, Netherlands",Gonzaga
2026,Audrey Berkebile,OH,Tennessee Tech,17,50,138,85,412,0.129,9,18,36,77,10,1,9,0,0,161.5,,
2026,Nenu Kpea,MB,Florida St.,15,58,127,35,266,0.346,2,4,15,11,56,5,51,7,2,161.5,"Melissa, Texas",
2026,Kekua Richards,MB,Colorado St.,15,55,119,36,252,0.329,3,0,0,12,76,9,67,2,0,161.5,"HOMETOWN
PA'IA, MAUI, HAWAII",
2026,Jazen Debina,MB,Cleveland St.,15,52,120,66,325,0.166,2,27,35,61,28,1,27,0,0,161.5,,
2026,Kennedy Jones,RS,Army West Point,15,52,147,62,357,0.238,4,0,0,29,26,3,23,5,0,161.5,"Pearland, Texas",Glenda Dawson
2026,Ava Brown,OH,Maryland,15,48,129,39,291,0.309,2,4,20,55,52,5,47,2,0,161.5,"Lexington, OH",
2026,Zariah Winton,OH,N.C. A&T,14,55,142,84,398,0.146,9,12,30,81,10,5,5,4,0,161.5,"Crete, Ind.",Bishop Noll Institute
2026,Ava Grevengoed,OH,NIU,14,48,142,55,413,0.211,9,10,7,123,16,3,13,0,0,161.5,"Shorewood, Ill.",Joliet West
2026,Reese Ptacek,MB,Kansas,14,47,114,32,240,0.342,5,19,18,25,51,6,45,2,0,161.5,,
2026,Nina Boledovicova,MB,VCU,13,51,130,27,302,0.341,2,9,20,24,38,7,31,2,0,161.5,"Bratislava, Slovakia",
2026,Laney Hennessee,OH,Alabama,13,48,141,56,361,0.235,4,15,27,93,10,1,9,3,1,161.5,"Wimberley, Texas",Wimberley HS
2026,Audrey Hudson,OH,Eastern Ky.,17,64,147,66,456,0.178,11,9,11,139,10,0,10,0,0,161.0,"Fort Wayne, Ind.",
2026,Ella Schuetz,OH,Milwaukee,16,64,133,65,439,0.155,8,13,19,137,27,3,24,2,0,161.0,"Lake Mills, Wis.",Lakeside Lutheran
2026,Farah Farooq,MB,Florida A&M,14,57,116,25,244,0.373,5,12,12,31,59,7,52,0,1,161.0,"Houston, Texas",
2026,Julia Blyashov,OH,Stanford,14,49,149,43,379,0.280,15,5,19,130,14,0,14,4,0,161.0,"Carlsbad, Calif.",Cathedral Catholic
2026,Ruth Martinez,OH,Miami (FL),13,40,133,73,355,0.169,5,12,20,57,28,4,24,3,0,161.0,"La Romana, Dominican Republic",Divine Savior Academy/305 Volleyball Club
2026,Taylor de Boer,OH,Illinois,16,54,147,51,401,0.239,0,0,0,25,21,6,15,7,1,160.5,"Kelowna, British Columbia",
2026,Ryan Scheu,RS,Evansville,17,62,143,26,329,0.356,4,0,0,26,33,1,32,1,0,160.0,"Evansville, Ind.",
2026,Tiffany Snook,MB,Ball St.,16,58,150,48,346,0.295,1,0,0,41,19,1,18,5,0,160.0,,
2026,Maya Witherspoon,OH,Vanderbilt,13,44,134,48,311,0.277,10,20,11,86,11,1,10,1,0,160.0,,
2026,LaNeah Lara,OH,Tarleton St.,18,66,151,75,457,0.166,4,0,0,49,16,1,15,4,0,159.5,"Anthony, NM",Gadsden HS
2026,Lauren Perry,OH,UTEP,17,67,113,46,310,0.216,14,39,36,123,12,3,9,3,1,159.5,"Little Elm, Texas",Denton HS
2026,Raegan Durbin,OH,Butler,17,59,139,59,392,0.204,6,12,19,122,14,3,11,4,0,159.5,"Thorntown, Ind.",Western Boone
2026,Sahra Ozbiltekin,OH,Quinnipiac,15,53,140,92,450,0.107,10,10,15,100,16,3,13,2,1,159.5,"Fethiye, Mugla, Turkey",Izmir Mavisehir Okyanus Highschool
2026,Addison Buckner,OH,Howard,15,50,150,77,481,0.152,7,4,30,104,10,1,9,1,0,159.5,"Menomonee Falls, WI",Divine Savior Holy Angel HS
2026,Alysia Fingall,OH,Lehigh,14,52,128,40,322,0.273,5,8,24,96,33,14,19,4,0,159.5,,
2026,Alanah Clemente,OPP,Oregon,12,43,133,49,317,0.265,9,7,29,54,35,4,31,3,0,159.5,"Santa Clarita, Calif.",Bishop Alemany HS
2026,Anna Bacchin,OH,CSU Bakersfield,16,63,138,76,435,0.143,6,9,12,60,20,4,16,1,0,159.0,"Villa del Conte, Italy",
2026,Andrea Brewer,OH,UC Riverside,15,47,140,60,405,0.198,8,12,16,85,13,1,12,3,0,159.0,"Rancho Cucamonga, Calif.",Rancho Cucamonga HS
2026,Taina Kaauwai,MB,Portland,13,48,131,17,220,0.518,5,7,15,21,37,5,32,0,0,159.0,"Hilo, Hawai'i",Kamehameha Schools Hawaii
2026,Sophia Wendlick,OH,UC Santa Barbara,15,53,142,75,364,0.184,5,7,23,54,15,4,11,2,0,158.5,"Milwaukee, Wis.",
2026,Cree Hollier,OH,Austin Peay,19,72,135,63,399,0.180,7,12,39,157,19,3,16,3,0,158.0,"West Bloomfield, Mich.",Mercy High School
2026,Sofia Shine,OH,Cal St. Fullerton,17,60,148,79,475,0.145,6,0,3,47,20,0,20,5,0,158.0,"Placentia, Calif.",El Dorado HS
2026,Jordyn Waite-Ward,MB,CSU Bakersfield,16,62,132,62,312,0.224,3,6,11,18,35,5,30,2,0,158.0,"Aptos, Calif.",
2026,Rylee Heinz,MB,Wyoming,16,59,124,34,269,0.335,2,0,0,8,58,10,48,5,0,158.0,"Rocklin, Calif.",Rocklin HS
2026,Natalie Slusher,OH,Eastern Mich.,16,54,145,72,423,0.173,1,5,2,28,15,1,14,5,0,158.0,,
2026,Veronica Kjaer Sorensen,OH,Gonzaga,15,57,144,68,388,0.196,10,8,16,85,9,3,6,1,2,158.0,"Copenhagen, Denmark",
2026,Ava Nepkin,OH,Loyola Maryland,15,57,142,80,446,0.139,9,7,17,109,18,0,18,2,0,158.0,"Frankfort, Ill.",Lincoln Way East
2026,Addie Norman,OH,James Madison,15,54,122,58,305,0.210,2,0,1,13,67,5,62,7,0,158.0,"Wilmington, N.C.",John T. Hoggard High School
2026,Miliana Sylvester,MB,Hawaii,14,53,123,39,263,0.319,2,0,2,15,62,8,54,1,0,158.0,"Honolulu, O‘ahu",University Lab School
2026,Maija Howse,OH,Washington,13,47,128,43,319,0.266,4,7,8,40,45,1,44,0,0,158.0,"Woodside, Calif.",Eagle (Idaho)
2026,Sa'Myah Medford,RS,Houston Christian,17,63,150,115,502,0.070,1,0,1,31,15,0,15,2,1,157.5,"Mansfield, Texas",Lake Ridge
2026,Eloise Brandewie,MB,Creighton,16,65,113,34,315,0.251,13,0,1,25,81,8,73,11,0,157.5,"Columbus, Ohio",Bishop Hartley
2026,Ashley Geluck,MH,Lindenwood,16,56,121,45,273,0.278,2,10,22,35,45,8,37,4,0,157.5,"Millstadt, Ill.",Belleville West
2026,Prinzez Zeck,MB,American,15,56,119,38,246,0.329,2,0,0,13,65,12,53,5,0,157.5,"Silver Spring, Md.",Wheaton
2026,Sofia Rossi,OH,Harvard,11,42,118,42,356,0.213,5,33,33,79,12,1,11,3,0,157.5,"Park Ridge, Ill.",Maine South High School
2026,Madison Triplett,OH,UC Irvine,15,59,135,53,441,0.186,11,12,2,96,16,4,12,0,0,157.0,,
2026,Brooke Harwood,MB,UCLA,15,51,135,31,263,0.395,2,0,1,7,39,5,34,2,0,157.0,"Mesa, Ariz.",Casteel HS
2026,Thalia Yancey,OH,Delaware,14,53,135,69,408,0.162,21,16,11,146,12,0,12,2,0,157.0,"San Antonio, Texas",
2026,Tali Hakas,OH,Hawaii,14,52,135,50,400,0.213,13,6,9,94,27,5,22,3,0,157.0,"Kfar Saba, Israel",Hof Hasharon HS
2026,Claudia Llamas,OH,UMBC,12,48,136,54,320,0.256,1,0,4,18,37,5,32,2,0,157.0,"Barcelona, Spain",Institut Joaquim Blume
2026,Aislin Oldach,OH,Fairfield,16,58,135,38,411,0.236,8,8,16,76,23,4,19,4,0,156.5,"Broomfield, Colo.",Legacy
2026,Gabbie Maldonado,OPP,McNeese,16,53,149,37,392,0.286,1,0,0,39,15,0,15,8,0,156.5,"Crowley, Texas",Joshua High
2026,Campbell Robinson,MB,UAlbany,15,58,118,35,284,0.292,12,12,18,35,44,9,35,10,0,156.5,"Loveland, Ohio",Milford
2026,Kayla Ozanich,MB,Toledo,15,53,127,30,288,0.337,5,5,10,23,44,5,39,3,0,156.5,"Okemos, Mich.",Okemos
2026,Sophia Adkins,OH,Providence,15,52,139,55,383,0.219,7,5,21,79,23,2,21,3,0,156.5,,
2026,Abbey Hayes,OH,Creighton,16,65,132,70,447,0.139,14,12,30,116,22,2,20,6,0,156.0,"Eldridge, Iowa",North Scott
2026,Sidney Sprada,OH,Dayton,16,58,137,65,399,0.180,7,13,13,99,10,2,8,2,0,156.0,"Brookville, Ohio",Brookville
2026,Layla Todd,OH,Robert Morris,16,54,144,92,481,0.108,5,5,13,114,12,2,10,1,0,156.0,"Austin, Texas",Lake Travis
2026,Ixchel Kiahuitl Lopez Sanchez,OH,FDU,16,53,131,56,457,0.164,12,8,14,84,32,2,30,2,0,156.0,,
2026,Victoria Tupy,OH,Campbell,15,57,139,78,466,0.131,3,8,14,91,14,3,11,0,0,155.5,"Virginia Beach, Va.",Landstown
2026,Olivia Vance,OH,Tulsa,15,55,136,49,391,0.223,1,8,11,47,20,3,17,2,0,155.5,"HOMETOWN
BIXBY, OKLA.",
2026,Kensley Haneline,MB,USC Upstate,14,55,126,33,296,0.314,7,0,12,17,50,9,41,6,0,155.5,"Shelby, N.C.",Crest HS
2026,Hannah Sanders,MB,Delaware St.,17,60,114,26,205,0.429,0,3,6,22,65,11,54,4,0,155.0,"Lawrenceville, Ga.",Brookwood
2026,Lauren Wilson,OH,Akron,16,60,144,72,402,0.179,1,2,0,27,17,1,16,1,0,155.0,"New Palestine, Ind.",New Castle HS
2026,Elia Dinsmore,OH,Texas Tech,17,60,137,72,383,0.170,9,11,25,122,11,2,9,0,0,154.5,,
2026,Maddy McGath,MB,West Virginia,15,64,98,28,225,0.311,6,16,20,26,69,12,57,6,0,154.5,"Brookfield, Wis.",Brookfield East High School
2026,Kinsley Young,MB,TCU,15,54,102,20,219,0.374,5,14,15,38,74,3,71,7,0,154.5,"Southlake, Texas",Southlake Carroll HS
2026,Campbell Paris,OH,Northwestern,15,50,142,49,362,0.257,2,0,0,18,21,4,17,0,0,154.5,"Barrington, Ill.",Barrington
2026,Reagan Miller,MB,New Mexico,14,50,129,34,271,0.351,3,0,0,9,37,14,23,3,0,154.5,,
2026,Mackenzie Parsons,MB,Cornell,12,43,124,48,343,0.222,5,8,18,60,36,9,27,1,1,154.5,"Poway, Calif.",Poway High School
2026,Valeria Pagan Munoz,OH,Saint Peter's,17,56,131,81,456,0.110,11,17,17,138,11,1,10,1,0,154.0,"Isabela, Puerto Rico",Friedrich Froebel Bilingual School
2026,KK Green,OH,Holy Cross,16,55,142,77,391,0.166,8,7,14,105,10,0,10,3,1,154.0,"Orlando, Fla.",Lake Highland Prep
2026,Marley Alefaio,OH,New Haven,16,53,138,82,427,0.131,2,1,0,38,29,1,28,2,0,154.0,"Lakewood, Wash.",Lakes
2026,Natalia Newsome,MB,SMU,15,55,123,16,203,0.527,6,0,0,15,52,10,42,5,0,154.0,"Arlington, Texas",Arlington Martin HS
2026,Elaina Murphy,OH,UNCW,16,62,125,50,341,0.220,19,25,15,117,7,0,7,0,0,153.5,"Mount Airy, Md.",South Carroll
2026,Jade Epps,MB,DePaul,15,54,117,40,264,0.292,7,6,13,29,55,6,49,1,0,153.5,,
2026,Miley Thunstrom,OH,Utah Valley,15,52,134,55,475,0.166,15,10,17,104,18,1,17,2,0,153.5,"Murrieta, Calif.",Murrieta Valley HS
2026,Julia Gnida,OH,Col. of Charleston,15,50,133,58,380,0.197,9,11,11,92,18,1,17,0,0,153.5,"Hickory, N.C.",St. Stephens
2026,Sophia Wolfson,MB,Brown,11,45,121,30,255,0.357,3,7,13,11,47,4,43,5,0,153.5,,
2026,Lauren Greeny,OH,Montana St.,16,65,121,57,342,0.187,22,15,36,161,33,1,32,1,3,153.0,"Pullman, WA",Pullman HS
2026,Hailey Clifton,RS,UNC Greensboro,16,62,133,55,294,0.265,4,4,17,19,32,0,32,2,0,153.0,"Valrico, Fla.",Bloomingdale Senior
2026,Gabi Peter,OH,UIC,16,60,135,55,350,0.229,3,1,0,14,32,2,30,2,0,153.0,"Gilbert, Ill.",Hampshire
2026,Samantha Shelton,OH,Seton Hall,16,57,133,61,403,0.179,14,7,18,85,24,2,22,1,0,153.0,"Oak Park, Ill.",
2026,Layne Graffice,OH,Youngstown St.,14,52,138,52,466,0.185,2,10,20,112,8,2,6,0,0,153.0,"Alliance, Ohio",Marlington
2026,Zenai Jethroe,MB,Howard,14,51,124,43,256,0.316,4,1,5,14,49,7,42,5,2,153.0,"Dallas, TX",Ranchview H.S.
2026,Whitney Lauenstein,OH,Penn St.,14,43,132,65,349,0.192,9,10,14,49,18,4,14,3,0,153.0,"Waverly, Neb.",Waverly
2026,Nina Scrucca,OPP,Cincinnati,13,44,126,37,264,0.337,2,16,18,40,21,1,20,3,0,153.0,,
2026,Kennedy Crayton,OH,Temple,16,58,140,67,435,0.168,9,8,15,134,9,0,9,3,1,152.5,"HOMETOWN
ALLEN, TEXAS",
2026,Eleftheria Baxa,OH,California Baptist,15,58,131,54,349,0.221,7,4,4,31,32,3,29,3,0,152.5,"Peristeri, Greece",3rd General Day High School of Petroupoli
2026,Elly Stewart,MB,Southern Miss.,14,51,117,29,266,0.331,2,18,10,29,33,2,31,0,0,152.5,"Three Rivers, Texas",
2026,Olivia Westfort,MB,William & Mary,13,51,117,25,259,0.355,1,6,13,17,46,13,33,3,0,152.5,"Manchester, Conn.",Loomis Chaffee School
2026,Kenadii Winfrey,MB,Northwestern St.,20,66,110,36,260,0.285,7,16,19,44,38,14,24,6,2,152.0,"Waller, Texas",Waller HS
2026,Marae Reilly,MB,Marshall,16,62,125,33,269,0.342,1,7,5,22,33,7,26,3,0,152.0,"Lakewood, Colo.",Green Mountain HS
2026,Skyler Gartin,MB,Sacramento St.,15,60,101,25,221,0.344,5,13,20,29,68,8,60,0,0,152.0,"Scottsdale, Ariz.",
2026,Morgan Reese,OH,Colgate,15,56,135,49,364,0.236,5,8,7,40,18,0,18,0,0,152.0,"Sayville, N.Y.",Sayville
2026,Elisa Maggi,OH,Old Dominion,15,55,131,68,411,0.153,15,10,12,93,20,2,18,2,0,152.0,,
2026,Eva Travis,OH,Wisconsin,15,52,139,61,370,0.211,5,0,0,25,26,0,26,2,0,152.0,"Aliso Viejo, Calif.",Laguna Beach High School
2026,Bernardita Aguilar,OH,Mississippi St.,12,42,126,39,328,0.265,7,7,3,96,37,1,36,1,1,152.0,,
2026,Makayla Meister,OH,UAB,16,61,129,57,383,0.188,1,0,0,27,40,5,35,6,0,151.5,,
2026,An de Hamer,OPP,North Dakota,15,54,124,58,347,0.190,5,8,9,65,36,3,33,5,0,151.5,,
2026,Anna Sewell,OH,Elon,15,53,141,62,402,0.197,2,1,7,27,16,3,13,3,0,151.5,"Crestwood, KY",Highlands Latin School
2026,Hallie Steponaitis,OH,Iowa,15,52,132,55,338,0.228,2,6,8,49,25,2,23,0,0,151.5,"Crystal Lake, Ill.",Woodstock
2026,Olivia Lasee,MB,Lehigh,14,52,105,15,222,0.405,6,8,14,37,66,11,55,5,0,151.5,,
2026,Alivia Eikenberg,OH,Portland St.,16,52,135,90,472,0.095,10,9,17,124,12,2,10,4,1,151.0,"Lone Tree, Colo.",Rock Canyon HS
2026,Olivia Neumann,MB,Green Bay,15,62,109,36,269,0.271,0,0,0,17,77,7,70,6,0,151.0,"Greenville, Wis.",Xavier High School
2026,Elise Marchal,OPP,South Carolina,14,55,115,39,301,0.252,2,3,6,64,61,5,56,5,0,151.0,"Kings Mill, Ohio",Kings Mills
2026,Katie Sowko,OH,Wright St.,14,47,125,49,409,0.186,5,17,14,117,15,3,12,3,0,151.0,,
2026,Carmen Waye,MB,Michigan St.,14,47,102,17,184,0.462,3,16,22,20,57,9,48,9,0,151.0,,
2026,Mary Healy,OPP,Washington St.,13,48,125,55,388,0.180,12,12,27,104,23,5,18,4,0,151.0,,
2026,Shelby Ignash,MB,Texas Tech,17,67,110,43,252,0.266,3,1,2,19,65,14,51,5,0,150.5,,
2026,Lillian Croshaw,OH,North Texas,15,56,137,62,333,0.225,4,2,9,27,23,0,23,0,0,150.5,"Justin, Texas / Northwest HS",Illinois State
2026,Tori Otter,MB,Providence,15,52,128,40,298,0.295,2,0,0,34,42,3,39,3,0,150.5,,
2026,Asia Murray,MB,Delaware,14,53,126,44,277,0.296,4,0,0,11,48,1,47,2,2,150.5,"Chicago, Ill.",
2026,Sydney Helmers,OH,Notre Dame,11,41,133,59,407,0.182,6,7,12,54,17,4,13,1,0,150.5,,
2026,Ava Poinsett,OH,Yale,11,40,123,51,355,0.203,10,21,18,113,10,3,7,0,0,150.5,"San Diego, Calif.",Francis Parker School
2026,Azra Eriç,MB,Eastern Mich.,16,57,90,27,230,0.274,11,22,29,21,68,8,60,3,0,150.0,"Kocaeli, Türkiye",Kadir Has Anadolu Lisesi
2026,Lillian Frias,MB,Oakland,16,55,123,50,266,0.274,4,5,6,21,36,8,28,2,0,150.0,"Curtice, Ohio",Genoa Area High School
2026,Mckenna Shotwell,OH,Merrimack,16,51,122,81,454,0.090,12,22,30,128,10,2,8,0,0,150.0,"Murfreesboro, Tenn.",Providence Christian Academy
2026,Ava Siefke,OH,Toledo,15,55,139,69,390,0.179,4,0,2,40,20,2,18,2,0,150.0,"Cincinnati, Ohio",Saint Ursula Academy
2026,Ema Torres,OH,NJIT,15,51,141,57,379,0.222,6,0,2,21,16,2,14,3,0,150.0,"Gondomar, Portugal",Colegio Paulo VI
2026,Kai Bailey,MB,East Carolina,17,58,111,36,217,0.346,5,0,3,17,64,13,51,3,2,149.5,"Atlanta, Ga.",Collins Hill High School
2026,Kayla Murdoch,OH,Cal Poly,14,51,133,38,292,0.325,3,0,0,16,33,0,33,3,0,149.5,,
2026,Addie Schmotzer,MB,St. Thomas (MN),13,54,112,33,296,0.267,10,0,0,12,56,19,37,3,0,149.5,,
2026,Alondra Villanueva,OH,Seton Hall,13,46,127,59,366,0.186,9,16,24,92,9,4,5,1,0,149.5,"Lima, Peru",
2026,Anna Hoffmayer,MB,North Ala.,18,61,113,28,242,0.351,5,6,0,28,53,7,46,1,0,149.0,"Ocean Springs, Miss.",Ocean Springs High School
2026,Logan King,OPP,Florida,13,41,112,33,273,0.289,17,15,16,61,40,4,36,1,1,149.0,,
2026,Nalanie Neal,OH,California Baptist,10,37,125,78,349,0.135,8,12,13,72,15,9,6,1,0,149.0,"Wytheville, VA",
2026,Jordyn Milhouse,MB,Tennessee Tech,17,65,119,43,304,0.250,4,0,3,12,49,10,39,3,0,148.5,,
2026,Chase Lemming,OH,Butler,17,45,134,59,338,0.222,2,7,8,29,13,2,11,2,0,148.5,"Attica, Ind.",Seeger
2026,Eva Dittmar,OH,South Alabama,16,60,135,48,369,0.236,1,0,0,25,25,2,23,4,0,148.5,"Zanesville, Ohio",
2026,Hanna Kaczynska,RS,Manhattan,16,57,126,70,363,0.154,2,1,2,19,43,0,43,4,0,148.5,"Warsaw, Poland",NLO SMS PZPS Szczyrk
2026,Sam Hoppes,OPP,Boston College,15,51,129,38,272,0.335,1,0,1,16,34,5,29,7,1,148.5,"Trophy Club, Texas",Byron Nelson
2026,Carlie Cisneros,OH,Arizona,14,53,121,57,425,0.151,12,19,8,127,14,3,11,0,0,148.5,"Kansas City, Mo.",Liberty North H.S.
2026,Riley Tucker,MB,Tulane,14,52,117,24,241,0.386,1,0,0,7,56,7,49,4,0,148.5,,
2026,Mae Kordas,OH,Notre Dame,13,47,124,58,399,0.165,7,10,19,53,27,2,25,6,0,148.5,,
2026,Laura Piva,OH,LSU New Orleans,18,57,137,66,394,0.180,5,2,2,28,15,3,12,1,0,148.0,"Trecate, Italy",
2026,Jalia Dublin,OH,Delaware St.,17,61,129,68,335,0.182,1,5,14,31,26,2,24,4,0,148.0,"Westampton, NJ",The Lawrenceville School
2026,Luci Lippelgoos,MB,The Citadel,17,58,114,57,287,0.199,0,10,23,28,34,14,20,2,1,148.0,,
2026,Chelsea Williams,OH,Miami (OH),16,52,138,60,386,0.202,2,0,0,28,15,5,10,1,0,148.0,"Hawthorn Woods, Ill.",Lake Zurich High School
2026,Maya Coblentz-Brown,RS,Binghamton,14,54,130,29,343,0.294,3,0,0,14,34,2,32,1,0,148.0,"Irvine, California",TVT Community Day
2026,Elle McCreery,MB,Dartmouth,13,51,102,23,227,0.348,7,15,25,22,51,11,40,4,0,148.0,,
2026,Devyn Lewis,OH,Arkansas St.,13,44,125,56,366,0.189,3,7,4,63,25,7,18,1,0,148.0,"Alvin, Texas",Manvel HS
2026,Tatum Clay,MB,ULM,18,65,79,20,181,0.326,13,24,23,33,67,22,45,5,0,147.5,"Gilbert, Ariz.",Williams Field HS
2026,Ashlyn Anderson,RS,Kennesaw St.,16,61,123,45,337,0.231,2,3,9,25,39,4,35,3,0,147.5,"Fleming Island, Fla.",The Bolles School
2026,Jessica Costlow,OH,Toledo,15,57,125,33,440,0.209,18,17,17,200,11,0,11,0,0,147.5,"Monroe, Mich.",Monroe St. Mary Central Catholic
2026,Natalie Ring,OH,Texas A&M,13,42,128,57,366,0.194,3,7,16,46,24,1,23,1,0,147.5,"Madison, Wis.",
2026,Eliza McKnight,OH,Western Ky.,16,60,128,20,259,0.417,11,0,1,13,35,3,32,2,0,147.0,,
2026,Ellie Gustafson,OH,St. Thomas (MN),13,54,128,45,445,0.187,9,15,8,133,8,0,8,1,0,147.0,,
2026,Chloe List,OH,Tulane,13,49,132,54,325,0.240,1,0,0,33,25,5,20,1,0,147.0,,
2026,Maya Schirmer,MB,Nicholls,17,67,108,26,206,0.398,4,5,7,21,55,12,43,3,0,146.5,"Bremen, Germany",
2026,Tamia Maddox,OH,Saint Louis,16,60,128,64,361,0.177,15,7,30,89,22,1,21,6,0,146.5,"Frankfort, Ill.",Lincoln Way East
2026,Sophie Robinson,OH,SIUE,16,59,134,62,355,0.203,10,5,20,81,14,1,13,1,0,146.5,"Chippewa Falls, Wis.",
2026,Anaya Thrower,MB,Saint Mary's (CA),16,55,100,30,214,0.327,2,7,15,12,64,15,49,5,0,146.5,"Vacaville, Calif.",Vanden HS
2026,Lilliana Montes,MB,North Dakota,15,57,112,28,247,0.340,4,2,1,23,50,15,35,7,0,146.5,"Murrieta, Calif.",Vista Murrieta HS
2026,Cameron Lloyd,OH,Bucknell,15,53,123,48,426,0.176,12,20,9,147,7,0,7,1,0,146.5,"Chapel Hill, N.C.",
2026,Rose Mahin,OH,Ohio,15,50,129,69,343,0.175,20,10,25,109,13,2,11,1,0,146.5,"Franklin, Ind.",Franklin Community H.S.
2026,Alyssa Dinh,MB,Tarleton St.,18,65,117,23,252,0.373,2,0,0,9,53,5,48,8,0,146.0,"Houston, TX",Cypress Creek HS
2026,Sabine Wenzel,MB,East Texas A&M,18,63,110,42,267,0.255,0,0,0,6,60,12,48,10,0,146.0,"Melrose, Mass.",Melrose HS
2026,Chiara Fabbrini,OPP,FIU,17,56,130,75,321,0.171,3,6,12,29,20,0,20,3,0,146.0,"Genova, Italy",Liceo Classico
2026,Sophia McKenzie,OH,Jackson St.,16,58,112,87,376,0.066,2,27,37,97,11,3,8,3,0,146.0,"Chicago, IL",
2026,Julia Jozefov,MB,Cleveland St.,15,58,114,34,268,0.299,5,2,3,19,51,9,42,4,0,146.0,,
2026,Sydney Bell,OPP,Buffalo,15,50,127,54,308,0.237,5,0,2,18,34,4,30,4,0,146.0,"Orleans, Ontario",École Secondaire Catholique Béatrice-Desloges
2026,Katie Pahl,OH,NIU,14,48,121,55,331,0.199,8,14,21,80,20,2,18,1,0,146.0,,
2026,Malinah Purcell-Telefoni,OPP,Towson,15,56,116,27,233,0.382,4,6,24,25,44,3,41,1,0,145.5,"Pago Pago, American Samoa",Samoana H.S.
2026,Lolo Lambert,OH,Louisiana,12,40,130,55,392,0.191,6,7,22,99,14,3,11,2,0,145.5,"Plano, Texas",
2026,Ufuoma Omene,RS,Lehigh,13,47,123,41,302,0.272,2,1,1,27,37,5,32,1,0,145.0,,
2026,Ava Stratton,RS,Youngstown St.,15,57,126,59,317,0.211,1,0,0,32,32,5,27,8,0,144.5,"Chicago, Ill.",Marist
2026,Taryn Morris,OPP,Texas A&M,15,54,124,34,283,0.318,5,3,17,50,35,0,35,0,0,144.5,"Little Elm, Texas",
2026,Mary Massias,OH,Lehigh,14,52,112,59,271,0.196,7,12,21,116,32,9,23,7,0,144.5,,
2026,Claire Evans,OH,Jacksonville St.,14,50,134,53,343,0.236,1,5,12,42,11,0,11,0,0,144.5,,
2026,Makena Parthen,MB,Col. of Charleston,15,56,107,24,249,0.333,5,0,2,21,63,11,52,0,0,144.0,"Colorado Springs, Colo.",Cheyenne Mountain
2026,Auburn Tomkinson,OPP,UC Santa Barbara,15,55,131,44,303,0.287,3,0,1,26,23,3,20,1,0,144.0,"Carlsbad, Calif.",
2026,Sydney Reese,OPP,Utah Tech,15,54,122,34,328,0.268,0,0,0,27,39,5,34,0,0,144.0,"Logandale, Nev.",Moapa Valley HS
2026,Angeles Alderete,OH,East Carolina,17,60,123,49,368,0.201,16,12,31,143,15,2,13,2,0,143.5,"Miami Springs, Fla.",Mater Academy Charter
2026,Josie Blazina,OH,Montana,16,57,113,38,294,0.255,2,4,9,14,38,15,23,1,0,143.5,"Belgrade, Mont.",
2026,Sanaa Williams,MB,Wake Forest,15,64,101,27,232,0.319,1,9,10,47,62,5,57,5,3,143.5,"HOMETOWN
NASHVILLE, TENN.",
2026,Cayla Payne,MB,Colorado,14,52,107,41,229,0.288,1,0,0,11,66,7,59,3,0,143.5,,
2026,Autumn Flynn,MB,NIU,14,48,110,38,252,0.286,2,10,18,23,39,8,31,2,0,143.5,"Luxemburg, Wis.",Luxemburg-Casco
2026,Jalyn Stout,S,Tennessee,13,42,124,32,272,0.338,26,4,11,92,29,2,27,4,1,143.5,"Gainesville, Fla.",Santa Fe
2026,Karolina T. Rodriguez Mendez,MB,Saint Peter's,17,58,120,18,258,0.395,9,8,8,36,28,2,26,2,0,143.0,"Arecibo, Puerto Rico",Colegio Evangélico Capitan Correa
2026,Brooke Bultema,MB,Louisville,17,53,109,36,191,0.382,2,1,7,6,60,6,54,5,1,143.0,"Cincinnati, Ohio",
2026,Kenna McKenzie,OH,Texas Tech,17,53,136,68,417,0.163,0,0,0,25,11,3,8,1,0,143.0,,
2026,Marion Haskell,OPP,Bucknell,15,52,132,51,315,0.257,3,0,0,11,22,0,22,0,0,143.0,"Birmingham, Ala.",
2026,Beatrice Gennari,MB,Northeastern,14,58,96,12,188,0.447,23,12,7,49,57,13,44,3,0,143.0,"Monza, Italy",Liceo Scientifico L. Da Vinci (UTEP)
2026,Ellie Siskin,OH,Penn,13,48,112,48,306,0.209,10,20,12,105,22,0,22,2,1,143.0,"Atlanta, Ga.",Pace Academy
2026,Lameen Mambu,OH,Purdue,12,37,131,55,352,0.216,3,0,0,28,22,2,20,4,1,143.0,,
2026,Lacey Murphy,MB,Holy Cross,19,65,98,38,240,0.250,3,3,5,24,73,10,63,6,1,142.5,"Wenham, Mass.",Bishop Fenwick
2026,Sophie Danielson,OPP,Idaho,17,60,124,64,288,0.208,4,1,2,29,34,1,33,2,0,142.5,"Auburn, WA",Riverside HS
2026,Kristina Starostenko,MB,Illinois,16,54,114,24,211,0.427,6,0,0,13,51,6,45,2,0,142.5,"Kremenchuk, Ukraine",
2026,Jalyn Gibson,OH,TCU,15,54,104,27,269,0.286,18,17,24,89,41,2,39,1,0,142.5,"San Antonio, Texas",Brandeis HS
2026,Quinn Anderson,OH,Stony Brook,15,51,126,56,370,0.189,3,0,1,33,28,5,23,0,0,142.5,"Westborough, Mass.",Westborough
2026,Mary Herman,MB,Bellarmine,14,56,86,34,218,0.239,5,20,26,36,54,19,35,3,0,142.5,"Vincennes, IN",Vincennes Rivet High School
2026,Courtney Graham,MB,UNCW,14,53,81,17,192,0.333,4,20,20,22,66,17,49,4,0,142.5,"Alpharetta, Ga.",Denmark
2026,Marisa Nakata,L,Cal St. Fullerton,12,46,123,58,360,0.181,7,15,16,107,8,1,7,2,0,142.5,"Kailua, Hawai'i",Hawai'i Baptist Academy
2026,Ella Chaney,OH,Central Ark.,12,45,126,53,396,0.184,13,5,2,105,20,3,17,4,0,142.5,"Prosper, Texas",
2026,Elena Maynulet,OH,Columbia,12,45,123,58,329,0.198,13,15,7,111,9,0,9,3,0,142.5,"Guaynabo, Puerto Rico",Lake Highland Prep
2026,Gabriela Machin Borges,RS,Dayton,18,68,128,42,322,0.267,5,0,0,30,26,2,24,1,0,142.0,"San Lorenzo, Puerto Rico",Caguas Private
2026,Lovina Teel,OH,Little Rock,17,56,133,44,402,0.221,10,1,13,69,14,2,12,1,0,142.0,"Jacksonville, N.C.",Jacksonville HS
2026,Trinity Sheridan,OPP,West Virginia,15,59,124,48,320,0.238,3,0,0,29,33,3,30,1,1,142.0,"Crystal Lake, Ill.",Prairie High School
2026,Gabby Tuiaana,RS,Col. of Charleston,15,56,123,64,326,0.181,3,0,1,16,36,2,34,1,0,142.0,"Schaumburg, Ill.",Schaumburg
2026,Martina Diana,OH,DePaul,15,54,119,63,326,0.172,5,9,19,120,25,3,22,1,1,142.0,"Crema, Italy",Universal School
2026,Zuzana Kosikova,OH,San Jose St.,15,52,112,51,321,0.190,10,22,33,104,12,4,8,2,0,142.0,,
2026,Sophia Minlend,OH,Quinnipiac,15,47,117,68,317,0.155,5,13,12,95,23,1,22,0,2,142.0,"Berlin, Germany",Schul-und Leistungssportzentrum Berlin
2026,Avery Burks,OH,Tulane,14,52,128,40,358,0.246,16,9,17,108,8,2,6,1,0,142.0,,
2026,Peyton Slone,OH,Gardner-Webb,14,46,134,63,355,0.200,2,2,5,46,11,1,10,1,0,142.0,"Clearwater, Fla.",Calvary Christian
2026,Alyssa Flack,OH,Oklahoma,13,47,124,50,310,0.239,0,7,13,15,18,4,14,1,0,142.0,"Streetsville, Ontario",
2026,Torre Kildow,OH,Ohio,13,44,128,44,286,0.294,10,5,5,43,14,4,10,2,0,142.0,"Bethesda, Ohio",Union
2026,Marin Johnson,OH,Southeast Mo. St.,17,60,121,46,344,0.218,3,6,8,30,25,4,21,1,0,141.5,"Wheaton, Ill.",Glenbard West High School
2026,Ksenija Tomic,OH,Iowa,17,58,125,47,333,0.234,7,5,17,98,21,2,19,2,0,141.5,"Belgrade, Serbia",Ivanka Gajie High School
2026,Lyndi Wolf,MB,Akron,16,63,103,43,270,0.222,9,15,25,28,42,5,37,6,0,141.5,Fremont Ohio,Fremont Ross HS
2026,Kennedy Pike,OH,SIUE,16,58,127,55,356,0.202,3,0,0,31,28,1,27,1,0,141.5,Katy Texas,
2026,Lexi Weinberg,OPP,Missouri St.,16,56,122,38,359,0.234,3,0,0,31,35,4,31,5,0,141.5,"Fort Lauderdale, Fla.",
2026,Karielys Melendez,OH,UMES,15,54,116,83,363,0.091,22,21,16,112,9,0,9,2,1,141.5,"Toa Baja, Puerto Rico",Academica Discipulos de Cristo
2026,Mia Tvrdy,MB,Southern California,14,49,104,42,222,0.279,3,1,7,22,69,4,65,5,0,141.5,"La Vista, Neb.",Papillion-La Vista HS
2026,Ayanna Watson,OH,Pittsburgh,14,45,123,33,302,0.298,5,11,6,34,14,1,13,1,0,141.5,"Las Vegas, Nev.",Bishop Gorman
2026,Asia Harvey,OH,Miami (FL),13,42,127,69,360,0.161,6,7,28,57,13,2,11,2,0,141.5,"Tyrone, Ga.",Sandy Creek HS
2026,Ali Farquhar,OH,Harvard,12,45,118,45,312,0.234,0,0,0,23,40,7,33,2,0,141.5,"Santa Rosa, Calif.",Cardinal Newman High School
2026,Katie Schulz,OH,Grand Canyon,16,55,126,43,409,0.203,6,5,12,71,17,3,14,0,0,141.0,"Appleton, Wisc.",Kimberly
2026,Madison Long,OPP,Nevada,15,52,125,46,318,0.248,1,0,0,27,27,5,22,2,0,141.0,"Spanish Spring, Nev.",Spanish Springs High School
2026,Ceci Vance,OH,South Carolina,14,54,133,76,369,0.154,1,1,5,34,12,2,10,5,0,141.0,Sophomore,Arizona State
2026,Lizzie Carr,MB,Kentucky,14,50,109,33,227,0.335,1,0,0,6,58,6,52,2,0,141.0,"West Chester, Pa.",tiktok
2026,Isabella Ruether,OH,Troy,13,46,132,61,321,0.221,1,0,0,23,17,1,16,1,0,141.0,,
2026,Alec Rothe,MB,Florida,13,45,109,21,196,0.449,4,1,1,21,58,4,54,2,0,141.0,,
2026,Harlan Wyche,MB,Fairfield,16,62,79,35,177,0.249,5,13,18,36,89,8,81,4,0,140.5,"Reston, Va.",South Lakes
2026,Shelby Zanders,MB,Jackson St.,16,61,105,22,229,0.362,3,11,17,39,44,5,39,4,0,140.5,"Jonesboro, GA",Elite Stars Academy
2026,Aubrey Bellus,MB,Grand Canyon,16,60,102,26,226,0.336,3,12,25,26,50,3,47,1,0,140.5,"Mesa, Ariz.",Mountain View
2026,Jordyn Sims,OH,The Citadel,16,57,124,38,370,0.232,2,0,1,36,26,7,19,3,0,140.5,,
2026,India Bennett,MB,Texas St.,14,49,110,28,225,0.364,4,3,6,6,48,7,41,4,1,140.5,"Prairieville, Louisiana",Dutchtown HS
2026,Katerina Pappa,OH,Hampton,14,49,127,47,328,0.244,3,9,9,66,8,1,7,0,0,140.5,"Ioannina, Greece",
2026,Zada Sanger,OH,Penn,12,47,123,41,391,0.210,3,1,6,28,29,4,25,2,0,140.5,"Berkeley, Calif.",Berkeley
2026,Tereza Motalova,MB,NJIT,18,65,88,34,209,0.258,12,17,26,38,55,15,40,12,0,140.0,"Frydek-Mistek, Czech Republic",Leopold Tuma
2026,Makenzie Jackson,OPP,Saint Mary's (CA),17,64,128,72,317,0.177,4,0,0,30,22,2,20,1,0,140.0,"Helena, Mont.",Helena
2026,Natalie Vance,OPP,Southern Ill.,17,63,123,60,344,0.183,3,0,1,24,33,1,32,3,0,140.0,"Bargersville, Ind.",Center Grove HS
2026,Kendall White,OH,St. John's (NY),17,63,121,36,327,0.260,0,0,0,23,37,1,36,5,0,140.0,"Peachtree Corners, Ga.",
2026,Elizabeth Aylward,OH,ETSU,16,63,119,55,352,0.182,8,10,6,59,21,1,20,8,1,140.0,"Nashville, Tenn.",
2026,Ayen Nhial,MB,James Madison,15,57,75,32,160,0.269,4,18,48,21,84,10,74,7,0,140.0,"Louisville, Ky.",Seneca High School
2026,Lily Dwinell,OH,Colorado,14,52,113,42,310,0.229,0,0,2,29,49,5,44,5,0,140.0,,
2026,Ellen Gundlach,MB,Navy,14,51,124,50,302,0.245,5,0,0,24,30,2,28,2,0,140.0,"Chicago, Ill.",Loyola Academy
2026,Albertine van der Goot,RS,UNC Asheville,18,67,111,57,370,0.146,4,0,0,41,46,11,35,6,0,139.5,"Oosthem, Netherlands",RSG Magister Alvinus Sneek
2026,Aubrey Hatch,OH,Radford,17,65,115,30,362,0.235,3,10,23,95,26,3,23,2,1,139.5,"Manassas, Va.",Colgan HS
2026,Asia Belli,MB,Quinnipiac,16,62,99,28,194,0.366,10,10,11,40,52,9,43,1,0,139.5,"Cassina De Pecchi, Italy",Itsos Marie Curie
2026,Lauren Coyne,OPP,Miami (OH),16,56,119,42,324,0.238,1,0,2,16,39,2,37,2,0,139.5,"Wheaton, Ill.",Wheaton Warrenville South
2026,Lauren Battle,OH,Texas Southern,16,53,124,67,379,0.150,7,9,4,92,12,1,11,0,0,139.5,"Houston, Texas",
2026,Letizia Galli,MB,VCU,13,51,100,38,237,0.262,3,3,10,24,59,14,45,6,0,139.5,"Appiano Gentile, Italy",
2026,Hatteras Welker,MB,Coastal Carolina,12,49,98,33,202,0.322,2,10,32,19,56,7,49,1,0,139.5,"Sunbury, Ohio",Big Walnut
2026,Chelsea Thorpe,OPP,North Carolina,12,44,122,38,264,0.318,4,0,1,22,33,2,31,2,0,139.5,"Chicago, Ill.",Whitney M. Young
2026,Logan Henderson,OPP,Marshall,16,60,123,60,338,0.186,7,1,2,25,25,5,20,6,1,139.0,"Charlotte, N.C.",Hopewell HS
2026,Stella Smith,MB,Kansas City,16,60,105,31,266,0.278,4,0,0,15,60,8,52,4,1,139.0,"Davenport, Iowa",Pleasant Valley HS
2026,Kayla Patel,OH,Denver,16,58,115,74,373,0.110,11,16,16,161,14,2,12,2,0,139.0,"Austin, Texas",St. Stephen's Episcopal School
2026,Emma Winter,RS,Wyoming,16,54,124,42,308,0.266,5,0,0,48,29,1,28,2,0,139.0,"Broomfield, Colo.",Broomfield
2026,Adeline Goedheer,MB,Bradley,15,61,98,37,240,0.254,4,0,0,2,69,13,56,1,1,139.0,,
2026,Grace Nelson,OH,Kansas,14,47,112,38,341,0.217,23,16,36,121,21,1,20,2,0,139.0,,
2026,Kennedy Adair,OH,Western Ill.,14,46,119,63,424,0.132,9,12,7,103,15,1,14,0,0,139.0,"Macomb, IL",Macomb HS
2026,Rylan Jones,MB,Alcorn,14,46,129,71,357,0.162,4,0,1,24,15,5,10,3,0,139.0,"Dallas, Texas",Cedar Hill HS
2026,Avery Wilks,MB,Mercer,13,48,108,48,287,0.209,1,9,14,22,32,12,20,1,1,139.0,"Mont Belvieu, Texas",Barbers Hill HS
2026,Reese Hazelton,OH,Virginia Tech,12,43,112,52,333,0.180,7,16,22,102,19,3,16,3,0,139.0,"Philipsburg, Pa.",Philipsburg Osceola
2026,Cecily Waynar,OPP,Bowling Green,15,55,82,31,181,0.282,6,20,34,22,66,7,59,7,1,138.5,"Amherst, Ohio",
2026,Moriah Johnson,OH,Bethune-Cookman,15,47,121,42,306,0.258,5,12,16,70,10,1,9,2,0,138.5,"Waller, Tex.",
2026,Tatiana Turgeon,MB,CSUN,14,54,96,29,202,0.332,2,3,11,17,68,11,57,3,0,138.5,"Las Vegas, Nev.",Arbor View HS
2026,Agata Zwierzynska,RS,N.C. A&T,14,52,119,37,257,0.319,0,5,9,28,23,6,17,2,0,138.5,"Cerekwica, Poland",I Liceum Ogolnoksztalcace w Szamotulach
2026,Julia Amorim,MB,Hofstra,14,51,89,18,188,0.378,11,7,31,26,75,10,65,4,0,138.5,"Pavuna, Rio de Janeiro, Brazil",Elite Rede de Ensino
2026,Adell Murray,MB,Penn,13,52,108,16,233,0.395,0,0,0,13,51,10,41,1,1,138.5,"Sugar Land, Texas",Stephen F. Austin HS
2026,Beatriz Piaia,MB,Southern Ill.,17,67,90,32,244,0.238,3,14,13,27,64,4,60,4,0,138.0,"Chopinzinho, Parana, Brazil",Colegio Nova Visao (Verita)
2026,Zoe Humphrey,MB,Georgia Tech,15,53,99,34,210,0.310,6,0,0,9,72,6,66,5,0,138.0,"Houston, Texas",Tennessee
2026,Eliana Urzua,OH,UCLA,15,50,111,47,311,0.206,1,2,3,20,49,1,48,5,1,138.0,"Santa Barbara, Calif.",Bishop Diego HS
2026,Laurece Abraham,MB,Yale,11,40,114,27,244,0.357,1,0,0,12,36,12,24,2,1,138.0,"Canton, MI",Detroit Country Day
2026,Brookelyn Talmadge,MB,Bryant,18,62,112,44,251,0.271,2,0,0,10,43,8,35,5,0,137.5,,
2026,Avery White,OH,Wofford,17,65,120,50,314,0.223,6,6,8,60,20,3,17,1,0,137.5,"Omaha, Neb.",Skutt Catholic
2026,Victoria Pruvost,OH,Saint Peter's,17,56,127,57,343,0.204,4,0,1,24,20,1,19,1,3,137.5,,
2026,Manaia Ogbechie,MB,Nebraska,16,47,102,25,181,0.425,2,4,1,3,58,5,53,1,0,137.5,"Santa Rosa Valley, Calif.",Oaks Christian
2026,Kirsten Fish,OH,Green Bay,15,54,111,41,281,0.249,3,0,1,32,51,2,49,1,0,137.5,"Brodhead, Wis.",Brodhead
2026,Margo Kemp,MB,Xavier,14,46,103,33,219,0.320,3,1,4,14,58,9,49,5,0,137.5,"King of Prussia, Penn.",Academy of Notre Dame de Namur
2026,Kaleigh Palmer,OH,Alabama,13,47,119,53,319,0.207,11,3,6,57,30,1,29,1,0,137.5,"Wapakoneta, Ohio",Wapakoneta HS
2026,Sarah Schnell,OPP,Louisiana,13,45,121,60,303,0.201,1,1,1,37,29,2,27,1,0,137.5,"Pembroke Pines, Fla.",
2026,Nikola Gamlin,MB,Sacramento St.,15,59,113,25,216,0.407,3,1,2,16,43,3,40,1,0,137.0,"Airdrie, Alberta",
2026,Ashlynn Axtell,MH,Troy,13,46,113,24,238,0.374,3,0,0,10,42,6,36,2,0,137.0,,
2026,Iyonnie Sanford,OH,Florida A&M,17,63,105,36,282,0.245,7,8,15,45,46,1,45,0,1,136.5,"Fort Walton Beach, Fla.",
2026,Rachel McCollum,S,UAB,16,62,100,49,298,0.171,306,21,24,122,30,1,29,2,0,136.5,"Lakeland, TN",Collierville H.S.
2026,Elise Ward,OH,Butler,16,55,115,51,332,0.193,11,13,22,96,16,1,15,1,0,136.5,"Orland Park, Ill.",Marist
2026,Willow Watson,MB,Portland St.,16,54,113,45,286,0.238,3,0,2,17,42,5,37,1,1,136.5,"Las Vegas, Nev.",Arbor View HS
2026,Clara Briley,OH,Charlotte,16,46,121,68,377,0.141,5,10,11,67,10,1,9,1,0,136.5,"Bufford, Ga.",Buford
2026,Peyton McKee,OH,Texas St.,15,51,125,50,350,0.214,3,0,12,34,19,4,15,0,1,136.5,"Montgomery, Texas",Lake Creek HS
2026,Karis Willow,OH,Rutgers,14,46,97,53,265,0.166,3,30,32,30,17,2,15,0,0,136.5,"Arlington, Ohio",Liberty Benton
2026,Cayenne Ceman,OH,Northeastern,13,53,122,69,327,0.162,1,3,6,50,21,2,19,0,0,136.5,"Hermosa Beach, Calif.",Mira Costa HS
2026,Julia Hunt,MB,Washington,13,47,93,24,185,0.373,3,15,18,23,52,5,47,3,0,136.5,"Independence, Ky.",Holy Cross
2026,Tatum Holderied,MB,Fordham,12,48,99,27,207,0.348,2,2,8,21,52,19,33,0,0,136.5,"Fairfield, Conn.",Fairfield Ludlowe
2026,Aniah Bass,RS,N.C. Central,16,63,113,40,304,0.240,2,1,2,57,33,11,22,1,0,136.0,"Clinton, Md.",
2026,Olivia Cohee,OH,Wichita St.,16,57,118,58,393,0.153,7,6,14,91,22,2,20,1,0,136.0,"McKinney, Texas",McKinney Boyd HS
2026,Tamara Kisic,OH,UIC,16,57,113,65,363,0.132,7,14,11,155,15,3,12,0,0,136.0,"Belgrade, Serbia",
2026,Taeley Mahler,OH,Eastern Mich.,16,57,109,40,319,0.216,1,0,0,37,48,6,42,8,0,136.0,,
2026,Mariah Mott,OH,Southern U.,16,54,117,92,369,0.068,10,1,12,53,35,1,34,1,0,136.0,"Luling, LA",Hahnville HS
2026,Grace Havlicek,MB,Auburn,15,54,92,22,173,0.405,4,15,21,30,56,2,54,0,0,136.0,,
2026,Carly Sciborski,OPP,American,15,54,123,32,273,0.333,1,0,0,18,25,1,24,1,0,136.0,"Chapel Hill, N.C.",Chapel Hill
2026,Anna Hartman,RS,Fla. Atlantic,15,53,127,27,263,0.380,3,0,0,23,18,0,18,0,0,136.0,"Murfreesboro, Tenn.",Providence Christian Academy
2026,Eva Rohrbach,MB,Maryland,15,48,111,19,210,0.438,4,3,14,23,40,4,36,3,1,136.0,"San Diego, CA",
2026,Alana Marrs,MB,Oregon St.,14,48,100,28,226,0.319,0,0,0,13,54,18,36,3,0,136.0,"Ellensburg, Wash.",Ellensburg HS
2026,Chloee Leslie,OH,Seattle U,14,47,115,83,391,0.082,7,6,18,77,22,8,14,3,1,136.0,,
2026,Caroline Kahle,OH,SFA,18,67,118,33,354,0.240,51,12,11,233,11,0,11,1,0,135.5,"North Richland Hills, Texas",
2026,Koen Makaula,MH,Idaho,17,62,86,30,223,0.251,13,11,10,42,66,11,55,11,1,135.5,"Kailua, HI",Punahou School
2026,Brooklyn Palmer,RS,Mercer,17,61,117,58,360,0.164,5,13,9,112,11,0,11,1,0,135.5,"Phoenix, Ari.",Sandra Day O'Connor
2026,Aspen Maxwell,OH,Rutgers,16,61,115,56,277,0.213,4,0,0,32,36,5,31,4,0,135.5,"Houston, Texas",Summer Creek
2026,Jenna Cubbage,OH,Wichita St.,16,57,128,59,472,0.146,7,3,11,116,9,0,9,2,0,135.5,"Wildwood, Mo.",Eureka HS
2026,Audrey Geer,OH,Ball St.,16,48,119,57,378,0.164,6,7,17,132,16,3,13,1,0,135.5,,
2026,Ellee McIntosh,OH,North Dakota,14,49,120,54,388,0.170,6,5,4,86,18,3,15,1,0,135.5,"West Fargo, N.D.",West Fargo HS
2026,Amya Jennings,OH,Alabama A&M,17,62,122,39,316,0.263,1,0,0,38,26,0,26,1,0,135.0,"Edina, Minn.",
2026,Jessica Pickett,MH,Valparaiso,16,64,105,23,228,0.360,3,0,0,16,52,8,44,5,0,135.0,,
2026,Juliette Myrick,S,Army West Point,15,53,106,30,274,0.277,337,18,12,161,20,2,18,2,1,135.0,"St. Louis, Mo.",Eureka
2026,Sydney Schnichels,OH,Michigan,15,50,110,48,303,0.205,10,13,35,85,21,3,18,3,0,135.0,"Willmar, Minn.",
2026,Vanessa Eregie,MB,UIW,14,55,113,24,267,0.333,2,1,5,32,34,8,26,1,0,135.0,,
2026,Wiktoria Jakubik,OH,Tennessee St.,13,43,118,53,342,0.190,3,3,10,42,24,4,20,2,1,135.0,"Grajewo, Poland",
2026,Sophia Krichev,MB,UT Arlington,10,38,104,27,222,0.347,2,3,13,11,48,8,40,2,0,135.0,"Huntsville, Alabama",Huntsville High School
2026,Anisa Dorlouis,S,Presbyterian,17,63,107,47,304,0.197,461,12,32,201,27,4,23,3,6,134.5,"Gainesville, Fla.",
2026,Rayah Howell,MB,UMES,15,51,113,58,274,0.201,1,3,4,22,32,5,27,1,2,134.5,Reisterstown MD,Garrison Forest School
2026,Campbell Hague,MB,Tulsa,14,53,103,42,246,0.248,5,12,9,23,35,4,31,3,0,134.5,"HOMETOWN
CHENEY, KAN.",
2026,Gabrielle Hairston,OH,Louisiana Tech,18,61,118,43,304,0.247,3,0,0,33,31,1,30,5,0,134.0,"Lancaster, Texas",Lancaster HS
2026,Sarah Sullivan,OH,Idaho,17,63,119,52,348,0.193,5,3,12,60,24,0,24,6,0,134.0,"Henderson, NV",Coronado HS
2026,Sila Yildiz,MB,Quinnipiac,16,62,92,30,213,0.291,6,8,11,28,52,16,36,3,2,134.0,"Istanbul, Turkey",Laramie County CC
2026,Grace Hill,OH,Lamar University,16,46,123,69,401,0.135,0,3,8,60,13,3,10,2,0,134.0,"Houston, Texas",Glenda Dawson HS (Texas Southern)
2026,Taylor Pagan,OH,Towson,15,51,116,52,308,0.208,5,11,22,83,13,1,12,2,0,134.0,"Pembroke Pines, Fla.",Mater Lakes Academy
2026,Sasha Cohen,MB,UCF,14,51,93,21,179,0.402,6,1,5,18,66,14,52,4,0,134.0,"Lakewood, Colo.",Valor Christian
2026,Gabby Hill,OH,High Point,13,50,126,55,325,0.218,5,2,2,19,10,2,8,0,0,134.0,"Happy Valley, Ore.",Adrienne Nelson
2026,Grace Heaney,OPP,Purdue,13,42,108,46,303,0.205,10,9,12,111,32,2,30,2,0,134.0,,
2026,Bridget Woodruff,RS,Fordham,18,62,114,53,329,0.185,6,0,0,26,31,8,23,10,1,133.5,"Tacoma, Wash.",Bellamire Prep
2026,Avery Thaler,MB,Abilene Christian,17,64,113,25,255,0.345,6,0,0,19,37,4,33,6,0,133.5,"Fairfield, Texas",Fairfield HS
2026,Alexis Rodriguez,OH,George Washington,17,62,100,74,349,0.074,12,29,30,125,9,0,9,2,0,133.5,"Mililani, HI",
2026,Aubrey Easterwood,MB,Providence,15,52,87,23,186,0.344,4,7,21,18,75,4,71,3,0,133.5,,
2026,Morgan Graves,OH,San Jose St.,14,44,115,54,300,0.203,3,9,16,73,15,4,11,1,0,133.5,,
2026,Carys Sanabria,MB,Alabama A&M,17,63,93,36,209,0.273,9,10,27,17,55,5,50,3,0,133.0,"Kennesaw, Ga.",
2026,Josie Foster,MB,New Haven,16,57,95,25,238,0.294,1,10,9,26,51,5,46,2,0,133.0,"Brisbane, Australia",Kelvin Grove State College
2026,Kylee Richey,OH,Lindenwood,16,54,105,44,239,0.255,5,1,4,14,42,12,30,4,0,133.0,"Versailles, Mo.",Versailles
2026,Mina Olgar,MB,Georgia St.,16,62,84,25,188,0.314,7,16,23,31,62,3,59,7,0,132.5,"Istanbul, Turkey",FMV Isik
2026,Mia Weaver,OH,Kansas City,16,60,97,56,381,0.108,18,22,25,171,22,5,17,4,0,132.5,"Minnetrista, Minn.",Mound Westonka HS
2026,Haley Trosky,OH,Eastern Mich.,15,52,119,53,353,0.187,2,0,0,28,24,3,21,2,0,132.5,,
2026,Andrea Diaz Dominguez,,Stetson,14,48,113,64,390,0.126,10,14,17,126,10,1,9,2,0,132.5,"Guaynabo, Puerto Rico",Colegio Adianez
2026,Maria Afonso,OH,Hofstra,14,45,109,49,294,0.204,3,11,16,48,23,2,21,0,2,132.5,"Curitiba, Paraná, Brazil",Colégio Saber/UC San Diego
2026,Connie Kofoed,OH,Belmont,13,51,120,45,393,0.191,6,3,5,96,15,4,11,0,0,132.5,"Charlotte, N.C.",Charlotte Christian School
2026,Haley Mullaney,S,East Texas A&M,18,72,88,38,291,0.172,404,28,25,145,27,5,22,9,0,132.0,"Decatur, Texas",Victory Christian Academy
2026,Chloe' Bell,MB,St. John's (NY),17,63,101,33,211,0.322,14,4,6,28,48,6,42,6,0,132.0,"Atlanta, Ga.",
2026,Duura Kpea,MB,Delaware St.,17,61,87,43,223,0.197,3,3,2,24,64,20,44,14,0,132.0,"Melissa, TX",Melissa HS
2026,Delaney Ewing,MB,Florida St.,15,58,109,29,221,0.362,1,0,0,10,44,2,42,4,3,132.0,"Fort Collins, Colorado",
2026,Taylor Lewis,OH,Villanova,15,52,120,48,290,0.248,2,1,4,42,21,1,20,3,0,132.0,"Indianapolis, Ind.",Cathedral
2026,Marlee Lightsey,OH,Army West Point,15,43,110,47,308,0.205,2,17,22,107,10,0,10,2,0,132.0,"New Braunfels, Texas",Canyon
2026,Lucia Heid,OH,Northern Ky.,14,49,121,71,323,0.155,0,1,4,38,17,3,14,2,0,132.0,,
2026,Hadlee Welch,OH,Abilene Christian,17,53,112,58,286,0.189,2,0,0,26,38,1,37,5,0,131.5,"Lubbock, Texas",Frenship HS
2026,Bella Nunez,S,Grand Canyon,16,60,94,34,261,0.230,340,14,30,129,45,2,43,2,0,131.5,"El Paso, Texas",Americas
2026,Chloe Judd,MB,Missouri St.,16,57,81,20,211,0.289,8,13,21,35,66,9,57,9,0,131.5,"Nixa, Mo.",
2026,Brianna Hamilton,OH,Samford,15,59,103,32,328,0.216,7,12,16,175,28,5,23,1,0,131.5,"Frisco, Texas",
2026,Addison Collum,RS,Arkansas St.,13,45,106,54,311,0.167,5,9,17,52,31,2,29,8,0,131.5,"Buena Park, Calif.",John F. Kennedy HS
2026,Abby Harrell,OH,Villanova,11,38,115,50,304,0.214,3,8,11,65,16,1,15,4,0,131.5,"Ellensburg, Wash.",Ellensburg
2026,Madison Natori Rice-Locket,OH,Tarleton St.,18,59,113,63,354,0.141,3,10,16,102,15,1,14,0,0,131.0,,
2026,Whitney Dewicki,OH,Washington St.,14,51,90,27,291,0.216,3,12,24,34,53,5,48,3,0,131.0,,
2026,Naomi White,MB,Washington St.,14,51,81,26,206,0.267,7,4,3,17,77,15,62,6,0,131.0,"Las Vegas, Nev.",Palo Verde HS
2026,Lakin Laurendine,OH,Arkansas,11,34,111,44,307,0.218,4,12,11,56,13,3,10,3,0,131.0,"Jackson, Miss.",Auburn
2026,Deviana Walker,OH,Coppin St.,17,58,114,53,320,0.191,1,2,3,27,27,2,25,2,0,130.5,"Odenton, Md.",Arundel HS
2026,Kaitlyn Taylor,OH,Bucknell,15,53,107,67,328,0.122,6,20,45,133,6,1,5,0,0,130.5,"Kissimmee, Fla.",
2026,Katherine Arnason,RS,William & Mary,13,50,107,49,348,0.167,18,14,8,105,19,0,19,2,0,130.5,"Marine on St. Croix, Minn.",Mahtomedi
2026,Nadia Miller,MB,Kent St.,16,55,101,45,282,0.199,5,3,8,29,42,10,32,4,0,130.0,"Bowling Green, Ohio",Eastwood
2026,Catherine Rucker,MB,Elon,15,54,88,28,201,0.299,4,15,12,19,47,7,40,4,0,130.0,"Chapel Hill, N.C.",Carrboro High School
2026,Julie Nzambele,OH,Col. of Charleston,15,53,117,53,303,0.211,2,0,0,27,20,6,14,3,0,130.0,"Fort Mill, S.C.",Nation Ford
2026,Tani Juric,OPP,Marquette,14,55,117,40,318,0.242,6,0,0,30,26,0,26,1,0,130.0,"Ankaran, Slovenia",
2026,Zoe Gillen-Malveaux,MB,Duke,14,52,101,31,205,0.341,1,0,0,8,50,8,42,4,0,130.0,"Dallas, Texas",Greenhill High School
2026,Claire Mrukowski,OH,Jacksonville,13,48,117,26,285,0.319,7,0,1,24,25,1,24,0,1,130.0,"Powell, Ohio",Olentangy Liberty
2026,Gracie Campbell,OH,East Texas A&M,12,48,118,45,394,0.185,4,7,11,49,9,1,8,1,0,130.0,"Spring, Texas",Klein Oak HS
2026,Kelly Kinney,OH,Minnesota,12,42,122,44,307,0.254,0,0,0,8,16,0,16,0,0,130.0,"HOMETOWN
WEST PALM BEACH, FLA.",
2026,Hannah Crowe,MB,UTEP,17,64,85,34,182,0.280,5,7,20,18,67,8,59,4,1,129.5,,
2026,Lily Burnett,OH,Murray St.,16,58,90,36,277,0.195,5,13,16,39,45,8,37,4,0,129.5,,
2026,Zoe McDonald,MB,Butler,16,50,87,28,211,0.280,1,9,20,24,54,13,41,4,0,129.5,"Prairie Village, Kan.",Shawnee Mission East
2026,Carly Mueller,MB,UT Martin,15,50,106,37,250,0.276,0,0,4,14,41,6,35,4,0,129.5,"Hendersonville, Tenn.",Beech HS
2026,Molly Cravens,MB,SFA,18,65,106,47,313,0.188,1,0,0,25,44,2,42,4,0,129.0,"Round Rock, Texas",
2026,Alyssa Irwin,MH,Clemson,16,57,96,53,238,0.181,3,3,12,21,44,16,28,3,0,129.0,"Fort Lauderdale, Fla.",Monarch HS
2026,Brielle Rueckert,MB,Utah Valley,16,52,97,24,223,0.327,2,2,12,15,58,2,56,2,0,129.0,"Provo, Utah",Timpview HS
2026,Rayne Williams,MB,FIU,15,55,96,35,213,0.286,7,8,12,24,44,6,38,6,0,129.0,"Snellville, Ga.",Brookwood
2026,Asia Thigpen,OH,Kentucky,14,49,117,50,295,0.227,5,4,9,100,14,2,12,1,0,129.0,"Chapel Hill, N.C.",tiktok
2026,Camryn Jeffery,OH,LSU,12,46,114,39,297,0.253,2,2,5,26,25,1,24,6,0,129.0,,
2026,Madison Frank,MB,Tarleton St.,18,67,92,25,237,0.283,6,11,16,27,48,3,45,1,0,128.5,"Aledo, TX",Aledo HS
2026,Alaina Lester,MB,Southeast Mo. St.,16,58,97,12,199,0.427,7,1,1,15,51,10,41,5,0,128.5,"Millstadt, Ill.",Althoff Catholic
2026,Jaslyn Reed,OH,Middle Tenn.,16,53,112,48,288,0.222,1,0,1,25,31,2,29,1,0,128.5,"Lake Oswego, Ore.",Lakeridge High School
2026,Teraya Sigler,OH,Nebraska,16,44,107,34,233,0.313,8,9,13,65,23,2,21,1,0,128.5,"Scottsdale, Ariz.",Horizon
2026,Emily Warmenhoven,OH,Belmont,15,56,118,57,389,0.157,2,0,1,27,17,4,13,0,1,128.5,"West Linn, Ore.",West Linn HS
2026,Claire Van Den Herik,OH,Loyola Chicago,15,54,112,46,334,0.198,1,0,0,15,32,1,31,1,0,128.5,"Prospect Heights, Ill.",John Hersey
2026,Reagan Bedell,OH,North Texas,15,52,115,64,339,0.150,2,6,9,74,12,3,9,1,1,128.5,"Frisco, Texas / Independence HS",
2026,Sophie Catalano,OPP,Toledo,15,52,123,41,326,0.252,2,0,0,37,11,0,11,0,0,128.5,"Pittsburgh, Pa.",Pine Richland
2026,Victoria Davis,MB,Baylor,15,52,94,22,206,0.350,2,2,6,13,60,5,55,4,0,128.5,,
2026,Morgan Bode,MB,South Dakota,15,51,101,39,264,0.235,5,10,15,26,34,1,33,7,0,128.5,"Papillion, Neb.",Papillion-La Vista South HS
2026,Haley Kerstetter,MB,Penn,13,52,92,24,199,0.342,5,5,10,22,55,8,47,2,1,128.5,"Frisco, Texas",Hebron
2026,Jordyn Aeschliman,OH,Akron,17,63,112,46,294,0.224,0,0,1,22,27,5,22,0,0,128.0,"Lester, Iowa",West Lyon HS
2026,Jada Ingram,MB,UNLV,16,63,97,28,237,0.291,12,5,10,27,44,8,36,5,0,128.0,"Topeka, Kan.",Washburn Rural HS
2026,Maddie Rink,MB,Northern Colo.,16,56,95,29,229,0.288,4,6,9,19,44,10,34,1,0,128.0,"Lincoln, Neb.",Lincoln Southwest HS
2026,Elli Tufto,OH,Montana St.,15,56,121,59,368,0.168,2,0,0,44,12,2,10,3,0,128.0,"Prior Lake, MN",Prior Lake HS
2026,Grace O'Reilly,RS,Missouri,15,49,113,34,255,0.310,1,1,3,23,25,3,22,1,0,128.0,"Springfield, Mo.",Springfield Catholic
2026,Ashlyn Cobb,OH,Western Caro.,13,50,102,50,320,0.163,11,20,30,142,12,0,12,4,0,128.0,"Delray Beach, Fla.",Saint Andrew's HS
2026,Ashlyn Seay,OH,Rice,13,45,116,61,320,0.172,2,3,8,70,16,2,14,2,0,128.0,"Trophy Club, Texas",
2026,Natalie Arnold,MB,Wofford,10,38,113,31,258,0.318,2,0,1,26,24,6,18,0,0,128.0,"Austin, Texas",Dripping Springs
2026,Stephanie Gutierrez,MB,Rice,16,54,97,26,224,0.317,6,6,12,32,46,3,43,10,0,127.5,"Fort Worth, Texas",
2026,Ella Schomer,OPP,Oakland,16,52,110,46,335,0.191,4,3,1,45,28,1,27,7,0,127.5,"Clarkston, Mich.",Marian High School
2026,Helen Wilford,MB,Bowling Green,15,58,77,27,181,0.276,3,2,5,15,82,15,67,5,1,127.5,"Greenville, N.C.",
2026,Calissa Allison,S,UIW,14,54,102,54,302,0.159,341,12,16,140,25,2,23,2,1,127.5,,
2026,Ava Harrington,MB,Princeton,11,40,95,31,250,0.256,1,17,27,49,28,3,25,2,0,127.5,"Houston, Texas / Episcopal",
2026,Damisi Osibodu,MB,Stony Brook,16,59,75,34,189,0.217,13,0,2,13,92,12,80,5,0,127.0,"Katy, Texas",Jordan
2026,Annamaria Ramos,OH,Air Force,15,51,111,21,377,0.239,4,7,8,95,14,4,10,1,0,127.0,"Henderson, Nev.",
2026,Dalia Vîrlan,MB,Oregon,14,51,89,20,196,0.352,10,15,15,22,42,4,38,5,0,127.0,"Brasov, Romania",Colegiul Tehnic Feroviar
2026,Karlotta Kattai,OH,Niagara,11,36,104,60,296,0.149,6,19,17,75,8,0,8,1,1,127.0,"Tartu, Estonia",Colby Community College
2026,Sidney Gray,MB,Eastern Wash.,18,69,78,26,183,0.284,6,0,1,16,80,17,63,4,0,126.5,"Winchester, Calif.",Temecula Preparatory
2026,Sediong Scott,RS,East Texas A&M,18,60,90,31,216,0.273,3,6,17,25,55,6,49,1,0,126.5,"Houston, Texas",Elsik HS
2026,Ava Galvan,MB,Saint Mary's (CA),17,63,100,55,228,0.197,3,0,0,11,41,12,29,13,0,126.5,"Agoura Hills, Calif.",Agoura
2026,Ceren Sert,MB,Nevada,15,64,95,31,225,0.284,3,8,15,36,36,11,25,1,0,126.5,"Ankara, Turkey",TVF Sport
2026,Ashtan Dodson,OH,Furman,15,61,100,57,336,0.128,17,16,30,171,19,2,17,2,1,126.5,"San Antonio, Texas",Cornerstone Christian School
2026,Natalie Robinson,MB,Rutgers,15,57,95,20,213,0.352,0,0,0,10,54,9,45,1,0,126.5,"Hudson, Ohio",Hudson
2026,Katie Powers,RS,Manhattan,15,55,106,66,351,0.114,2,4,15,74,29,4,25,5,0,126.5,"Wantagh, NY",St. Anthony's
2026,Taray Tela,MB,Oregon St.,14,49,98,26,194,0.371,5,5,6,11,38,9,29,8,0,126.5,"Provo, Utah",Timpview HS
2026,Sierra Pertzborn,MB,Toledo,13,48,104,35,264,0.261,0,0,0,25,40,5,35,0,0,126.5,"Middleton, Wis.",Middleton
2026,Anzley Rinard,OH,Coastal Carolina,12,46,112,69,388,0.111,2,6,21,53,16,1,15,0,0,126.5,"Houston, Texas",Clear Springs
2026,Brooke Hardy,MB,BYU,12,45,80,16,151,0.424,7,20,12,27,50,3,47,1,0,126.5,,
2026,Ryleigh Patterson,MB,Harvard,12,45,79,13,164,0.402,4,1,6,19,75,18,57,4,1,126.5,"Rancho Santa Fe, Calif.",Cathedral Catholic High School
2026,Addyson Butts,MB,Robert Morris,17,64,93,43,241,0.207,2,15,37,18,31,5,26,8,0,126.0,"Washington Courthouse, Ohio",Miami Trace
2026,Molly Malone,MB,Marist,17,59,102,24,242,0.322,7,0,1,18,41,7,34,7,2,126.0,"Sylvania, OH",St. Ursula Academy Toledo
2026,Valencia Wilder,OH,Prairie View,17,57,90,29,210,0.290,4,10,23,21,43,9,34,7,0,126.0,"Columbus, Ohio",
2026,Alyvia Watkins,MB,Utah Valley,16,53,99,34,209,0.311,2,0,0,8,51,3,48,2,0,126.0,"Morgan, Utah",Morgan HS
2026,Aubrey Beaver,OH,Abilene Christian,16,40,118,58,328,0.183,3,0,9,32,14,2,12,6,1,126.0,"Murrieta, Calif.",Temecula Valley HS
2026,Mina Benucci,MB,UAlbany,15,58,97,22,213,0.352,2,0,3,8,45,13,32,5,0,126.0,"Zushi, Kanagawa, Japan",Kawasaki Tachibana
2026,Mariia Nikol Dvornikova,OH,Pepperdine,15,55,107,56,331,0.154,10,4,14,53,28,2,26,1,0,126.0,"Moscow, Russia",Private Institution of General Education
2026,Julia Lenik,OH,Canisius,14,49,101,71,365,0.082,7,17,28,108,15,1,14,1,1,126.0,"Rzeszow, Poland",Marii Konopnickiej
2026,Lexie Carlson,OH,Weber St.,12,43,112,57,301,0.183,1,3,3,33,21,1,20,1,0,126.0,,
2026,Cadence Nichols,MB,UNC Asheville,18,64,97,29,192,0.354,1,0,0,11,49,8,41,5,0,125.5,"Chattanooga, Tenn.",Girls Prep School
2026,Rheanna Deen-Jackson,MB,UNLV,16,62,96,31,233,0.279,14,1,7,33,52,5,47,5,0,125.5,"Houston, Texas",Atascocita HS
2026,Madison Buckley,OPP,Ball St.,16,58,109,35,269,0.275,1,0,0,23,30,3,27,4,0,125.5,,
2026,Kiley Devery,OPP,Fresno St.,15,58,104,57,284,0.165,2,0,0,24,39,4,35,4,1,125.5,"Solon, IA",
2026,Cat Young,OH,Villanova,15,55,98,72,348,0.075,8,18,24,110,19,0,19,1,0,125.5,"Flower Mound, Texas",Flower Mound
2026,Azavia Thomas,OH,Jacksonville St.,15,52,107,50,265,0.215,1,0,0,16,36,1,35,4,0,125.5,,
2026,Gabi Placide,OH,SMU,15,51,98,42,268,0.209,4,9,21,44,30,7,23,2,0,125.5,"Centennial, Colo.",Grandview HS
2026,OMONIGHO PRINCESS ATAMAH,MB,Utah,15,48,89,28,176,0.347,3,3,16,16,58,9,49,5,0,125.5,,
2026,Avery Hamlin,OH,Duke,14,52,92,37,259,0.212,9,20,27,50,27,0,27,0,0,125.5,"Austin, Texas",Lake Travis
2026,Betsy Goodenow,RS,Yale,11,40,101,45,289,0.194,10,11,20,78,24,3,21,2,0,125.5,"Lenexa, Kansas",St. Thomas Aquinas
2026,Alexis Bull,MB,Eastern Ky.,17,66,86,24,221,0.281,3,3,1,13,62,10,52,2,0,125.0,"Magnolia, Texas",
2026,Bliss Beck,MB,Drake,17,62,101,23,245,0.318,0,0,5,16,45,3,42,4,0,125.0,"Tiffin, Iowa",Clear Creek-Amana
2026,Buse Tinaz,MB,Iona,17,55,78,27,200,0.255,5,10,14,43,68,6,62,9,0,125.0,"Bursa, Turkey",TED College
2026,Matthea Dalton,OH,Drake,16,54,103,58,394,0.114,5,14,11,142,16,0,16,1,0,125.0,"Fremont, Neb.",Fremont
2026,Rosa Vesty,MH,Iowa,16,48,111,38,246,0.297,2,0,2,17,28,0,28,2,0,125.0,"Christchurch, New Zealand",Burnside
2026,Talia Francom,MB,NC State,15,54,76,18,183,0.317,5,7,16,32,76,8,68,0,0,125.0,"Cary, NC",
2026,Bianca Garibaldi,MB,Georgia Tech,15,54,91,24,167,0.401,4,7,12,17,49,5,44,2,0,125.0,"Villa Carlos Paz, Argentina",Pitt
2026,Katherine McGregor,OH,Georgetown,15,52,107,50,284,0.201,4,0,2,24,35,1,34,3,0,125.0,"Wilmette, Ill.",New Trier Township High School
2026,Jaida Sione,OH,Cornell,12,44,115,40,303,0.248,3,0,0,27,18,2,16,2,0,125.0,"Chatsworth, Calif.",Sierra Canyon HS
2026,Sophia Davis,OH,ETSU,16,58,106,42,306,0.209,3,4,14,23,27,2,25,1,0,124.5,,
2026,Maezi Snyder,MB,Murray St.,16,58,99,34,244,0.266,3,3,4,15,36,9,27,2,0,124.5,"West Lafayette, Ind.",McCutcheon High School
2026,Lou Johnson,MB,App State,16,53,97,26,198,0.359,0,0,0,8,50,5,45,2,0,124.5,"Ocala, Fla.",Trinity Catholic
2026,Kenzie Behl,MB,ULM,18,63,107,56,362,0.141,4,0,0,26,30,4,26,6,0,124.0,"Buda, Texas",Buda Johnson
2026,Sam Vanda,OH,UNCW,16,59,100,76,340,0.071,19,21,33,123,6,0,6,3,0,124.0,"Geneva, Ill.",Geneva Community
2026,Lynney Tarnow,MB,Wisconsin,15,54,94,17,212,0.363,2,0,0,13,59,1,58,3,1,124.0,"Downers Grove, Ill.",Benet Academy
2026,Kennedy Osunsanmi,OPP,Arizona,14,52,105,30,312,0.240,2,0,0,33,35,3,32,2,2,124.0,"Stevenson Ranch, Calif.",West Ranch H.S.
2026,Natasha Casey,OPP,UCF,12,42,80,24,167,0.335,2,32,33,37,24,0,24,1,0,124.0,"Orlando, Fla.",Lake Howell
2026,Destiny Walker,OH,Virginia Tech,11,38,105,62,336,0.128,5,10,22,102,17,1,16,3,0,124.0,"Rio Grande, Puerto Rico",CIEM Private School
2026,Mia Fox,MB,New Mexico St.,17,69,90,20,167,0.419,0,0,1,22,54,13,41,8,0,123.5,"Augusta, Kan.",Circle HS
2026,Harper Holden,MB,Nicholls,17,63,88,17,196,0.362,2,16,7,20,36,3,33,3,0,123.5,"Greenfield, Ind.",Greenfield Central
2026,Zahahrah Edwards-Wyllie,OH,Nicholls,16,58,109,68,332,0.123,3,1,7,27,24,3,21,1,0,123.5,"Toronto, Canada",Pope John Paul
2026,Logan Grevengoed,MH,Illinois St.,15,50,105,34,268,0.265,4,0,0,36,33,4,29,3,0,123.5,"South Holland, Ill.",Chicago Christian HS / Western Kentucky
2026,Iye Okolo,MB,CSUN,14,55,72,26,174,0.264,3,1,11,6,84,17,67,4,0,123.5,"Fontana, Calif.",Etiwanda HS
2026,Nikola Jaroszewicz,RS,Hampton,14,46,102,25,310,0.248,3,8,9,59,24,3,21,0,0,123.5,"Bartoszyce, Poland",
2026,Maggie Li,OH,UCLA,11,36,106,42,300,0.213,6,6,3,68,22,1,21,2,0,123.5,"Beijing, China",The Experimental HS
2026,Caroline Smith,OH,Drake,16,48,116,61,370,0.149,5,1,8,59,12,0,12,0,0,123.0,"New Lenox, Ill.",Lincoln-Way West
2026,Olivia Gardner,MB,Ohio,15,50,102,27,216,0.347,2,0,2,11,36,6,30,0,0,123.0,"Macomb, Mich.",Dakota
2026,McKenzie Laubach,MB,Evansville,15,48,91,25,194,0.340,2,10,16,18,38,6,32,5,0,123.0,"Sanford, Fla.",
2026,Kenya Lucas,OH,Grambling,13,47,110,55,318,0.173,0,0,2,25,20,6,14,0,0,123.0,"Philadelphia, Penn.",
2026,Melia Johnson,OH,Ole Miss,13,41,119,46,280,0.261,9,0,2,74,7,1,6,0,0,123.0,,
2026,Romani Thurman,OPP,Arkansas,12,43,103,32,249,0.285,4,3,9,45,34,0,34,2,0,123.0,"Little Rock, Ark.",North Carolina
2026,Adalynn Ginley,MB,Kent St.,16,58,85,24,226,0.270,8,11,13,42,44,9,35,3,0,122.5,"North Ridgeville, Ohio",North Ridgeville
2026,Arissa Smith,MB,Rice,15,52,90,20,216,0.324,3,0,3,11,55,10,45,10,0,122.5,"Missouri City, Texas",
2026,Kiki Horne,OH,UCF,14,49,116,42,249,0.297,1,1,2,21,8,3,5,1,0,122.5,"Pittsburgh, Penn.",Millbrook HS
2026,Audrey Heiring,OH,California Baptist,13,47,96,52,279,0.158,9,12,12,61,22,7,15,0,0,122.5,"Kenosha, WI",Christian Life School
2026,Jaya Moore,RS,Temple,13,44,100,61,243,0.160,2,3,7,22,29,10,19,5,0,122.5,"HOMETOWN
KENNESAW, GA.",
2026,Madison Smith,OH,Nicholls,12,39,101,64,347,0.107,5,17,14,77,9,0,9,2,0,122.5,"Winter Garden, Fla.",West Orange
2026,Lauren Dreves,OH,Auburn,8,28,107,34,328,0.223,2,6,6,82,16,3,13,1,0,122.5,,
2026,Kalia Alvarado,OH,Bryant,20,67,97,59,389,0.098,21,20,21,168,9,1,8,0,0,122.0,,
2026,Gianna Blair,MB,ETSU,16,63,84,40,234,0.188,1,0,0,16,67,9,58,2,0,122.0,"Lancaster, N.Y.",
2026,Logan Carr,MB,Middle Tenn.,16,63,93,25,186,0.366,1,0,1,8,51,7,44,5,0,122.0,"Desoto, Texas",Lancaster High School
2026,Gwen Crull,MB,Ball St.,16,55,93,22,205,0.346,11,7,14,30,40,4,36,5,0,122.0,,
2026,Tatum Johnson,OH,Texas Tech,16,55,86,28,179,0.324,6,11,5,28,44,6,38,3,0,122.0,,
2026,Leah McDonald,OH,North Florida,15,55,99,42,279,0.204,4,8,18,104,26,4,22,4,1,122.0,,
2026,Anastasija Ivkovic,OH,Auburn,14,47,97,27,228,0.307,2,4,6,16,41,1,40,2,0,122.0,,
2026,Addy Brus,OH,South Fla.,14,44,104,49,331,0.166,8,9,14,80,16,2,14,1,0,122.0,"Cincinnati, Ohio",Saint Ursula Academy
2026,Mya Allen,OH,Alabama,13,47,109,71,283,0.134,5,0,0,25,24,2,22,5,0,122.0,"San Antonio, Texas",Reagan HS
2026,Aries Fontaine,OH,NJIT,12,44,105,62,340,0.126,3,0,0,24,28,6,22,1,0,122.0,"Elizabeth, NJ",Elizabeth
2026,Mya Plemons,MB,Purdue Fort Wayne,17,67,84,18,188,0.351,6,0,1,24,65,10,55,6,0,121.5,"Huntington, Ind.",Huntington North
2026,Carly Slusser,MB,Butler,16,56,82,21,166,0.367,3,3,7,6,63,10,53,5,0,121.5,"Cottage Grove, Minn.",Park
2026,Tatum Mason,OH,A&M-Corpus Christi,16,51,106,56,315,0.159,2,7,5,25,14,3,11,0,0,121.5,"San Antonio, TX",Brandeis HS
2026,Amina Ndiaye,OH,Wake Forest,15,61,108,62,341,0.135,7,2,7,54,21,2,19,2,0,121.5,"HOMETOWN
ORLANDO, FLA.",
2026,Yarimar Francis Garay,MB,North Florida,15,59,88,30,176,0.330,6,1,4,29,58,7,51,3,0,121.5,,
2026,Bailey Higgins,OPP,Florida St.,15,56,99,42,290,0.197,6,3,3,62,36,3,33,4,2,121.5,"Tampa, Fla.",
2026,Sophia Schweikert,OH,Jacksonville St.,15,53,112,70,327,0.128,4,5,24,56,7,2,5,1,0,121.5,,
2026,Emma Tallman,MB,North Dakota St.,14,54,103,43,273,0.220,3,0,1,28,31,6,25,6,0,121.5,,
2026,Francesca Pierdonati,MB,Binghamton,14,50,72,21,167,0.305,4,18,10,19,59,4,55,2,0,121.5,"Rome, Italy",Liceo Avogadro Roma
2026,Emily Fowler,MB,Virginia,13,49,78,18,181,0.331,1,5,17,34,70,7,63,2,2,121.5,"Statesboro, Ga.",Southeast Bulloch
2026,Erin McNair,OH,Princeton,11,38,103,39,279,0.229,3,14,11,53,9,0,9,2,0,121.5,"Highlands Ranch, Colo. / Valor Christian",
2026,Meredith Brown,MB,George Mason,17,64,88,23,199,0.327,4,0,1,11,51,15,36,9,0,121.0,"Crestwood, Ky.",Mercy Academy
2026,KJ Johnson,MB,Rhode Island,16,60,81,23,196,0.296,6,14,10,34,44,8,36,3,0,121.0,"Richmond, Va.",The Steward School (Elon)
2026,Alexa Strandberg,MB,South Alabama,16,57,98,29,253,0.273,2,2,9,24,36,6,30,5,0,121.0,"Copley, Ohio",
2026,Avary DeBlieck,MB,Loyola Chicago,15,59,81,30,203,0.251,1,0,0,11,71,9,62,0,0,121.0,"Algonquin, Ill.",Huntley
2026,Luye Marquez-Moreno,OH,Fla. Atlantic,15,52,104,57,329,0.143,19,11,14,127,12,0,12,4,0,121.0,"Port Saint Lucie, Fla.",Centennial
2026,Caroline Buffum,OH,Navy,14,48,105,64,359,0.114,7,5,6,54,19,3,16,2,0,121.0,"Raleigh, N.C.",Millbrook
2026,Tennille Gonder,OH,Weber St.,13,45,109,41,301,0.226,1,2,10,34,16,4,12,4,0,121.0,,
2026,Sofia Zabjek,OH,Colorado St.,13,43,97,34,267,0.236,2,0,2,29,47,1,46,4,0,121.0,"HOMETOWN
ONTARIO, CANADA",
2026,Meredith Reisman,MB,Presbyterian,17,60,78,30,206,0.233,1,0,3,8,70,15,55,4,0,120.5,"Cincinnati, Ohio",
2026,Irelynd Lorenzen,MB,Pepperdine,16,62,84,18,203,0.325,6,1,9,3,67,4,63,3,0,120.5,"San Diego, Calif.",Santa Fe Christian School
2026,Julia Porath,OPP,Pacific,16,53,102,60,351,0.120,2,0,0,27,32,5,27,13,0,120.5,,
2026,Molly Welge,MB,Marquette,14,54,81,34,192,0.245,3,2,7,12,68,7,61,3,0,120.5,"Naperville, IL",
2026,Hayley Ogden,OPP,Michigan St.,14,49,94,26,192,0.354,0,8,15,22,36,1,35,3,0,120.5,,
2026,Mia Molnar,OH,Sacramento St.,15,60,100,48,266,0.195,1,0,1,16,38,2,36,3,0,120.0,"Cranbrook, B.C.",
2026,Brooke Doherty,OH,App State,15,51,109,58,344,0.148,9,4,7,58,12,2,10,1,0,120.0,"Holly Springs, N.C.",Holly Springs
2026,Kamryn Behrns,OH,Drake,17,60,107,41,340,0.194,3,0,1,28,23,2,21,0,0,119.5,"David City, Neb.",David City
2026,Leah Freesemann,OH,Campbell,15,59,108,55,338,0.157,6,0,0,36,23,0,23,5,0,119.5,"Elgin, Ill.",Central
2026,Roslyn Guerra,OH,Mercyhurst,14,53,113,67,339,0.136,2,0,0,42,11,2,9,1,0,119.5,"San Antonio, Texas",Sidney Lanier
2026,Zora Hardison,MB,Michigan St.,14,47,90,16,176,0.420,4,0,0,7,52,7,45,6,0,119.5,,
2026,Isabella Mishler,MB,Virginia Tech,13,47,82,28,194,0.278,2,6,16,13,60,3,57,6,0,119.5,,
2026,Sydney Bryant,OH,Maryland,13,40,114,43,282,0.252,0,0,0,16,10,1,9,0,0,119.5,"Upper Marlboro, MD",
2026,Karolina Staniszewska,OH,Michigan St.,11,35,103,42,258,0.236,15,11,19,71,10,1,9,1,0,119.5,,
2026,Breannah Peterson,OPP,Tarleton St.,17,60,100,61,301,0.130,0,0,0,28,37,1,36,9,1,119.0,"El Paso, TX",Franklin HS
2026,Elise Hart,MH,Denver,16,59,84,30,233,0.232,9,14,10,30,41,1,40,1,0,119.0,"Louisville, Kentucky",Sacred Heart Academy
2026,Gretchen Sigman,RS,Texas Tech,16,56,101,40,271,0.225,6,0,0,31,35,1,34,8,0,119.0,,
2026,Anna Wilson,MB,James Madison,15,57,72,23,167,0.293,3,0,0,9,88,6,82,8,0,119.0,"Burlington, Ontario",Nelson
2026,Magi Milicevic,OH,Binghamton,14,52,98,40,329,0.176,9,8,3,87,25,1,24,1,0,119.0,"Plovdiv, Bulgaria",Sports High School Vasil Levski
2026,Cullen Winter,MB,Central Conn. St.,14,51,84,29,229,0.240,2,6,11,18,48,10,38,3,0,119.0,,
2026,Quinn Yenshaw,OH,New Haven,16,57,109,73,387,0.093,2,0,1,44,18,1,17,0,0,118.5,"Williamsburg, Mich.",St. Francis
2026,Ella Stowell,OH,Colorado St.,15,46,107,54,273,0.194,2,0,0,17,19,4,15,1,0,118.5,"HOMETOWN
OLATHE, KS",
2026,Madi Maxwell,S,Long Beach St.,14,52,88,39,230,0.213,383,8,21,176,39,6,33,3,0,118.5,"Newhall, Calif.",
2026,Abana Teran,OPP,Eastern Ill.,14,49,105,50,284,0.194,2,0,0,16,27,0,27,5,0,118.5,"Kissimmee, Fla.",Freedom
2026,Haley Glunz,MB,Arkansas St.,13,45,69,30,173,0.225,7,16,16,18,56,11,45,1,1,118.5,"Aurora, Colo.",Grandview HS
2026,Eliza Sharp,MB,Texas A&M,11,39,88,33,176,0.313,2,0,1,9,59,2,57,2,0,118.5,"Burlingame, Calif.",
2026,Kayla Jansen,MB,Saint Louis,16,68,63,21,176,0.239,2,4,5,25,94,8,86,10,1,118.0,"St. Louis, Mo.",St. Joseph's Academy
2026,Carmel Vares,OH,Iowa,15,48,111,47,307,0.208,3,0,0,19,13,1,12,0,0,118.0,"Tartu, Estonia",Audentese
2026,Morgan Campbell,MB,Delaware,14,53,93,44,224,0.219,4,5,11,18,33,7,26,7,1,118.0,"Douglasville, Ga.",
2026,Keondreya Granberry,MB,Indiana,13,44,84,37,193,0.244,4,4,12,19,54,6,48,3,1,118.0,,
2026,Kyanna Creecy,MB,SFA,17,60,69,19,165,0.303,4,13,16,19,67,4,63,11,0,117.5,"McKinney, Texas",
2026,Megan Fitch,OH,Texas A&M,16,57,105,40,272,0.239,10,5,18,121,14,1,13,2,0,117.5,"San Antonio, Texas",
2026,Macie Smith,OH,West Virginia,15,55,105,69,347,0.104,7,3,16,43,16,3,13,4,0,117.5,"Cicero, Ind.",Hamilton Heights High School
2026,Sophia Groom,MB,NC State,14,53,95,25,209,0.335,2,1,6,9,40,3,37,0,2,117.5,,
2026,Taelyn Bentley,MB,San Diego St.,14,51,91,18,176,0.415,4,4,12,24,39,6,33,3,0,117.5,"Corvallis, Ore.",South Albany HS
2026,Gabrielle Nichols,MB,Penn St.,14,47,83,22,165,0.370,3,2,4,15,57,8,49,3,0,117.5,"Winston-Salem, N.C.",Reagan
2026,Sam Bowron,OH,Ga. Southern,14,44,107,33,360,0.206,1,2,8,39,14,3,11,4,0,117.5,"Longwood, Fla.",Lake Brantley
2026,Jayda Hutchins,S,UMES,13,46,91,57,312,0.109,141,17,11,94,16,3,13,0,0,117.5,"Henderson, NV",Liberty High School
2026,Bella Correia,OH,LIU,13,44,104,52,309,0.168,12,7,13,84,12,1,11,1,0,117.5,"Sao Paulo, Brazil",Colégio Marista Glória
2026,Jordan Robertson,MB,Duquesne,16,60,76,21,160,0.344,4,11,15,42,50,10,40,2,0,117.0,"Coral Springs, Fla.",Marjory Stoneman Douglas
2026,Cale Torgerson,OH,Utah Tech,15,54,102,51,337,0.151,7,4,9,89,22,0,22,2,0,117.0,"Salina, Utah",North Sevier HS
2026,Kenna Harris,OH,South Carolina St.,15,53,109,89,344,0.058,6,1,1,45,13,1,12,3,0,117.0,"Humble, TX",Summer Creek HS
2026,Hanley Schmidt,OH,Central Conn. St.,15,48,105,78,296,0.091,2,0,1,29,24,0,24,4,0,117.0,,
2026,Madison Corf,OH,Omaha,14,53,98,72,310,0.084,8,14,32,103,8,2,6,0,0,117.0,,
2026,Teagan Melton,RS,Seattle U,14,47,104,47,275,0.207,3,1,2,29,22,2,20,1,0,117.0,,
2026,Olivia Kwiatkowski,OH,Troy,13,46,91,61,290,0.103,7,19,36,119,11,3,8,1,0,117.0,,
2026,Diana Wells,OH,Southern Miss.,12,44,109,69,347,0.115,3,0,0,36,15,1,14,5,1,117.0,"Madison, Miss.",
2026,Samantha Kranzler,OH,Western Caro.,18,68,98,54,341,0.129,12,9,23,147,16,3,13,1,0,116.5,"Norwood, N.J.",Northern Valley Old Tappan
2026,Abby Bailey,OH,Southeastern La.,17,62,100,62,359,0.106,11,7,15,91,19,0,19,2,0,116.5,,
2026,Lauren Buchanan,OH,Jacksonville St.,15,55,106,58,340,0.141,6,6,8,87,9,0,9,1,0,116.5,,
2026,Kate Mansfield,MB,Auburn,15,54,87,30,202,0.282,1,0,0,13,58,1,57,3,0,116.5,,
2026,Abby Morreale,MB,Manhattan,15,54,71,17,186,0.290,9,13,15,14,58,7,51,7,0,116.5,"Lake Grove, NY",Sachem North
2026,Malaysia Shaw,MB,UMES,15,54,89,44,220,0.205,1,0,3,6,46,9,37,4,0,116.5,"Austin, TX",Westlake High School
2026,Sarah Gooch,OH,South Alabama,15,53,90,48,330,0.127,4,13,15,65,20,7,13,2,0,116.5,"Apopka, Fla.",
2026,Jillian Ferrill,OH,Illinois St.,15,41,107,49,276,0.210,1,3,7,35,11,2,9,6,0,116.5,"Goodrich, Mich.",Lake Fenton HS
2026,Tien Murray,MB,USC Upstate,14,55,67,32,188,0.186,6,15,12,30,58,11,47,4,0,116.5,,
2026,Leah Coleman,OH,Southern Ind.,13,44,106,61,367,0.123,4,0,0,25,16,5,11,1,0,116.5,"Hoover, AL",Spain Park
2026,Jackie Taylor,MB,North Carolina,12,46,64,23,140,0.293,3,15,24,18,67,8,59,1,0,116.5,"Miami, Fla.",Gulliver Prep
2026,Katherine Ferng,RS,Iona,17,58,99,37,307,0.202,1,0,0,36,34,0,34,1,0,116.0,"Lynbrook, NY",Lynbrook
2026,Ava Carney,MB,Mercyhurst,14,53,94,25,198,0.348,6,2,2,12,35,5,30,6,2,116.0,"North Ridgeville, Ohio",Magnificat
2026,Adee Butler,OH,Seattle U,13,44,105,53,308,0.169,2,2,4,31,13,5,8,2,0,116.0,,
2026,Miona Dimitric,OH,Purdue Fort Wayne,17,63,90,49,280,0.146,10,16,39,121,15,4,11,0,0,115.5,"Backa Palanka, Serbia",Mitrovacka Gimnazija
2026,Ayanna Pierre Louis,MB,Stony Brook,16,59,60,27,193,0.171,12,23,20,44,55,10,45,2,0,115.5,"Austin, Texas",Crockett
2026,Olivia Gloeckner,RS,Utah Valley,16,55,94,55,311,0.125,5,0,1,24,43,0,43,2,0,115.5,"Salt Lake City, Utah",Skyline HS
2026,Haley Herndon,OPP,Stonehill,16,51,105,58,286,0.164,6,3,16,41,14,1,13,5,0,115.5,"Houston, Texas",Concordia Lutheran
2026,Addyson Smock,MB,UAB,15,59,68,15,145,0.366,4,11,16,29,60,13,47,2,0,115.5,,
2026,Georgia Bresnahan,OH,SIUE,15,47,106,75,318,0.097,2,7,9,109,4,1,3,0,0,115.5,"Westfield, Ind.",
2026,Emily Waddell,MB,Ohio,15,46,91,27,209,0.306,4,6,8,30,31,6,25,3,0,115.5,"Carmel, Ind.",Carmel
2026,Camryn Wise,MB,Ball St.,15,45,97,16,197,0.411,1,0,1,18,30,7,23,7,0,115.5,,
2026,Keonahi'ilani Solaita,OH,Sacramento St.,14,54,100,33,289,0.232,13,12,20,89,6,1,5,0,0,115.5,"Hesperia, Calif.",
2026,Courtney Carter,OH,Alcorn,14,45,97,66,326,0.095,5,16,22,88,5,0,5,0,1,115.5,"Tomball, Texas",Klein Cain HS
2026,Rylah Robinson,OH,Rider,14,44,100,73,338,0.080,3,5,12,43,19,2,17,1,0,115.5,"Fairfax, VA",Robinson
2026,Aubrey Anders,OH,Colgate,13,42,99,44,312,0.176,6,9,13,44,15,0,15,3,0,115.5,"Independence, Ohio",Gilmour Academy
2026,Tia Schultz,RS,Robert Morris,17,63,97,56,356,0.115,4,0,3,44,35,1,34,1,0,115.0,"Dexter, Mich.",Dexter
2026,Annika Brooks,RS,Sam Houston,17,62,92,41,247,0.206,6,0,0,26,44,2,42,7,1,115.0,,
2026,Abby McClain,OH,Idaho St.,17,53,97,46,295,0.173,2,0,1,37,34,2,32,3,0,115.0,"Twins Falls, ID",
2026,Gianna Bogan,OH,UC Davis,15,57,106,70,357,0.101,3,2,1,36,11,3,8,0,0,115.0,"Rocklin, Calif.",Rocklin
2026,Loredana Fouonji,MB,North Texas,15,55,89,37,201,0.259,3,0,0,12,45,7,38,3,1,115.0,"Midland, Texas / Legacy Senior HS",Saint Martin’s
2026,Amber Watson,OH,Furman,15,48,99,53,316,0.146,3,5,5,43,22,0,22,4,1,115.0,"North Canton, Ohio",Archbishop Hoban
2026,Iva Sucurovic,MB,Oregon,14,52,88,37,203,0.251,6,0,2,20,51,3,48,8,0,115.0,"Zrenjanin, Serbia",Secondary School Eduational Center
2026,Kaia Castle,MB,Texas A&M,14,51,87,37,203,0.246,3,4,8,9,44,4,40,8,0,115.0,"Buffalo, Minn.",
2026,Kaleigh Meritt,OH,Dayton,14,40,99,27,276,0.261,7,7,14,82,17,1,16,2,0,115.0,"Evansville, Ind.",FJ Reitz
2026,Natalie Hughes,OPP,Coastal Carolina,12,49,92,29,271,0.232,2,0,0,19,42,4,38,0,3,115.0,"Mckinney, Texas",North
2026,Isabella Arroyave,OH,UTSA,11,38,94,30,244,0.262,4,14,24,81,12,2,10,2,0,115.0,,
2026,Gia Rivera,,UC San Diego,11,38,106,66,263,0.152,0,0,2,24,17,1,16,2,0,115.0,"Redwood City, Calif.",Notre Dame Belmont HS
2026,Maui Robins,OH,Portland,7,26,100,33,243,0.276,8,10,10,47,9,1,8,2,0,115.0,"Kalihi, Hawai'i",Kamehameha Schools Kapalama
2026,Caitlyn Flees,MB,Eastern Ky.,17,65,57,16,127,0.323,1,19,16,28,72,5,67,1,2,114.5,"Kansasville, Wis.",
2026,Maria Nix,OH,Butler,17,62,101,48,250,0.212,5,0,1,18,26,1,25,2,0,114.5,"Concord, N.C.",Cannon
2026,Addison Achilles,MB,North Texas,15,57,76,33,178,0.242,3,8,25,21,54,7,47,4,0,114.5,"Wylie, Texas / Wylie East HS",
2026,Grace Flanagan,MB,Santa Clara,15,55,90,28,248,0.250,4,4,20,25,39,2,37,0,0,114.5,"Rancho Santa Fe, Calif.",Torrey Pines HS
2026,Madison McLin,MB,Tulane,14,51,95,29,195,0.338,3,1,0,15,29,8,21,4,0,114.5,,
2026,Eva Rovello,S,Coppin St.,18,73,64,7,153,0.373,689,27,19,164,43,3,40,2,0,114.0,"Vigneux de Bretagne, France",CENS
2026,Terasita Caldwell,OH,Prairie View,17,55,102,51,272,0.188,2,2,2,30,19,1,18,3,0,114.0,"Mansfield, Texas",Lake Ridge High School
2026,Anya Santrac,OH,LMU (CA),16,63,91,55,306,0.118,23,12,20,141,21,1,20,6,0,114.0,"Belgrade, Serbia",Savremena Gimnazija
2026,Justine Puig,OH,Lafayette,16,53,101,65,368,0.098,8,7,10,150,11,1,10,1,1,114.0,"Cormeilles-en-Parisis, France",Lycée Philippe Kieffer
2026,Sophia Kuyn,MB,Fordham,15,53,85,33,216,0.241,8,10,12,22,34,4,30,1,1,114.0,"San Antonio, Texas",Brandeis
2026,Audrey Nelson,MB,South Dakota,15,49,98,48,270,0.185,1,0,0,42,30,2,28,8,0,114.0,"Madison, S.D.",Madison HS
2026,Destini Pickett,OH,Towson,14,41,90,47,276,0.156,6,13,6,80,19,3,16,3,0,114.0,"Montclair, Va.",Forest Park H.S.
2026,Arianna Mongare,MB,Memphis,13,49,80,27,202,0.262,9,13,9,31,35,7,28,1,0,114.0,"Mansfield, Texas",
2026,Ryann Knuth,OH,San Diego,13,44,90,46,277,0.159,6,16,24,78,15,1,14,3,0,114.0,"Glenview, IL",Glenbrook South High School
2026,Henley Anderson,OH,Texas,12,45,91,62,312,0.093,6,5,20,40,33,3,30,8,0,114.0,"Dripping Springs, Texas",Dripping Springs
2026,Nyakuak Lual,MB,LSU New Orleans,18,59,74,41,198,0.167,3,7,22,15,51,14,37,19,0,113.5,"Grand Island, Neb.",
2026,Cheyenne Green,OH,Oregon St.,15,52,100,58,311,0.135,0,6,4,28,13,2,11,3,1,113.5,"Pleasant Hill, Ore.",Pleasant Hill HS
2026,Sofia Grimm,OPP,UIW,14,54,77,28,196,0.250,7,13,10,35,40,7,33,3,0,113.5,,
2026,Reece Rhoads,OH,Winthrop,12,46,104,51,316,0.168,0,3,1,24,10,3,7,1,0,113.5,"Cumming, GA",West Forsyth H.S.
2026,Kayla Nwabueze,MB,Harvard,11,41,100,37,274,0.230,10,4,7,46,18,1,17,0,0,113.5,"Bloomfield Hills, Mich.",International Academy Okma
2026,Grace Troxell,RS,ULM,17,58,101,40,340,0.179,2,1,6,61,19,3,16,1,0,113.0,"Indianapolis, Ind.",Roncalli HS
2026,Bria Carlisle,MB,Eastern Wash.,16,61,90,33,254,0.224,3,0,3,29,41,5,36,0,0,113.0,"Phoenix, Ariz.",Boulder Creek High
2026,Kate Rush,S,Western Ky.,16,60,61,13,166,0.289,617,33,48,98,31,7,24,7,0,113.0,,
2026,Emma Bednarek,MB,Charleston So.,14,47,82,29,183,0.290,6,11,9,28,33,7,26,5,0,113.0,"Rosario, Argentina",Dr. René G. Favaloro Secondary School
2026,Anja Kelly,OPP,Rider,13,44,98,51,320,0.147,5,1,2,27,25,3,22,7,0,113.0,"Naperville, IL",Neuqua Valley
2026,Gillian Grace Wolf,OH,Northwestern St.,19,54,102,55,340,0.138,5,4,5,67,12,1,11,3,0,112.5,"Katy, Texas",Cinco Ranch HS
2026,Judith Bolomboy,MB,Eastern Wash.,18,70,61,43,174,0.103,6,8,16,28,72,15,57,1,0,112.5,"Fort Worth, Texas",Keller Central HS
2026,Bella Cherry,OH,Little Rock,17,56,101,53,353,0.136,7,0,2,31,23,0,23,3,0,112.5,"Texarkana, Texas",Texas HS
2026,Mairen Mannon,MB,Bradley,16,59,90,43,218,0.216,3,1,4,9,36,7,29,2,0,112.5,,
2026,Emma McDermott,OH,UC Santa Barbara,15,52,98,40,269,0.216,6,1,0,35,24,3,21,5,0,112.5,"Larkspur, Calif.",Redwood HS
2026,Devyn Wiest,OH,Utah,15,44,97,44,249,0.213,3,7,13,21,16,1,15,0,0,112.5,"Peoria, Ariz.",Sandra Day O'Connor HS
2026,Jessica Jones,MB,LSU,13,51,88,25,209,0.301,3,0,9,19,47,2,45,3,0,112.5,,
2026,Ally Saleh,OH,A&M-Corpus Christi,13,38,104,32,259,0.278,3,2,6,13,10,3,7,0,0,112.5,"Waunakee, WI",
2026,Corinne Knapp,OH,Indiana St.,11,38,90,52,239,0.159,2,20,34,32,5,0,5,1,0,112.5,"Lithopolis, Ohio",Bloom-Carroll
2026,Mariam Mushkudiani,OH,Charlotte,16,50,98,66,267,0.120,5,0,7,28,22,6,16,2,0,112.0,"Tbilisi, Georgia",Volley Mulhouse Alsace
2026,Renee Jones,OPP,Arizona,14,53,90,22,244,0.279,2,0,0,22,38,6,32,0,0,112.0,"Fort Washington, Md.",IMG Academy
2026,Zaria Thornton,MB,LMU (CA),15,55,86,31,189,0.291,1,0,0,12,45,6,39,1,0,111.5,"Carson, CA",Lakewood HS
2026,Lily Lott,OH,UAlbany,15,50,106,68,355,0.107,5,1,2,31,7,2,5,1,0,111.5,"Katy, Texas",Seven Lakes
2026,Chyler Martin,OH,UT Martin,15,50,105,76,308,0.094,1,0,3,32,12,1,11,0,0,111.5,"Phoenix, Ariz.",Willow Canyon HS
2026,Allie Ferrin,OH,Idaho,15,45,92,52,244,0.164,2,11,14,37,15,2,13,0,0,111.5,"Spokane, WA",University HS
2026,Elsie Afful,MB,Loyola Maryland,14,52,73,39,198,0.172,1,8,22,15,53,8,45,1,0,111.5,"Stafford, Va.",Mountain View
2026,Natalie Luscomb,RS,Lehigh,14,52,97,23,271,0.273,4,0,0,24,23,6,17,1,0,111.5,,
2026,Valentina Meirelles,OH,Northeastern,13,51,102,41,336,0.182,3,0,5,43,19,0,19,5,1,111.5,"São Paulo, Brazil",
2026,Abby Toeniskoetter,MB,FGCU,13,50,80,23,189,0.302,7,7,21,16,44,5,39,3,0,111.5,"Boynton Beach, Fla.",Lake Worth Christian School
2026,Brenna Storz,MB,Central Mich.,17,53,77,39,202,0.188,4,8,27,28,44,8,36,1,0,111.0,,
2026,Eva Smith,MB,Missouri,16,57,63,19,141,0.312,3,13,21,14,60,10,50,9,0,111.0,"Durham, N.C.",Chapel Hill
2026,Kellen Dorotik,OPP,Rice,16,52,100,46,280,0.193,2,0,0,34,20,2,18,2,0,111.0,"East Bernard, Texas",
2026,Aleksandra Stojanovic,MH,LMU (CA),15,59,82,21,193,0.316,9,0,3,16,52,6,46,9,0,111.0,"Belgrade, Serbia",Sportska Gimnazija
2026,Isabelle Elliott,OH,UNI,14,46,95,41,289,0.187,1,0,0,28,32,0,32,3,0,111.0,"Sumner, Iowa",Sumner-Fredericksburg HS
2026,Fallyn Blotzer,OH,CSUN,14,42,93,52,335,0.122,5,10,8,70,16,0,16,1,0,111.0,"Corona, Calif.",Santiago HS
2026,Teagan Pocius,MB,William & Mary,13,49,86,27,213,0.277,2,1,5,12,38,10,28,4,0,111.0,"St. Louis, Mo.",Marquette High School
2026,Sydney Robinson,MB,Tennessee St.,13,42,101,59,289,0.145,5,6,15,60,8,0,8,1,0,111.0,"Indianapolis, Ind.",Brebeuf Jesuit Prep
2026,Kylie Rodriguez,OH,Louisiana Tech,18,58,101,57,310,0.142,3,0,1,37,18,1,17,8,0,110.5,"Forney, Texas",Forney HS
2026,Addison Baglio,OH,Saint Peter's,17,48,101,87,338,0.041,1,3,10,65,11,2,9,1,0,110.5,"New Orleans, LA",Ursuline Academy of New Orleans
2026,Reagan McGivern,MB,Villanova,15,58,86,29,177,0.322,2,2,5,11,44,1,43,1,0,110.5,"Topeka, Kan.",Hayden Catholic
2026,JeriLynn Koehler,MB,Cleveland St.,15,56,81,31,184,0.272,8,0,0,13,47,12,35,5,1,110.5,,
2026,Emma Schelah,MB,Old Dominion,15,56,74,17,168,0.339,7,8,15,14,52,5,47,3,0,110.5,,
2026,Amanda Loschen,MB,South Dakota,15,49,82,21,224,0.272,3,0,0,18,54,3,51,2,0,110.5,"Omaha, Neb.",Marian HS
2026,BayLea Sparks,MB,San Diego,14,52,76,15,160,0.381,3,0,0,10,57,12,45,7,2,110.5,"Grand Junction, CO",Fruita Monument High School
2026,Lauryn Bowie,RS,Virginia,13,49,91,36,233,0.236,1,0,0,22,36,3,33,1,0,110.5,"Westerville, Ohio",Westerville South
2026,Payton Lee,RS,Niagara,13,44,97,57,257,0.156,2,0,0,22,24,3,21,8,0,110.5,"New Baltimore, MI",Anchor Bay
2026,Bailey Warren,OH,Baylor,13,44,99,40,258,0.229,6,3,10,22,14,3,11,0,0,110.5,,
2026,Hannah Redrow,MB,Missouri St.,16,56,87,18,208,0.332,4,0,0,9,42,4,38,1,0,110.0,"Carrollton, Texas",Hebron
2026,Alessia Zampieri,MB,FDU,16,54,78,28,202,0.248,2,0,0,21,53,11,42,4,0,110.0,"Vicenza, Italy","Liceo Blaise Pascal, Chieri"
2026,Caroline Tredwell,MB,UTSA,15,60,84,23,189,0.323,10,8,14,35,34,2,32,7,0,110.0,,
2026,Madison Johnson,MB,UC San Diego,15,55,90,30,203,0.296,5,1,2,11,36,2,34,2,0,110.0,"Temecula, Calif.",Chaparral HS
2026,Aiyana Harris,MB,Western Caro.,15,54,92,34,216,0.269,1,0,0,15,31,5,26,10,0,110.0,"Mansfield, Texas",Mansfield HS
2026,Rachel Purser,MB,Hawaii,14,53,82,17,201,0.323,2,3,7,16,44,6,38,3,0,110.0,"Las Vegas, Nev.",Coronado HS
2026,Kryssa Moerman,MB,Washington St.,14,51,74,18,173,0.324,6,0,0,9,60,12,48,2,0,110.0,"Colorado Springs, Colo.",Doherty
2026,Chloe Johnson,OH,Long Beach St.,14,50,101,60,306,0.134,1,0,0,16,18,0,18,0,0,110.0,"Gunter, Texas",
2026,Malia Pilimai,OH,Nevada,14,48,106,51,314,0.175,1,0,0,12,6,2,4,1,0,110.0,"Granite Bay, Calif.",Granite Bay HS
2026,Jordan Henderson,MB,SFA,16,57,78,27,174,0.293,3,0,0,14,52,11,41,10,0,109.5,"Mansfield, Texas",
2026,Laynie Smith,OPP,North Carolina,12,46,88,33,231,0.238,2,0,0,31,40,3,37,3,1,109.5,"Durham, N.C.",Chapel Hill
2026,Aniya Clinton,OH,Arizona St.,11,38,100,39,236,0.258,3,0,1,15,16,3,13,3,0,109.5,,
2026,Hana Aiana,OH,UT Arlington,15,59,80,36,207,0.213,4,5,12,26,42,6,36,7,0,109.0,"Molokai, Hawaii",Moanalua HS / Jax State
2026,Learden Lee,MB,San Jose St.,15,56,76,22,167,0.323,5,5,18,15,44,12,32,4,0,109.0,,
2026,Tessa Schouten,MB,San Diego St.,15,55,83,42,204,0.201,2,2,8,21,41,7,34,4,0,109.0,"Davis, Calif.",Davis Senior HS
2026,Julia Headley,MB,Colgate,15,54,81,20,166,0.367,4,8,18,15,36,4,32,1,0,109.0,"Olathe, Kansas",St. James Academy
2026,Abigail Cresse,MB,Dayton,15,51,79,17,163,0.380,2,2,9,21,51,5,46,7,0,109.0,"Fort Wayne, Ind.",Blackhawk Christian
2026,Elise Hani,MB,Oklahoma,13,43,82,25,169,0.337,1,5,10,14,35,9,26,3,0,109.0,"Kirkland, Wash.",
2026,Maggie Seymour,MB,Siena,18,65,59,21,163,0.233,2,11,6,35,61,16,45,6,0,108.5,"Albany, NY",Academy of the Holy Names / Stonehill College (Spa City VBC)
2026,Ashlyn Gamble,RS,Tennessee Tech,17,59,94,65,275,0.105,3,1,1,37,24,3,21,5,0,108.5,"Alabaster, Ala.",Thompson HS
2026,Mila Micunovic,RS,Fordham,17,43,96,53,300,0.143,2,0,0,22,21,4,17,2,0,108.5,"Riviera Beach, Fla.",William T. Dwyer
2026,Megan Cooley,OH,Louisiana Tech,16,46,80,53,295,0.092,6,20,12,111,15,2,13,5,0,108.5,"Tyler, Texas",Whitehouse HS
2026,Taya Nordmann,MB,Jacksonville St.,15,55,67,23,173,0.254,8,12,7,24,48,11,37,2,0,108.5,"DeWitt, Mich.",DeWitt
2026,Joaneliz Maisonet,OH,NJIT,14,49,93,61,334,0.096,6,9,8,132,12,1,11,3,0,108.5,"Trujillo, Puerto Rico",Colegio Adianez
2026,Allison Dzieciuch,MB,Santa Clara,14,48,91,25,197,0.335,1,0,0,11,31,4,27,5,0,108.5,San Diego,Cathedral Catholic HS
2026,McKinzee Haas,MB,Central Ark.,13,43,79,25,179,0.302,2,6,7,19,40,7,33,1,1,108.5,"Cabot, Ark.",Cabot HS
2026,Elena Hoecke,MB,Minnesota,12,42,79,20,174,0.339,4,7,16,13,42,3,39,0,0,108.5,"HOMETOWN
LINO LAKES, MINN.",
2026,Alexa Watts,OH,Murray St.,16,55,86,35,303,0.168,5,9,9,50,26,0,26,4,0,108.0,"Rocklin, Calif.",Rocklin High School
2026,Alexandra Schultz,OH,Elon,15,54,86,60,269,0.097,4,1,0,35,40,2,38,1,0,108.0,,
2026,Ledisi Kpea,MB,UTSA,14,50,77,45,194,0.165,1,0,0,14,56,6,50,2,0,108.0,,
2026,Jenna Meitzler,S,Iowa,18,68,54,13,124,0.331,735,21,34,117,60,5,55,1,0,107.5,"Barrington, Ill.",Barrington
2026,Layla Collins,MB,Liberty,16,59,79,20,178,0.331,3,0,0,16,50,7,43,2,0,107.5,"Topeka, Kan.",
2026,Oliwia Caputa,OH,Illinois St.,16,51,92,39,261,0.203,11,9,21,111,12,1,11,0,0,107.5,"Zywiec, Poland",Szkola Mistrzostwa Sportowego w Zywcu
2026,Catherine Flaharty,OH,Xavier,16,50,91,47,264,0.167,1,0,0,24,33,0,33,0,1,107.5,"Saline, Mich.",Saline
2026,Julia Yurkovich,OH,Presbyterian,16,49,90,45,339,0.133,10,7,11,53,18,3,15,0,0,107.5,"Landenberg, Pa.",
2026,Caroline Berlekamp,MB,Elon,15,54,78,19,186,0.317,1,0,0,12,49,10,39,1,0,107.5,"Columbus, Ohio",Liberty Union Thurston
2026,Breonna Goss,MB,Duke,14,52,73,11,165,0.376,3,4,11,21,56,5,51,1,2,107.5,"Fishers, Ind.",Hamilton Southeastern
2026,Clara Vorel,MB,Towson,13,49,77,19,169,0.343,2,0,0,10,56,5,51,0,0,107.5,"Rincon, Ga.",South Effingham H.S.
2026,Libby Ashline,MB,Fla. Atlantic,13,47,80,12,168,0.405,7,8,15,23,33,6,27,1,0,107.5,"Melbourne, Fla.",Melbourne
2026,Isabella Sangha,MB,Notre Dame,13,42,91,41,241,0.207,2,0,1,10,31,2,29,3,1,107.5,,
2026,Brynn Smith,OH,Northeastern,10,40,86,40,295,0.156,10,10,20,84,21,2,19,3,0,107.5,"Long Grove, Ill.",Stevenson
2026,Kelsey Justman,OH,Green Bay,14,50,88,41,308,0.153,10,12,18,94,11,3,8,2,0,107.0,"La Valle, Wis.",Wonewoc-Center High School
2026,Nayella George,OH,Chicago St.,14,46,92,64,338,0.083,11,8,5,94,13,1,12,1,1,107.0,"Mukilteo, Wash.",Kamiak High School
2026,Ashanti Butler,MB,Ark.-Pine Bluff,13,44,81,37,229,0.192,6,2,3,24,37,11,26,2,0,107.0,"Houston, TX",Cypress Creek HS
2026,Teagan Sychterz,MB,Winthrop,12,49,70,29,182,0.225,6,9,27,28,51,5,46,4,0,107.0,"Benson, NC",Triton H.S.
2026,Jetta Brenning,S,Saint Louis,16,68,70,30,202,0.198,598,13,18,183,43,4,39,1,2,106.5,"Powell, Ohio",Olentangy Liberty High School
2026,Avery Gottschalk,MB,Northern Ariz.,15,56,65,20,167,0.269,3,8,13,32,53,14,39,1,1,106.5,"Rocklin, Calif.",Rocklin
2026,Emma Francesconi,OH,Manhattan,15,54,87,44,296,0.145,10,12,19,118,14,1,13,2,0,106.5,"Viarregio, Tuscany, Italy",ISI Carlo Piaggia
2026,Zeynep Belgutay,MB,UC Riverside,15,52,65,14,144,0.354,5,13,15,23,51,6,45,0,0,106.5,"Istanbul, Turkey",Sancaktepe Okyanus Koleji
2026,Mia Mattingly,MB,Mercyhurst,14,52,79,24,208,0.264,5,8,20,35,33,6,27,1,3,106.5,"Chicago, Ill.",Lincoln-Way Central
2026,Kendal Murphy,OH,Long Beach St.,14,52,82,36,303,0.152,16,14,8,86,20,1,19,3,0,106.5,"Scottdale, Ariz.",
2026,Ella Chapman,MB,UCF,14,50,81,15,162,0.407,1,0,0,10,43,8,35,2,0,106.5,"Greensburg, Ind.",Greensburg Community
2026,Lily Gervase,MB,Alabama,13,43,75,22,149,0.356,4,9,15,19,43,2,41,2,0,106.5,"Fuquay-Varina, N.C.",Harnett Central HS
2026,Julia Bazylevych,OH,CSUN,11,30,88,37,232,0.220,8,6,11,54,23,2,21,0,0,106.5,"Tarzana, Calif.",Taft HS
2026,Maeve Bailey,MB,San Francisco,17,62,82,34,205,0.234,2,0,0,13,43,5,38,6,0,106.0,"Ketchum, Idaho",Holy Cross
2026,Ava Houston,MB,Texas Southern,16,51,92,51,286,0.143,6,0,0,40,24,4,20,1,1,106.0,"San Antonio, Texas",
2026,Jenna Hunt,MB,George Mason,15,57,80,28,182,0.286,1,1,2,7,45,5,40,6,0,106.0,"Danville, Cali.",San Ramon Valley
2026,Ava Utterback,OH,UCLA,15,51,90,51,287,0.136,5,10,23,81,11,1,10,1,0,106.0,"Plainfield, Ind.",Plainfield HS
2026,Alexys James,S,Howard,13,48,76,46,226,0.133,238,23,17,97,14,0,14,3,4,106.0,"Houston, TX",Fulshear H.S.
2026,Ashtyn Sims,OH,Princeton,11,37,94,50,255,0.173,6,6,25,81,11,1,10,1,0,106.0,"Orlando, Fla. / Windermere",
2026,Amanda Hardt,OH,Memphis,10,34,92,53,254,0.154,3,8,19,55,11,1,10,1,0,106.0,"Glendale, Ariz.",
2026,Landry Braziel,OH,UTEP,17,55,91,39,276,0.188,3,0,0,25,26,3,23,2,0,105.5,"Norman, Oklahoma",Community Christian HS
2026,Sophia Nagy,MB,Fairfield,16,59,78,25,193,0.275,4,2,2,18,48,3,45,2,0,105.5,"Budapest, Hungary",Obudai Arpad Gimnazium
2026,Addie Lowe,OH,Loyola Maryland,15,57,93,66,304,0.089,1,0,0,25,24,1,23,0,0,105.5,"Lexington, Ky.",Lexington Catholic
2026,Jenna Hanes,MB,Michigan,15,53,78,10,165,0.412,2,8,6,36,38,1,37,3,0,105.5,"Poway, Calif.",
2026,Sara Snowbarger,OH,Indiana,14,51,97,38,268,0.220,7,1,6,55,13,2,11,0,1,105.5,,
2026,Amelia Hansen,OH,Boise St.,14,41,86,44,244,0.172,2,0,0,26,37,2,35,4,0,105.5,"Monument, Colo.",Palmer HS
2026,Maggie Dostic,OH,Tennessee,13,40,85,29,213,0.263,13,13,16,74,13,2,11,0,0,105.5,"Tampa, Fla.",Plant High School
2026,Carley Butler,MB,Oklahoma,11,42,94,19,197,0.381,0,0,0,4,22,1,21,0,0,105.5,"Owasso, Okla.",
2026,Leylah Duran,MB,CSU Bakersfield,16,63,79,21,217,0.267,2,7,4,26,35,3,32,3,0,105.0,"Peoria, Ariz.",
2026,Reese Biesemeyer,MB,Portland St.,16,50,61,14,148,0.318,5,14,17,21,51,9,42,0,0,105.0,"Chandler, Ariz.",Perry HS
2026,Korina Barber,RS,Youngstown St.,15,59,76,32,195,0.226,2,0,0,14,50,8,42,3,0,105.0,"Pickerington, Ohio",Pickerington
2026,Jillian Gregory,OH,Illinois St.,15,40,87,34,264,0.201,1,17,14,32,2,0,2,2,0,105.0,"Wichita, Kan.",Maize South HS / Wyoming
2026,Lolo Fonua,RS,San Jose St.,12,42,91,49,268,0.157,9,6,11,61,12,4,8,0,0,105.0,,
2026,Elle Holley,OH,Brown,11,45,82,65,289,0.059,14,14,19,121,14,4,10,0,0,105.0,,
2026,Charlotte Bell,MB,Wofford,17,61,76,30,168,0.274,1,0,0,9,46,11,35,5,0,104.5,"Raleigh, N.C.",Cardinal Gibbons
2026,Faith Roulston,MB,Sam Houston,16,57,85,34,235,0.217,0,0,0,30,36,3,33,0,0,104.5,,
2026,Hannah Hass,MB,Cal St. Fullerton,16,54,78,32,194,0.237,3,0,11,11,43,10,33,5,0,104.5,"Corona, Calif.",Corona HS
2026,Hannah Kos,RS,Canisius,15,54,84,42,241,0.174,4,7,14,24,25,2,23,2,0,104.5,"Greendale, Wis.",Greendale
2026,Emma Blaine,OPP,Tulsa,15,52,81,40,214,0.192,1,0,0,19,43,4,39,2,1,104.5,"HOMETOWN
O'FALLON, MO.",
2026,Elena Vukmanov,OH,Chattanooga,14,44,92,41,291,0.175,7,8,7,91,8,1,7,0,0,104.5,"Subotica, Serbia",OK Radnicki Beograd
2026,Sydney Pierce,MB,Montana,13,46,81,21,199,0.302,10,9,13,25,24,5,19,2,0,104.5,"Billings, Mont.",
2026,Eliot Diehl Palmer,OH,Portland,11,41,93,33,228,0.263,3,2,3,25,18,1,17,1,0,104.5,,
2026,Caelyn Dumas,S,Marist,18,70,52,11,153,0.268,690,31,19,192,34,8,26,4,1,104.0,"Katy, TX",Obra D. Tompkins
2026,Tamilore Afolalu,,Merrimack,18,45,98,65,335,0.099,2,0,0,30,8,4,4,1,0,104.0,,
2026,Ashley Theiss,OH,Kennesaw St.,16,59,84,52,284,0.113,7,14,13,113,11,1,10,3,0,104.0,"DeSoto, Mo.",DeSoto HS
2026,Sophia Vella,MB,Montana,16,55,90,38,266,0.195,3,1,0,40,21,5,16,4,0,104.0,"Danville, Calif.",
2026,Amani Hawkins,OH,South Carolina St.,15,49,97,68,337,0.086,0,0,1,20,9,5,4,0,0,104.0,"Frisco,TX",Panther Creek High School
2026,Grace Albaugh,OH,Georgetown,15,45,90,50,266,0.150,8,9,25,50,9,1,8,2,0,104.0,"Jacksonville, Fla.",Bolles School
2026,Leah Ford,MB,Southern California,11,39,69,16,144,0.368,5,8,20,25,49,5,44,5,0,104.0,"Keller, Texas",Keller HS
2026,Decelise Champion,OH,Wisconsin,9,29,88,27,214,0.285,4,1,6,51,30,0,30,2,0,104.0,"Dorado, Puerto Rico",Dorado Academy
2026,Annelie Wilson,OH,Idaho St.,17,56,86,43,295,0.146,9,11,16,126,10,3,7,1,1,103.5,"Horseshoe Bend, ID",
2026,Allyson Rouse,MH,N.C. Central,16,63,73,20,172,0.308,11,7,37,33,40,7,33,8,0,103.5,"Fayetteville, N.C.",
2026,Kennedy Jones,RS,SFA,15,49,87,35,263,0.198,2,8,10,87,16,1,15,6,0,103.5,,
2026,Gaby Zovko,S,UNCW,14,53,70,22,169,0.284,428,9,23,114,42,7,35,3,0,103.5,"Bedford, Mass.",Bedford
2026,Aubrey Judd,RS,Southern Miss.,14,43,95,38,252,0.226,4,0,0,33,16,1,15,0,0,103.5,"Hot Springs, Ark.",
2026,Noella Obi,OPP,Mississippi St.,12,42,68,15,143,0.371,3,5,8,14,51,10,41,7,0,103.5,,
2026,Natalie Harris,OH,UMBC,10,33,94,41,267,0.199,4,7,7,50,5,0,5,1,0,103.5,"Orlando, Fla.",Lake Highland Prep
2026,Delaney Hanowell,MB,West Florida,9,34,68,28,151,0.265,7,1,1,12,60,9,51,1,0,103.5,"Tallahassee, Fla.",Lawton Chiles High School
2026,Mia Jurkovic,OH,Western Mich.,16,57,93,41,257,0.202,1,0,0,25,15,5,10,2,0,103.0,"Oswego, Ill.",
2026,Mia Clyburn,MB,Seton Hall,16,56,74,18,175,0.320,10,7,27,34,40,4,36,0,0,103.0,"Fort Mill, S.C.",
2026,Brenna Coffman,MB,Portland St.,16,56,82,35,216,0.218,3,0,2,16,35,7,28,0,0,103.0,"Parker, Colo.",Legend HS
2026,Kaitlyn Aleshire,MB,A&M-Corpus Christi,16,50,72,40,194,0.165,7,13,20,15,31,5,26,4,0,103.0,"Aurora, IL",West Aurora HS
2026,Addison Walker,OH,Chattanooga,16,47,93,42,258,0.198,3,0,3,13,17,3,14,1,0,103.0,"Parkland, Fla.",Marjory Stoneman Douglas High School
2026,Isabella Ocampo,OH,Tulsa,14,51,80,46,262,0.130,3,15,16,104,15,1,14,0,0,103.0,"HOMETOWN
DALLAS, TEXAS",
2026,Ella Scott,MB,Indiana St.,13,50,71,29,193,0.218,8,14,36,21,33,3,30,3,0,103.0,"Plainfield, Ind.",Plainfield
2026,Tori Harper,MB,Georgia,13,41,69,18,145,0.352,3,13,14,23,41,1,40,1,0,103.0,"Reno, Nev.",
2026,Ally Tribe,OH,UTSA,12,43,87,35,212,0.245,4,6,11,58,18,2,16,3,0,103.0,,
2026,Taylor Walsh,MB,Gonzaga,16,60,70,30,202,0.198,8,7,20,29,45,6,39,5,0,102.5,"Villa Park, Calif.",Villa Park HS
2026,Aubrey Wilson,MB,Morgan St.,16,59,73,35,169,0.225,5,4,9,15,34,17,17,2,0,102.5,"Fayetteville, Ga.",Sandy Creek High School
2026,Keira Beverly,MB,Southeastern La.,15,53,77,23,206,0.262,1,0,0,12,46,5,41,1,0,102.5,"Mandeville, La.",Mandeville High
2026,Aubrey Goodere,MB,Grand Canyon,14,51,75,16,176,0.335,6,0,1,13,52,3,49,4,1,102.5,"Buckeye, Ariz.",Estrella Foothills
2026,Breanna Ginley,MB,Central Conn. St.,12,43,83,31,223,0.233,2,2,6,13,32,3,29,1,0,102.5,,
2026,Erika Smith,MB,Bellarmine,11,45,85,28,184,0.310,3,0,1,11,30,5,25,4,0,102.5,"Connersville, IN",Connersville HS
2026,Talea Mitchell,MB,Clemson,9,38,70,25,191,0.236,6,13,5,31,31,8,23,1,0,102.5,"Litchfield Park, Ariz.",Millennium HS
2026,Katie Boney,S,Western Caro.,18,74,48,11,140,0.264,699,26,20,169,50,6,44,2,0,102.0,"Brookhaven, Ga.",St. Francis HS
2026,Abby Reck,OH,Illinois St.,15,52,80,16,202,0.317,4,0,1,20,38,6,32,0,0,102.0,"Northville, Mich.",Northville HS / Northeastern
2026,Kendall Minta,MH,Coppin St.,15,48,72,24,149,0.322,0,0,2,8,44,16,28,2,0,102.0,"Eden Prairie, Minn.",Eden Prairie HS
2026,Abigail Knight,RS,Wright St.,14,46,84,42,208,0.202,8,8,18,74,20,0,20,0,0,102.0,,
2026,Julie Arias,OH,Georgia St.,12,44,77,46,254,0.122,4,17,29,51,14,2,12,2,0,102.0,"Santo Domingo, Dominican Republic",Colegio Santa Teresita
2026,Caroline Franklin,RS,Gardner-Webb,12,44,73,22,179,0.285,4,13,24,38,27,5,22,0,1,102.0,"Greenville, N.C.",Parrott Academy
2026,Sawyer Jones,OH,Butler,11,40,80,38,201,0.209,1,0,0,13,43,1,42,2,0,102.0,"Berkley, Mich.",Berkley
2026,Savannah Gogel,MB,Evansville,8,31,81,20,173,0.353,2,0,0,3,37,5,32,1,0,102.0,"Santa Claus, Ind.",
2026,Parker Featherstone,OH,Jackson St.,16,60,78,48,333,0.090,12,14,6,116,15,4,11,1,0,101.5,"Round Rock, Texas",Round Rock HS
2026,Kinley Elms,OPP,Lamar University,16,52,89,41,344,0.140,1,0,0,30,22,3,19,3,0,101.5,"Aledo, Texas",Aledo HS
2026,Kaleigh Williams,MB,Bethune-Cookman,15,52,74,33,198,0.207,11,11,13,33,27,6,21,1,0,101.5,"Columbia, Md.",Howard HS
2026,Adeline Hundl,OH,Virginia Tech,13,42,89,45,258,0.171,2,1,1,18,23,0,23,3,0,101.5,"El Campo, Texas",El Campo
2026,Sophia Callahan,OH,BYU,11,42,84,35,212,0.231,4,0,0,31,35,0,35,1,0,101.5,,
2026,Teodora Stamenkovic,MB,St. John's (NY),17,62,59,21,151,0.252,10,0,0,12,74,10,64,13,0,101.0,"Belgrade, Serbia",
2026,Olivia Edlund,OH,North Dakota,15,52,52,25,154,0.175,9,15,22,19,56,12,44,6,0,101.0,"Barnwell, Alberta",Vauxhall HS
2026,Destiny McKenzie,OH,Lafayette,15,48,81,43,341,0.111,4,11,9,84,17,1,16,0,2,101.0,"Fairburn, Ga.",Landmark
2026,Molly Rohde,MH,Rider,14,48,68,29,168,0.232,3,7,11,17,45,7,38,2,1,101.0,"Hortonville, WI",Hortonville
2026,Shaylee Dahle,MB,Utah Tech,14,45,72,15,145,0.393,3,6,16,26,40,6,34,1,0,101.0,"Blackfoot, Idaho",Blackfoot HS
2026,Audrey Kocon,RS,St. Thomas (MN),13,54,81,48,211,0.156,11,12,41,114,15,1,14,2,0,101.0,,
2026,Skylar Brady,OPP,Kansas St.,12,37,85,47,248,0.153,1,2,1,27,23,5,18,1,0,101.0,"Bethany, Okla.",Bethany
2026,Haley Melby,OH,Maryland,11,33,89,13,206,0.369,3,7,12,49,10,0,10,0,0,101.0,"Munster, IN",
2026,Raegan Richardson,S,App State,19,76,52,17,151,0.232,692,34,28,157,27,2,25,1,0,100.5,"Jensen Beach, Fla.",Jensen Beach
2026,Trinity Woods,MB,Marist,14,49,91,28,241,0.261,1,0,0,26,19,0,19,7,0,100.5,"Austin, TX",Westwood High School
2026,Haley Yount,MB,Jacksonville,14,49,67,16,141,0.362,1,8,18,19,46,5,41,2,2,100.5,"St. Louis, Missouri",Northwest
2026,Rylea Alvin,MB,NIU,14,48,79,21,175,0.331,2,0,0,5,34,9,25,0,0,100.5,"Randolph, Wis.",Randolph
2026,Sophia Spivey,RS,USC Upstate,14,48,88,37,261,0.195,1,2,0,38,20,1,19,0,0,100.5,,
2026,Charlotte Kelly,MB,Cal Poly,14,47,77,16,159,0.384,0,0,4,9,45,2,43,7,1,100.5,,
2026,Brooklyn Fuchs,MB,Lipscomb,13,49,82,31,200,0.255,4,0,2,15,30,7,23,6,0,100.5,"Lincoln, Neb.",Lincoln East
2026,Kelli Jo Burgess,MB,BYU,12,45,57,12,119,0.378,1,0,1,2,85,2,83,5,1,100.5,,
2026,Reagan Ennist,OH,Virginia,11,40,92,45,283,0.166,0,0,1,20,15,2,13,2,0,100.5,"Clifton Park, N.Y.",Shenendehowa
2026,Virginia Adriano,OPP,Nebraska,17,46,85,38,194,0.242,2,2,5,23,25,1,24,6,0,100.0,"Turin, Italy",Liceo Artistico Statale di Brera
2026,Milan Cannon,MB,Charlotte,13,46,72,24,179,0.268,4,0,2,3,48,8,40,6,0,100.0,"Grayson, Ga.",Grayson
2026,Michelle Parker,MB,Army West Point,13,40,87,27,199,0.302,5,0,0,10,26,0,26,3,0,100.0,"Suffolk, Va.",Nansemond River
2026,Karly Bonaventure,MB,Nevada,15,64,73,28,176,0.256,2,0,0,14,46,7,39,12,0,99.5,"Livermore, Calif.",Granada High School
2026,Jada Aksu,RS,Lafayette,14,49,86,46,272,0.147,2,0,0,15,27,0,27,0,0,99.5,"Herndon, Va.",Georgetown Day
2026,Abby Nicholson,MB,Syracuse,13,43,74,36,192,0.198,1,6,8,20,34,5,29,1,0,99.5,"Savannah, GA",
2026,Adonia Faumuina,OH,Southern California,12,40,88,44,262,0.168,5,0,16,43,22,1,21,1,0,99.5,"Long Beach, Calif.",Long Beach Poly HS
2026,Ally Panzloff,OH,Brown,10,40,88,27,223,0.274,4,1,0,22,19,2,17,2,0,99.5,,
2026,Nya Bunton,MB,Texas,10,38,76,12,157,0.408,3,0,0,7,43,4,39,1,0,99.5,"Louisville, Ky.",duPont Manual
2026,Katie Gielas,OH,FGCU,9,30,81,40,178,0.230,2,13,20,32,11,0,11,0,0,99.5,"Loveland, Ohio",Ursuline Academy
2026,Eliana Tia,OH,Washington St.,8,28,86,35,246,0.207,1,5,9,54,15,2,13,0,0,99.5,,
2026,Mija Bendziute,RS,UCLA,13,38,78,46,205,0.156,3,8,17,28,21,5,16,1,0,99.0,"Boca Raton, Fla.",Boca Raton Community HS
2026,Emma Brewer,OH,San Diego,13,38,84,37,235,0.200,4,4,11,61,21,1,20,0,0,99.0,"Salem, OR",Sprague High School
2026,Mckenzie Mitchell,OH,Nicholls,12,36,89,40,231,0.212,9,10,4,75,0,0,0,0,0,99.0,"Allen, Texas",Plano East
2026,Jenna Kolosta,MB,North Ala.,17,53,78,29,176,0.278,4,0,0,12,37,4,33,2,0,98.5,"Lockport, Ill.",Lockport HS
2026,Tara Greenberry,OH,Houston,16,57,69,20,144,0.340,3,0,7,21,47,12,35,2,1,98.5,"Florissant, Mo.",Incarnate Word Academy
2026,Paulina Agudelo Marin,MB,Southern U.,16,53,68,41,182,0.148,4,12,21,18,36,1,35,0,1,98.5,"Antioquia, Colombia",Cibercolegio UCN
2026,Maddie Lambers,MB,Campbell,15,59,75,27,185,0.259,1,1,6,6,40,5,35,4,0,98.5,"Cincinnati, Ohio",Seton
2026,Breanna McMillan,RS,Campbell,15,57,86,56,245,0.122,6,1,1,27,22,1,21,2,0,98.5,"Raleigh, NC",Millbrook
2026,Audrey Nuckols,OH,CSUN,14,53,77,37,197,0.203,4,2,1,41,36,3,33,7,0,98.5,"South Pasadena, Calif.",Mayfield HS
2026,Luca Radnai,MB,N.C. A&T,14,53,54,26,135,0.207,11,21,25,54,37,10,27,1,0,98.5,"Beckescsaba, Hungary",Beckescsabai Gyula
2026,Aisha Aiono,MB,Kansas,14,44,71,13,143,0.406,3,0,0,5,51,4,47,1,0,98.5,,
2026,Hailey Heytvelt,MB,Campbell,13,49,66,28,180,0.211,5,7,7,13,40,11,29,2,0,98.5,"Vancouver, Wash.",LaSalle Catholic College Prep
2026,Bella DiBuono,MB,Purdue Fort Wayne,17,67,56,29,156,0.173,6,4,7,13,68,8,60,5,0,98.0,"Tallahassee, Fla.",Leon
2026,Nicanora Clarke,OH,George Washington,17,62,75,52,286,0.080,14,17,26,120,9,3,6,0,0,98.0,"Waianae, HI",
2026,Ngodoo Harris,OH,Davidson,15,52,72,32,205,0.195,3,1,7,18,46,4,42,1,0,98.0,"Greer, S.C.",
2026,Sophia Marini,RS,Western Caro.,15,46,91,47,236,0.186,0,0,0,15,14,0,14,1,0,98.0,"Oviedo, Fla.",Hagerty HS
2026,Meghan Scholz,MB,San Diego,14,46,67,27,158,0.253,5,2,8,13,56,2,54,2,0,98.0,"Tomahawk, WI",Tomahawk High School
2026,Mia Rojas-Avila,OH,LIU,13,44,74,49,261,0.096,3,17,20,54,11,3,8,2,0,98.0,"Cedar Park, Texas",Vandegrift
2026,Cassidy Pratley,MB,Western Mich.,13,43,72,21,169,0.302,1,11,22,18,30,0,30,0,0,98.0,"East Leroy, Mich.",
2026,Mora Pampin,OH,South Fla.,13,39,93,52,281,0.146,3,0,4,10,10,0,10,3,0,98.0,"Mar del Plata, Argentina",Instituto San Nicolás de los Arroyos
2026,Emery DeJong,OH,California Baptist,12,35,82,54,238,0.118,6,8,13,53,13,3,10,0,0,98.0,"Mount Vernon, WA",Sedro-Woolley High School
2026,Lara Del Core,OPP,VCU,8,30,85,30,192,0.286,1,6,16,12,13,1,12,1,0,98.0,"Busto Arsizio, Italy",
2026,Laney Wilson,RS,Northern Ariz.,17,65,81,36,212,0.212,1,0,0,47,31,2,29,1,0,97.5,"Phoenix, Ariz.",Sunnyslope
2026,Defne Yanik,MB,CSU Bakersfield,16,62,67,28,180,0.217,7,0,0,11,48,13,35,1,0,97.5,"Istanbul, Turkey",
2026,Ashley West,OH,Utah,16,52,80,38,189,0.222,2,0,1,20,33,2,31,4,0,97.5,"Arvada, Colo.",Ralston Valley HS
2026,Jocelyn Jourdan,OH,North Texas,15,50,80,38,196,0.214,1,6,3,34,23,0,23,2,0,97.5,"Austintown, Ohio / Austintown Fitch",Robert Morris / Youngstown State
2026,Macie Moreland,OH,Kent St.,15,44,92,39,304,0.174,3,0,0,33,10,1,9,1,1,97.5,"Dublin, Ohio",Bishop Watterson
2026,Lilly Merk,MB,Toledo,13,45,75,17,151,0.384,1,7,5,21,27,4,23,2,0,97.5,"Terre Haute, Ind.",Terre Haute South Vigo
2026,Chloe Kelly,OH,Villanova,12,38,85,49,219,0.164,2,3,11,23,18,1,17,3,0,97.5,"Austin, Texas",Westlake
2026,Tamia Coleman,RS,Florida A&M,17,68,55,19,143,0.252,5,0,0,9,70,14,56,3,0,97.0,"West Palm Beach, Fla.",
2026,Kari Smith,OH,Iona,17,51,79,60,329,0.058,14,15,14,136,6,0,6,4,0,97.0,"Peachtree City, GA",Starr's Mill
2026,Janie Deapen,OH,Army West Point,14,42,75,58,281,0.060,9,15,11,81,11,3,8,1,1,97.0,"Rockwall, Texas",Rockwall
2026,Samia Sayd,RS,Gardner-Webb,12,43,82,18,259,0.247,5,0,0,31,24,6,18,2,0,97.0,"Falls Church, Va.",Marshall HS
2026,Maryn Bixby,MB,UNI,12,40,65,22,165,0.261,2,0,1,12,55,9,46,10,0,97.0,"Dike, Iowa",Dike-New Hartford HS
2026,Megan Deveaux,OH,Gonzaga,12,39,88,44,235,0.187,8,7,11,54,4,0,4,3,0,97.0,"Calgary, Alberta",William Aberhart HS
2026,Sanaa Donaie,MB,LSU,11,40,61,18,146,0.295,0,4,24,25,54,10,44,5,0,97.0,,
2026,Morgan Creer,RS,Little Rock,11,36,82,30,207,0.251,3,0,0,19,25,5,20,2,0,97.0,"Hooks, TX",Hooks H.S.
2026,Sarahya College,RS,Holy Cross,18,62,67,42,212,0.118,3,0,0,31,55,4,51,0,1,96.5,"Golden Valley, Minn.",Robbinsdale Armstrong
2026,Chloe Abuto,OH,Rhode Island,16,58,60,25,172,0.203,2,0,1,17,60,13,47,5,0,96.5,"Burlington, Mass.",Burlington
2026,Natalie Moore,MB,Southern Utah,15,51,69,29,174,0.230,2,1,1,16,41,12,29,4,1,96.5,"Greeley, Colorado",University High School
2026,Duru Gökçen,MB,Maryland,15,47,70,14,129,0.434,2,0,0,3,51,2,49,2,0,96.5,"Istanbul, Turkey",
2026,Greer Chambless,OH,Auburn,14,43,86,35,244,0.209,2,0,0,13,18,3,15,0,0,96.5,,
2026,Maddy Gladson,OPP,UT Martin,12,40,76,35,219,0.187,10,8,8,52,23,2,21,2,0,96.5,"St. Louis, Mo.",Ladue Horton Watkins HS
2026,McKinley Boehm,MB,Xavier,9,31,66,17,148,0.331,3,7,16,12,39,8,31,2,0,96.5,"South Jordan, Utah",Herriman
2026,Jillian Gibbons,MB,UIC,16,50,66,17,148,0.331,2,7,7,8,42,4,38,3,0,96.0,"Roselle, Ill.",Lake Park
2026,Emily Williams,MB,Louisiana,13,49,62,14,122,0.393,3,2,14,10,56,8,48,2,0,96.0,"San Antonio, Texas",
2026,Lexi Guinn,OH,Lipscomb,13,46,80,49,258,0.120,2,4,8,26,21,3,18,1,0,96.0,"Frisco, Texas",Frisco
2026,Maya Banks,OPP,Southern Utah,12,40,81,75,235,0.026,1,0,1,17,27,3,24,2,0,96.0,"Chino Hills, California",Chino Hills High School
2026,Kumara Flanagain,RS,West Florida,9,33,80,24,210,0.267,2,0,0,14,30,2,28,0,0,96.0,"Panama City, Fla.",Mosley High School
2026,Dynasty Andrews,MB,UMES,14,49,51,27,134,0.179,7,6,13,28,57,20,37,2,0,95.5,"Fort Smith, AR",
2026,Addison Freeland,MB,High Point,13,51,76,31,180,0.250,5,0,0,13,35,4,31,7,0,95.5,"Herriman, Utah",Herriman
2026,Anna Bjork,MB,Notre Dame,13,48,63,22,140,0.293,2,5,7,26,48,7,41,0,1,95.5,"Cazenovia, New York",Cazenovia
2026,Rebecca Ring,OH,NC State,13,39,87,55,271,0.118,2,0,1,15,16,1,15,0,0,95.5,"Madison, WI",
2026,Ashlee Markert,OH,Western Ill.,11,35,85,58,279,0.097,3,6,16,67,7,2,5,1,1,95.5,"Mt. Sterling, IL",Brown County HS
2026,Laci Bohannan,OH,Arkansas,10,31,80,31,248,0.198,1,5,16,41,20,1,19,5,0,95.5,"Benton, Ark.",Central Arkansas
2026,Brooke Larsen,S,South Dakota St.,15,56,74,49,235,0.106,210,10,21,115,21,1,20,4,1,95.0,"Council Bluffs, Iowa",Lewis Central H.S.
2026,Ella Grace Holloway,OH,James Madison,15,54,75,26,198,0.247,1,0,0,22,38,2,36,2,0,95.0,"Olive Branch, Miss.",Lewisburg
2026,Charlee Solomon,S,Tulane,14,52,67,10,124,0.460,540,17,25,132,20,2,18,1,1,95.0,,
2026,Yazmyn Billings,MB,George Washington,14,49,72,30,186,0.226,3,1,2,6,37,7,30,2,0,95.0,"Atlanta, GA",
2026,Vienna Elliott,MB,SIUE,13,46,68,27,193,0.212,0,5,14,11,35,9,26,12,0,95.0,"Tucson, Ariz",
2026,Alexia Cornea,OH,Columbia,11,35,87,40,237,0.198,3,0,0,14,14,2,12,3,1,95.0,"Oakville, Ontario, Canada",Assumption Catholic
2026,Sara Dasic,OH,Marist,18,67,76,48,322,0.087,5,13,14,128,9,2,7,1,2,94.5,"Lazarevac, Serbia",
2026,Ana Toumazatos,OH,James Madison,15,57,77,33,231,0.190,8,0,1,31,30,5,25,4,0,94.5,"Great Falls, Va.",Langley
2026,Katelynn Field,MB,Utah,15,41,62,8,130,0.415,1,4,16,14,52,5,47,6,0,94.5,"Harrisville, Utah",Weber High School
2026,Ainsley Driska,MB,Southeastern La.,14,47,73,22,178,0.287,2,0,0,6,39,4,35,4,0,94.5,"Burlington, Texas",C.H. Yoe High
2026,Aisha Keric,RS,High Point,13,46,81,27,183,0.295,1,1,0,26,25,0,25,1,0,94.5,"Naples, Fla.",Barron Collier
2026,Grace Agolli,OPP,California,12,46,79,36,261,0.165,4,10,13,36,10,1,9,0,0,94.5,"Atlanta, Ga.",Pace Academy
2026,Addison Krieger,MB,Jacksonville,17,56,65,22,164,0.262,4,0,0,9,56,2,54,1,1,94.0,"Mount Pleasant, S.C.",Wando
2026,Janie Stinchcomb,MB,Samford,15,60,65,28,149,0.248,2,0,0,11,55,3,52,5,0,94.0,"Duluth, Ga.",
2026,Addison Koppelman,OH,Cleveland St.,15,58,67,41,224,0.116,7,23,34,85,7,1,6,1,1,94.0,,
2026,Lydia Johnson,OPP,Michigan,15,53,81,25,213,0.263,4,0,0,28,24,2,22,0,0,94.0,"Edmonton, Alberta",
2026,Amanda Stephens,MB,IU Indy,15,52,84,28,206,0.272,1,1,4,31,15,3,12,3,0,94.0,"Bowen, Ill.",Southeastern
2026,Alizabeth Jacobsen,OH,Omaha,14,50,73,33,170,0.235,2,3,4,14,29,7,22,0,1,94.0,"Neola, Iowa",Underwood
2026,Jenna Walters,RS,Missouri St.,14,45,81,48,243,0.136,1,0,0,17,24,2,22,0,0,94.0,"Palm Bay, Fla.",
2026,Mallory Bohl,MB,Loyola Chicago,10,39,64,24,161,0.248,1,6,17,11,40,8,32,1,2,94.0,"Saline, Mich.",Saline
2026,Gabby Babinski,OH,Ga. Southern,17,57,78,34,202,0.218,1,1,1,23,28,1,27,1,0,93.5,"South Lyon, Mich.",South Lyon East
2026,Giselle Paedon,OH,Boise St.,17,53,82,31,221,0.231,4,0,0,27,20,3,17,1,0,93.5,"San Jose, Calif.",Branham HS
2026,Nerea Alvarez-Jorge,S,Northern Colo.,16,61,66,11,141,0.390,610,12,27,137,25,6,19,3,2,93.5,"Santa Cruz de Tenerife, Spain",Northeastern Junior College
2026,Anika Prisby,MB,Idaho,16,54,70,24,159,0.289,1,0,0,12,38,9,29,8,1,93.5,,
2026,Vanessa Zussino,OH,Pacific,16,47,71,53,236,0.076,3,12,20,51,17,4,13,1,0,93.5,,
2026,Taylor Timko,OH,Mercer,15,47,89,39,245,0.204,3,0,0,24,9,0,9,0,0,93.5,"Ormond Beach, Fla.",Fr. Lopez High School
2026,Vanessa Imoh,OH,Kent St.,15,46,83,30,201,0.264,5,0,0,23,20,1,19,2,3,93.5,"Torrance, Calif.",Torrance
2026,Mikala Sampson,RS,N.C. A&T,14,53,81,38,251,0.171,3,0,0,22,19,6,13,3,0,93.5,"Houston, Texas",Klein
2026,Lina Merz,OPP,Clemson,14,52,79,45,252,0.135,1,0,0,29,28,1,27,2,0,93.5,"Dresden, Germany",Sportgymnasium Dresden
2026,Lauren Perugini,OH,North Dakota,14,48,77,46,254,0.122,20,11,22,103,9,2,7,2,0,93.5,"Mississauga, Ontario",St. Marcellinus Secondary
2026,Maegan Mills,OH,Tulsa,13,47,74,44,289,0.104,4,17,10,81,5,0,5,2,0,93.5,"HOMETOWN
TOPEKA, KAN.",
2026,Ava Napierski,MB,Utah St.,13,47,66,15,150,0.340,1,7,17,18,39,2,37,2,0,93.5,"Provo, Utah",Orem HS
2026,KeAra Bowen,OPP,Winthrop,9,28,81,23,193,0.301,1,0,0,16,24,1,23,1,2,93.5,"Huntsville, Ala.",Huntsville H.S.
2026,Cherrish Robinson,MB,Alabama A&M,17,62,67,35,156,0.205,3,0,0,7,44,8,36,7,0,93.0,"Houston, Texas",
2026,Elizabeth Miller,MB,The Citadel,17,57,68,23,173,0.260,1,3,7,9,32,12,20,5,0,93.0,,
2026,Madison Loiselle,OH,Seton Hall,15,43,79,18,213,0.286,5,0,0,14,27,1,26,1,0,93.0,,
2026,Geovanna Gonçalves Rocha,OH,Hofstra,14,50,55,28,139,0.194,4,1,8,7,66,8,58,6,0,93.0,"Rio de Janeiro, Brazil",Colégio e Curso Superior
2026,Breklyn Pulling,MB,Cal Poly,13,42,70,18,141,0.369,1,2,4,14,37,5,32,3,0,93.0,,
2026,Sara Garcia,MH,LIU,12,41,60,17,122,0.352,12,15,6,25,32,4,28,2,0,93.0,"Temecula, Calif.",Chaparral
2026,Giselle Little,MB,Winthrop,10,39,80,26,190,0.284,3,0,0,15,24,2,22,2,1,93.0,"Mt. Holly, NC",Mountain Island Charter School
2026,Mariah Sanabia,MB,Loyola Maryland,15,55,72,30,184,0.228,3,0,0,7,37,4,33,2,0,92.5,"Odenton, Md.",Archbishop Spalding
2026,Chloe Macias,MB,IU Indy,14,50,73,29,166,0.265,2,0,2,10,32,7,25,5,0,92.5,"Bakersfield, Calif.",Noblesville
2026,Addy Thorington,OH,Wyoming,14,46,69,43,252,0.103,5,14,26,59,16,3,13,2,0,92.5,"Powell, Wyo.",Powell
2026,Iyanna Garvin,MB,South Fla.,14,43,67,27,141,0.284,1,1,2,6,42,7,35,0,1,92.5,"Fairburn, Ga.",Landmark Christian School
2026,Kimani Johnson,RS,Missouri,12,38,83,25,203,0.286,4,0,0,14,18,1,17,2,0,92.5,"Southfield, Mich.",Cass Technical
2026,Greyson Button,MB,Central Ark.,12,36,72,24,173,0.277,0,2,6,12,36,1,35,0,0,92.5,"Grapevine, Texas",Grapevine HS
2026,Emily Breazeale,OH,West Florida,9,34,83,34,208,0.236,4,2,3,41,15,0,15,1,0,92.5,"Birmingham, Ala.",Spain Park High School
2026,Dillia Lowry,MB,Charleston So.,16,52,80,30,198,0.253,2,0,7,20,19,5,14,4,0,92.0,"Chattanooga, TN",Signal Mountain HS
2026,Bella Mathis,MB,UC Santa Barbara,15,55,57,22,137,0.255,11,8,16,25,47,7,40,4,0,92.0,"Granite Bay, Calif.",Granite Bay HS
2026,Mija Sagadin Pristovnik,OH,Murray St.,15,50,76,44,259,0.124,5,13,18,102,5,1,4,1,0,92.0,,
2026,Nicole Osborne,OH,Gardner-Webb,15,48,74,37,256,0.145,7,15,5,100,5,1,4,2,0,92.0,"Statesville, N.C.",South Iredell
2026,Nicole Feliciano,S,UC Irvine,14,56,69,35,225,0.151,250,9,8,126,26,2,24,2,0,92.0,,
2026,Delaney Steers,OH,NIU,14,48,73,40,242,0.136,21,13,9,130,11,1,10,1,0,92.0,"Brownsburg, Ind",Brownsburg
2026,Katie Noschang,OH,Northern Ky.,14,46,54,23,152,0.204,8,9,23,28,53,5,48,4,0,92.0,"Cincinnati, Ohio",Mount Notre Dame HS
2026,Brooklyn Briscoe,MB,Florida,13,42,67,19,151,0.318,1,0,0,19,43,7,36,1,0,92.0,,
2026,Maddie Finnegan,OH,Abilene Christian,17,62,79,43,258,0.140,4,11,19,117,3,0,3,0,2,91.5,"Spokane, Wash.",Gonzaga Preparatory School
2026,Jaya Johnson,MB,Creighton,14,54,74,52,227,0.097,6,0,0,36,33,2,31,5,0,91.5,"Olathe, Kan.",Olathe South
2026,Kennady Martindale,MB,Central Ark.,11,32,86,30,215,0.260,0,0,0,17,11,0,11,2,0,91.5,"Pittsburgh, Pennsylvania",Montour HS
2026,Maja Bochenek,MB,Radford,16,51,71,28,164,0.262,5,1,7,18,32,6,26,0,0,91.0,"Olkusz, Poland",Missouri State – West Plains
2026,Audrey Atwood,OH,Southern Utah,15,50,74,65,306,0.029,10,9,12,71,14,2,12,2,0,91.0,"Idaho Falls, Idaho",Skyline High School
2026,Lily Mueller,MB,Indiana St.,14,55,62,18,145,0.303,8,0,3,9,54,4,50,2,0,91.0,"Genoa, Ill.",Genoa-Kingston
2026,Lauren Dale,OH,Bradley,14,45,87,49,272,0.140,4,0,0,15,8,0,8,0,0,91.0,,
2026,Amelia Wass de Czege,MB,South Fla.,14,45,41,13,102,0.275,2,17,18,9,60,6,54,0,0,91.0,"Tallahassee, Fla.",Florida State University HS
2026,Frances Torres,RS,Virginia Tech,13,45,72,38,228,0.149,3,5,12,31,28,0,28,2,0,91.0,,
2026,Victoria Gray,MB,Indiana,13,43,76,23,172,0.308,3,0,0,9,27,3,24,3,0,91.0,"Norman, Okla.",Community Christian School
2026,Ryla Jones,MB,Penn St.,12,37,55,12,113,0.381,3,10,15,21,45,7,38,5,0,91.0,"Oxon Hill, Md.",Flint Hill
2026,Shelby Burriss,MB,Princeton,11,41,72,23,146,0.336,2,3,7,19,28,4,24,2,0,91.0,"Fairview, Texas / Lovejoy",
2026,Anna Claire Brown,RS,Lipscomb,11,40,75,39,207,0.174,5,9,25,30,12,2,10,1,0,91.0,"Georgetown, Texas",Gateway College Prep
2026,Ava Robart,OH,Indiana St.,10,33,74,39,210,0.167,2,12,14,26,10,0,10,1,0,91.0,"Potosi, Mo.",Potosi
2026,Raissa Antonio,MB,Sacred Heart,16,59,65,24,163,0.252,5,3,6,18,43,2,41,3,0,90.5,,
2026,Ki'ra Wright,L/DS,South Carolina St.,15,55,74,60,283,0.049,13,14,17,149,4,1,3,1,0,90.5,Orangeburg SC/,Orangeburg Wilkinson High School
2026,Olivia Maulding,MB,New Hampshire,15,42,69,26,183,0.235,2,8,18,20,27,0,27,1,0,90.5,"Canby, Ore.",La Salle Prep
2026,Abisola Adebayo,MB,Buffalo,13,45,67,23,162,0.272,4,0,0,13,41,6,35,6,1,90.5,"Houston, Texas",Westside
2026,Masina Ogbechie,OH,Harvard,12,45,82,22,177,0.339,4,0,0,12,16,1,15,1,0,90.5,"Santa Rosa Valley, Calif.",Oaks Christian School
2026,Robyn Ward,MB,UIC,12,40,67,20,139,0.338,3,0,1,5,43,4,39,4,0,90.5,"Taylorville, Ill.",Taylorville
2026,Bella Breuer,MB,California Baptist,11,44,69,28,161,0.255,3,0,0,21,36,7,29,4,0,90.5,"Camdenton, Missouri",Camdenton High School
2026,Selena Leban,OH,Florida,10,33,72,39,226,0.146,21,12,31,75,11,2,9,1,0,90.5,,
2026,Brooklyn Washington,MB,Fresno St.,15,58,60,26,148,0.230,1,0,0,13,51,9,42,2,0,90.0,"Fresno, Calif.",
2026,Havyn Rolle,OH,Rhode Island,15,49,82,51,296,0.105,8,2,4,74,10,2,8,1,0,90.0,"Northridge, Calif.",Bishop Alemany
2026,Ava Nakai,OH,Utah St.,12,39,83,40,238,0.181,2,1,3,22,12,0,12,1,0,90.0,"Spanish Fork, Utah",Spanish Fork HS
2026,Mya White,OH,Bellarmine,10,37,84,34,205,0.244,1,1,3,11,9,1,8,0,0,90.0,"Lebanon, OH",Lebanon High School
2026,Bridget Malone,OH,North Carolina,10,32,79,30,218,0.225,3,1,5,42,19,1,18,1,0,90.0,"Highlands Ranch, CO",Mountain Vista
2026,Leila Ballard,OH,Northern Colo.,16,61,67,33,216,0.157,17,15,18,112,12,3,9,2,2,89.5,"Santa Clarita, Calif.",Saugus HS
2026,Memphis Burnett,OH,UC Irvine,15,50,78,45,267,0.124,4,0,3,42,20,3,17,1,0,89.5,,
2026,Shea Dupuis,RS,Providence,15,49,68,29,216,0.181,2,0,0,25,40,3,37,5,1,89.5,,
2026,Charlee Lepp,OH,Sacramento St.,14,49,77,37,234,0.171,1,4,15,32,17,0,17,0,0,89.5,"Vancouver, B.C.",
2026,Maaike Heilig,MB,Pittsburgh,14,44,49,14,97,0.361,5,6,17,16,63,6,57,4,0,89.5,"Hoogkarspel, Netherlands",Martinuscollege Grootebroek
2026,Yasmeen Muhammad,MB,LIU,13,44,68,14,156,0.346,1,0,1,10,38,5,33,0,0,89.5,"Shoreline, Wash.",Lakeside
2026,Sofia Hechavarria,OH,Sacred Heart,12,41,79,53,273,0.095,2,0,1,19,19,2,17,3,0,89.5,,
2026,Andrea Simovski,OH,Cincinnati,11,31,73,36,210,0.176,2,11,9,62,9,2,7,0,0,89.5,,
2026,Grace Jamison,OH,Lafayette,14,44,73,46,239,0.113,2,2,5,26,27,1,26,1,1,89.0,"Los Angeles, Calif.",Marymount
2026,Julianne Lee,OH,New Hampshire,14,40,83,47,250,0.144,4,0,0,16,9,3,6,0,0,89.0,"Renton, Wash.",Liberty
2026,Caelyn Emmerling,OH,Texas St.,13,34,82,32,173,0.289,4,0,0,21,13,1,12,2,0,89.0,,
2026,Ashlyn Philpot,MB,Illinois,12,37,69,20,143,0.343,1,0,0,7,35,5,30,2,0,89.0,Greenville. N.C.,
2026,Jaidyn Hartsfield,OH,Ole Miss,12,35,74,44,203,0.148,3,8,10,43,13,1,12,6,0,89.0,,
2026,Malaya Balina-Ayers,MB,Houston Christian,17,68,53,25,181,0.155,4,7,13,21,49,8,41,1,0,88.5,"Waxahachie, Texas",Waxahachie
2026,Lyric Edwards,MB,Alabama St.,16,55,72,35,203,0.182,2,0,0,14,30,3,27,6,0,88.5,"DeSoto, Texas",DeSoto HS
2026,Maddie Herman,MB,Eastern Mich.,16,55,66,19,168,0.280,4,0,0,7,43,2,41,1,0,88.5,,
2026,Amalia Simmons,MB,Rice,15,39,76,42,239,0.142,0,0,0,24,22,3,19,2,0,88.5,"Pittsburgh, Pennsylvania",
2026,Ava Hewitt,MB,San Jose St.,14,47,59,24,145,0.241,0,2,2,9,41,14,27,3,0,88.5,"Los Angeles, Calif.",
2026,Katy Wessels,MB,Washington,13,45,60,23,152,0.243,1,0,0,9,54,3,51,3,0,88.5,"Lewiston, Idaho",Lewiston
2026,Pola Bujnarowska,MB,Long Beach St.,12,44,59,15,135,0.326,1,0,2,10,50,9,41,5,0,88.5,"Torun, Poland",
2026,Jaela Auguste,MB,Wisconsin,10,31,73,20,142,0.373,0,0,0,5,27,4,23,4,0,88.5,"Spring, Texas",Grand Oaks High School
2026,Kaelynn Ashley,OH,Austin Peay,15,45,74,37,240,0.154,0,6,9,46,15,1,14,2,0,88.0,"Albuquerque, N.M.",Albuquerque High School
2026,Ashley Repetti,OH,Portland St.,14,41,76,36,302,0.132,5,8,9,85,7,1,6,1,0,88.0,"Los Alamitos, Calif.",Los Alamitos HS
2026,Becca Wight,RS,Virginia,13,41,72,29,180,0.239,2,0,0,8,29,3,26,1,0,88.0,"Worthington, Ohio",Thomas Worthington
2026,Martina Gonzalo Cortes,OH,NJIT,13,40,85,44,276,0.149,1,0,0,21,6,0,6,6,0,88.0,"Barcelona, Spain",Institut Joaquin Blume
2026,Pam McCune,MB,Iowa St.,12,45,71,11,188,0.319,2,3,1,9,25,3,22,3,0,88.0,"Upper Marlboro, Md.",St. John's
2026,Tennyson Gorman,MB,Furman,8,30,54,16,112,0.339,7,5,22,10,49,9,40,5,0,88.0,"Franklin, Tenn.",Fred J. Page
2026,Julia Whaley,MB,Saint Peter's,16,54,66,29,209,0.177,6,4,8,28,34,1,33,3,0,87.5,"Norwood, NJ",Northern Valley Regional HS at Old Tappan
2026,Maya Stillwell,MB,Northwestern,15,53,60,16,136,0.324,2,0,2,12,47,8,39,5,0,87.5,"Sherman Oaks, Calif.",Harvard-Westlake
2026,Malia Tanksley,RS,UC Riverside,14,45,69,56,228,0.057,1,0,1,15,30,7,23,4,1,87.5,"Sacramento, Calif.",Pleasant Grove HS
2026,Brooklynne Brass,OH,Maryland,14,43,71,40,234,0.132,6,8,3,90,13,4,9,2,0,87.5,"Shorewood, IL",
2026,Addison Engel,MB,Alabama,13,43,71,13,135,0.430,0,0,0,4,32,1,31,1,0,87.5,"Niwot, Colo.",Niwot HS
2026,Calea Bush,RS,Arkansas St.,13,40,66,19,135,0.348,2,0,0,5,35,8,27,5,0,87.5,"Katy, Texas",Paetow HS
2026,Kate Hansen,MB,Purdue,12,41,61,16,154,0.292,5,1,4,21,43,8,35,4,0,87.5,,
2026,Charlotte Thompson,OH,App State,12,34,81,42,213,0.183,0,0,0,19,12,1,11,0,0,87.5,"Tampa, Fla.",Tampa Catholic
2026,Rachelle Reed,RS,Sam Houston,17,62,42,18,118,0.203,3,2,10,20,75,11,64,9,0,87.0,"Pearland, Texas",Pearland HS
2026,Adeline Sirbu,MB,Pacific,17,53,70,21,171,0.287,2,0,1,5,27,7,20,8,0,87.0,,
2026,Jayden Eaker,OPP,Georgia St.,16,62,51,16,147,0.238,3,0,1,16,66,6,60,8,1,87.0,"Queen Creek, Ariz.",Basha
2026,Tristen Raymond,S,Pepperdine,16,62,43,11,125,0.256,576,17,18,130,52,2,50,1,0,87.0,"Peoria, Ariz.",Liberty
2026,Leah Richmond,S,Western Mich.,16,58,54,10,123,0.358,590,15,15,159,34,2,32,5,0,87.0,"Indianapolis, Ind.",
2026,Angela Marchetto,MB,FDU,16,54,45,20,165,0.152,5,0,0,16,72,12,60,4,1,87.0,"Treviso, Italy",Liceo Scientifico Jacopo Da Ponte
2026,Journey Tucker,MB,Arizona,14,52,53,12,133,0.308,0,0,0,7,59,9,50,8,0,87.0,"Buckeye, Ariz.",Verrado H.S.
2026,Jayda Redd,OH,Delaware,14,51,68,45,238,0.097,12,10,14,118,18,0,18,5,1,87.0,"Orlando, Fla.",
2026,Maryn Hall,OH,Portland St.,14,34,76,49,239,0.113,4,7,11,43,7,1,6,0,0,87.0,"Turlock, Calif.",John H. Pitman HS
2026,Hannah Parant,S,Alabama,13,48,48,9,102,0.382,458,28,36,83,21,1,20,3,0,87.0,"Mountain Brook, Ala.",Mountain Brook HS
2026,Kendal Kemp,MB,Georgia,13,47,56,18,123,0.309,2,0,0,7,59,3,56,9,0,87.0,"Eagan, Minn.",
2026,Giada Ianuale,S,Fordham,18,65,44,16,140,0.200,505,29,42,95,21,6,15,1,2,86.5,"Monteforte Irpino, Italy",ISIS Nightgale
2026,Ella Sinai,MB,Temple,16,55,60,18,160,0.263,2,0,6,14,38,15,23,5,1,86.5,,
2026,Andee May,MB,Fresno St.,15,58,42,19,134,0.172,2,12,6,24,55,10,45,0,0,86.5,"Visalia, Calif.",
2026,Ava Berry,MB,Norfolk St.,15,56,49,15,100,0.340,0,0,0,8,56,19,37,4,0,86.5,"American Canyon, Calif.",
2026,Lyric Berry,MB,Providence,15,44,59,23,124,0.290,2,0,1,4,44,11,33,4,0,86.5,,
2026,Cameron Reese,OH,The Citadel,15,37,78,57,300,0.070,2,4,7,56,6,3,3,1,0,86.5,,
2026,Kennedy Washington,MB,Kentucky,13,47,57,28,146,0.199,2,0,0,16,51,8,43,0,0,86.5,"Glenn Heights, Texas",tiktok
2026,Alison Goldberg,MB,Siena,18,65,48,12,126,0.286,4,0,0,16,60,16,44,4,1,86.0,"Orlando, FL",Lake Highland Prep / UNC Asheville (OTVA)
2026,Teagan Jaynes,S,Montana St.,16,63,51,16,154,0.227,564,24,16,134,21,1,20,1,2,86.0,"Northfield, MN",Northfield HS
2026,Emily Helmers,MB,Canisius,15,52,54,27,150,0.180,5,11,22,30,37,5,32,6,0,86.0,"Hebron, Ky.",St. Henry
2026,Raechelle Dykstra,OH,Gonzaga,14,51,75,25,226,0.221,29,4,0,144,12,2,10,0,0,86.0,"Avondale, Ariz.",Verrado HS
2026,Dayion Johnson,RS,Howard,14,41,78,43,262,0.134,0,0,0,19,16,0,16,1,0,86.0,"Jasper, AL",Jasper HS
2026,Hailey Goebel,OH,Denver,13,39,80,38,221,0.190,2,0,0,10,12,0,12,0,0,86.0,"Franklin, Wisconsin",St Thomas More H.S.
2026,Kate Prior,OPP,BYU,12,41,70,30,155,0.258,3,0,0,13,32,0,32,2,0,86.0,,
2026,Amaya Robinson,OH,Alabama St.,15,47,81,54,264,0.102,1,0,0,14,9,0,9,3,0,85.5,"Tampa, Fla.",Sickles HS
2026,Ruby Jensen,MB,Wyoming,14,47,68,33,195,0.179,2,0,0,1,31,4,27,4,0,85.5,"Prescott, Ariz.",Prescott HS
2026,Graci Littlejohn,MB,Chicago St.,14,46,53,42,163,0.067,1,0,0,4,51,14,37,1,0,85.5,"Des Moines, Iowa",
2026,Aubrie Walker,OH,Mississippi Val.,12,40,71,53,240,0.075,5,7,6,50,14,1,13,0,0,85.5,"Simpson, SC",Woodmont HS
2026,Taylor Wooten,OH,Mississippi Val.,12,40,71,37,293,0.116,9,6,5,74,16,1,15,0,2,85.5,"Memphis, TN",Bartlett HS
2026,Chelsea Sutton,MB,Tennessee,12,33,60,15,128,0.352,1,0,0,7,46,5,41,4,0,85.5,"Ponte Vedra Beach, Fla.",Ponte Vedra HS
2026,Kayla Balfour,MB,Stetson,14,45,58,19,145,0.269,5,0,0,19,46,8,38,8,0,85.0,"Pensacola, FL",Pensacola Catholic High School
2026,Amaris Marks,OH,Grambling,14,41,72,46,241,0.108,4,7,7,43,9,3,6,0,0,85.0,"Humble, TX",
2026,Denitsa Angelova,MB,Miami (FL),13,43,51,12,119,0.328,6,8,18,12,44,8,36,3,0,85.0,"Sofia, Bulgaria",Sofia HS of Mathematics
2026,Lauren Larkin,MB,Missouri,13,42,67,13,140,0.386,4,3,8,6,26,4,22,2,0,85.0,"St. George, Utah",Desert Hills
2026,Doga Diraz,RS,Siena,12,39,73,32,194,0.211,2,0,0,13,21,3,18,0,0,85.0,"Ankara, Turkey",Incek Doga College / Oregon State (Karayollari)
2026,Reagan Hope,MB,Long Beach St.,11,34,59,17,130,0.323,3,0,1,12,43,9,34,4,0,85.0,"Phoenix, Ariz.",
2026,Elli Esko,OH,Montana St.,11,33,79,39,224,0.179,3,1,6,17,8,2,6,0,1,85.0,"Huntington Beach, CA",Huntington Beach HS
2026,Chloe Anderson,MB,Southern Ill.,10,41,63,23,143,0.280,2,5,8,11,30,4,26,4,0,85.0,"Romeoville, Ill.",Romeoville HS
2026,Bella Lipski,MB,Milwaukee,16,58,59,27,166,0.193,8,0,0,6,47,4,43,6,0,84.5,"Milwaukee, Wis.",Divine Savior Holy Angels
2026,Soukeyna Diouf,OH,UTRGV,16,53,73,53,229,0.087,1,0,1,17,19,4,15,7,1,84.5,"Martigues, France",
2026,Isabella Beatty,MB,Idaho St.,16,45,59,29,156,0.192,6,2,3,11,41,6,35,2,0,84.5,,
2026,Emma Hanson,MB,Eastern Ill.,15,51,65,16,169,0.290,4,0,5,14,37,2,35,3,0,84.5,"Chaska, Minn.",Chaska
2026,Remy Catojo,S,High Point,14,53,57,18,144,0.271,484,8,16,106,39,0,39,0,1,84.5,"Winnipeg, Manitoba, Canada",Sisler
2026,Daaliyah Kemp,MB,Iowa St.,14,49,64,15,146,0.336,2,2,3,12,34,3,31,2,0,84.5,"Indianapolis, Ind.",Mt. Vernon
2026,Brooke Jenkins,OH,Fresno St.,13,44,69,37,237,0.135,2,3,2,37,17,8,9,4,1,84.5,"Phoenix, Ariz.",
2026,Addy Cook,OH,Utah St.,12,33,80,41,230,0.170,0,0,0,10,7,2,5,1,1,84.5,"Herriman, Utah",Mountain Ridge HS
2026,Ipar Kurt,OH,Stanford,10,33,77,40,265,0.140,3,0,5,21,15,0,15,0,1,84.5,"Istanbul, Turkey",Robert College
2026,Izzy Busignani,OH,Cincinnati,9,21,75,30,198,0.227,1,7,3,33,4,1,3,1,0,84.5,,
2026,Maria Drapp,S,Bradley,16,65,58,17,154,0.266,627,14,22,194,23,1,22,2,2,84.0,,
2026,Evalyn Medaris,S,Utah Valley,16,58,59,13,175,0.263,497,3,17,126,42,2,40,0,1,84.0,"Bountiful, Utah",Bountiful HS
2026,Jordyn Moore,S,Colgate,15,40,71,28,168,0.256,0,0,1,42,25,1,24,3,0,84.0,"Argyle, Texas",Argyle
2026,Siena Morgan,MB,Navy,14,51,63,16,146,0.322,0,0,5,15,40,2,38,1,0,84.0,"Los Angeles, Calif.",Village Christian
2026,Kaylin Daniels,MB,Northeastern,14,50,57,25,140,0.229,2,0,0,14,47,7,40,4,0,84.0,"Sugar Land, Texas",Clements
2026,Lexi Jones,MB,Seattle U,14,41,55,25,141,0.213,3,0,0,4,48,10,38,5,0,84.0,,
2026,Elena Kovacevic,OH,Charlotte,13,41,68,40,248,0.113,5,2,16,51,25,3,22,0,0,84.0,"Belgrade, Serbia",Universal
2026,Sydney Jordan,OH,Colorado,13,40,72,35,233,0.159,6,3,12,64,15,3,12,1,0,84.0,,
2026,Parys Taylor,OH,Cal St. Fullerton,13,35,68,38,179,0.168,1,10,9,40,10,2,8,1,0,84.0,"Valencia, Calif.",Canyon HS
2026,Marlee Ervin,OH,Louisiana,12,34,80,33,226,0.208,3,0,4,27,7,1,6,0,0,84.0,"Ogallala, Neb.",
2026,Ashlyn Paymal,RS,Creighton,14,48,67,29,184,0.207,3,0,1,18,32,1,31,3,0,83.5,"Omaha, Neb.",Westside
2026,Gracie Brown,MB,Southeastern La.,14,47,52,18,129,0.264,6,10,7,31,35,8,27,2,0,83.5,"Bryant, Ark.",Bryant High
2026,Nevaeh Hays,MB,App State,14,43,59,19,117,0.342,4,0,0,2,42,7,35,1,0,83.5,,
2026,Sydnee Peters,OPP,Loyola Maryland,13,48,74,42,231,0.139,2,0,0,22,18,1,17,4,0,83.5,"Ellicott City, Md.",Centennial
2026,Sara Marinkovic,OH,Charlotte,13,37,72,41,224,0.138,4,5,7,68,11,2,9,2,1,83.5,"Belgrade, Serbia",Branko Radicevic
2026,Gigi Mason,OPP,UTSA,8,29,77,19,181,0.320,1,0,0,16,12,1,11,1,0,83.5,,
2026,Haleina Bowers,MB,North Florida,15,58,62,21,151,0.272,0,0,0,13,37,5,32,6,0,83.0,,
2026,Ryleigh Davis,S,Jackson St.,15,53,58,46,228,0.053,125,8,20,51,32,2,30,8,2,83.0,"Mansfield, TX",Lake Ridge HS
2026,Ece Senyapici,MB,Michigan,15,53,55,16,133,0.293,2,0,0,23,54,2,52,3,0,83.0,"Antalya, Turkiye",
2026,Renata Montini,OH,Sacred Heart,15,46,70,39,199,0.156,9,10,24,65,6,0,6,1,0,83.0,,
2026,Ceren Durak,OH,Murray St.,15,40,70,27,211,0.204,3,10,9,68,5,1,4,0,0,83.0,"Bursa, Türkiye",Ozel Kaplan Okullari
2026,Rylee Key,MB,UT Martin,13,36,62,26,141,0.255,1,3,10,16,32,4,28,0,0,83.0,"Newbern, Tenn.",Dyer County HS
2026,Lorena Keselj,MH,Little Rock,17,61,30,13,90,0.189,7,22,16,45,51,10,41,6,2,82.5,"Medvode, Slovenia",
2026,Addison Makun,MB,Louisville,16,46,46,9,89,0.416,1,0,0,6,64,9,55,3,0,82.5,"Charlestown, Ind.",
2026,Alexa Hernandez,S,Green Bay,15,62,51,12,119,0.328,611,18,36,133,27,0,27,1,0,82.5,"Green Bay, Wis.",Green Bay Southwest
2026,Allie Caldwell,MB,UC Davis,15,58,56,14,146,0.288,6,0,0,21,46,7,39,6,0,82.5,"San Carlos, Calif.",Sequoia
2026,Reese Robins,MB,TCU,15,46,69,25,145,0.303,0,1,1,15,22,3,19,0,0,82.5,"Mansfield, Texas",Timberview HS
2026,Alex Beauchamp,OH,UIW,14,46,77,52,352,0.071,5,1,3,31,6,3,3,1,0,82.5,,
2026,Kaylee Parker,OH,Memphis,13,49,58,21,156,0.237,1,0,0,8,45,4,41,1,0,82.5,"Cypress, Texas",
2026,Nia Curry,OH,Coppin St.,11,40,72,35,219,0.169,1,8,15,36,4,1,3,0,0,82.5,"Chandler, Ariz.",Hamilton HS
2026,Alissa Grant,MB,UMBC,9,37,55,26,123,0.236,2,0,0,3,50,5,45,3,1,82.5,"Minneola, Fla.",Lake Minneola
2026,Milena Cetkovic,MB,West Ga.,17,63,48,24,151,0.159,10,7,15,47,42,12,30,1,0,82.0,,
2026,Brittney Daphnis,MB,Presbyterian,17,52,58,30,190,0.147,3,4,2,11,35,5,30,2,0,82.0,"League City, Texas",
2026,Sadie Snyder,OH,Boise St.,16,47,72,31,205,0.200,7,2,4,38,16,0,16,2,0,82.0,"Goodyear, Ariz.",Estrella Foothills HS
2026,Taelyn Graham,MB,South Carolina St.,15,52,52,18,148,0.230,3,6,11,15,35,13,22,8,0,82.0,"Jacksonville, FL",Trisitian Christian Academy
2026,Hadley Hardersen,S,Indiana St.,14,51,67,21,186,0.247,208,6,17,97,18,0,18,1,0,82.0,"Urbandale, Iowa",Des Moines Christian
2026,Zoey Burgess,MB,Arizona St.,14,47,54,16,107,0.355,6,4,12,14,43,5,38,5,0,82.0,,
2026,Reagan Fox,OH,Kansas St.,12,44,68,32,181,0.199,7,2,4,26,22,2,20,0,0,82.0,"Kansas City, Mo.",St. Teresa’s Academy
2026,Alyssa Cerovac,OH,Cleveland St.,12,41,77,53,213,0.113,1,1,0,12,8,0,8,1,0,82.0,,
2026,Keila Gabriel,OPP,Syracuse,12,35,71,39,196,0.163,4,5,4,26,9,3,6,0,0,82.0,"San Diego, CA",
2026,Addy Franz,S,Sacred Heart,17,65,51,11,149,0.268,559,19,27,166,22,1,21,5,0,81.5,,
2026,Anna Flores,S,California,16,66,46,18,120,0.233,665,16,31,148,38,1,37,5,0,81.5,"Keller, Texas",Keller HS
2026,Maddy Kirmer,MB,West Ga.,16,59,58,23,149,0.235,1,0,0,20,38,9,29,6,0,81.5,,
2026,Aniyah Davis,RS,Drake,16,57,47,19,133,0.211,4,2,12,13,57,8,49,2,0,81.5,"Maywood, Ill.",Proviso East
2026,Kayla Birmingham,OH,Green Bay,14,39,76,51,258,0.097,3,3,7,61,5,0,5,1,0,81.5,"Oak Lawn, Ill.",St. Laurence HS
2026,Sofia Torcello,MB,Stetson,13,44,58,17,160,0.256,5,4,7,21,35,4,31,3,0,81.5,Italy,
2026,Molly Newton,MB,Sacred Heart,17,58,59,29,165,0.182,2,0,0,20,39,5,34,4,0,81.0,"Denville, N.J.",Morris County School of Technology
2026,Anna Alexander,OH,Saint Louis,16,54,69,32,186,0.199,9,9,23,38,6,0,6,0,0,81.0,"Overland Park, Kan.",Shawnee Mission East
2026,Grace Hannam,MB,UNI,16,54,43,15,109,0.257,8,2,8,21,60,12,48,6,0,81.0,"Cedar Falls, Iowa",Cedar Falls HS
2026,Maggie Larsen,OH,Weber St.,15,48,60,26,222,0.153,1,11,13,38,15,5,10,1,0,81.0,,
2026,Stephanie Eroh,MB,Bucknell,15,47,66,19,157,0.299,0,0,0,11,26,4,22,3,0,81.0,"Hoschton, Ga.",
2026,Emma Pastusic,OH,The Citadel,15,40,74,72,257,0.008,1,3,7,25,5,3,2,3,0,81.0,,
2026,Nina Mitchell,OH,Chicago St.,14,45,61,58,249,0.012,1,8,22,30,22,2,20,0,0,81.0,"Wichita, Kan.",
2026,Ellah Derrer,MB,Kansas St.,12,40,52,10,111,0.378,3,11,8,21,30,6,24,1,0,81.0,"Davenport, Iowa",Davenport Assumption
2026,Vittoria Tonelli,OH,Quinnipiac,12,36,72,69,281,0.011,5,4,20,63,7,3,4,2,1,81.0,"Fano, Italy",Liceo Augusto Monti
2026,Grace Purichia,S,IU Indy,17,65,51,12,159,0.245,622,26,26,152,7,0,7,5,2,80.5,"New Albany, Ind.",Providence
2026,Alexis Badu,OPP,George Washington,16,49,63,37,183,0.142,0,0,0,13,35,0,35,2,2,80.5,"Bowie, MD",
2026,Khylie Remmenga,MB,Oral Roberts,15,49,48,26,135,0.163,5,14,8,13,30,7,23,3,0,80.5,"Columbia, SC",
2026,Clara Vondran,OH,NC State,13,42,65,29,199,0.181,0,9,7,57,12,1,11,1,0,80.5,"Columbus, Ohio",
2026,Emma Parks,OH,Marquette,12,40,72,37,224,0.156,1,0,0,14,15,2,13,1,0,80.5,"Meadville, PA",
2026,Emma Williams,OH,Syracuse,11,31,69,40,188,0.154,0,10,7,24,3,0,3,0,0,80.5,"Portland, OR",
2026,Raegan Lantz,OH,Miami (OH),15,52,57,6,119,0.429,7,4,5,32,33,5,28,2,0,80.0,"Holland, Mich.",West Ottawa High School
2026,Naomi Watson,MB,Boston College,15,51,43,18,98,0.255,3,0,2,7,58,16,42,4,1,80.0,"Menlo Park, Calif.",Sacred Heart Prep
2026,Sofija Marjanovic,OH,Boston College,15,48,55,33,199,0.111,6,18,8,75,12,2,10,0,0,80.0,"Belgrade, Serbia",Belgrade High School
2026,Marisa Michaelis,RS,South Dakota St.,14,55,67,41,206,0.126,3,0,0,25,25,1,24,2,0,80.0,"Woodbury, Minn.",New Life Academy
2026,Ana Stojicic,OH,Oral Roberts,13,49,72,38,283,0.120,9,4,8,109,7,1,6,2,0,80.0,"Novi Sad, Serbia",
2026,Nina Gavin,RS,Bryant,13,38,74,35,213,0.183,1,1,1,17,9,1,8,2,0,80.0,,
2026,Jordyn Hughes,MB,UConn,13,36,60,20,130,0.308,2,0,0,5,30,10,20,2,0,80.0,"Portage, Michigan",
2026,Aleki Alexander,MB,Arkansas,12,44,49,18,125,0.248,3,3,3,15,51,5,46,9,0,80.0,"Blue Springs, Mo.",Blue Springs HS
2026,Ryan Williams,OH,LSU New Orleans,12,28,74,33,202,0.203,0,3,3,24,6,0,6,0,0,80.0,"Richmond, Texas",
2026,Ezzie Thompson,MB,Iona,16,46,60,11,153,0.320,5,0,0,15,35,4,31,2,0,79.5,"Spring Hill, FL",Springstead
2026,Morgynne McQueen,MB,Texas Southern,15,44,62,28,142,0.239,6,0,2,15,29,6,23,1,1,79.5,"Fort Worth, Texas",
2026,Avery Jones,OPP,Columbia,12,39,65,22,195,0.221,0,0,0,20,26,3,23,2,1,79.5,"Studio City, Calif.",Harvard-Westlake
2026,Corrine Blackburn,MB,Army West Point,12,36,71,16,152,0.362,1,0,0,3,15,2,13,3,1,79.5,"Alexandria, Ky.",St. Henry District
2026,Gabrielle Washington,MB,Tennessee St.,12,35,59,21,120,0.317,1,1,7,11,34,5,29,4,1,79.5,"Dallas, TX",Irma Rangel YWLS
2026,Anna Rita,MB,Coastal Carolina,8,31,59,20,125,0.312,1,3,5,14,29,6,23,1,0,79.5,"Riga, Latvia",Riga State Gymnasium No. 1
2026,Lily Bannister,RS,UNC Asheville,18,57,68,34,189,0.180,2,0,0,14,20,2,18,6,0,79.0,"Middletown, Pa.",Middletown Area
2026,Isis Castille,OH,Norfolk St.,16,56,69,49,210,0.095,3,0,0,34,17,3,14,1,0,79.0,"Sacramento, Calif.",
2026,Elle Patterson,OH,IU Indy,16,53,67,38,209,0.139,7,5,16,42,12,2,10,2,0,79.0,"Greencastle, Ind.",Tri-West
2026,Maria Brun,OH,Colorado St.,15,56,53,23,175,0.171,13,19,20,91,13,1,12,0,0,79.0,"HOMETOWN
BARCELONA, SPAIN",
2026,Morgan Wingo,MB,N.C. Central,15,51,62,18,145,0.303,5,1,14,11,22,10,12,3,0,79.0,"Marietta, Ga.",
2026,Mackenzie Nettles,OH,Southern Ind.,14,56,53,34,158,0.120,2,1,5,12,46,4,42,13,0,79.0,"Wheaton, IL",Wheaton North
2026,Isabella Andrews,OH,Texas St.,14,46,59,34,184,0.136,4,11,12,83,15,3,12,2,0,79.0,"Schertz, Texas",Samuel Clemens HS
2026,Ava Brickner,OH,Idaho St.,13,36,71,38,245,0.135,2,2,2,20,10,2,8,0,0,79.0,"Boise, ID",
2026,Camila Soto,OH,FGCU,12,37,67,33,170,0.200,1,0,0,16,23,1,22,2,0,79.0,"Guaynabo, Puerto Rico",Colegio Adianez
2026,Kathryn Adler,OH,Jacksonville,17,50,65,39,179,0.145,4,0,0,17,27,0,27,1,1,78.5,"Champlin, Minn.",Champlin Park
2026,Maddie Steele,MH,Valparaiso,16,62,52,28,145,0.166,8,4,7,33,45,0,45,4,0,78.5,,
2026,Madeleine Miller,S,New Mexico,15,55,50,12,114,0.333,491,16,19,93,20,5,15,4,0,78.5,,
2026,Lillian Campbell,MB,Hampton,14,46,43,27,107,0.150,3,17,13,25,30,7,23,1,0,78.5,"Fairburn, Ga.",Landmark Christian School
2026,Camryn McCollum,OH,Chicago St.,14,46,64,58,240,0.025,5,3,8,23,20,3,17,2,0,78.5,"Avon, Ind.",Avon High School
2026,Mia Compas,MB,Davidson,14,44,60,26,129,0.264,5,0,0,7,32,5,27,1,0,78.5,"Carlsbad, Calif.",
2026,Reese Dunkle,MB,Boston College,14,44,58,9,121,0.405,2,1,1,6,35,4,31,1,0,78.5,"Greenwood, Ind.",Center Grove
2026,Karsu Bayraktar,RS,Stetson,14,40,70,31,223,0.175,4,4,3,48,7,2,5,1,0,78.5,"Ankara, Turkey",Okyanus College
2026,Scholar Bates,OH,Alabama A&M,14,37,66,33,150,0.220,5,0,0,16,23,2,21,2,0,78.5,"Charlotte, N.C.",
2026,Reagan Sharp,OH,Wyoming,13,45,67,38,202,0.144,1,0,0,23,22,1,21,6,0,78.5,"Southlake, Texas",Keller
2026,Savannah Page,RS,USC Upstate,13,40,66,33,223,0.148,1,0,0,18,23,2,21,3,0,78.5,"Boiling Springs, S.C.",Boiling Springs HS
2026,Lillie Johnson,MB,Southern Miss.,13,39,61,19,132,0.318,4,0,0,8,30,5,25,0,0,78.5,"Canyon Lake, Texas",
2026,Abbey Emch,MB,Pittsburgh,12,36,52,9,104,0.413,5,1,1,13,49,2,47,2,0,78.5,"New Waterford, Ohio",Crestview HS
2026,Lucia Barroso,MB,UC San Diego,10,40,54,15,122,0.320,4,4,5,9,37,4,33,1,1,78.5,"Templeton, Calif.",Templeton HS
2026,Alexis Roberson,MB,Houston,16,58,56,11,131,0.344,2,0,0,26,40,4,36,0,0,78.0,"Missouri City, Texas",Ridge Point HS
2026,Gracie Cagle,S,Montana,16,57,44,12,97,0.330,467,26,15,145,12,4,8,0,0,78.0,"Frisco, Texas",
2026,Ava DeGuzman,OH,FDU,16,49,64,37,264,0.102,22,5,10,127,16,2,14,2,0,78.0,"Junction City, Kan.",Junction City
2026,Maya Van Heyst,S,Fla. Atlantic,15,58,57,11,115,0.400,562,17,22,119,8,0,8,6,1,78.0,"Tampa, Fla.",Tampa Preparatory
2026,Jacqui McClain,OH,Tarleton St.,15,42,66,29,195,0.190,6,10,17,60,4,0,4,2,0,78.0,"Azle, TX",Azle HS
2026,Kennedy Wagner,OH,Clemson,11,32,73,49,204,0.118,1,0,0,11,6,4,2,2,0,78.0,"Valparaiso, Ind.",Valparaiso HS
2026,Cherlin Antonio,OH,Bradley,10,36,68,39,200,0.145,2,0,0,12,19,1,18,2,0,78.0,,
2026,Hanna Vorhies,MB,Pacific,17,48,67,34,190,0.174,0,0,2,15,19,2,17,3,0,77.5,,
2026,Mia Starr,S,UC Davis,16,66,45,7,101,0.376,654,11,36,156,41,2,39,4,2,77.5,"Portland, Ore.",Central Catholic
2026,Alea Goolsby,OH,Iowa St.,15,47,70,48,203,0.108,3,2,11,65,10,1,9,1,0,77.5,"Olathe, Kan.",Saint Thomas Aquinas
2026,Logan Lindsay,OPP,UNLV,15,45,63,36,203,0.133,4,3,2,26,21,2,19,0,1,77.5,"Layton, Utah",Layton HS
2026,Haley Burgdorf,OH,Penn St.,14,49,64,26,154,0.247,11,7,17,90,12,1,11,2,0,77.5,"St. Charles, Ill.",St. Charles North
2026,Georgia Haynes,RS,Western Ill.,14,46,71,58,228,0.057,2,1,6,46,11,0,11,1,0,77.5,"San Francisco, CA",Archbishop Riordan HS
2026,Hailey McEllrath,MB,Seattle U,14,46,47,22,113,0.221,5,13,16,17,31,4,27,1,0,77.5,,
2026,Rachel Ogunleye,MB,Vanderbilt,12,38,60,21,131,0.298,0,0,0,3,32,3,29,3,0,77.5,,
2026,Katelynn Rottman,OH,Niagara,12,37,60,48,216,0.056,2,8,14,66,14,5,9,2,1,77.5,"Okemos, MI",Lansing Christian
2026,Anna Powell,OH,Ga. Southern,12,29,71,31,201,0.199,0,4,10,33,4,1,3,1,0,77.5,"Louisville, Ky.",Sacred Heart Academy
2026,Alexia Smollen,MB,Belmont,11,43,52,28,130,0.185,0,0,0,9,41,10,31,10,0,77.5,"Chapel Hill, N.C.",Chapel Hill HS
2026,Daniele Clewis,S,Gonzaga,16,61,48,18,115,0.261,487,19,19,155,19,1,18,4,1,77.0,,
2026,Isabela Haggard,S,Baylor,15,53,45,17,98,0.286,511,13,28,114,34,4,30,6,0,77.0,,
2026,Evi Priniotaki,OH,Towson,15,44,63,28,168,0.208,7,8,19,74,12,0,12,1,0,77.0,"Heraklion, Crete",2nd Vocational School of Heraklion
2026,Ava Drye,OPP,Towson,14,48,67,31,171,0.211,3,0,0,13,20,0,20,0,0,77.0,"Burlington, N.C.",Homeschooled
2026,Rihianna Brown,MB,Grambling,14,42,51,23,142,0.197,8,9,15,26,28,6,22,1,0,77.0,"Dallas, TX",
2026,Maeli Cormier,OPP,Hawaii,13,41,62,49,199,0.065,3,0,3,22,27,3,24,5,0,77.0,"Les Îles de la Madeleine, Quebec, Canada",Cegep Garneau
2026,Skylar Greene,OH,Penn,13,40,63,30,189,0.175,1,2,4,17,24,0,24,2,0,77.0,"Chicago, Ill.",St. Ignatius
2026,Karli Glover,OH,Ark.-Pine Bluff,13,34,61,60,247,0.004,3,13,13,63,6,0,6,0,0,77.0,"Spring, TX",
2026,Sonja Danilovic,OH,Miami (FL),12,36,62,32,191,0.157,3,6,7,56,16,2,14,1,0,77.0,"Belgrade, Serbia",OTP Banka Maribor
2026,Katelyn Cook,OH,Fairfield,16,62,57,28,172,0.169,30,16,22,168,7,0,7,1,1,76.5,"San Jose, Calif.",Archbishop Mitty
2026,Kaeden Foxx,OH,Eastern Ill.,14,41,72,46,235,0.111,3,1,4,32,6,1,5,0,0,76.5,"Crestview, Fla.",Crestview
2026,Reilly Kurth,MB,St. Thomas (MN),13,54,63,37,166,0.157,2,0,1,6,26,1,25,12,1,76.5,,
2026,Aniyah Moore,RS,Mississippi Val.,12,40,50,35,170,0.088,9,4,2,15,38,7,31,0,0,76.5,"Dallas, TX",Braswell HS
2026,Taylor Miller,OH,Marist,12,34,69,33,202,0.178,1,0,0,25,13,2,11,1,1,76.5,"Haworth, NJ",Northern Valley Demarest
2026,Taylor Mendez,OH,Wofford,11,42,74,27,208,0.226,0,0,2,9,5,0,5,0,0,76.5,"Las Vegas, Nevada",Palo Verde
2026,Samara Coleman,OH,LSU,11,37,69,46,244,0.094,1,2,7,29,8,3,5,2,0,76.5,,
2026,Paloma Routaboul,OH,Mississippi St.,11,36,72,30,230,0.183,4,0,0,24,7,2,5,2,0,76.5,,
2026,Reese Weinert,MB,Boise St.,17,48,59,15,136,0.324,2,0,0,7,32,2,30,4,0,76.0,"Dana Point, Calif.",Dana Hills HS
2026,Kirra Musgrove,S,Texas A&M,16,58,37,17,90,0.222,529,16,33,76,44,2,42,2,1,76.0,"Houston, Texas",
2026,Hokulani Perez,MB,San Francisco,16,55,55,18,128,0.289,4,0,0,12,36,6,30,5,0,76.0,"Honolulu, Hawaii",Arizona State
2026,Kayla Knowles,OH,Ga. Southern,16,54,33,17,108,0.148,1,0,0,15,71,15,56,5,0,76.0,"Denver, Iowa",Denver
2026,Bailey Burgess,MB,Chattanooga,14,40,52,9,119,0.361,2,0,0,17,41,7,34,1,1,76.0,"Raleigh, N.C.",Wakefield High School
2026,Ryen Smith,OPP,Southern Utah,12,39,59,37,151,0.146,2,12,24,11,9,1,8,3,0,76.0,"Smithfield, Utah",Skyview High School
2026,Jalynn Brown,OH,UMBC,10,35,64,41,185,0.124,4,3,3,19,18,0,18,3,1,76.0,"New Smyrna Beach, Fla",New Smyrna Beach / South Florida
2026,Kiera Vazquez,OH,Gardner-Webb,16,59,65,38,193,0.140,22,9,6,152,3,0,3,0,0,75.5,"Winter Garden, Fla.",Horizon HS
2026,Aaliyah Snead,MB,UTRGV,16,57,53,29,159,0.151,2,0,0,9,39,6,33,11,0,75.5,"Atlanta, Ga.",Dutchtown High School
2026,Alexandria Arrington,S,Southern Ill.,16,49,66,38,253,0.111,23,1,1,39,17,0,17,2,0,75.5,"Granbury, Texas",Glen Rose HS
2026,Kaitlyn Hoelker,OH,Southern Utah,15,42,69,40,222,0.131,2,4,1,33,4,1,3,0,0,75.5,"San Clemente, California",Dana Hills High School
2026,Dior Charles,MB,Purdue,13,41,50,24,114,0.228,0,0,0,5,45,6,39,5,1,75.5,,
2026,Chichi Nnaji,OH,Notre Dame,13,41,66,30,179,0.201,1,0,1,13,16,3,13,1,1,75.5,,
2026,Mazi Smith,OH,UT Arlington,12,35,66,35,191,0.162,4,0,0,12,19,0,19,5,0,75.5,"Pampa, Texas",Pampa HS / University of the Pacific
2026,Haley Robinson,MB,Wright St.,12,34,62,16,139,0.331,1,0,0,7,22,5,17,1,0,75.5,"Daphne, AL",
2026,Layla Smith,MB,Arkansas,11,40,50,16,138,0.246,2,0,4,9,44,7,37,2,0,75.5,"Houston, Texas",Boise State
2026,Allison Risley,OH,Northern Ky.,15,58,48,22,218,0.119,11,25,10,108,4,0,4,0,1,75.0,"St. Louis, Mo.",Lafayette HS
2026,Macy Hatkevich,S,Xavier,15,56,54,14,128,0.313,462,13,12,111,15,1,14,4,0,75.0,"Granger, Ind.",Penn
2026,Katarina Kosic,OPP,Portland St.,15,37,68,21,164,0.287,0,0,0,8,13,1,12,1,0,75.0,"Banjaluka, Bosnia and Herzegovina",TVF Spor Lisesi Ankara
2026,Annie Gilmore,OH,CSUN,13,46,60,29,178,0.174,1,0,0,27,30,0,30,2,0,75.0,"St. George, Utah",Desert Hills HS
2026,Macey Hughes,OPP,Grand Canyon,12,45,62,30,170,0.188,2,0,0,23,24,2,22,2,0,75.0,"San Antonio, Texas",Cornerstone Christian
2026,Annabelle De Jager,OH,San Diego St.,12,38,66,39,221,0.122,3,2,9,41,12,2,10,1,1,75.0,"Eaton, Colo.",Eaton HS
2026,Sally Marong,OH,North Dakota,11,30,60,20,161,0.248,3,9,12,61,10,2,8,1,0,75.0,"Dresden, Germany",Esa Grimma Volleys
2026,Skylar Jackson,OH,Yale,9,32,66,33,195,0.169,10,1,7,91,13,3,10,1,0,75.0,"Lucas, Tex.",Lovejoy
2026,Talya Sampson,OH,West Florida,9,31,67,44,177,0.130,1,0,0,11,14,2,12,0,0,75.0,"Sedgwick, Kan.",
2026,Hadley Burger,OH,A&M-Corpus Christi,16,48,65,24,208,0.197,6,5,7,70,9,0,9,0,1,74.5,"Woodbury, Minnesota",East Ridge HS
2026,Lilly Mullholand,MB,Central Mich.,16,48,59,25,189,0.180,4,1,4,16,25,4,21,2,0,74.5,,
2026,Catherine Burke,MB,Wake Forest,14,46,57,14,160,0.269,1,0,2,11,33,2,31,2,0,74.5,"HOMETOWN
GLENVIEW, ILL.",
2026,Ashley Euston,MB,Texas St.,14,40,51,21,122,0.246,2,2,5,6,42,1,41,4,0,74.5,"Dripping Springs, Texas",Dripping Springs
2026,Sophie Ocampo,OH,Troy,13,46,53,13,121,0.331,0,0,0,9,39,4,35,1,0,74.5,"Humble, Texas",Kingwood
2026,Nayelis Cabello,S,Louisville,16,54,45,5,116,0.345,570,10,12,161,37,1,36,6,3,74.0,"Clermont, Fla.",
2026,Carrington Cook,OH,Prairie View,16,51,66,40,256,0.102,9,1,8,69,11,3,8,2,0,74.0,"Houston, Texas",
2026,Sonja Laaksonen,OH,Western Ky.,16,45,63,33,202,0.149,1,0,0,21,16,6,10,2,0,74.0,,
2026,Grace Kreutz,OH,Miami (OH),15,53,45,20,183,0.137,10,24,17,154,7,3,4,0,0,74.0,"Bannockburn, Ill.",Loyola Academy
2026,Teodora Kričković,S,Indiana,14,51,44,15,103,0.282,542,19,21,89,21,1,20,4,3,74.0,,
2026,Jayla David,MH,Jackson St.,14,50,54,15,135,0.289,2,0,0,13,34,6,28,0,0,74.0,"Hobbs, New Mexico",Hobbs HS
2026,Naima Foster,OH,San Jose St.,14,37,66,29,221,0.167,3,1,1,29,12,2,10,3,0,74.0,,
2026,Kelsey Schenck,S,Lipscomb,13,49,46,15,113,0.274,503,16,19,127,23,1,22,2,0,74.0,"Overland Park, Kan.",Saint Thomas Aquinas
2026,Caroline Lang,RS,Virginia,13,46,62,19,132,0.326,3,0,0,5,22,2,20,2,1,74.0,"Charlottesville, Va.",St. Anne’s-Belfield
2026,Sam McMillan,OH,American,12,40,69,62,264,0.027,4,0,0,14,9,1,8,1,0,74.0,"Coral Springs, Fl.",Coral Springs Charter
2026,Tatiana Robinson,RS,San Jose St.,12,31,67,19,164,0.293,6,0,0,13,14,0,14,1,0,74.0,,
2026,Charlotte Gravlee,OPP,Columbia,11,39,58,20,135,0.281,7,2,10,20,26,2,24,2,2,74.0,"Gainesville, Fla.",Gainesville
2026,Laura Eichert,OH,Oregon,11,29,66,31,181,0.193,12,3,2,50,9,1,8,1,0,74.0,"Lake Stevens, Wash.",Lake Stevens
2026,Sarah Carnathan,OH,Central Ark.,10,32,61,64,261,-0.011,0,6,1,44,13,1,12,2,0,74.0,"Flora, Miss.",
2026,Isabelle Brown,S,Morgan St.,16,61,42,12,131,0.229,418,23,34,122,12,5,7,2,0,73.5,"Avon, Ind.",Avon High School
2026,Maddie Mitchell,S,Buffalo,15,55,47,15,126,0.254,522,17,18,147,17,2,15,3,1,73.5,"Jefferson City, Mo.",Jefferson City
2026,Gracie Mann,OH,Southeastern La.,15,46,66,44,215,0.102,7,2,7,52,9,2,7,0,0,73.5,"Baton Rouge, La.",St. Joseph's Academy
2026,Carly Gilk,OPP,Minnesota,11,30,56,31,163,0.153,0,8,17,17,19,0,19,0,0,73.5,"HOMETOWN
BROOKLYN PARK, MINN.",
2026,Maddie LaFata,RS,Dartmouth,10,36,67,20,170,0.276,5,2,11,75,8,1,7,0,0,73.5,,
2026,Aysa Thomas,S,Southern Ind.,14,56,49,5,113,0.389,531,10,29,152,28,0,28,5,0,73.0,"Brownsburg, IN",Brownsburg
2026,Sariah Johnson,OH,UC Riverside,13,42,67,43,221,0.109,0,0,0,20,11,1,10,1,0,73.0,"Houston, Texas",Ridge Point HS
2026,Hayley Schaaf,MB,Northwestern,13,42,60,17,131,0.328,3,2,9,5,19,3,16,6,0,73.0,"Portland, Ore.",Catlin Gabel School
2026,Georgia Murphy,OH,Holy Cross,18,51,51,32,206,0.092,5,18,13,131,7,0,7,0,0,72.5,"Plano, Texas",John Paul II
2026,Naomi Cole,RS,Queens (NC),16,48,61,32,201,0.144,0,0,0,16,22,1,21,6,0,72.5,"North Lewisburg, Ohio",West Liberty Salem High School
2026,Ekwe Anwah,MB,East Carolina,15,44,50,10,103,0.388,1,1,5,3,36,7,29,3,0,72.5,"Coppell, Texas",Coppell High School
2026,Anaiya Campbell,OH,California Baptist,13,35,64,42,210,0.105,8,4,13,48,9,0,9,1,0,72.5,"Munich, Germany",
2026,Isabelle Henry,MB,Youngstown St.,12,48,45,13,144,0.222,5,12,14,23,27,4,23,1,0,72.5,,
2026,Mallory Jenkins,MB,Tennessee Tech,12,43,56,14,151,0.278,6,3,12,17,21,6,15,3,0,72.5,,
2026,Isabele Filardo,OH,Coastal Carolina,12,38,58,38,199,0.101,4,5,12,33,15,4,11,0,0,72.5,"Curitiba, Paraná, Brazil",Vila Militar College
2026,Kennedy Horn,MB,Seton Hall,9,31,55,17,117,0.325,2,3,5,9,21,8,13,2,0,72.5,"Columbus, Ind.",
2026,Layni Tobias,MB,Queens (NC),16,55,49,27,177,0.124,2,0,0,12,39,7,32,4,1,72.0,"Fort Lauderdale, Fla.",North Broward School
2026,Delfina Schuh,S,LMU (CA),16,63,46,4,118,0.356,584,14,18,155,21,2,19,2,0,71.5,"Buenos Aires, Argentina",Instituto Santa Maria de Los Angeles
2026,Johanna Groger,MB,Lafayette,16,61,39,21,126,0.143,3,1,3,18,55,8,47,6,1,71.5,"Borken, Germany",Sportgymnasium Schwerin
2026,Chloe Wilmot,S,Duquesne,16,60,32,13,85,0.224,639,21,24,95,34,3,31,3,0,71.5,"Alexandria, Va.",Alexandria City
2026,Amanda Otten,S,Bowling Green,15,58,37,12,112,0.223,487,9,23,121,46,5,41,9,2,71.5,"Batavia, Ill.",
2026,Erin Debiec,S,Colorado St.,15,56,37,10,87,0.310,563,18,10,142,31,2,29,5,2,71.5,"HOMETOWN
POTOMAC, MD.",
2026,Chloe Hansen,OH,Utah Valley,15,46,57,57,270,0.000,10,10,7,73,9,0,9,2,0,71.5,"Meridian, Idaho",Rocky Mountain HS
2026,Sophie Scott,MB,Utah St.,14,49,45,16,109,0.266,2,3,13,15,43,4,39,2,0,71.5,"Portland, Oregon",The Catlin Gabel School
2026,Angelique Pena,MB,Grambling,14,47,55,16,146,0.267,5,1,3,25,25,6,19,0,0,71.5,"Bolingbrook, IL",
2026,Mirjam Karoliine Kask,MB,West Virginia,13,51,40,11,95,0.305,2,0,0,16,58,5,53,12,0,71.5,,
2026,Lindsey Henry,MB,Louisiana,13,46,42,19,115,0.200,4,5,6,23,45,4,41,1,0,71.5,"Austin, Texas",
2026,Kyla Harris,MB,Holy Cross,13,41,42,31,133,0.083,3,6,6,15,38,9,29,2,0,71.5,"Gaithersburg, Md.",Bullis School
2026,Gabriella Gelfound,OPP,George Mason,12,39,57,27,136,0.221,2,1,0,22,27,0,27,2,0,71.5,"Lancaster, Ca.",Quartz Hill
2026,Teodora Skocajic,MB,FIU,11,37,46,18,124,0.226,3,10,12,13,30,1,29,6,0,71.5,"Novi Sad, Serbia",Medical School “7 April” Novi Sad
2026,Ceylin Kuyan,OH,Missouri,10,31,64,24,177,0.226,2,1,5,42,12,1,11,1,1,71.5,"Istanbul, Turkey",TVF Spor Lisesi
2026,Evelyn Brenton,MB,New Hampshire,16,43,58,27,147,0.211,0,0,0,9,24,2,22,0,0,71.0,"Glastonbury, Conn.",Glastonbury High School
2026,Lilli Saldivar,OH,New Mexico St.,15,51,60,32,182,0.154,3,4,8,21,12,2,10,3,0,71.0,,
2026,Parker LaFontaine,MB,Gardner-Webb,14,46,39,23,106,0.151,10,11,11,23,30,12,18,3,0,71.0,"Las Vegas, Nev.",Faith Lutheran
2026,Emilia Linden,OPP,Southern Utah,14,42,48,21,126,0.214,2,6,10,10,28,6,22,0,0,71.0,"Milton, Washington",Fife High School
2026,Sydney Davis,MB,South Carolina,13,49,37,9,95,0.295,2,0,0,6,63,5,58,3,1,71.0,Redshirt Freshman,Timber Creek
2026,Gabrielle Semona,MB,Xavier,13,40,53,18,118,0.297,0,2,2,8,27,5,22,0,0,71.0,,
2026,Nicole Sargent,OPP,Central Ark.,13,39,57,38,188,0.101,0,2,7,32,23,1,22,0,0,71.0,"Centerville, Ohio",Centerville HS
2026,Makeda Edwards,OH,Alabama St.,13,38,66,47,228,0.083,2,2,5,23,6,0,6,2,0,71.0,"Lawrenceville, Ga.",Peachtree Ridge
2026,Jaylynn McNeill,RS,Alcorn,12,35,63,33,191,0.157,3,0,3,13,16,0,16,1,0,71.0,"Houston, Texas",Klein Cain HS
2026,Abby Pekrul,MB,UC Irvine,11,42,52,27,154,0.162,3,0,0,13,35,3,32,4,0,71.0,,
2026,Cam Bolane,MB,Yale,11,36,57,21,129,0.279,2,5,4,10,16,2,14,2,0,71.0,"Encinitas, CA",Pacific Ridge School
2026,Alyssa Worden,OH,Georgia,10,40,55,41,188,0.074,9,11,9,96,10,0,10,3,0,71.0,"Bartlett, Ill.",
2026,Mia Izzo,MB,Merrimack,17,51,45,31,156,0.090,1,5,7,17,33,8,25,3,1,70.5,"Park Ridge, N.J.",Park Ridge High School
2026,Morgan Kealy,S,St. Thomas (MN),13,54,46,10,141,0.255,523,9,31,136,28,3,25,2,3,70.5,,
2026,Harley Krause,OH,Louisiana,11,31,59,34,196,0.128,1,1,1,11,19,2,17,0,0,70.5,"Rockwall, Texas",
2026,Ines Losada,OH,Colorado,11,29,49,36,136,0.096,0,14,17,16,12,3,9,1,0,70.5,,
2026,Sarah Shaw,MB,Brown,10,41,46,21,120,0.208,2,7,17,14,29,6,23,2,0,70.5,,
2026,Aniston Cochran,MB,West Florida,9,34,43,9,96,0.354,0,12,4,19,27,4,23,3,1,70.5,"Mobile, Ala.",Mary G. Montgomery High School
2026,Mikala Young,OH,Oklahoma,8,29,66,32,192,0.177,1,2,3,18,4,1,3,0,0,70.5,"Dallas, Texas",
2026,Maddie Determan,RS,SIUE,16,42,59,29,170,0.176,4,0,0,16,21,1,20,0,0,70.0,"Coal Valley, Ill.",
2026,Deniz Dakak,S,American,15,57,37,16,132,0.159,599,20,25,136,24,2,22,2,3,70.0,"Istanbul, Turkey",Irmak
2026,Charlie Fuerbringer,S,Wisconsin,15,57,45,13,106,0.302,629,11,14,157,25,3,22,3,0,70.0,"Hermosa Beach, Calif.",Mira Costa High School
2026,Stacia Barker,MB,Weber St.,15,52,46,14,99,0.323,0,1,0,7,41,5,36,7,0,70.0,,
2026,Ellen Zapp,MB,Oakland,15,42,51,30,154,0.136,3,6,7,19,25,1,24,3,0,70.0,"Greenwood, Ind.",Center Grove High School
2026,Logan Bell,OH,Kansas,14,47,49,27,127,0.173,12,16,19,92,9,1,8,0,0,70.0,,
2026,Avery Maddux,MB,Navy,14,43,38,12,81,0.321,2,6,12,8,44,8,36,2,0,70.0,"Libertyville, Ill.",Libertyville
2026,Melanie Tilles,MB,Davidson,14,42,52,18,101,0.337,0,1,9,14,28,6,22,6,0,70.0,"Palos Verdes Estates, Calif.",
2026,Branwyn Lupton,OH,Le Moyne,13,35,58,50,221,0.036,2,2,5,15,19,1,18,3,1,70.0,"Napanee, Ontario",Napanee District Secondary School
2026,Taylor Harvey,MB,Texas,12,45,46,16,111,0.270,3,0,1,8,44,4,40,2,0,70.0,"Salt Lake City, Utah",Bountiful HS
2026,Jessica Bates,S,UC Irvine,12,42,55,39,177,0.090,56,3,12,65,22,2,20,6,0,70.0,,
2026,Dawn Moore,S,Memphis,11,34,62,25,161,0.230,2,0,0,22,15,1,14,0,0,70.0,"Grand Prairie, Texas",
2026,Devon DeNecochea,OPP,San Jose St.,10,30,62,15,155,0.303,1,0,0,11,16,0,16,2,0,70.0,,
2026,Mesaiya Bettis,OH,Iowa St.,14,43,58,36,148,0.149,2,3,17,38,14,3,11,2,0,69.5,"Apple Valley, Minn.",Burnsville
2026,Emily McKee,OH,William & Mary,12,42,53,44,207,0.043,7,8,13,88,15,2,13,1,0,69.5,"Stamford, Conn.",King School
2026,Nikita Clausen,MB,Gonzaga,12,41,47,14,108,0.306,10,2,3,15,35,6,29,1,0,69.5,,
2026,Tori Bonacci,MB,Rider,11,28,51,14,112,0.330,2,4,3,7,23,6,17,2,0,69.5,"Downingtown, PA",Bishop Shanahan
2026,Helena Vukovic,S,Col. of Charleston,15,56,23,11,76,0.158,503,32,27,120,27,1,26,3,1,69.0,"Uzice, Serbia",Gymnasium Uzice
2026,Claire Logeais,MB,South Dakota St.,14,49,46,12,117,0.291,1,0,2,12,43,3,40,0,0,69.0,"Prior Lake, Minn.",Academy of Holy Angels
2026,Charlotte Goldfeder,OPP,Colgate,14,46,60,31,164,0.177,2,0,0,20,18,0,18,6,0,69.0,"Rochester, N.Y.",Brighton
2026,Kaitlyn Oxceus,OH,Merrimack,14,45,33,12,83,0.253,5,15,19,19,31,11,20,3,0,69.0,"Deerfield Beach, FL",Western High School
2026,Tre'Niya Miller,MH,Morgan St.,13,41,41,17,103,0.233,3,0,0,7,37,19,18,1,1,69.0,"Greensboro, N.C.",Grimsley HS
2026,Lydia Michelin,MH,Miami (OH),13,35,43,17,87,0.299,3,0,3,7,45,7,38,0,0,69.0,"Milford, Mich.",Milford High School
2026,Ella Lomigora,MB,Arizona St.,12,40,43,6,93,0.398,6,0,3,13,49,3,46,3,1,69.0,,
2026,Abby Farrell,MB,Stonehill,12,36,42,19,111,0.207,2,12,24,10,22,8,14,1,0,69.0,,
2026,Madison Pulsipher,OH,UC Riverside,12,34,55,35,182,0.110,2,5,5,28,15,3,12,0,0,69.0,"Murrieta, Calif.",Rancho Christian School
2026,Dominika Kasinska,OH,VCU,11,36,62,37,212,0.118,5,2,8,52,8,2,6,0,0,69.0,"Pila, Poland",
2026,Ligia Williams,OH,Cincinnati,11,34,54,17,116,0.319,1,0,1,11,25,5,20,5,0,69.0,,
2026,Abby Markworth,S,George Washington,17,61,39,17,137,0.161,539,18,18,122,22,1,21,1,2,68.5,"La Grange, IL",
2026,Rita Benidio,OH,Old Dominion,15,48,54,33,186,0.113,9,11,11,57,6,1,5,0,0,68.5,,
2026,Lauren Lewis,MH,UNCW,14,51,53,27,134,0.194,2,0,0,7,25,6,19,1,1,68.5,"Tarpon Springs, Fla.",Osceola Fundamental
2026,Wrigley Takats,MB,Youngstown St.,14,42,53,15,155,0.245,3,5,8,19,20,1,19,4,0,68.5,"Perrysburg, Ohio",Perrysburg
2026,Riley Resmer,MB,Harvard,12,43,42,9,90,0.367,5,10,10,21,29,4,25,2,0,68.5,"Noblesville, Ind.",Noblesville High School
2026,Noelle Aprati,OH,Akron,11,38,57,23,141,0.241,3,6,6,18,11,0,11,1,0,68.5,"Bolingbrook, Ill.",Bolingbrook HS
2026,Kaci Johnson,S,Lindenwood,16,56,38,12,117,0.222,594,18,14,138,24,0,24,0,2,68.0,"Maysville, Iowa",North Scott
2026,Jenna Kitchens,OPP,Charleston So.,15,44,66,34,195,0.164,4,0,0,19,4,0,4,0,0,68.0,"Independence, KY",Simon Kenton HS
2026,Sarah Pfiffner,S,North Dakota St.,14,54,50,10,123,0.325,495,5,26,118,23,3,20,5,1,68.0,,
2026,Kadence Goolsby,RS,Niagara,13,42,61,30,205,0.151,2,0,0,17,14,0,14,1,1,68.0,,
2026,Makenzie Miller,MB,Evansville,12,37,48,18,140,0.214,3,5,4,7,24,6,18,1,0,68.0,"Kansas City, Mo.",
2026,Karlyn Frazier,MB,Central Ark.,12,35,47,25,111,0.198,2,0,0,6,35,7,28,0,0,68.0,"Breckenridge, Colo.",Summit HS
2026,Lilly Roach,MB,UIW,9,29,60,25,146,0.240,2,0,0,15,14,2,12,1,0,68.0,,
2026,Kayla Dunlap,MB,Vanderbilt,8,24,55,10,90,0.500,0,0,0,3,24,2,22,1,0,68.0,,
2026,Emma DiRocco,MB,Old Dominion,15,55,47,23,133,0.180,1,0,0,7,36,5,31,3,0,67.5,,
2026,Selana Morales,OH,Texas Southern,14,40,61,38,201,0.114,1,2,6,25,7,2,5,0,0,67.5,"DuPont, Wash.",
2026,Haidyn Carter,MB,Morehead St.,13,46,43,21,143,0.154,3,0,0,10,44,5,39,2,0,67.5,"Louisville, Ky.",Our Lady of Providence HS (Ind.)
2026,Brooke Forkum,OH,Troy,13,46,51,25,175,0.149,7,6,8,64,21,0,21,5,0,67.5,,
2026,Taylor Parks,S,Florida,13,46,41,5,76,0.474,474,18,18,102,16,1,15,2,1,67.5,,
2026,Pamela De Jesus Tejedor,OH,Coppin St.,13,45,58,29,164,0.177,2,5,17,50,8,1,7,0,0,67.5,"Tampa, Fla.",Riverview HS
2026,J'La Sparks,MB,Saint Louis,12,37,46,15,110,0.282,2,0,0,5,40,3,37,2,0,67.5,"Belleville, Ill.",Belleville West
2026,Maddie Carnes,S,Bellarmine,14,56,38,10,104,0.269,529,19,20,128,19,1,18,1,0,67.0,"French Lick, IN",Springs Valley High School
2026,Vanessa Shevchenko,S,Stetson,14,44,51,28,189,0.122,192,4,9,89,22,2,20,2,0,67.0,"St. Augustine, FL",Tocoi Creek
2026,Alaina Armstrong,OH,Idaho,12,32,65,32,173,0.191,1,0,3,31,4,0,4,1,0,67.0,"Richardson, TX",Richardson HS
2026,Kyler Birkelbach,MB,Long Beach St.,11,35,51,16,105,0.333,3,2,2,7,26,2,24,2,0,67.0,"Frisco, Texas",
2026,Casi Doll,OH,UC Riverside,11,28,58,24,143,0.238,1,4,3,18,8,2,6,3,0,67.0,,
2026,Amanda Santos Juliao,OH,Delaware St.,9,32,48,33,194,0.077,6,13,4,61,10,2,8,3,0,67.0,Ipatinga - MG - Brazil,E.E. Deputado Domingos de Figueiredo
2026,Anika Ivester,MB,SIUE,7,30,45,18,109,0.248,4,6,6,6,27,5,22,1,1,67.0,"Cedar Rapids, Iowa",
2026,Laila Ivey,OH,South Fla.,14,37,57,30,180,0.150,0,0,1,15,19,0,19,1,0,66.5,"Annapolis, Md.",Indian Creek Upper School
2026,Kaylee Paulson,OH,Montana,13,37,60,34,203,0.128,2,0,2,29,10,3,7,3,0,66.5,"Coeur D'Alene, Idaho",
2026,Caydence Doolan,OH,Marquette,10,31,65,25,191,0.209,1,0,0,11,3,0,3,2,0,66.5,"Hagerstown, MD",
2026,Bri Zimmerman,MB,Western Mich.,10,29,54,17,135,0.274,1,2,6,11,18,3,15,2,0,66.5,"Grand Rapids, Mich.",
2026,Lelia Fitz,MB,Stetson,9,31,55,18,152,0.243,3,0,0,20,22,1,21,0,0,66.5,"Dornbirn, Austria",Sportgymnasium Dornbirn
2026,Lea Gage,S,Radford,17,68,42,9,129,0.256,511,19,15,127,10,0,10,0,0,66.0,"Brighton, Mich.",Brighton HS
2026,Hannah Beauford,S,SMU,15,56,33,10,77,0.299,593,8,32,73,48,2,46,6,0,66.0,"Prosper, Texas",Prosper HS
2026,Audrey Hollis,S,Washington St.,14,51,54,25,146,0.199,252,2,17,108,19,1,18,1,1,66.0,,
2026,Reagan Chisholm,MB,Norfolk St.,13,46,43,12,102,0.304,3,0,2,5,37,9,28,1,0,66.0,"Charlotte, N.C.",
2026,Lexie Mason,OH,Florida St.,11,38,56,28,174,0.161,0,0,0,12,19,1,18,1,3,66.0,"Burlington, Washington",
2026,Jolene Oddo,MB,Tennessee,11,35,51,21,105,0.286,0,0,0,9,26,4,22,0,0,66.0,"Clayton, N.C.",Cleveland
2026,Alli Farmer,OH,Canisius,11,28,60,49,191,0.058,0,6,9,24,0,0,0,0,0,66.0,"Lancaster, N.Y.",Lancaster
2026,Ryleigh Short,OH,Sacred Heart,17,57,48,36,142,0.085,13,16,22,90,3,0,3,1,0,65.5,"Canyon Lake, Calif.",Murrieta Valley
2026,Nathalia Morais,OH,Morgan St.,16,54,51,46,223,0.022,7,8,10,65,9,4,5,0,1,65.5,,
2026,Braelynn Reese,OH,Southern U.,16,50,45,46,153,-0.007,4,0,3,5,36,5,31,2,0,65.5,"St. Louis, Mo.",Hazelwood Central HS
2026,Eva Long,S,NC State,15,56,38,6,95,0.337,550,15,14,128,24,1,23,0,0,65.5,"Fenton, Michigan",
2026,Shay McMillen,OH,Drake,14,31,54,24,163,0.184,1,8,13,31,6,1,5,1,0,65.5,"Wheaton, Ill.",St. Francis
2026,Quinci Thomas,OH,Xavier,13,39,52,22,171,0.175,2,0,0,16,27,0,27,0,0,65.5,"Brownsburg, Ind.",Brownsburg
2026,Annalyse Shimada,OH,Utah Tech,13,38,35,10,80,0.313,0,2,3,14,48,9,39,0,0,65.5,"Kanarraville, Utah",Cedar HS
2026,Cristin Webb,MB,Alcorn,11,36,47,22,140,0.179,1,5,15,10,23,4,19,4,0,65.5,"DeSoto, Texas",DeSoto HS
2026,Milla Lugo,MH,Gardner-Webb,10,37,45,8,109,0.339,4,1,3,18,32,7,25,1,0,65.5,"Anderson, S.C.",Wren HS
2026,Ellie Ocampo,OH,Davidson,16,51,56,39,172,0.099,2,2,3,35,12,2,10,0,0,65.0,"Houston, Texas",
2026,Caroline Kerr,S,Tennessee,13,42,40,6,91,0.374,458,12,15,113,25,1,24,1,0,65.0,"Champaign, Ill.",St. Thomas More HS
2026,Selin Aslayan,OH,Santa Clara,11,36,56,29,179,0.151,1,6,12,37,6,0,6,5,0,65.0,"Kadikoy, Turkey",Doga Acibadem Koleji
2026,Enisilina Savelio,S,Houston Christian,17,68,43,12,169,0.183,620,11,17,159,19,2,17,3,1,64.5,,
2026,Ania Anderson,OH,LSU New Orleans,14,33,62,32,201,0.149,5,2,6,36,1,0,1,0,0,64.5,"Geismar, La.",
2026,Kiran Rio,OH,Cornell,12,39,51,20,166,0.187,4,10,17,61,7,0,7,0,0,64.5,,
2026,Emersyn Reiter,OH,Charleston So.,12,36,59,36,194,0.119,5,3,5,36,4,1,3,1,1,64.5,"Mooresville, NC",Lake Norman HS
2026,Emilia Kouri,RS,Western Ill.,14,40,60,31,163,0.178,5,0,0,25,8,0,8,0,2,64.0,"Miami, FL",Riviera Prep
2026,Chiara Gennari,OH,Akron,12,40,54,29,150,0.167,2,1,0,14,16,2,14,0,0,64.0,"Barcelona, Spain",IES Joaquim Blume | Univ. of Idaho
2026,Uliana Yastrub,OH,New Mexico,10,32,57,34,156,0.147,7,2,4,44,8,2,6,5,0,64.0,,
2026,Ashley Miller,OH,Presbyterian,10,27,52,32,168,0.119,4,6,8,43,8,4,4,2,0,64.0,"Brentwood, Tenn.",
2026,Stella Labrecque,MB,Colgate,15,49,33,13,89,0.225,3,0,0,10,57,4,53,3,0,63.5,"St-Hubert, Quebec, Canada",Cégep Édouard-Montpetit
2026,Rori Gray,MH,Coppin St.,14,39,54,17,109,0.339,0,0,0,2,19,0,19,0,0,63.5,"Washington, D.C.",Jackson-Reed Senior HS
2026,Lucy Kay,MB,Belmont,14,39,51,17,107,0.318,0,0,0,12,21,4,17,4,0,63.5,"Fishers, Ind.",Fishers HS
2026,Isabel Ostvig,S,UMBC,12,47,28,11,78,0.218,446,13,25,102,43,2,41,3,2,63.5,"Fredericksburg, Va",Colonial Forge
2026,Hillary Estes,MB,Western Ill.,12,37,57,11,153,0.301,4,1,6,17,10,1,9,0,0,63.5,"Nixa, MO",Nixa HS
2026,Sonia Okpara,MB,Air Force,11,38,49,20,136,0.213,2,0,0,12,25,4,21,0,0,63.5,,
2026,Lauren Schneider,OH,Clemson,11,37,57,37,209,0.096,1,0,2,16,10,3,7,8,0,63.5,"Denton, Texas",Denton Guyer HS
2026,Kennedy Simon,OH,Air Force,8,27,59,45,236,0.059,3,0,1,41,8,1,7,2,0,63.5,"Ponder, Texas",
2026,Alison Coy,OPP,Austin Peay,17,47,44,39,201,0.025,1,7,6,30,21,3,18,1,0,63.0,"Aurora, Ill.",Oswego East High School
2026,Katherine Sandt,S,Clemson,16,66,42,8,133,0.256,502,9,8,163,20,4,16,2,0,63.0,"Western Springs, Ill.",Nazareth Academy
2026,Kamryn Itzen,MB,FIU,16,48,42,20,138,0.159,5,2,2,25,34,4,30,1,0,63.0,"Chandler, Ariz.",Chandler
2026,Peyton McGee,S,Bucknell,15,53,44,13,106,0.292,448,12,13,98,14,0,14,5,1,63.0,"Norfolk, Va.",
2026,Sammy Franco,OPP,Stonehill,13,36,51,38,171,0.076,0,7,7,16,10,0,10,0,0,63.0,,
2026,Cadence Lundgren,MB,Kansas St.,12,36,42,11,93,0.333,0,0,0,5,35,7,28,3,0,63.0,"Bozeman, Mont.",Gallatin
2026,Mila Zoric,MB,Kansas City,11,37,31,10,83,0.253,8,11,21,26,37,5,32,5,1,63.0,"Belgrade, Serbia",Second Economic School
2026,Olivia Ryno,RS,Radford,11,36,59,28,170,0.182,2,0,4,25,7,1,6,2,0,63.0,"Jacksonville, Fla.",Bishop Kenny High
2026,Gha'Naye Whitfield-Moss,MB,Mississippi St.,11,32,45,7,98,0.388,2,2,4,9,28,4,24,10,0,63.0,,
2026,Ava Schubert,RS,Tennessee Tech,11,26,53,29,135,0.178,2,7,5,17,5,1,4,0,0,63.0,,
2026,Brianna Brewer,OH,UC Irvine,10,31,60,32,169,0.166,2,0,0,22,5,1,4,2,0,63.0,,
2026,Ellery Williamson,OH,Cornell,8,26,53,41,190,0.063,5,5,12,62,10,0,10,0,0,63.0,,
2026,Lilly Wachholz,RS,Iowa St.,7,24,52,16,111,0.324,0,3,3,9,15,1,14,0,0,63.0,"Waconia, Minn.",Mayer Lutheran
2026,Jenness Orcutt,OH,Air Force,16,51,56,26,218,0.138,6,0,1,23,13,0,13,5,1,62.5,"Orlando, Fla.",
2026,Reagan McIntosh,S,North Dakota,15,57,30,4,102,0.255,450,24,28,111,16,1,15,3,1,62.5,"Verona, Wis.",Verona Area HS
2026,Harmony Soles,MB,McNeese,15,40,48,24,142,0.169,2,3,4,24,22,1,21,1,0,62.5,"Saginaw, Texas",Chisholm Trail High
2026,Allie Hazelwood,S,Southern Miss.,14,51,32,9,78,0.295,531,16,29,117,25,4,21,9,0,62.5,"Madison, Miss.",
2026,Layla Moore,MB,Virginia Tech,13,47,40,19,102,0.206,1,1,3,5,42,1,41,4,1,62.5,"Long Beach, Calif.",
2026,Laiya Ebo,RS,Wake Forest,13,39,54,17,150,0.247,1,0,0,9,17,0,17,0,0,62.5,"HOMETOWN
WASHINGTON, D.C.",
2026,Danica Nordlicht,MB,Columbia,9,32,38,11,77,0.351,1,4,8,13,34,7,27,4,0,62.5,"San Diego, Calif.",Torrey Pines
2026,Carra Pierre-Louis,OH,South Carolina St.,9,28,50,41,157,0.057,0,7,11,27,7,4,3,1,0,62.5,"Miami, FL",Monisgnor Edward Pace High School
2026,Maggie Byrd,MB,Kennesaw St.,16,43,49,21,126,0.222,0,2,17,18,18,4,14,9,0,62.0,"Pooler, Ga.",Savannah Christian HS
2026,Taylor Anderson,S,Purdue,13,45,42,9,95,0.347,453,4,9,111,26,6,20,1,1,62.0,,
2026,Dawn Pena,OH,Hofstra,13,44,48,23,139,0.180,5,0,1,15,28,0,28,1,1,62.0,"Waldorf, MD",Garrison Forest School
2026,Kennedy Adams,MB,Ark.-Pine Bluff,13,43,36,26,123,0.081,4,8,10,10,30,6,24,3,0,62.0,"Humble, TX",
2026,Tehillah Garrison,OH,USC Upstate,13,35,51,31,171,0.117,3,3,2,26,15,1,14,1,0,62.0,,
2026,Sara Gamboa,OH,Fla. Atlantic,13,31,57,33,168,0.143,0,0,3,17,9,1,8,5,0,62.0,"Cali, Colombia",Centro de Capacitacion Santa Ines
2026,Isa Glover,MB,Holy Cross,12,35,36,10,87,0.299,6,7,10,17,32,6,26,0,0,62.0,"Kansas City, Mo.",St. Teresa's Academy
2026,Lusia Langi,MB,Utah Tech,11,32,45,17,100,0.280,1,0,1,7,29,5,24,0,1,62.0,"Kyle, Texas",Hays HS
2026,Shay Heaney,OH,FGCU,10,34,50,27,151,0.152,3,7,21,48,10,0,10,1,0,62.0,"Elkhorn, Neb.",Elkhorn North HS
2026,Katelyn Hernandez,OH,UC San Diego,9,28,59,37,166,0.133,1,0,0,13,5,1,4,3,0,62.0,"Chula Vista, Calif.",Olympian HS
2026,Leonor Polezzi,S,DePaul,15,54,20,2,43,0.419,473,34,23,140,15,0,15,2,0,61.5,"Cortona, Italy",Instituto Falconi
2026,Abby Schomers,S,UCF,14,51,38,4,78,0.436,516,6,16,105,31,4,27,4,2,61.5,"Omaha, Neb.",Skutt Catholic
2026,Karli Mann,RS,SIUE,13,45,57,33,183,0.131,2,0,0,16,9,0,9,1,0,61.5,"Herrin, Ill.",
2026,Avery Parris,OPP,Purdue Fort Wayne,13,40,52,24,142,0.197,2,0,0,7,19,0,19,0,0,61.5,"Evansville, Ind.",Reitz Memorial
2026,Madison Miner,OH,Mercyhurst,12,42,52,28,221,0.109,9,6,6,80,6,1,5,0,0,61.5,"Perry, Ohio",Perry
2026,Taylor Byl,MB,South Dakota St.,12,40,35,14,105,0.200,4,1,2,9,45,6,39,1,2,61.5,"Sioux Falls, S.D.",Sioux Falls Christian H.S.
2026,Daria Chekhovskikh,MB,California Baptist,12,38,30,16,85,0.165,3,6,9,9,39,12,27,5,0,61.5,"Moscow, Russia",
2026,Brooke Johnson,OH,Manhattan,10,34,56,41,164,0.091,2,1,4,10,8,1,7,0,0,61.5,"Wynnewood, PA",Lower Marion
2026,Cha'lei Reid,OH,Hawaii,8,28,58,44,185,0.076,1,0,1,24,6,1,5,1,0,61.5,"La‘ie, O‘ahu",Kahuku HS
2026,Patrycja Lagida,OH,Wake Forest,5,20,55,29,143,0.182,3,1,6,50,8,3,5,0,0,61.5,"HOMETOWN
CHOTOMOW, POLAND",
2026,Rachel Koss,S,Abilene Christian,17,65,38,15,119,0.193,670,11,17,111,24,0,24,1,3,61.0,"Freedom, Wis.",Freedom HS
2026,​Taryn Gilreath,S,East Carolina,13,44,43,16,128,0.211,419,9,20,87,18,0,18,0,2,61.0,"Cypress, Texas",Cypress Ranch
2026,Zuzanna Zietek,OPP,Ark.-Pine Bluff,13,43,56,40,209,0.077,6,0,0,22,10,0,10,0,0,61.0,"Mielec, Poland",
2026,Luli Arcucci,MB,UT Martin,9,25,57,37,149,0.134,6,0,5,46,8,0,8,0,0,61.0,"Mendoza, Argentina",Instituto San Pablo-Monseñor Federico Rasore
2026,Katie Rakoski,RS,Old Dominion,8,28,54,25,148,0.196,1,0,0,10,14,0,14,1,0,61.0,,
2026,Jade Longlad,S,Northwestern St.,19,67,31,10,133,0.158,635,16,23,145,24,3,21,0,0,60.5,"Calgary, Canada",William Aberhart
2026,Katelyn Cochran,S,Texas Tech,17,62,35,11,94,0.255,573,12,4,117,23,4,19,0,0,60.5,,
2026,Akila Hardie,MB,UNC Greensboro,16,55,44,15,103,0.282,1,0,0,6,30,3,27,1,0,60.5,"High Point, N.C.",Southwest Guilford
2026,Ana Nastase,S,Jacksonville,16,50,31,12,89,0.213,216,26,30,76,7,0,7,2,0,60.5,"Oakville, Ontario",Garth Webb Secondary
2026,Violet Morrandez,MB,Louisiana Tech,16,38,37,14,123,0.187,0,4,5,16,37,2,35,3,0,60.5,"Lafayette, Colo.",Centaurus HS
2026,Ana Appel,S,Oral Roberts,13,49,26,13,102,0.127,423,25,31,126,18,1,17,2,0,60.5,"Tulsa, OK",
2026,Abbie Householder,OH,Youngstown St.,12,38,47,21,159,0.164,4,8,9,81,11,0,11,0,0,60.5,"Canfield, Ohio",Canfield
2026,Talia Johnson,OH,Coastal Carolina,11,32,53,25,175,0.160,1,1,3,18,10,3,7,0,0,60.5,"Savannah, Ga.",Richmond Hill
2026,Jackie Onyechi,MB,Princeton,8,29,42,15,100,0.270,1,0,0,4,32,5,27,2,0,60.5,"Richmond, Texas / Foster",
2026,Jailyn Davenport,S,Eastern Wash.,18,68,34,12,123,0.179,507,5,23,182,37,5,32,1,2,60.0,"Walla Walla, Wash.",Walla Walla HS
2026,Allie Ihloff,MB,East Texas A&M,18,56,35,15,88,0.227,0,8,9,20,31,3,28,2,0,60.0,"Tulsa, Okla.",Cascia Hall HS
2026,Grace Maria,OH,UConn,17,60,42,32,167,0.060,11,14,16,84,5,3,2,0,1,60.0,"Arlington, VA",Bishop O'Connell
2026,Ellie Prindl,MB,Pacific,17,45,34,18,135,0.119,3,8,14,14,34,2,32,4,0,60.0,,
2026,Sienna Lawrence,MB,Bethune-Cookman,15,51,48,35,164,0.079,5,0,0,30,22,2,20,2,0,60.0,"Miami, Fla.",Palmetto HS
2026,Caroline Formankova,OPP,Saint Mary's (CA),15,49,32,38,147,-0.041,8,21,9,50,13,1,12,0,0,60.0,"Slany, Czechia",VK Selmy Brno
2026,Danielle Moore,OPP,Wichita St.,15,36,54,32,182,0.121,1,0,0,20,12,0,12,1,0,60.0,"O'Fallon, Mo.",Francis Howell HS
2026,Masina Perez,OH,Northern Ariz.,14,54,42,16,134,0.194,1,0,0,34,35,1,34,0,0,60.0,"Lindon, Utah",Lone Peak HS
2026,Malayah Long,S,Michigan St.,14,48,27,6,55,0.382,479,22,14,80,21,1,20,2,0,60.0,,
2026,Kristen Dear,MB,Arizona,14,38,38,19,103,0.184,2,5,14,21,30,4,26,3,0,60.0,"Carson, Calif.",Long Beach Polytechnic H.S.
2026,Havannah Hoeft,S,Portland,13,48,40,10,79,0.380,480,10,18,142,18,2,16,1,0,60.0,"Belmont, Calif.",St. Francis HS
2026,Anica Bobic,OH,San Francisco,13,40,52,19,121,0.273,2,0,0,7,14,2,12,4,0,60.0,"Kula, Serbia",Florida Southwestern State
2026,Campbell Hollister,MB,New Mexico,13,36,47,22,131,0.191,2,3,6,9,17,3,14,1,0,60.0,,
2026,Grace Keaney,RS,Rhode Island,12,40,51,26,171,0.146,0,0,0,21,18,0,18,1,1,60.0,"Yarmouth, Maine",Yarmouth
2026,Hannah Olmstead,MB,Binghamton,12,39,32,17,79,0.190,2,0,0,5,54,2,52,2,0,60.0,"Victor, N.Y.",Victor
2026,Kira Lynch,MB,New Haven,11,39,34,17,108,0.157,3,0,0,9,44,8,36,0,0,60.0,"Dallastown, Pa.",Dallastown Area
2026,Raeli Smith,MB,Dartmouth,11,38,34,13,76,0.276,5,15,7,16,18,4,14,3,0,60.0,,
2026,Sydnee Nelson,OH,Belmont,10,27,49,20,142,0.204,1,10,7,22,2,0,2,0,0,60.0,"Oshkosh, Wis.",Oshkosh West HS
2026,Lydia Stahley,RS,Missouri,10,26,52,18,121,0.281,2,6,9,17,4,0,4,0,0,60.0,"Indianapolis, Ind.",Roncalli
2026,Morgan Petelin,S,Tennessee Tech,17,66,40,8,108,0.296,624,10,6,194,18,1,17,1,1,59.5,,
2026,Jordan Taylor,MB,Minnesota,10,33,39,12,88,0.307,1,0,0,4,37,4,33,2,0,59.5,"HOMETOWN
HOUSTON, TEXAS",
2026,Maisie Nawrocki,OH,Rider,10,21,55,43,169,0.071,2,3,9,34,3,0,3,0,0,59.5,"Willoughby, OH",Willoughby South
2026,Karyna Werley,S,West Florida,9,31,50,19,138,0.225,163,6,4,63,7,0,7,0,0,59.5,"Albuquerque, N.M.",
2026,Tana Howard,OPP,Idaho St.,9,27,50,24,164,0.159,0,0,0,14,18,1,17,2,0,59.5,"Gilbert, AZ",
2026,Lacey Kusnier,OH,Texas Southern,16,46,50,40,193,0.052,12,7,7,96,4,0,4,0,0,59.0,,
2026,Brandi Boston,MB,Florida A&M,14,46,45,31,127,0.110,2,0,0,15,27,1,26,0,0,59.0,"Sherman Oaks, Calif.",
2026,Saida Maksoud,MB,Lamar University,14,44,28,14,81,0.173,4,9,14,21,42,2,40,8,1,59.0,"Mission Viejo, Calif.",Mission Viejo HS
2026,Leah Devaraj,OH,NJIT,13,37,44,44,183,0.000,2,11,12,41,8,0,8,0,0,59.0,"Sunnyvale, Texas",Sunnyvale
2026,Emilee Sikora,OH,UT Arlington,13,26,52,39,169,0.077,2,2,5,40,10,0,10,1,0,59.0,"San Angelo, Texas",San Angelo Central HS / Lubbock Christian
2026,Lauren Schutter,MB,North Carolina,12,43,35,12,84,0.274,0,0,0,8,46,2,44,5,1,59.0,"Alma, Kansas",Wabaunsee
2026,Madi Andrews,OH,Michigan St.,10,25,53,27,145,0.179,2,3,6,39,6,0,6,1,0,59.0,,
2026,Amelia Mancino,OH,App State,17,61,45,25,155,0.129,10,10,26,66,6,1,5,0,0,58.5,"Winter Park, Fla.",Winter Park
2026,Makenna Wiepert,S,Sacramento St.,15,61,22,1,68,0.309,534,24,25,145,22,3,19,1,0,58.5,"Sherwood, Ore.",
2026,Evelyn Hendrix,MB,UC Riverside,15,47,37,14,106,0.217,2,0,0,5,37,6,31,2,1,58.5,"Rocklin, Calif.",Whitney HS
2026,Luanna Markus,S,Marquette,14,55,37,12,112,0.223,514,4,5,110,34,1,33,4,1,58.5,"Chopinzinho, Brazil",
2026,Helenn Montilla,MB,Manhattan,14,42,38,30,134,0.060,5,0,2,1,38,3,35,7,0,58.5,"Miami, FL",Immaculata La Salle
2026,Addi Gallentine,MB,Dayton,12,44,44,8,89,0.404,3,0,0,12,29,0,29,4,0,58.5,"Newburgh, Ind.",Castle
2026,Maria Eduarda Pereira Tonella,MB,Western Ill.,12,37,35,11,87,0.276,5,6,9,22,32,3,29,5,0,58.5,"Sao Paulo, Brasil",E E Professora Maria do Carmo Ricci Von Zuben
2026,Amany Kuwa,MB,FGCU,11,42,35,20,94,0.160,0,0,4,10,42,5,37,3,1,58.5,"Las Vegas, Nev.",Spring Valley HS
2026,Molly McCall,OH,VCU,11,29,53,38,186,0.081,4,2,6,23,7,0,7,2,0,58.5,"Palmyra, Va.",
2026,Clementine Tebbe,MB,Dartmouth,8,27,29,12,64,0.266,1,0,0,1,49,10,39,3,0,58.5,,
2026,Sara Siefert,OH,NJIT,16,52,40,36,189,0.021,3,16,22,110,4,0,4,0,0,58.0,"Canton, GA",Sequoyah
2026,Macy Taylor,OH,Providence,15,52,49,22,198,0.136,12,5,13,119,8,0,8,1,1,58.0,,
2026,Karla Sanchez George,S,Central Mich.,15,39,54,26,142,0.197,2,0,0,11,8,0,8,1,0,58.0,,
2026,Zharia Alleyne,MB,ULM,12,38,40,17,92,0.250,2,0,0,13,30,6,24,6,0,58.0,"Wesley Chapel, Fla.",Wesley Chapel HS
2026,Mylee Blake,OH,Montana,12,33,54,24,149,0.201,2,0,0,15,7,1,6,1,0,58.0,"Albany, Ore.",
2026,Emma Koceja,OH,Iona,9,28,47,16,137,0.226,3,0,0,24,22,0,22,0,0,58.0,"Brookfield, WI",Brookfield Central
2026,Riley Greene,MB,Radford,8,27,49,7,111,0.378,2,0,1,10,13,5,8,3,0,58.0,"Sarasota, Fla.",Long Island
2026,Courtney Peters,OH,North Dakota St.,8,23,48,25,130,0.177,4,5,4,16,10,0,10,0,0,58.0,,
2026,Sammi Bergjans,S,Mercer,17,63,24,8,79,0.203,611,21,45,145,22,3,19,5,0,57.5,"Wentzville, Mo.",Incarnate Word Academy
2026,Lainie Stapleton,RS,Air Force,14,45,38,20,134,0.134,1,0,0,18,35,4,31,0,0,57.5,"Jacksonville, Fla.",
2026,Andrea Fabikovicova,S,Washington,13,47,32,9,72,0.319,470,15,7,132,17,4,13,3,0,57.5,"Breclav, Czech Republic",Sportovní Gymnázium Kladno
2026,Nia Gibson,OPP,UAlbany,11,32,47,23,160,0.150,4,0,0,17,18,3,15,0,0,57.5,"Bowie, Md.",Elizabeth Seton
2026,Erin Herrmann,MB,A&M-Corpus Christi,11,31,49,12,99,0.374,8,0,0,8,14,3,11,3,0,57.5,"Fort Collins, CO",Fossil Ridge HS
2026,Grace Cooney,MB,Oakland,10,35,47,17,137,0.219,0,0,0,9,16,5,11,2,0,57.5,"Hartland, Mich.",Hartland County High School
2026,Maca Lobaglio,RS,Missouri,10,29,47,19,120,0.233,1,0,0,2,21,0,21,3,0,57.5,"Buenos Aires, Argentina",Instituto La Salle Florida
2026,Jordyn Dailey,MB,Pittsburgh,10,24,41,4,67,0.552,1,0,1,4,30,3,27,0,0,57.5,"Franklinton, N.C.",NC Academy for Learning and Enrichment
2026,Christina Vigil,S,Kent St.,16,61,40,16,201,0.119,472,5,23,117,22,2,20,0,4,57.0,"Houston, Texas",Northland Christian School
2026,Katie Dalton,S,Creighton,14,55,30,17,94,0.138,419,9,15,114,34,2,32,1,0,57.0,"Parker, Colo.",Chaparral
2026,Grace Burgoyne,MB,Navy,14,47,36,20,112,0.143,2,0,1,22,38,4,34,8,0,57.0,"Marshfield, Mass.",Notre Dame Academy
2026,Carly Paugh,MB,Ole Miss,12,42,35,12,86,0.267,2,0,0,5,42,2,40,12,0,57.0,"Columbus, Ohio",Whetstone
2026,Jordyn Byrd,OH,Florida,12,33,47,17,134,0.224,1,0,2,12,18,2,16,0,0,57.0,,
2026,Manuela Altieri Liev,OPP,Georgia St.,12,27,51,25,156,0.167,2,2,3,37,8,0,8,0,0,57.0,"Marbella, Spain",ÍES Antonio Machado
2026,Andrea Stanojevic,OH,Fordham,10,37,37,26,141,0.078,19,16,14,66,6,2,4,0,1,57.0,"Belgrade, Serbia",Druga Ekonomska Skola
2026,Hedia Lewis,OH,South Carolina St.,10,35,50,23,166,0.163,0,0,0,19,10,4,6,2,0,57.0,"Seattle, WA",The Bush School
2026,Caroline Rodriguez,OH,George Mason,10,34,50,37,152,0.086,2,3,6,17,8,0,8,1,0,57.0,"Charlotte, N.C.",Charlotte Catholic
2026,Avry Tatum,OPP,Indiana,5,19,44,14,103,0.291,0,7,13,10,10,2,8,2,0,57.0,,
2026,Mercedes Motton,MB,Stony Brook,15,51,42,34,181,0.044,3,0,0,21,29,0,29,1,0,56.5,"Columbus, Ohio",Bishop Watterson
2026,Kendall Worwa,MB,North Dakota St.,14,54,36,27,137,0.066,5,0,0,14,34,7,27,2,0,56.5,,
2026,Nicole Ellis,MB,N.C. A&T,13,37,42,18,96,0.250,4,0,0,3,24,5,19,1,1,56.5,"Gainesville, Fla.",Gainesville
2026,Madison Fulgencio,OH,Central Conn. St.,13,36,53,40,219,0.059,5,0,1,18,6,1,5,1,0,56.5,,
2026,Daisy Voskuhl,OH,UTEP,13,30,50,27,129,0.178,2,0,0,10,13,0,13,2,0,56.5,"Fulshear, Texas",Fulshear HS
2026,Leimaile Lasike,MB,Stony Brook,12,40,42,21,127,0.165,0,0,0,16,27,2,25,3,0,56.5,,
2026,Brooklyn Brunt,MB,Mississippi Val.,12,39,48,58,173,-0.058,1,0,0,13,15,2,13,2,0,56.5,"Memphis, TN",White Station HS
2026,Emma Kerwin,OH,Gardner-Webb,11,29,54,36,163,0.110,0,0,0,15,5,0,5,0,0,56.5,"South Riding, Va.",Freedom HS
2026,Madi Standifird,OH,Utah Valley,3,11,52,23,126,0.230,1,2,5,25,5,0,5,1,0,56.5,"Lehi, Utah",Skyridge HS
2026,Bergen Reilly,S,Nebraska,17,46,35,4,63,0.492,462,9,12,110,24,0,24,1,0,56.0,"Sioux Falls, S.D.",O'Gorman
2026,Dylan Hunt,OH,New Hampshire,16,53,42,19,112,0.205,7,12,17,118,4,0,4,0,0,56.0,"Pickerington, Ohio",Pickerington North
2026,Abbigail Pickard,S,Northern Ky.,15,60,32,9,95,0.242,622,12,17,149,23,1,22,6,2,56.0,,
2026,Kalei Edson,S,Houston,13,46,26,6,63,0.317,421,14,16,62,29,3,26,2,1,56.0,"Centralia, Ill.",Centralia HS
2026,Triniti Jackson,S,Tennessee St.,13,43,39,15,119,0.202,295,7,8,98,15,5,10,12,0,56.0,"Longview, TX",Longview
2026,Annelore Engels,S,Georgia St.,16,64,34,14,88,0.227,363,3,7,65,37,0,37,3,0,55.5,"Opwijk, Belgium",KOV Het College Vilvoorde
2026,Lana Rnjak,S,UTRGV,16,57,29,12,89,0.191,539,14,24,107,24,1,23,2,3,55.5,"Pancevo, Serbia",
2026,Alison Ohlinger,S,Samford,15,60,17,16,65,0.015,598,20,40,136,35,2,33,3,0,55.5,"Rochelle, IL",
2026,Ally Cavanaugh,RS,South Carolina,14,49,50,23,132,0.205,4,0,0,11,10,1,9,3,0,55.5,Redshirt Junior,South Florida
2026,Rowan Kelly,S,Ohio,14,46,40,3,75,0.493,407,4,9,78,20,3,17,2,0,55.5,"Akron, Ohio",Wadsworth H.S.
2026,Charli Morris,S,Liberty,14,44,47,16,114,0.272,3,0,0,16,16,1,15,0,1,55.5,,
2026,Natalie Wardlow,MB,Wisconsin,13,37,39,11,83,0.337,1,7,15,17,18,1,17,1,0,55.5,"Lincoln, Neb.",Lincoln Southeast High School
2026,Mikalah Davis,OH,Alabama St.,13,35,48,39,187,0.048,2,5,8,24,4,1,3,1,0,55.5,"Kansas City, Mo.",St. Michael Catholic HS
2026,Ella Andrews,MB,Stanford,12,41,35,11,86,0.279,1,0,0,4,38,3,35,0,0,55.5,"Grosse Pointe Park, Mich.",Mercy
2026,Lainy Evans,OH,Grambling,12,34,51,24,159,0.170,2,0,2,20,6,3,3,0,0,55.5,,
2026,Kaci Demaria,OH,Stanford,8,19,47,16,125,0.248,1,0,0,7,16,1,15,2,0,55.5,"San Pedro, Calif.",Palos Verdes
2026,Sophie Dufour,OH,American,7,23,52,22,131,0.229,2,0,0,11,7,0,7,0,0,55.5,"Frankfort, Ky.",Franklin County
2026,Melina Gonzalez,OH,Southeastern La.,16,58,35,29,134,0.045,11,15,8,113,9,1,8,0,0,55.0,"El Paso, Texas",Pebble Hills HS
2026,McKenna Corcoran,MB,Canisius,15,51,35,18,105,0.162,1,0,3,11,35,5,30,3,0,55.0,"Lancaster, N.Y.",Lancaster
2026,Adrianna Arquette,S,Hawaii,14,53,26,3,73,0.315,501,12,32,135,30,4,26,5,0,55.0,"Kailua, O‘ahu",Kamehameha Schools-Kapalama
2026,Marina Crownover,S,Oregon,14,52,32,14,88,0.205,525,14,27,139,16,2,14,3,0,55.0,"Austin, Texas",St. Stephen's Episcopal School
2026,Lauren Yacobucci,S,Wright St.,14,47,33,3,66,0.455,509,10,3,97,20,4,16,1,0,55.0,,
2026,Alexis Stucky,S,Penn St.,14,45,32,13,77,0.247,448,13,12,92,18,2,16,5,0,55.0,"Laramie, Wyoming",Laramie
2026,Gracie Lee,RS,Texas Southern,14,36,49,38,168,0.065,1,0,0,14,10,2,8,1,0,55.0,"Dallas, Texas",
2026,Marie Laurio,OH,Syracuse,13,43,52,29,159,0.145,7,0,9,90,5,1,4,1,0,55.0,"Ann Arbor, MI",
2026,Alice Steman,MB,Montana St.,13,41,37,15,98,0.224,2,0,0,5,34,2,32,1,0,55.0,"Cambridge, MN",Cambridge-Isanti HS
2026,Angelina Siepierski,OH,Buffalo,13,38,46,33,124,0.105,4,9,22,51,0,0,0,0,0,55.0,"Williamsville, N.Y.",Williamsville South
2026,Anabelle Cerny,S,South Alabama,16,60,20,7,84,0.155,546,21,14,156,26,1,25,3,1,54.5,"Pleasant Prairie, Wis.",
2026,Kendall Mairs,S,San Diego St.,15,55,29,14,85,0.176,522,18,18,164,15,0,15,3,1,54.5,"Camas, Wash.",Camas HS
2026,Sophia Van Name,RS,William & Mary,13,32,48,29,117,0.162,0,0,2,14,11,2,9,0,0,54.5,"Atlanta, Ga.",The Mount Vernon School
2026,Ava Liening,MB,Dayton,12,36,34,9,80,0.313,3,6,7,3,26,3,23,4,0,54.5,"Louisville, Ky.",Ballard
2026,Mya Hemmer,MB,Baylor,11,36,35,18,83,0.205,4,0,3,10,33,6,27,3,1,54.5,,
2026,Reegan Mishkin,MB,Stonehill,11,31,37,19,96,0.188,3,8,13,13,17,2,15,5,0,54.5,,
2026,AshleeKay Christensen,OH,Eastern Mich.,9,23,48,28,173,0.116,3,3,7,51,6,1,5,2,0,54.5,,
2026,Markela Tsagkopoulou,OH,Saint Peter's,7,21,50,26,127,0.189,0,1,3,12,7,0,7,0,0,54.5,"Athens, Greece",Moraitis School
2026,Nora Wurtz,MB,Creighton,16,57,28,14,67,0.209,3,15,37,26,21,1,20,0,0,54.0,"Valley, Neb.",Douglas County West
2026,Carli Banks,OH,McNeese,16,47,39,31,179,0.045,15,10,9,93,9,1,8,2,0,54.0,"Houston, Texas",Stephen F. Austin High
2026,Alexis Carper,OH,Central Mich.,14,35,43,43,179,0.000,2,7,5,39,7,1,6,1,0,54.0,,
2026,Alise Evans,MH,Le Moyne,13,38,37,22,104,0.144,0,4,8,6,21,5,16,4,0,54.0,"Tampa, Florida",Oak Park
2026,Avari Amstutz,OH,Stony Brook,12,35,48,28,207,0.097,1,1,2,25,9,1,8,0,0,54.0,"Auburn, Ohio",Kenston
2026,De'Oni McPhearson,MB,South Carolina St.,11,39,35,23,91,0.132,4,0,0,13,25,13,12,6,0,54.0,,
2026,Marissa Kobelski,MB,ULM,11,34,40,11,86,0.337,0,1,5,9,22,4,18,2,0,54.0,"Andover, Mass.",Andover HS
2026,Makenna Crosson,OH,Minnesota,11,33,41,11,107,0.280,0,6,9,26,14,0,14,0,0,54.0,"HOMETOWN
SAN JOSE, CALIF.",
2026,Kayden Campbell,OH,NJIT,11,32,48,39,210,0.043,3,1,0,24,9,1,8,6,0,54.0,"Bowling Green, Ohio",St. Ursula Academy
2026,Katrina Miller,OH,Radford,11,32,45,17,136,0.206,3,3,7,26,10,2,8,1,0,54.0,"Chesapeake, Va.",Great Bridge HS
2026,Catherine Detweiler,MB,Stonehill,10,34,47,26,136,0.154,3,1,6,5,11,1,10,1,0,54.0,,
2026,Nygeria Hart,OH,UCF,9,30,47,31,133,0.120,0,2,6,21,8,2,6,2,0,54.0,"Port Charlotte, Fla.",Port Charlotte
2026,Andrea Zaric,OH,North Dakota,9,25,51,23,120,0.233,3,2,0,15,2,0,2,0,0,54.0,"Etobicoke, Ontario",Silverthorn Collegiate Institute
2026,Anna Williams,MB,Wyoming,9,22,38,7,81,0.383,2,2,2,3,20,8,12,2,0,54.0,"Chandler, Ariz.",Hamilton
2026,Ava Blascziek,S,Portland St.,16,60,21,5,65,0.246,426,27,31,123,10,1,9,1,0,53.5,"Lakeville, Minn.",Lakeville North HS
2026,Jessica Shattles,S,New Hampshire,15,52,32,5,91,0.297,456,14,10,130,15,0,15,0,0,53.5,"Ponte Vedra Beach, Fla.",Ponte Vedra High School
2026,Denver Watkins,OH,Alabama St.,15,40,51,28,180,0.128,1,0,2,17,5,0,5,0,0,53.5,"Hampton, Ga.",Hampton HS
2026,Nina Jasiecka,RS,FDU,15,37,42,23,132,0.144,2,0,0,20,21,2,19,0,0,53.5,"Swidnica, Poland",
2026,Marla Valentin,OH,FIU,15,35,41,22,107,0.178,2,7,3,16,10,1,9,1,0,53.5,"Guaynabo, Puerto Rico",Baldwin School of Puerto Rico
2026,Ashley Richardson,S,Southeastern La.,14,52,36,9,95,0.284,364,7,14,113,19,2,17,2,1,53.5,"League City, Texas",Clear Springs High
2026,Paighton Erb,MH,Lehigh,14,41,36,21,76,0.197,0,0,0,10,28,7,21,1,0,53.5,,
2026,Logan Parks,S,Stanford,13,45,23,7,65,0.246,468,15,23,99,29,2,27,6,3,53.5,"Overland Park, Kan.",Blue Valley North
2026,Isabel Taylor,OH,Montana,13,45,38,29,170,0.053,10,13,4,89,3,2,1,0,0,53.5,,
2026,Skyler Pierce,OH,Nebraska,13,26,44,14,122,0.246,1,5,2,18,9,0,9,0,0,53.5,"Lenexa, Kan.",Olathe Northwest
2026,Madelynn Coy,OH,Lamar University,12,33,36,37,147,-0.007,1,15,26,59,4,1,3,2,0,53.5,"Rosenberg, Texas",George Ranch HS
2026,Audrey Rome,MB,Cincinnati,12,33,39,16,91,0.253,2,3,8,16,22,1,21,2,0,53.5,,
2026,Hailey Jacobus,OH,Navy,12,32,47,25,180,0.122,2,5,4,47,3,0,3,0,0,53.5,"Dallas, Texas",Lake Highlands
2026,Annaleise Sevier,OH,Abilene Christian,12,31,49,25,150,0.160,2,0,0,17,9,0,9,1,0,53.5,"Aubrey, Texas",Aubrey HS
2026,Peyton Devlin,OH,Northern Ariz.,9,21,48,25,146,0.158,2,3,10,37,4,1,3,0,0,53.5,"Queen Creek, Ariz.",ALA Queen Creek
2026,Lindy Radaszewski,MH,Miami (OH),7,25,39,11,72,0.389,0,5,12,16,16,3,13,2,0,53.5,"Cincinnati, Ohio",Ursuline Academy
2026,Abby Edwards,S,Siena,18,65,24,11,82,0.159,486,23,20,126,11,1,10,2,0,53.0,"Chapin, SC",Chapin / VCU / West Georgia (Stars Volleyball)
2026,Kenna Phelan,S,Illinois,16,55,30,7,75,0.307,571,14,14,135,16,2,14,6,2,53.0,"Fayetteville, Ark.",
2026,Kassie O'Brien,S,Kentucky,14,50,22,3,53,0.358,587,15,17,87,31,1,30,1,0,53.0,"Katy, Texas",tiktok
2026,Lila Britt,MB,IU Indy,14,42,39,19,103,0.194,0,0,1,8,22,6,16,3,0,53.0,"Bowling Green, Ky.",South Warren
2026,Keira Schmidt,MB,Marquette,13,44,35,12,93,0.247,3,2,3,10,28,4,24,1,0,53.0,"Eagan, MN",
2026,Macie Lupkes,MB,Iowa St.,13,38,28,9,70,0.271,0,2,2,4,41,5,36,0,0,53.0,"Cedar Rapids, Iowa",Xavier
2026,Phoenix Fogel,MB,ETSU,12,41,44,25,113,0.168,2,0,0,8,15,3,12,4,1,53.0,"Kansas City, Mo.",
2026,Jakayla Brown,MB,Niagara,12,35,30,9,79,0.266,2,0,1,9,35,11,24,1,0,53.0,"North Tonawanda, NY",North Tonawanda
2026,Adriana Dorn,S,Nevada,11,46,28,8,81,0.247,385,19,22,94,9,3,6,2,3,53.0,"Ripon, Calif.",Ripon High School
2026,Cara Lewandowski,OH,Bryant,15,35,50,34,167,0.096,2,0,0,12,4,1,3,1,1,52.5,,
2026,De'Andrea McMillian,MB,TCU,14,42,22,10,53,0.226,1,0,0,9,52,9,43,1,0,52.5,"Mansfield, Texas",Lake Ridge HS
2026,Ngozi Nwosu,MB,Ark.-Pine Bluff,13,36,42,37,153,0.033,3,3,7,25,13,2,11,3,0,52.5,"Brockton, MA",Brockton HS
2026,Laila Glover,OPP,Winthrop,9,30,48,21,137,0.197,0,0,0,8,8,1,7,3,0,52.5,"Bear, DE",Caravel Academy
2026,Logan Wiley,MB,Miami (FL),9,29,40,11,73,0.397,8,0,1,7,22,3,19,1,1,52.5,"Alpharetta, Ga.",Alpharetta HS
2026,Chloe Morgan,,Loyola Chicago,8,23,33,10,65,0.354,0,2,1,13,31,4,27,0,0,52.5,"Mont Belvieu, Texas",Barbers Hill
2026,Carsyn Kelley,S,Evansville,17,66,19,6,97,0.134,570,19,17,151,28,0,28,5,0,52.0,"Bettendorf, Iowa",
2026,Catori Crawford,OPP,Norfolk St.,14,51,39,35,159,0.025,2,5,4,44,14,2,12,1,0,52.0,"Midlothian, Va.",
2026,Madyn Cervellera,OH,Washington St.,13,35,43,35,165,0.048,1,3,9,39,9,3,6,1,0,52.0,,
2026,Brianna Washington,MH,Clemson,12,41,35,20,105,0.143,1,5,14,8,18,6,12,2,0,52.0,,
2026,Julia Kakkis,S,Brown,11,45,39,6,76,0.434,379,2,5,68,22,0,22,1,1,52.0,,
2026,Anna Boatner,MB,Saint Louis,11,41,37,12,97,0.258,2,0,0,5,24,6,18,4,0,52.0,"Keller, Texas",Keller High School
2026,Marichka Hoshylyk,OH,Iowa,18,68,37,23,153,0.092,11,12,20,153,5,0,5,0,0,51.5,"Novyi Rozdil, Ukraine",Lyceum of Informational Technologies
2026,Meredith Keefer,OPP,UNCW,13,30,46,30,143,0.112,1,1,2,16,7,2,5,1,0,51.5,"Hanover, Pa.",Delone Catholic
2026,Ella Thompson,OH,Miami (FL),9,26,45,27,161,0.112,3,3,5,26,7,0,7,5,0,51.5,"Vancouver, Wa.",Camas GS/Athena Volleyball Academy
2026,Taylor Gaines,OH,Louisiana,9,24,45,22,116,0.198,3,0,1,6,13,0,13,3,0,51.5,"Liberty Hill, Texas",
2026,Klara Jadwiga Olszewska,S,Quinnipiac,14,46,22,7,70,0.214,355,16,13,94,24,2,22,5,1,51.0,,
2026,Italia Bernal,S,Cal St. Fullerton,13,47,25,14,98,0.112,350,21,22,105,10,0,10,0,2,51.0,"Mexicali, Mex.",Preparatoria 16 de Septiembre
2026,Mija Jegers,OH,Iona,13,33,48,37,210,0.052,4,0,8,71,6,0,6,1,1,51.0,"Lincolnshire, IL",Stevenson
2026,Aliyah Spencer,,Texas Southern,13,32,33,13,70,0.286,4,9,7,14,15,3,12,2,0,51.0,"Corona, Calif.",
2026,Emory Brosnahan,RS,St. Thomas (MN),12,42,45,24,133,0.158,2,3,4,8,5,1,4,3,0,51.0,,
2026,Virginia Van Der Werff,S,A&M-Corpus Christi,11,38,45,10,97,0.361,202,2,5,24,7,1,6,0,0,51.0,"Lansing, Kansas",Lansing HS
2026,Ariana Rodriguez,S,Miami (FL),11,36,25,6,61,0.311,314,17,22,82,18,0,18,1,0,51.0,"New York, N.Y.",Poly Prep Country Day School
2026,Avery Stones,OH,Kansas St.,11,30,47,23,147,0.163,0,0,0,9,7,1,6,1,0,51.0,"Queen Creek, Ariz.",Perry
2026,Bella Pons,MB,Mercer,10,28,43,12,100,0.310,1,0,0,3,14,2,12,1,0,51.0,"West Palm Beach, Fla.",The King's Academy
2026,Kinslee McGowan,S,North Ala.,18,59,34,8,107,0.243,616,9,20,176,14,1,13,6,3,50.5,"Cleveland, Tenn.",Cleveland HS
2026,Jaliyah Cohnes,OH,Central Mich.,16,38,45,28,166,0.102,0,3,3,34,4,1,3,0,2,50.5,"Tampa, Fla.",Plant HS
2026,Fiona Cooper,S,Cleveland St.,15,55,19,14,78,0.064,488,21,30,99,19,2,17,3,2,50.5,,
2026,Taylor McDonald,OH,Montana St.,15,48,35,23,128,0.094,3,7,13,62,16,1,15,5,0,50.5,"Valley Center, KS",Valley Center HS
2026,Mia Hazelett,MB,George Mason,14,49,22,6,51,0.314,5,16,29,18,21,4,17,1,0,50.5,"Apex, N.C.",Apex
2026,Fallon Stewart,OH,UCF,13,48,43,20,112,0.205,14,5,29,57,3,2,1,2,1,50.5,"Winter Park, Fla.",Winter Park
2026,Gentry Brown,OH,Ohio,13,40,36,23,110,0.118,18,11,14,70,6,1,5,1,0,50.5,"Shadyside, Ohio",Shadyside
2026,Finley Krystkowiak,OH,Penn St.,12,27,45,38,129,0.054,1,0,4,13,10,1,9,0,0,50.5,"San Diego, Calif.",Torrey Pines
2026,Daja Warren,MB,N.C. A&T,11,30,41,13,96,0.292,0,0,3,6,13,6,7,2,0,50.5,"Ft. Washington, MD",Eleanor Roosevelt
2026,Lucy Slavik,MB,Gonzaga,10,36,40,4,75,0.480,2,0,0,3,21,0,21,3,1,50.5,"Seattle, Wash.",Bishop Blanchet HS
2026,Ava Frerman,OH,LSU New Orleans,9,28,41,31,169,0.059,9,8,3,77,3,0,3,1,0,50.5,"Mandeville, La.",
2026,Isabella Padilla,S,Nicholls,17,67,28,5,88,0.261,453,17,32,129,9,1,8,1,1,50.0,"Medellin, Colombia",Salazar y Herrera
2026,Nora Waddoups,S,Idaho St.,17,56,32,0,71,0.451,351,10,9,142,13,3,10,0,0,50.0,"Rexburg, ID",
2026,Reagan Robinson,L/DS,Southern U.,16,57,38,26,182,0.066,11,10,16,128,3,1,2,0,0,50.0,"Lacombe, La.",Slidell HS
2026,Ava Garner,MB,Kennesaw St.,16,42,37,23,117,0.120,7,5,20,17,16,0,16,1,1,50.0,"Acworth, Ga.",North Cobb Christian HS
2026,Addisyn Pohl,MB,Illinois St.,13,34,32,24,97,0.082,1,0,0,5,27,9,18,2,0,50.0,"Waddell, Ariz.",Shadow Ridge HS / Houston
2026,Ava Anderson,MB,Mississippi St.,12,27,35,11,75,0.320,4,3,0,5,21,3,18,1,0,50.0,,
2026,Isabel Smart,OPP,Fresno St.,11,41,36,21,102,0.147,1,0,0,24,23,5,18,2,0,50.0,"Truckee, Calif.",
2026,Bella Potempa,OH,Tennessee Tech,11,33,41,24,123,0.138,2,6,10,53,6,0,6,0,0,50.0,,
2026,Rebekah Buchholz,MB,Furman,10,36,26,12,74,0.189,4,7,20,8,31,3,28,5,1,50.0,"Lancaster, Ky.",West Jessamine
2026,Quinlan Jones,OH,Denver,10,22,45,25,126,0.159,2,0,5,19,8,2,6,0,0,50.0,"Santa Clara, California",Notre Dame H.S.
2026,Amelie Shalfoon,RS,Nicholls,8,27,42,15,102,0.265,0,0,0,5,14,2,12,1,0,50.0,New Zealand,
2026,Weronika Urbanska,OH,Old Dominion,8,23,46,22,134,0.179,2,1,1,27,6,0,6,1,0,50.0,,
2026,Alexis Burton,OH,Alcorn,14,41,43,38,158,0.032,3,0,6,25,13,0,13,0,0,49.5,"Bryan, Texas",Bryan HS
2026,Maizy Agnello,OH,Missouri,14,33,42,21,123,0.171,4,3,4,26,7,2,5,0,0,49.5,"Crystal Lake, Ill.",Prairie Ridge
2026,Karsyn Harris,OH,Manhattan,14,28,46,26,130,0.154,2,2,3,41,3,0,3,0,0,49.5,"Gilbert, AZ",Hamilton
2026,Sarah Dibbs-Frantz,MB,VCU,8,28,35,15,104,0.192,0,1,5,6,24,3,21,0,0,49.5,"Tampa, Fla.",
2026,Kenzie Dean,OH,Kansas,5,20,45,16,116,0.250,1,0,0,6,8,1,7,4,0,49.5,,
2026,Izzy Starck,S,Pittsburgh,15,49,21,5,47,0.340,529,9,14,124,38,0,38,2,1,49.0,"Viera, Fla.",Viera HS
2026,Sydney Yohe,MB,A&M-Corpus Christi,15,43,36,22,127,0.110,2,3,4,21,14,6,8,0,1,49.0,"Austin, TX",Westlake HS
2026,Norielle Battle,OH,Southern U.,13,37,37,27,118,0.085,1,3,1,8,18,0,18,1,0,49.0,"Gilbert, Ariz.",Hamilton HS
2026,Allie Paulsen,MB,Wichita St.,13,36,39,12,94,0.287,1,0,0,4,20,0,20,1,0,49.0,"Wichita, Kan.",Andover Central HS
2026,Nina Edwards,MB,East Carolina,13,30,35,8,76,0.355,1,0,0,3,25,3,22,4,0,49.0,"Matthews, N.C.",Levine Middle College High School
2026,Aneta Valentova,MB,Ohio St.,12,32,36,20,91,0.176,2,0,1,6,25,1,24,0,0,49.0,,
2026,Breelyn Bender,MB,Army West Point,11,33,33,15,103,0.175,2,0,0,15,29,3,26,2,0,49.0,"Nazareth, Pa.",Nazareth Area
2026,Sydney Maue,OH,Kansas St.,10,33,45,22,106,0.217,0,0,0,13,8,0,8,1,0,49.0,"Walker, Iowa",Mount Vernon
2026,Hanna Labanowska,OH,Seton Hall,7,18,42,15,148,0.182,4,3,7,37,7,1,6,1,0,49.0,,
2026,Madeleine Bush,MB,Duquesne,16,44,25,7,66,0.273,0,0,0,6,43,4,39,9,0,48.5,,
2026,Kennedi Inman,S,Delaware,14,53,26,13,77,0.169,528,13,16,110,18,1,17,2,4,48.5,"Aubrey, Texas",
2026,Jenna Ylivainio,S,Colorado,14,52,21,11,72,0.139,506,8,13,99,36,3,33,3,0,48.5,,
2026,Ninah Miranda,OH,IU Indy,14,50,46,34,156,0.077,11,1,6,70,3,0,3,0,0,48.5,"Lebanon, Ohio",Lebanon
2026,Caroline Wright,MB,DePaul,9,32,35,18,87,0.195,2,1,1,5,24,1,23,0,0,48.5,"Chicago, Ill.",Northside College Prep
2026,Janaya Weitkemper,MB,Wichita St.,9,25,43,18,107,0.234,0,0,0,9,10,1,9,0,0,48.5,"Columbia, Mo.",Battle HS
2026,Lannah Price,OH,VCU,8,26,40,35,177,0.028,2,5,2,45,6,1,5,2,2,48.5,"Four Oaks, N.C.",
2026,Sadie White,S,Saint Mary's (CA),16,58,28,3,67,0.373,433,13,20,107,12,2,10,4,1,48.0,"Herriman, Utah",Mountain Ridge
2026,Alexis Haury,S,Cal Poly,14,51,18,1,35,0.486,509,21,11,109,18,0,18,2,2,48.0,,
2026,Talibah Hamlett,OPP,Bethune-Cookman,13,32,26,7,72,0.264,1,0,0,9,32,12,20,3,0,48.0,"Arima, Trinidad & Tobago",St. James Secondary School
2026,Annabelle Svenson,MB,Stonehill,12,32,41,18,106,0.217,1,0,1,8,12,2,10,0,1,48.0,,
2026,Emma Duffield,OH,Col. of Charleston,11,29,41,12,115,0.252,4,2,1,24,9,1,8,1,0,48.0,"Atlanta, Ga.",The Lovett School
2026,Peyton Bitter,OH,Fresno St.,9,30,41,21,110,0.182,1,0,0,9,12,2,10,1,0,48.0,"Fresno, Calif.",
2026,Natalie Ptacek,RS,Kansas City,9,30,39,21,142,0.127,3,0,0,7,18,0,18,1,0,48.0,"Prescott, Wis.",Prescott HS
2026,Shayla Henry,OH,UMES,9,29,40,25,148,0.101,0,5,4,10,6,0,6,1,0,48.0,,
2026,Taylor Knuth,MB,Indiana St.,9,26,45,23,107,0.206,2,0,0,8,6,0,6,1,0,48.0,"Glenview, Ill.",Glenbrook South
2026,Elani Ratchkovska,MB,LSU New Orleans,9,25,42,16,131,0.198,0,0,0,7,12,0,12,0,0,48.0,"Woodstock, Ga.",
2026,Ana Petrides,MB,UIC,8,22,36,7,83,0.349,0,2,3,6,18,2,16,0,0,48.0,"Park Ridge, Ill.",Maine South
2026,Lolufe Adedeji,MB,Texas A&M,7,21,35,15,72,0.278,1,0,0,5,25,1,24,2,0,48.0,"Edmond, Okla.",
2026,Maiella Blandin,,Merrimack,16,44,37,33,139,0.029,1,0,1,12,20,1,19,1,0,47.5,"Farmington, CT",Tulane University
2026,Gia McGrew,OH,Charlotte,15,40,39,25,195,0.072,1,0,1,25,14,3,11,2,0,47.5,"Gainesville, Fla.",Santa Fe
2026,Kelis Hawkins,MB,Wake Forest,13,34,35,15,87,0.230,1,0,0,4,20,5,15,2,0,47.5,"HOMETOWN
FONTANA, CALIF.",
2026,Kate Maley,OH,Loyola Chicago,12,29,42,14,94,0.298,0,0,0,5,11,0,11,1,0,47.5,"Ann Arbor, Mich.",Skyline
2026,Sophia Oliveira,MB,Fordham,11,35,30,18,89,0.135,2,1,1,8,23,10,13,2,0,47.5,"Pompano Beach, Fla.",Boca Raton Community
2026,Vani Tatoulian,MB,UC Irvine,9,30,34,15,95,0.200,0,0,0,4,24,3,21,3,0,47.5,,
2026,Katherine St. John,OH,Southeast Mo. St.,8,22,41,20,107,0.196,0,0,0,6,11,2,9,0,0,47.5,,
2026,Grace Egan,OH,Wisconsin,4,15,37,14,95,0.242,7,9,12,38,3,0,3,0,1,47.5,"Sterling, Ill.",Sterling High School
2026,Briana Binagi,OH,Binghamton,14,53,20,12,91,0.088,6,23,16,98,7,1,6,0,0,47.0,"Pewaukee, Wis.",Kettle Moraine
2026,Quincey McCoy,MB,Oral Roberts,14,51,31,16,103,0.146,6,0,3,17,28,4,24,1,0,47.0,"Aurora, CO",
2026,Grace Bach,MB,Southern Ind.,14,50,30,19,110,0.100,0,0,0,8,33,1,32,3,0,47.0,"Elgin, Illinois",South Elgin
2026,Soraya Teston,OH,Stetson,13,38,40,19,139,0.151,0,0,0,10,12,2,10,2,0,47.0,"Orlando, Fla.",East River High School
2026,Olivia Beaudrie,OH,Eastern Mich.,13,37,31,34,148,-0.020,8,13,22,77,5,1,4,0,0,47.0,,
2026,Derin Nur Aydin,MB,LSU New Orleans,13,34,24,4,65,0.308,6,8,5,14,25,5,20,1,0,47.0,"Istanbul, Türkiye",
2026,Hannah Koester,OH,Pacific,11,31,38,27,133,0.083,0,5,7,25,7,1,6,5,0,47.0,,
2026,Zariah Crosby,MB,Cal St. Fullerton,11,30,31,22,94,0.096,2,0,1,5,24,8,16,4,0,47.0,"Glendora, Calif.",Diamond Bar HS
2026,Madyson McCarthy,OH,Lipscomb,7,26,42,17,117,0.214,4,2,3,40,4,2,2,0,0,47.0,"San Diego, Calif.",Cathedral Catholic
2026,Soheila Cirelli,OH,St. John's (NY),16,33,39,25,96,0.146,0,2,4,11,10,1,9,3,0,46.5,,
2026,Heloise Soares,S,Georgia Tech,15,54,15,4,45,0.244,556,19,14,112,25,0,25,2,1,46.5,"Joinville, Brazil",Centro Educacional da Lagoa
2026,Kylie Munday,S,San Diego,14,52,20,7,64,0.203,520,14,23,147,25,0,25,1,0,46.5,"Post Falls, ID",Post Falls High School
2026,Reese Messer,S,Kansas,13,44,31,5,85,0.306,460,7,11,96,16,1,15,0,0,46.5,,
2026,Gina Fedrigo,OPP,FIU,12,26,33,18,96,0.156,1,0,0,7,23,4,19,0,0,46.5,"Macomb, Mich.",Eisenhower
2026,Makinsey Jones,MB,UTSA,11,37,33,17,100,0.160,1,4,4,10,19,0,19,3,0,46.5,,
2026,Tireh Smith,RS,LSU,11,33,35,24,129,0.085,4,0,0,9,22,1,21,3,0,46.5,,
2026,Haley Reeves,OH,Ark.-Pine Bluff,10,33,39,33,157,0.038,5,2,3,69,10,1,9,2,0,46.5,"Mansfield, TX",Mansfield Lake Ridge HS
2026,Azoria Davis,OH,Canisius,10,30,45,18,135,0.200,2,1,5,40,1,0,1,0,0,46.5,"League City, Texas",Clear Springs
2026,Sophie Skidmore,OH,Cleveland St.,10,23,44,23,142,0.148,0,0,0,11,4,1,3,1,0,46.5,,
2026,Maria Splawska,MB,Colorado,9,32,28,6,55,0.400,3,0,0,8,36,1,35,0,1,46.5,,
2026,Grace Lopez,OH,Wisconsin,9,30,40,16,104,0.231,1,3,12,41,7,0,7,1,0,46.5,"Aguada, Puerto Rico",Froebel Bilingual School
2026,Carys Kerr,OH,Marshall,9,24,43,14,116,0.250,1,0,1,2,6,1,5,1,1,46.5,"Cary, N.C.",Apex HS
2026,Maddy Bowser,MB,Vanderbilt,9,22,40,6,82,0.415,0,0,0,3,13,0,13,2,0,46.5,,
2026,Anna Ofenheusle,OH,Kennesaw St.,8,30,38,26,135,0.089,2,5,6,26,7,0,7,1,0,46.5,"Lebanon, Tenn.",Friendship Christian School
2026,Kyra Dove,MB,Jackson St.,8,20,35,12,61,0.377,1,0,0,5,20,3,17,1,0,46.5,"Pflugerville, TX",Hendrickson HS
2026,Angie Desamours,OH,Notre Dame,7,22,44,21,113,0.204,0,0,0,8,3,2,1,2,0,46.5,,
2026,Taylor Williams,OH,Duke,4,15,35,9,94,0.277,4,9,1,25,5,0,5,0,0,46.5,"Mountain View, Calif.",Saint Francis
2026,Ivona Lazovic,S,FIU,17,63,18,5,51,0.255,373,27,22,123,2,0,2,0,1,46.0,"Cacak, Serbia",Gimnazija Branko Radicevic
2026,Ava Hight,S,A&M-Corpus Christi,16,55,35,7,91,0.308,327,8,15,63,5,1,4,1,0,46.0,"Liberty Hill, TX",Liberty Hill HS
2026,Jacqueline Corcoran,OH,New Mexico St.,16,46,39,24,135,0.111,3,4,10,41,6,0,6,3,0,46.0,"Wichita, Kan.",Circle HS
2026,Aaliyah Brown,MB,Texas Southern,15,39,28,21,100,0.070,4,3,1,17,28,2,26,0,0,46.0,"Dacula, Ga.",
2026,Jade Smith,MB,Prairie View,13,36,29,14,57,0.263,1,1,6,5,28,4,24,2,0,46.0,"Ruston, Louisiana",
2026,Izabela Molina,MB,Denver,13,30,34,16,90,0.200,3,0,0,14,22,2,20,2,0,46.0,"Miami, Florida",Doral Academy Charter H.S.
2026,Anaya Rawlinson,MB,Eastern Ill.,12,35,36,21,116,0.129,0,0,0,8,17,3,14,3,0,46.0,"Whitby, Ont., Canada",Sinclair Secondary School
2026,Elinor Engel,MB,Wichita St.,12,28,37,27,125,0.080,0,2,3,9,14,0,14,3,0,46.0,"Shawnee, Kan.",Shawnee Mission Northwest HS
2026,Grace Larrivee,MB,UMBC,11,44,29,8,70,0.300,4,3,8,11,28,0,28,8,0,46.0,"Emmitsburg, MD",Grace Academy / Oral Roberts
2026,Payton Melin,OPP,Mercyhurst,11,38,38,23,132,0.114,3,0,0,17,13,3,10,1,0,46.0,"San Antonio, Texas",Claudia Taylor Johnson
2026,Audrey Dyas,MB,Toledo,10,27,34,11,85,0.271,1,2,9,8,17,3,14,1,0,46.0,"Lakeside Park, Ky.",Notre Dame Academy
2026,Mikayla Miessler,OH,Mercer,9,25,42,21,107,0.196,2,2,3,13,4,0,4,0,0,46.0,"Oviedo, Fla.",Paul J. Hagerty High School
2026,Ellie Stiernagle,S,Northwestern,15,55,26,9,81,0.210,540,10,11,115,18,1,17,0,0,45.5,"Wheaton, Ill.",Benet Academy
2026,Alayah Wilson,OH,Southern U.,15,40,41,29,131,0.092,0,1,3,10,7,0,7,1,1,45.5,"Rockwall, Texas",Rockwall HS
2026,Harmony Jackson,OH,McNeese,14,34,41,32,138,0.065,1,0,3,17,8,1,7,1,0,45.5,"Oxford, Miss.",Lafayette High (Miss.)
2026,Kylie Cackovic,OH,Northern Colo.,13,38,38,25,142,0.092,2,1,1,17,10,3,7,1,0,45.5,"Raleigh, N.C",Holly Springs HS
2026,Tabitha Newlin,OH,N.C. Central,13,33,33,14,101,0.188,1,9,11,38,5,2,3,1,0,45.5,"Fayetteville, N.C.",
2026,Avery Van Hook,S,South Dakota,12,42,34,14,102,0.196,440,6,18,156,10,1,9,4,0,45.5,"Marion, Iowa",Marion HS
2026,Elle Vandeweghe,MB,SMU,12,37,31,20,78,0.141,1,3,11,10,23,0,23,1,1,45.5,"Manhattan Beach, Calif.",Marymount HS
2026,Brooke Elliott,OPP,UTSA,11,30,38,11,92,0.293,2,0,0,11,15,0,15,2,0,45.5,,
2026,Kami Stover,RS,Milwaukee,9,28,40,20,109,0.183,1,0,1,6,11,0,11,0,0,45.5,"Centerburg, Ohio",Marengo Highland
2026,Aubrey Fair,OH,Southern Ind.,8,25,42,23,110,0.173,4,2,2,20,3,0,3,0,0,45.5,"Bloomington, Ill.",Bloomington Central Catholic
2026,Elise Hiemstra,OH,Columbia,5,15,43,16,99,0.273,2,1,2,12,2,1,1,0,0,45.5,"Birmingham, Mich.",Detroit Country Day School
2026,Ella Duong,OH,Campbell,15,57,31,19,129,0.093,11,12,8,87,3,1,2,1,0,45.0,"Hillsborough, Calif.",Burlingame
2026,Carly Thomas,S,Rhode Island,14,50,29,8,67,0.313,264,13,6,65,6,0,6,1,0,45.0,"Kingwood, Texas",Kingwood
2026,Olivia Bartrina,OH,LSU New Orleans,14,35,40,20,167,0.120,3,4,1,56,2,0,2,2,0,45.0,"Barcelona, Spain",
2026,Marina Vosloo,MB,Arizona,14,35,28,12,77,0.208,3,6,7,12,19,3,16,0,0,45.0,"San Diego, Calif.",Torrey Pines H.S.
2026,Alexis Maesch,RS,Gardner-Webb,12,37,40,21,127,0.150,2,0,0,17,8,2,6,0,0,45.0,"Avon, Ind.",Avon HS
2026,Romi Chlebecek,OH,Denver,11,27,42,22,115,0.174,0,0,1,4,6,0,6,0,0,45.0,"Lakeville, Minnesota",Lakeville H.S.
2026,Myracle Davis,MB,Delaware St.,10,33,26,11,66,0.227,2,7,15,19,20,4,16,2,0,45.0,"Kings Mountain, NC",Kings Mountain HS
2026,Lucy Tricco,S,UT Arlington,9,37,25,6,45,0.422,206,8,11,40,23,1,22,2,0,45.0,"Aurora, Colorado",Regis Jesuit HS
2026,Sarah Hom,OH,Princeton,6,20,39,16,106,0.217,3,3,7,24,6,0,6,0,0,45.0,"Torrance, Calif. / South Torrance",
2026,Anezka Ourednikova,S,West Ga.,17,65,20,12,85,0.094,490,17,22,129,13,2,11,0,0,44.5,,
2026,Ashley Reynolds,S,Chattanooga,17,65,24,7,81,0.210,409,14,13,136,13,0,13,2,0,44.5,"Sarasota, Fla.",Venice High School/Pine View High School
2026,Kamryn Scroggins,S,UNLV,16,61,26,8,77,0.234,412,14,18,149,8,1,7,0,1,44.5,"Pearland, Texas",Glenda Dawson HS
2026,Reese Booth,S,UNI,16,56,22,8,89,0.157,570,18,19,208,8,1,7,2,0,44.5,"Omaha, Neb.",Elkhorn North HS
2026,Caroline Macander,S,Middle Tenn.,13,46,21,3,69,0.261,408,14,9,103,18,1,17,1,0,44.5,"Chicago, Ill.",Mother McAuley HS
2026,Nina Salas,OH,Le Moyne,13,37,33,28,139,0.036,2,10,10,58,3,0,3,1,0,44.5,"Austin, Texas",McNeil
2026,Lilly Sullivan,MH,UNCW,12,28,42,20,116,0.190,1,0,1,5,4,1,3,0,0,44.5,"Hanover, Pa.",South Western
2026,Briana Ellis,MB,Norfolk St.,11,39,17,12,58,0.086,2,17,20,8,16,5,11,1,0,44.5,"King George, Va.",
2026,Tyrah Weems,MH,Morgan St.,10,32,42,31,116,0.095,2,0,0,8,4,1,3,0,0,44.5,"Hampton Roads, Va.",Poquoson High School
2026,Alexis Williams,MB,Alabama St.,10,31,38,23,123,0.122,1,0,0,15,11,2,9,0,0,44.5,"Lawton, Okla.",MacArthur HS
2026,Isabelle Poehlein,OPP,Boston College,10,28,39,20,105,0.181,0,0,0,12,11,0,11,0,0,44.5,"Zionsville, Ind.",Zionsville Community
2026,Hailey Pearce,RS,North Carolina,8,22,39,13,102,0.255,3,1,6,18,9,0,9,0,0,44.5,"Charlotte, N.C.",Sun Valley
2026,Maddie Hagan,RS,Bellarmine,7,26,40,12,124,0.226,0,0,1,12,9,0,9,1,0,44.5,"Louisville, KY",Mercy
2026,Kenlee Barnard,S,Robert Morris,17,64,19,9,82,0.122,616,13,15,156,23,1,22,8,0,44.0,"Evansville, Ind.",Evansville North
2026,Jaleah Bauss,S,Western Ill.,14,46,24,7,55,0.309,216,19,25,71,2,0,2,1,0,44.0,"Frisco, TX",Wakeland HS
2026,Leila Hargrove,OH,Bethune-Cookman,14,43,36,30,136,0.044,2,0,0,11,12,4,8,0,0,44.0,"Columbia, SC",
2026,Surima Akat,OH,Charleston So.,13,35,38,20,132,0.136,1,1,2,18,10,0,10,1,1,44.0,"Istanbul, Turkey",Irmak Schools
2026,McKenna Melton,OH,Rhode Island,12,32,38,14,103,0.233,1,0,0,15,10,2,8,0,1,44.0,"Bellbrook, Ohio",Bellville (Marshall)
2026,Jazmin Rodriguez,OH,Le Moyne,12,28,41,42,153,-0.007,0,2,1,6,2,0,2,2,0,44.0,"Madera, Calif.",Madera
2026,Lexi Thatcher,S,Winthrop,11,42,27,7,94,0.213,434,6,12,120,22,0,22,0,1,44.0,"Indianapolis, IN",Bishop Chatard
2026,Bailey Hollis,S,Grambling,11,30,32,17,97,0.155,15,1,3,15,19,3,16,0,0,44.0,"Windermere, FL",
2026,Aubrey Baker,OH,Rider,10,24,39,33,145,0.041,0,0,2,23,10,0,10,1,0,44.0,"Vestal, NY",Vestal
2026,Carlota Mora,OH,Southern Ill.,7,26,35,29,119,0.050,2,5,4,50,7,1,6,1,0,44.0,"Madrid, Spain",IES Isaac Albeniz
2026,Maria Happ,MB,Columbia,5,19,32,9,67,0.343,6,0,0,8,20,4,16,3,0,44.0,"St. Petersburg, Fla.",Shorecrest Preparatory School
2026,Megan Grose,S,McNeese,16,53,32,4,75,0.373,273,11,5,99,1,0,1,1,0,43.5,"Brighton, Mich.",St. Catherine of Siena Academy
2026,Emilia Graham,MB,Cal St. Fullerton,15,47,15,8,84,0.083,6,7,8,28,36,7,29,3,0,43.5,"Yucaipa, Calif.",Yucaipa HS
2026,Bree Carson,OH,Utah Valley,15,30,40,41,145,-0.007,1,0,0,12,7,0,7,1,0,43.5,"Aliso Viejo, Calif.",Aliso Niguel HS
2026,Julia Kellner,MB,Milwaukee,14,49,27,25,114,0.018,2,0,0,11,32,1,31,3,0,43.5,"Racine, Wis.",Racine Lutheran
2026,Katelyn Landis,MB,Denver,12,34,29,9,80,0.250,2,0,0,3,28,1,27,5,0,43.5,"Winter Garden, Florida","West Orange, H.S."
2026,Alivia Freeman,MH,South Alabama,11,24,37,14,67,0.343,0,1,6,2,10,1,9,0,0,43.5,"Enterprise, Ala.",
2026,Christa Wilburn,OH,SMU,10,30,32,10,82,0.268,7,7,23,29,8,1,7,1,0,43.5,"Dripping Springs, Texas",Dripping Springs HS
2026,Irmak Makasci,OH,Dartmouth,7,21,27,13,86,0.163,7,9,13,40,13,2,11,4,1,43.5,,
2026,Jorah Rutter,S,Eastern Ill.,7,19,39,13,110,0.236,1,1,3,14,7,0,7,0,0,43.5,"Pingree Grove, Ill.",Hampshire
2026,Juleigh Urbina,S,Georgetown,15,52,14,7,71,0.099,424,21,33,114,15,1,14,5,0,43.0,"Lakeland, Fla.",McKeel Academy
2026,Kierstin Bevelle,OH,Fla. Atlantic,14,37,36,26,104,0.096,7,5,5,48,4,0,4,2,0,43.0,"Orlando, Fla.",Lake Highland Prep
2026,Tiana Stubbs,MB,Howard,14,35,34,17,80,0.213,1,0,0,4,15,3,12,0,0,43.0,"Fredericksburg, VA",Chancellor HS
2026,Avrey Rigney,OH,Kent St.,7,21,38,36,122,0.016,3,2,11,33,6,0,6,1,0,43.0,"Richmond, Ky.",Madison Central
2026,Lillian Lansing,OH,Portland,4,17,35,12,87,0.264,4,6,7,25,3,1,2,0,0,43.0,"Portland, Ore.",Jesuit HS / UC Irvine
2026,Jasmine Mataira,S,Norfolk St.,16,61,20,4,85,0.188,319,19,16,83,6,1,5,0,2,42.5,"Hauula, Hawai'i",
2026,Ava Cheney,S,George Mason,15,52,18,1,54,0.315,487,10,13,80,28,1,27,1,0,42.5,"Tuscon, Ariz.",Tanque Verde
2026,Addy Bianchini,S,UAlbany,14,43,27,6,82,0.256,307,4,11,104,22,1,21,3,0,42.5,"Mason, Ohio",William Mason
2026,Sasha Pellettieri,OH,UIC,14,29,31,16,92,0.163,3,0,0,13,20,3,17,0,0,42.5,"Buenos Aires, Argentina",Instituto San Jose de Villa del Parque
2026,McKenzie Charles,RS,Alabama A&M,11,28,39,21,104,0.173,1,0,0,8,7,0,7,3,0,42.5,"Dallas, Texas",
2026,Olivia Heitkamp,OH,Toledo,9,22,42,15,99,0.273,1,0,0,8,1,0,1,0,0,42.5,"New Bremen, Ohio",New Bremen
2026,Libby Ryan,OH,Oral Roberts,9,20,39,23,119,0.134,1,0,1,14,7,0,7,0,0,42.5,"Evansville, IN",
2026,Paige Smith,RS,Southeast Mo. St.,8,24,36,20,86,0.186,1,0,0,9,11,2,9,0,1,42.5,"DeSoto, Texas",DeSoto HS
2026,Sandrea Thomas,MB,UC Santa Barbara,7,24,28,3,53,0.472,2,3,4,15,15,8,7,2,0,42.5,"San Jose, Calif.",Archbishop Mitty HS
2026,Courtney Nix,L/DS,Delaware St.,17,59,9,7,56,0.036,57,33,20,208,0,0,0,0,2,42.0,"Harrisburg, NC",Cannon School
2026,Ella Coleman,OH,Wofford,16,61,26,17,141,0.064,10,12,32,156,6,2,4,2,0,42.0,"Boerne, Texas",Boerne Samuel V. Champion
2026,Elle Mottola,S,Arizona St.,14,47,24,7,65,0.262,358,5,9,89,26,0,26,4,0,42.0,,
2026,Laney Blevins,MB,Boston College,14,41,32,29,114,0.026,3,0,0,10,20,0,20,7,0,42.0,"Kernersville, N.C.",East Forsyth High School
2026,Emilia Zug,OH,Southern Utah,12,31,38,28,148,0.068,4,1,3,26,5,1,4,0,0,42.0,"Kolobrzeg, Poland",ZS IM.I. Lukasiewicza w Policach
2026,Tuva Falk,MB,Tennessee Tech,11,32,31,21,93,0.108,8,5,6,11,12,0,12,2,0,42.0,,
2026,Juliette D'Eliseo,OH,UC Riverside,10,29,33,13,107,0.187,4,3,2,43,10,2,8,1,0,42.0,"Carlsbad, Calif.",Sage Creek HS
2026,Barbora Rakauskaite,MB,Colorado,10,27,27,9,61,0.295,0,0,0,3,29,1,28,1,0,42.0,,
2026,Sabrina Kinkaid,OH,UAlbany,9,27,36,20,109,0.147,2,0,0,6,12,0,12,0,0,42.0,"Ballston Lake, N.Y.",Shenendehowa
2026,Andjela Sojic,MB,San Francisco,7,23,36,16,98,0.204,1,0,0,8,12,0,12,0,0,42.0,"Belgrade, Serbia",New Mexico Junior College
2026,Karina Mendivil,OH,Air Force,7,20,38,29,163,0.055,0,1,2,38,6,0,6,1,1,42.0,"San Antonio, Texas",
2026,Calia Clubb,OPP,UNI,16,53,34,23,124,0.089,0,0,0,17,14,1,13,5,0,41.5,"Tiffin, Iowa",Clear Creek Amana HS / Illinois State
2026,Mya Ball,S,Loyola Chicago,15,55,7,7,54,0.000,480,26,36,84,17,0,17,0,0,41.5,"Angola, Ind.",Angola
2026,Maddie Stuesser,S,Omaha,14,53,19,5,67,0.209,552,14,22,119,17,0,17,1,0,41.5,"Austin, Texas",Anderson
2026,Sydney Marshall,S,Memphis,13,49,20,14,76,0.079,445,15,9,117,12,1,11,3,0,41.5,"Lake Mary, Fla.",
2026,Mia Saenz,MB,UT Martin,12,29,28,15,81,0.160,1,1,7,12,22,3,19,3,0,41.5,"Lexington, Ky.",Bryan Station HS
2026,Cayley Hanson,S,Mississippi St.,11,37,14,4,41,0.244,374,20,12,86,15,0,15,2,1,41.5,,
2026,Kaitlyn Doyle,OH,Niagara,11,29,33,23,119,0.084,2,7,18,36,3,0,3,0,1,41.5,"Beamsville, Ontario",Eden
2026,Jess Walkenhorst,OPP,Nevada,10,28,36,22,115,0.122,1,0,1,7,9,2,7,3,0,41.5,"West Chester, Ohio",Lakota West HS
2026,Jehireh Williams,MB,SIUE,9,25,30,10,92,0.217,0,0,0,3,20,3,17,2,0,41.5,"East St. Louis, Ill.",
2026,Ava Gronemeyer,OH,UC Irvine,8,26,36,14,91,0.242,3,0,0,7,10,1,9,0,0,41.5,,
2026,Campbell Woods,OPP,Furman,8,25,34,12,102,0.216,3,1,4,19,13,0,13,1,1,41.5,"Glen Allen, Va.",Hanover
2026,Portia Sherman,OH,California,6,23,36,15,112,0.188,3,0,10,22,10,1,9,1,0,41.5,"Goleta, Calif.",Dos Pueblos HS
2026,Tierney Terrell,OH,Nicholls,6,18,34,14,103,0.194,8,4,1,25,7,0,7,0,0,41.5,"Slidell, La.",Northshore HS
2026,Sydnee Carter,S,Louisiana Tech,18,61,20,6,53,0.264,339,20,19,102,1,1,0,0,6,41.0,"Germantown, Tenn.",Houston HS
2026,Brenlin Garlitz,S,Sam Houston,17,62,22,5,48,0.354,330,19,39,116,0,0,0,1,1,41.0,,
2026,Sofia Dawson,S,North Florida,15,59,21,10,88,0.125,580,9,8,108,20,2,18,6,0,41.0,,
2026,Madison Koeller,S,Bryant,15,52,25,5,74,0.270,314,12,13,124,6,2,4,0,1,41.0,,
2026,Delaney Wingenbach,OH,Chattanooga,15,32,33,39,143,-0.042,2,5,11,14,5,1,4,1,0,41.0,"Gainesville, Fla.",Santa Fe High School
2026,Lauren Schloe,MB,Montana St.,12,33,21,10,61,0.180,2,0,0,6,32,8,24,3,3,41.0,"Sauk Rapids, MN",Sauk Rapids HS
2026,Bo Nijenhuis,MB,Syracuse,11,36,29,12,81,0.210,4,0,0,12,20,4,16,3,1,41.0,"Markelo, Netherlands",
2026,Filippa Botcher,MB,California Baptist,10,29,21,11,49,0.204,2,3,9,12,30,4,26,4,0,41.0,"Barcelona, Spain",INS Joaquim Blume High School
2026,Lillian Hamilton,OH,Memphis,9,23,34,17,92,0.185,0,3,2,5,7,1,6,2,0,41.0,"Fort Worth, Texas",Timber Creek HS
2026,Amyra Burchik,OH,Samford,8,23,38,35,136,0.022,0,0,0,14,5,1,4,0,0,41.0,"Lilburn, GA",
2026,Yasemin Elmas,MB,UC San Diego,7,26,26,3,58,0.397,0,4,2,7,18,4,14,3,0,41.0,"Istanbul, Turkey",TED Istanbul College
2026,Ashlyn Schulze,MB,SIUE,7,25,31,12,79,0.241,5,7,6,9,5,1,4,1,1,41.0,"Osceola, Wis.",
2026,Camille Middleton,OH,Prairie View,17,59,34,25,147,0.061,29,5,20,185,3,0,3,0,0,40.5,"Fort Worth, Texas",Boswell High School
2026,Zofia Sykut,S,Fairfield,16,62,15,4,54,0.204,423,21,21,102,9,0,9,1,0,40.5,"Dresden, Germany",Sportgymnasium Dresden
2026,Gwen Adler,S,Seton Hall,16,59,27,6,67,0.313,408,8,18,141,7,4,3,3,1,40.5,"Barrington, Ill.",
2026,Kaitlyn Moran,S,Towson,15,56,14,2,50,0.240,457,22,12,119,9,0,9,0,0,40.5,"Kennesaw, Ga.",Mount Paran Christian School
2026,Dylan Sulcer,L/DS,UT Martin,15,55,27,8,94,0.202,305,6,14,115,15,0,15,0,0,40.5,"Brentwood, Tenn.",Brentwood HS
2026,Elizabeth King,OH,UIC,15,29,32,29,125,0.024,0,2,3,9,13,0,13,1,0,40.5,"Hampshire, Ill.",Hampshire
2026,Abby Julius,OH,Bellarmine,14,54,22,8,55,0.255,2,17,28,17,3,0,3,0,0,40.5,"New Albany, IN",Our Lady of Providence High School
2026,Sydney Austin,MB,UAB,12,40,19,4,54,0.278,2,0,0,16,38,5,33,2,0,40.5,,
2026,Emilija Arsic,OH,Illinois St.,11,24,34,14,103,0.194,4,5,8,48,2,1,1,2,0,40.5,"Belgrade, Serbia",Belgrade Sports Gymnasium / San Francisco
2026,Trixie Carroll,OH,Bradley,10,24,35,29,135,0.044,1,0,0,11,7,4,3,1,0,40.5,,
2026,Polianna Hernandez,OH,Little Rock,10,22,28,18,91,0.110,0,5,4,11,13,2,11,1,0,40.5,"Sao Paulo, Brazil",Sao Paulo HS
2026,Emmi Sellman,OH,Penn St.,9,20,32,10,97,0.227,1,5,5,16,7,0,7,1,0,40.5,"Burtonsville, Md.",Academy of the Holy Cross
2026,Madison Keem,S,Bryant,20,66,24,8,70,0.229,383,13,32,95,5,1,4,1,1,40.0,,
2026,Maddy Frazier,S,Wofford,17,65,19,2,41,0.415,356,21,24,116,0,0,0,0,0,40.0,"Travelers Rest, S.C.",Travelers Rest
2026,Isabella Scarfone,S,FDU,16,54,21,8,79,0.165,309,12,12,126,14,0,14,1,1,40.0,"Scottsdale, Ariz.",Chaparral
2026,Brittany Bacorn,S,Tulsa,15,58,22,7,66,0.227,465,15,21,136,6,0,6,0,0,40.0,"HOMETOWN
KNOXVILLE, IOWA",
2026,Nina Jioshvili-Ravva,S,South Fla.,14,47,18,5,46,0.283,416,9,16,105,24,2,22,8,0,40.0,"La Roquette-sur-Siagne, France",Lycée Polyvalent Bellevue
2026,Beatrice Spada,OPP,Oregon St.,14,44,29,21,93,0.086,2,8,17,30,6,0,6,1,0,40.0,"Verona, Italy",ISS Giuseppe Luigi Lagrange
2026,Cansin Sendir,S,VCU,13,51,22,7,55,0.273,443,11,10,116,14,0,14,1,1,40.0,"Istanbul, Turkey",
2026,Varvara Zvereva,MB,New Hampshire,13,31,26,8,63,0.286,2,1,0,2,21,5,16,0,0,40.0,"Korolev, Russia",The Grammar School Limassol
2026,Rihanna Bryant,MB,Lamar University,10,31,27,15,84,0.143,1,2,4,11,22,0,22,4,0,40.0,"Pflugerville, Texas",Weiss HS
2026,Bryn Shankle,MB,Santa Clara,10,29,27,10,72,0.236,0,0,1,2,26,0,26,3,0,40.0,"Manhattan Beach, Calif.",Mira Costa HS
2026,Gracie Vohs,OH,Idaho St.,9,24,37,19,107,0.168,0,0,1,8,6,0,6,0,0,40.0,"Sisters, OR",
2026,Astrid Puig,OH,Pepperdine,14,31,35,14,94,0.223,0,0,1,7,9,0,9,0,0,39.5,"Lleida, Spain",MCR Premiá d'Alt Maresme
2026,Shanelle Puetz,S,Auburn,13,46,26,8,58,0.310,196,5,10,33,17,0,17,2,0,39.5,,
2026,Sadie Poeck,RS,Wake Forest,13,38,33,13,100,0.200,1,0,1,10,13,0,13,2,0,39.5,"HOMETOWN
ZIONSVILLE, IND.",
2026,Sophia Sparrow,MB,Weber St.,13,36,28,8,57,0.351,1,1,1,5,16,5,11,5,0,39.5,,
2026,Jada Constanza,RS,Jackson St.,13,35,37,34,136,0.022,0,0,0,17,4,1,3,0,0,39.5,"Miami, FL",Mater Lakes Academy
2026,Ella Hale,OH,Queens (NC),12,35,33,19,132,0.106,8,5,0,73,3,0,3,1,0,39.5,"Oklahoma City, Okla.",Mount St. Mary High School
2026,Carissa Young,OPP,Southeastern La.,12,28,33,21,80,0.150,0,1,2,15,11,0,11,0,0,39.5,"League City, Texas",Clear Springs High
2026,Ryea Jackson,MB,Ole Miss,11,32,27,9,65,0.277,3,2,7,8,21,0,21,1,0,39.5,,
2026,Emma Patmon,OH,Delaware St.,7,19,38,15,86,0.267,0,0,2,17,2,1,1,0,0,39.5,"Round Rock, TX",Cedar Ridge HS
2026,Jaida Cekic,OH,Dartmouth,7,18,26,18,77,0.104,4,6,8,28,14,1,13,0,1,39.5,,
2026,Delaney Stern,S,Oakland,16,61,19,5,72,0.194,563,13,7,159,13,1,12,3,0,39.0,"Johnsburg, Ill.",Johnsburg High School
2026,Anna Ray,OH,Jacksonville St.,14,38,27,8,61,0.311,2,0,0,8,19,5,14,1,2,39.0,,
2026,Indira T. Benitez Dumeng,OPP,Saint Peter's,14,32,32,16,134,0.119,4,0,0,25,12,2,10,2,0,39.0,"Carolina, Puerto Rico",Saint Francis School
2026,Chloe Elarton,S,Georgia,13,51,16,4,47,0.255,450,15,12,98,16,0,16,4,0,39.0,"Castle Pines, Colo.",
2026,Kiki Remensperger,S,Arkansas,13,48,13,6,42,0.167,454,11,12,135,25,5,20,5,1,39.0,"San Diego, Calif.",Boise State
2026,Wiktoria Zagumny,S,Old Dominion,12,35,25,3,50,0.440,240,3,10,56,20,2,18,0,2,39.0,,
2026,Mia Jean Claude,OH,Fairfield,11,32,33,21,117,0.103,2,3,1,34,6,0,6,1,0,39.0,"Miami, Fla.",Ransom Everglades
2026,Corinne Howard,OH,Howard,11,23,28,25,91,0.033,0,3,6,15,16,0,16,2,0,39.0,"Derwood, MD",Richard Montgomery HS
2026,Emma MacFerran,MB,ETSU,10,31,31,21,91,0.110,1,0,0,3,14,2,12,1,1,39.0,"Bartlett, Tenn.",
2026,Kyla Coffey,RS,Queens (NC),10,27,32,20,103,0.117,2,2,8,21,10,0,10,1,0,39.0,"Richmond, Va.",Collegiate HS
2026,Reese Resmer,MB,Kansas St.,10,23,26,11,58,0.259,0,0,1,2,21,5,16,1,0,39.0,"Noblesville, Ind.",Noblesville
2026,Gabby Fish,OPP,UIW,9,27,33,19,138,0.101,0,0,0,18,10,2,8,1,0,39.0,,
2026,Haylee Brown,OH,San Diego St.,9,22,37,18,101,0.188,0,0,0,4,4,0,4,0,0,39.0,"Maricopa, Ariz.",Maricopa HS
2026,Marin Collins,OH,Georgia,8,21,29,23,88,0.068,5,7,8,30,5,1,4,1,0,39.0,"Lake View, N.Y.",
2026,Riley Malloy,OH,Southern California,8,19,23,13,73,0.137,0,7,13,14,18,0,18,2,0,39.0,"Austin, Texas",Austin HS
2026,Sara Quigley,S,Wyoming,16,61,25,4,46,0.457,317,13,24,89,1,0,1,0,0,38.5,"McKinney, Texas",McKinney Boyd
2026,Teddy-Raye Ewers,OH,UIW,14,53,33,29,128,0.031,5,2,13,106,6,1,5,0,0,38.5,"Southlake, Texas",Southlake Carroll HS
2026,Cami Christiansen,OPP,UNLV,14,32,36,12,88,0.273,1,0,0,7,4,1,3,1,0,38.5,"Cedar Hills, Utah",Lone Peak HS
2026,Marlena Lee,OH,Campbell,13,30,30,13,78,0.218,1,0,3,9,16,1,15,2,0,38.5,"Aiken, SC",South Aiken
2026,Mckaley Herr,OH,Nevada,12,31,34,33,161,0.006,1,0,3,12,8,1,7,1,0,38.5,"Gilbert, Ariz.",Perry HS
2026,Ava Steffe,OPP,Tulsa,11,29,34,15,89,0.213,0,0,0,5,8,1,7,3,0,38.5,"HOMETOWN
FRISCO, TEXAS",
2026,Natalie Stepanovich,OH,Robert Morris,10,32,30,19,119,0.092,2,7,4,47,2,1,1,0,0,38.5,"Canton, Ohio",Glen Oak
2026,Parker Stearns,OH,Arkansas St.,10,31,34,17,96,0.177,0,0,0,7,9,0,9,7,0,38.5,"Benton, Ark.",Benton HS
2026,Lauren Haynes,OH,Furman,10,23,35,20,134,0.112,3,1,11,55,5,0,5,0,0,38.5,"Smyrna, Ga.",The Walker School
2026,Hannah Wayment,MB,Kansas City,9,29,19,19,90,0.000,0,9,11,7,19,2,17,2,0,38.5,"Henderson, Nev.",Coronado HS
2026,Kealakai Bandy,OH,Army West Point,9,25,33,16,116,0.147,3,1,5,28,8,1,7,1,0,38.5,"Frisco, Texas",Wakeland
2026,Sidney Wright,MB,Illinois St.,9,23,30,6,67,0.358,1,0,0,4,15,2,13,1,0,38.5,"St. Charles, Ill.",St. Charles North HS
2026,Liliana Mechura,MB,Kent St.,9,21,33,11,83,0.265,1,0,1,9,11,0,11,0,0,38.5,"Lakeway, Texas",Lake Travis
2026,Jadyn Livings,OH,SMU,7,19,36,11,66,0.379,0,0,2,6,5,0,5,0,0,38.5,"The Colony, Texas",Prestonwood Christian Academy
2026,Zharia Harris-Waddy,MB,Rutgers,6,19,31,3,49,0.571,0,3,2,2,6,3,3,0,0,38.5,"Lawnside, N.J.",Paul VI
2026,Jordan Smart,S,San Francisco,17,62,18,2,44,0.364,320,19,17,142,1,1,0,0,0,38.0,"Winston-Salem, N.C",James Madison
2026,Daniella Udegbunam,MB,Prairie View,15,42,22,13,57,0.158,1,0,0,8,25,7,18,2,0,38.0,"Lagos, Nigeria | Houston, Texas",
2026,Kristine Bakhad,S,Chicago St.,14,46,29,14,114,0.132,202,4,15,70,9,1,8,0,1,38.0,"San Francisco, Calif.",Encinal HS
2026,Natalie Depaula,RS,Fla. Atlantic,13,32,32,13,85,0.224,0,3,5,13,6,0,6,1,0,38.0,"Boca Raton, Fla.",Boca Raton Community
2026,Alexa Hayes,OPP,North Texas,13,26,32,19,79,0.165,1,0,0,9,12,0,12,0,0,38.0,"Magnolia, Texas / Magnolia West HS",NIU / Tyler Junior College / Lamar
2026,Grace Langer,MB,Notre Dame,11,37,23,9,67,0.209,3,0,0,5,29,1,28,1,0,38.0,,
2026,Elyse Dube,OH,Oral Roberts,11,24,36,30,133,0.045,1,2,3,12,0,0,0,0,0,38.0,"Trumbull, CT",Christian Heritage School
2026,Simone Assasie,MB,George Washington,11,23,29,5,62,0.387,0,0,0,0,15,3,12,1,0,38.0,"Urbana, MD",
2026,Laura Lino dos Santos,OH,Bethune-Cookman,10,26,31,19,118,0.102,1,5,4,47,2,2,0,1,0,38.0,"Natercia, Minas Gerais, Brazil",
2026,Gabby LaPata,OH,VCU,8,25,36,11,111,0.225,2,0,0,22,4,0,4,0,0,38.0,"Charlotte, N.C.",
2026,Mya Smith,RS,N.C. Central,13,37,29,13,76,0.211,0,0,1,24,12,5,7,3,0,37.5,"Tampa, Fla.",
2026,Carsyn Stansberry,OH,Tennessee St.,13,34,33,40,132,-0.053,0,2,5,18,5,0,5,0,0,37.5,"Las Vegas, Nev.",Bishop Gorman
2026,Olivia Grenadier,MB,UConn,13,31,27,9,79,0.228,1,0,2,4,18,3,15,0,2,37.5,"Bloomfield Hills, Michigan",Colorado
2026,Stella Swenson,S,Minnesota,12,43,20,8,55,0.218,460,6,19,84,22,1,21,2,0,37.5,"HOMETOWN
MINNETONKA, MINN.",
2026,Kalyssa Taggart,S,Yale,11,40,22,6,70,0.229,382,10,12,92,10,1,9,0,0,37.5,"Tampa, Fla.",Berkeley Prep
2026,Claire Munch,OH,UNI,11,28,29,8,75,0.280,0,1,6,8,13,2,11,2,0,37.5,"Dakota Dunes, S.D.",Dakota Valley HS
2026,Kaisa Dowd,OH,Stonehill,11,22,33,31,110,0.018,1,4,4,7,1,0,1,0,0,37.5,,
2026,Karen Dutro,MB,Butler,9,19,29,5,51,0.471,2,3,6,3,11,0,11,2,0,37.5,"Columbus, Ind.",Columbus North
2026,Zoe Kirby,MB,Air Force,8,24,25,9,69,0.232,3,0,0,10,21,4,17,1,0,37.5,"Venice, Fla.",
2026,Fielding Mayhugh,OH,Providence,8,22,31,21,121,0.083,1,2,3,16,9,0,9,1,0,37.5,,
2026,Reagan Anderson,L/DS,Austin Peay,19,74,1,1,12,0.000,93,36,18,346,0,0,0,0,0,37.0,"Overland Park, Kan.",Saint Thomas Aquinas
2026,Makenzie Taylor,S,Florida A&M,17,65,20,4,55,0.291,353,14,20,90,6,0,6,1,0,37.0,"Charlotte, N.C.",
2026,Anna Blaine,S,Texas St.,15,55,15,5,58,0.172,406,14,10,87,15,1,14,1,3,37.0,"Spring, Texas",Concordia Lutheran HS
2026,Arina Sosinovica,S,Northeastern,14,57,16,5,41,0.268,345,12,11,114,17,1,16,2,0,37.0,"Valmiera, Latvia",Riga Volleyball School
2026,Kaia Mateo,S,Rice,14,49,20,3,59,0.288,414,7,15,98,18,2,16,4,1,37.0,"New York, New York",
2026,Alivia Keegan,S,Belmont,14,47,24,5,56,0.339,286,5,4,52,15,1,14,5,0,37.0,"Genoa, Ill.",Genoa-Kingston HS
2026,Dilara Elmacioglu,S,LIU,13,44,19,11,60,0.133,368,11,20,95,14,0,14,0,0,37.0,"Gaziantep, Turkey",Okyanus
2026,Gabriella Blevins,MB,Tennessee St.,13,39,24,10,82,0.171,1,0,4,7,21,5,16,0,0,37.0,"Morristown, Tenn.",Morristown-Hamblen West
2026,Jenesis Perrin,MB,Chicago St.,13,38,26,16,70,0.143,2,0,0,9,21,1,20,0,0,37.0,,
2026,Nina Moorer,OH,Ole Miss,11,36,19,13,59,0.102,4,2,6,13,28,4,24,3,0,37.0,,
2026,Naomi Dowd,OH,NIU,11,34,33,17,101,0.158,1,0,0,17,8,0,8,0,0,37.0,"Aurora, Ill.",Waubonsie Valley
2026,Ashley Verhey,RS,Kent St.,8,19,35,8,81,0.333,0,0,0,12,4,0,4,0,1,37.0,"Highland, Mich.",Milford
2026,Addison Hart,OH,Liberty,7,17,35,23,108,0.111,1,0,0,8,3,1,2,0,0,37.0,,
2026,Brytn Lyon,S,Central Mich.,17,53,18,11,71,0.099,318,9,15,87,18,1,17,1,1,36.5,,
2026,Kamrynn Clay,S,Alabama St.,16,57,17,7,74,0.135,453,14,4,126,11,0,11,2,1,36.5,"Saint Hedwig, Texas",Samuel Clemens HS
2026,Lina Govoni,S,Eastern Mich.,16,56,18,3,46,0.326,355,10,9,123,17,0,17,2,0,36.5,,
2026,Maya Harris,OH,Illinois,16,55,11,11,40,0.000,4,25,53,113,1,0,1,0,0,36.5,"Angola, Ind.",
2026,Nele Broszat,MB,CSU Bakersfield,14,43,17,13,67,0.060,2,6,11,9,26,1,25,2,0,36.5,"Nordkirchen, Germany",
2026,Cate Hatfield,S,William & Mary,13,51,25,8,92,0.185,437,4,9,115,14,1,13,1,0,36.5,"Dallas, Texas",Bishop Lynch
2026,Easnadh Nobel Toolo,OH,Howard,12,33,28,16,95,0.126,2,0,1,10,15,2,13,2,0,36.5,"Orono, ME",Orono HS
2026,Tiyana Cisse,OPP,FIU,11,25,34,19,80,0.188,0,0,0,6,5,0,5,0,0,36.5,"Cannes, France",CNED
2026,Anni Tang,MB,Tennessee,11,24,24,7,55,0.309,0,0,0,2,23,2,21,1,0,36.5,"Sydney, Australia",Senior Secondary College Lake Ginninderra
2026,Zoe Leonard,MB,New Mexico,10,28,26,18,90,0.089,1,3,10,17,14,1,13,2,0,36.5,,
2026,Sasha Bespaly,MB,North Florida,10,27,32,13,79,0.241,0,0,0,2,9,0,9,0,0,36.5,,
2026,Navea Gauthier,OH,Ohio St.,9,20,32,22,94,0.106,0,0,2,3,7,2,5,0,0,36.5,,
2026,Zaniah Hoskins,OH,Memphis,6,19,35,21,100,0.140,1,0,0,10,3,0,3,0,0,36.5,"Austin, Texas",
2026,Alex Rasmussen,MB,Seton Hall,6,18,18,8,59,0.169,6,6,8,3,21,4,17,1,0,36.5,"Lincoln, Neb.",
2026,Alyssa Gonzales,OH,Houston,6,16,36,11,95,0.263,1,0,0,8,1,0,1,0,0,36.5,"Aledo, Texas",Aledo HS
2026,April Rice,S,Elon,15,54,28,15,83,0.157,246,1,2,29,14,0,14,4,1,36.0,"Lemont, Ill.",Lemont High School
2026,Marley Roe,S,Utah Tech,15,54,26,5,75,0.280,315,10,10,132,0,0,0,0,0,36.0,"Honolulu, Hawai'i",Kamehameha Kaplama HS
2026,Jackie Matias,S,Oregon St.,15,53,16,5,52,0.212,540,12,17,127,15,1,14,1,3,36.0,"Honolulu, Hawaii",Punahou School
2026,Haiden Means,S,Purdue Fort Wayne,14,50,19,11,49,0.163,324,13,20,120,7,1,6,5,0,36.0,"Madison, Ind.",Scottsburg
2026,Kayla Landerud,MB,Milwaukee,12,32,25,7,60,0.300,3,4,1,4,11,3,8,2,0,36.0,"McFarland, Wis.",McFarland
2026,Loren Winn,OPP,Villanova,11,39,28,24,100,0.040,3,0,1,6,16,0,16,3,0,36.0,"Dallas, Texas",Ursuline Academy
2026,Linnaea Moore,RS,Seattle U,11,29,30,15,93,0.161,2,0,0,7,12,0,12,1,0,36.0,,
2026,Tia Phinezy,MB,Missouri,11,27,19,5,40,0.350,5,5,9,6,23,1,22,1,0,36.0,"Fort Wayne, Ind.",R. Nelson Snider
2026,Kylee Roberts,MB,Charleston So.,10,26,22,9,64,0.203,1,4,3,10,15,5,10,4,0,36.0,"Tampa, FL",Plant HS
2026,Sydney Zanca,OH,Cornell,10,26,29,17,80,0.150,3,0,3,15,14,0,14,0,0,36.0,"Miami, Fla.",Riviera Preparatory School
2026,Jazmine Gaston,OPP,Louisiana,10,23,28,17,92,0.120,1,0,0,13,15,1,14,3,0,36.0,"Austin, Texas",
2026,Ashlyn Smith,MB,Idaho St.,9,25,25,13,72,0.167,2,0,1,9,17,5,12,1,0,36.0,"Chubbuck, ID",
2026,Sabrina Ripple,MB,Evansville,8,23,23,11,72,0.167,2,4,11,6,14,4,10,2,0,36.0,"Reynoldsburg, Ohio",
2026,Mariana Buchanan,OH,San Jose St.,8,22,34,14,78,0.256,0,0,0,10,4,0,4,1,1,36.0,,
2026,Jovana Antic,MB,Charlotte,7,25,29,11,99,0.182,5,2,4,17,10,0,10,0,0,36.0,"Sremska Mitrovica, Serbia",Universal
2026,McKenna Morton,OH,Eastern Ill.,14,45,25,32,118,-0.059,6,9,14,60,3,0,3,0,0,35.5,"Frisco, Texas",Prince of Peace
2026,Madison Cowan,OH,Canisius,14,41,32,33,122,-0.008,3,2,14,53,3,0,3,0,0,35.5,,
2026,Laila Hilton,OH,Charleston So.,13,33,30,25,106,0.047,1,0,1,11,8,3,5,0,0,35.5,"Denver, CO",Thomas Jefferson HS
2026,Riley McCloskey,OH,Morehead St.,10,31,28,20,95,0.084,3,1,1,12,13,0,13,3,0,35.5,"Newport, Ky.",Notre Dame Academy
2026,Hannah Hankerson,OH,Army West Point,10,25,26,14,64,0.188,2,9,8,47,1,0,1,0,0,35.5,"Tampa, Fla.",Berkeley Preparatory
2026,Giselle Parker,OH,NJIT,9,27,24,14,73,0.137,2,1,2,9,17,4,13,4,0,35.5,"Dayton, N.J.",South Brunswick
2026,Nhya Morgan,MB,Alabama A&M,9,19,29,12,77,0.221,1,0,1,3,10,3,7,1,0,35.5,"Limón, Costa Rica",
2026,Bianca Mumcular,OH,Michigan St.,8,18,28,6,80,0.275,2,2,6,14,10,1,9,0,0,35.5,,
2026,Angelina Lee,MB,LSU,7,21,27,11,64,0.250,0,0,0,7,16,1,15,2,0,35.5,,
2026,Emily Navarro,S,Furman,16,65,18,5,64,0.203,414,9,22,161,15,1,14,3,0,35.0,"Davie, Fla.",Calvary Christian Academy
2026,Giorgia Mandotti,L,West Ga.,16,62,4,0,25,0.160,50,31,26,257,0,0,0,0,0,35.0,,
2026,Abbie Lyttle,DS,Bellarmine,14,56,2,0,3,0.667,15,33,25,97,0,0,0,0,0,35.0,"Old Hickory, TN",Green Hill High School
2026,Isabella Sohl,S,UConn,14,46,23,3,65,0.308,379,6,15,80,11,1,10,1,1,35.0,"Columbia, Missouri",Rock Bridge High School
2026,Kaia Herweg,L,Cal St. Fullerton,13,46,28,34,142,-0.042,9,6,8,62,2,0,2,1,0,35.0,"Long Beach, Calif.",Los Alamitos HS
2026,Kate Lijic,S,Cincinnati,13,44,13,8,45,0.111,446,16,14,76,12,0,12,5,1,35.0,,
2026,Alija Heins,MB,Jacksonville,12,37,15,8,44,0.159,5,8,4,21,22,2,20,1,0,35.0,"Gifhorn, Germany",Schul- und Leistungssportzentrum Berlin
2026,Sarah Pippin,OH,Valparaiso,12,31,31,17,86,0.163,1,0,0,3,8,0,8,2,0,35.0,,
2026,Anja Milosevic,S,Central Conn. St.,10,35,23,5,44,0.409,315,7,9,74,10,0,10,3,0,35.0,,
2026,Nienke Trossel,MB,Buffalo,10,31,17,7,54,0.185,1,3,7,8,22,8,14,4,1,35.0,"Utrecht, Netherlands",Sint Bonifatiuscollege
2026,Carlotta Pascual Centelles,RS,Evansville,10,21,33,17,74,0.216,2,0,0,1,4,0,4,0,0,35.0,"Madrid, Spain",
2026,Jessika Martinez,OH,South Carolina St.,5,19,32,18,90,0.156,1,0,1,2,4,2,2,3,0,35.0,"Houston, TX",Alcorn State
2026,Azra Ozbiltekin,OPP,Quinnipiac,5,16,29,19,68,0.147,4,2,5,16,7,1,6,0,0,35.0,"Fethiye, Mugla, Turkey",Izmir Mavisehir Okyanus Highschool
2026,Rosemary Archer,S,TCU,15,54,14,6,50,0.160,464,15,20,130,11,0,11,2,0,34.5,"Fairview, Texas",Lovejoy HS
2026,Emerson Van Lannen,S,Kansas St.,12,45,11,2,33,0.273,257,23,10,80,1,0,1,1,0,34.5,"Kimberly, Wis.",Appleton North
2026,Elina Arsov,OH,Saint Peter's,12,25,29,23,99,0.061,1,3,11,24,4,1,3,4,1,34.5,"Nancy, France",Lycée International Jeanne D'Arc
2026,Kiana Shields,MB,NIU,9,26,29,6,65,0.354,0,2,4,13,5,2,3,0,0,34.5,"West Chicago, Ill.",Wheaton Academy
2026,Abbie Willis,OH,Buffalo,8,20,33,12,79,0.266,0,0,4,14,2,1,1,0,0,34.5,"Punta Gorda, Fla.",Charlottle
2026,Dixie Nessl,MB,UT Arlington,7,23,22,15,62,0.113,4,0,0,4,21,4,17,2,0,34.5,"Sonora, California",Sonora HS
2026,MeMe Davis,L/DS,App State,19,76,13,3,27,0.370,88,21,28,368,0,0,0,0,0,34.0,"Gainesville, Fla.",Gainesville
2026,Sophia DeBonis,S,Merrimack,18,61,21,4,83,0.205,308,12,12,118,2,0,2,1,0,34.0,"Bay Shore, N.Y.",Quinnipiac University
2026,Macy Hinshaw,S,Santa Clara,16,63,16,2,62,0.226,672,9,12,184,18,0,18,3,1,34.0,"Fishers, Ind.",Hamilton Southeastern HS
2026,Laila Amos,OH,UTEP,15,36,27,14,68,0.191,1,1,6,19,9,3,6,2,0,34.0,"Fairburn, Georgia",North Atlanta HS
2026,Regan Kadel,S,Binghamton,14,52,13,5,54,0.148,397,7,5,81,28,0,28,1,0,34.0,"Parker, Colo.",Legend
2026,Erin Madigan,S,Arkansas St.,13,45,20,1,55,0.345,320,6,10,105,14,2,12,1,0,34.0,"Macomb, Mich.",Dakota HS
2026,Tatelyn Brandsma,S,Central Ark.,12,39,18,4,42,0.333,254,11,9,57,10,0,10,3,0,34.0,"Parker, Colo.",Luheran HS
2026,Emily Davis,RS,Southern Miss.,11,26,30,22,121,0.066,0,1,1,18,6,0,6,0,0,34.0,"Brandon, Miss.",
2026,Melae Lacy,OH,Tennessee St.,11,25,30,31,153,-0.007,0,0,1,8,8,0,8,3,0,34.0,"Iowa City, Iowa",Iowa West
2026,Suzanne Kemle,MB,Pacific,7,22,22,2,55,0.364,1,4,5,9,14,2,12,1,0,34.0,,
2026,Maggie Croft,MB,Rice,6,14,25,6,47,0.404,1,4,3,5,8,2,6,1,0,34.0,"Corpus Christi, Texas",
2026,Tuana Ozarpaci,S,Holy Cross,17,60,18,3,50,0.300,273,14,7,95,3,0,3,0,3,33.5,"Istanbul, Turkey",Okyanus Koleji
2026,Izora Gragg,S,UNC Greensboro,16,63,6,4,38,0.053,612,17,14,112,21,0,21,1,0,33.5,"Morganton, N.C.",Robert L. Patton
2026,Tristin Sutton,S,Charleston So.,16,63,24,2,69,0.319,390,7,7,128,4,1,3,1,0,33.5,"Chattanooga, TN",East Hamilton HS
2026,Taylor Williams,OH,Alabama St.,16,56,7,7,35,0.000,7,26,21,109,1,0,1,0,0,33.5,"Cypress, Texas",Langham Creek HS
2026,Kendra Sawyer,S,Stonehill,15,49,18,8,63,0.159,434,10,8,102,11,0,11,2,3,33.5,,
2026,Gentry Oblad,OH,Grand Canyon,14,43,24,21,71,0.042,4,9,6,57,1,0,1,0,0,33.5,"Henderson, Nev.",Coronado
2026,Zayda Thomas,RS,Morgan St.,12,28,26,14,67,0.179,0,0,0,8,10,5,5,0,0,33.5,"Tampa, Fla.",Sunlake High School
2026,Levani Falatea,OH,Utah,12,23,21,20,64,0.016,1,11,4,19,3,0,3,0,0,33.5,"South Jordan, Utah",Bingham
2026,Kayla Riley,OH,N.C. Central,12,21,32,23,105,0.086,1,1,5,8,1,0,1,3,0,33.5,"Middleton, Del.",
2026,Sydney Draper,S,Princeton,11,41,22,9,65,0.200,374,5,11,73,12,1,11,1,0,33.5,"Mission Hills, Kan. / Pembroke Hills School",
2026,Maryam Hussein,MB,UIC,10,18,22,8,54,0.259,2,2,4,8,18,1,17,0,0,33.5,"Oak Lawn, Ill.",Oak Lawn Community
2026,Avery Jesewitz,OH,Rutgers,9,25,27,13,87,0.161,5,1,6,27,10,1,9,0,0,33.5,"Plymouth, Minn.",Wayzata
2026,Dahlia Roberts,OPP,Columbia,8,26,27,14,90,0.144,1,0,0,17,13,0,13,3,0,33.5,"Fort Worth, Texas",IMG Academy
2026,Cienna Lapsley,MB,Ohio,8,22,25,16,58,0.155,1,2,4,4,9,4,5,3,0,33.5,"Columbia City, Ind.",Concordia Lutheran H.S.
2026,Lucie Blazkova,MB,Minnesota,7,17,23,8,54,0.278,1,1,2,8,19,0,19,0,0,33.5,"HOMETOWN
CESKÁ TREBOVÁ, CZECH REPUBLIC",
2026,Gabi Moulton,S,West Florida,5,16,27,12,76,0.197,80,3,2,40,6,1,5,0,0,33.5,"Columbus, Ohio",Olentangy Liberty High School
2026,Reese Betschart,OH,Eastern Wash.,18,69,21,19,115,0.017,7,12,17,126,0,0,0,0,0,33.0,"Parker, Colo.",Legend
2026,Ella McFarland,OPP,Southern Ill.,17,65,12,3,49,0.184,334,20,26,124,2,0,2,1,1,33.0,"Danville, Ill.",Bismarck Henning Rossville Alvin HS
2026,Hannah Pattie,S,Campbell,15,59,12,4,29,0.276,288,21,14,135,0,0,0,0,0,33.0,"Cleveland, Ohio",Lake Catholic
2026,Lauren Duncan,S,West Virginia,15,58,13,6,28,0.250,216,20,23,65,0,0,0,1,0,33.0,"Brentwood,Tenn.",Brentwood High School
2026,Kaycee Pennie,MB,Bethune-Cookman,14,34,24,11,72,0.181,3,0,0,8,14,4,10,1,0,33.0,"Manvel, Tex.",
2026,Gabrielle Smith,MH,Idaho,14,27,21,7,63,0.222,7,1,3,9,20,2,18,2,0,33.0,,
2026,Mari Haas,OH,UT Martin,13,29,19,11,73,0.110,1,11,11,12,4,2,2,0,0,33.0,"Nova Petrópolis, Brazil",Escola Técnica Bom Pastor
2026,Clara Yu,S,Columbia,12,45,8,3,40,0.125,212,25,15,74,0,0,0,0,0,33.0,"Potomac, Md.",Georgetown Day School
2026,Ally Adair,MB,Texas St.,11,26,27,9,62,0.290,1,0,0,3,10,2,8,1,1,33.0,"Phoenix, Ariz.",Hamilton HS
2026,Nicole Hughes,RS,UC Riverside,10,24,27,19,94,0.085,0,0,0,10,12,0,12,0,0,33.0,"La Cañada Flintridge, Calif.",La Cañada HS
2026,Annie Hopkins,RS,Central Ark.,8,25,28,16,78,0.154,0,0,0,6,10,0,10,1,0,33.0,"Edmond, Okla.",Community Christian School
2026,Claire King,MH,Southeastern La.,8,22,23,11,86,0.140,1,0,0,7,18,2,16,0,0,33.0,"Circleville, Ohio",Logan Elm HS
2026,Georgia Watson,OH,Kentucky,7,15,31,13,64,0.281,0,0,2,10,4,0,4,0,1,33.0,"Huntley, Ill.",tiktok
2026,Alex Patsos,OH,Iona,6,20,26,22,109,0.037,3,4,5,43,6,0,6,1,0,33.0,"Oakdale, NY",Connetquot
2026,Elise Jensen,S,UNC Asheville,18,65,3,3,22,0.000,328,29,38,101,1,0,1,0,1,32.5,"Nashville, Tenn.",Lipscomb Academy
2026,Abbie Callaway,OH,Northeastern,13,51,28,26,117,0.017,11,4,18,66,1,0,1,1,0,32.5,"Los Angeles, Calif.",Flintridge Preparatory School
2026,Katie Barbour,,Le Moyne,13,40,17,8,62,0.145,164,8,3,39,13,2,11,1,1,32.5,"Durham, N.C.",Cardinal Gibbons
2026,Mary Wolcott,S,Cornell,12,43,15,3,68,0.176,339,10,10,67,14,1,13,0,0,32.5,"Dix Hills, N.Y.",Half Hollow Hills HS West
2026,Naomi Vajda,MH,Merrimack,12,33,14,11,44,0.068,2,5,12,12,24,3,21,0,0,32.5,"Andover, MA",Andover High School
2026,Daiangelie Gonzalez,OH,Jacksonville,11,28,28,10,82,0.220,1,1,0,23,7,0,7,1,0,32.5,"Cidra, Puerto Rico",Colegio Católico Notre Dame
2026,Elizabeth Muguruza,OH,Northwestern St.,11,26,23,27,120,-0.033,4,7,6,35,5,0,5,0,0,32.5,,
2026,Caroline Johnston,S,New Haven,9,31,20,5,63,0.238,264,6,12,63,12,1,11,5,2,32.5,"Nolensville, Tenn.",Nolensville
2026,Lacy Tinnell,MB,Baylor,9,28,23,8,44,0.341,2,1,7,3,17,0,17,0,1,32.5,,
2026,Emersyn Robbins,OH,Eastern Ky.,8,20,29,12,93,0.183,0,1,1,10,4,1,3,0,0,32.5,"Fairfield, Ill.",
2026,Viara Parapunova,OH,Coastal Carolina,3,12,31,11,95,0.211,0,0,4,35,3,0,3,0,0,32.5,"Sofia, Bulgaria",
2026,Bengisu Kazazlar,S,Florida A&M,17,63,9,5,27,0.148,193,20,18,74,6,0,6,0,0,32.0,"Izmir, Turkey",
2026,Ellie Burns,S,Southeast Mo. St.,16,56,15,3,39,0.308,235,16,17,112,1,1,0,1,0,32.0,"Hudson, Wis.",Hudson High School
2026,Emma Adkins,DS,Northern Ky.,15,60,32,30,124,0.016,14,0,5,88,0,0,0,0,0,32.0,"West Chester, Ohio",Mercy McAuley High School
2026,Addie Huber,L/DS,Loyola Maryland,15,57,1,0,15,0.067,53,31,24,233,0,0,0,0,0,32.0,"Hershey, Pa.",Middletown Area
2026,Nikki Quinn,S,Duke,14,52,11,5,29,0.207,577,10,40,98,21,1,20,1,3,32.0,"Del Mar, Calif.",Torrey Pines
2026,Aniyah Hall,MB,San Jose St.,11,23,21,11,53,0.189,0,0,0,3,16,6,10,2,0,32.0,,
2026,Emerson Matthews,OH,Washington St.,10,31,27,16,72,0.153,2,2,4,25,4,2,2,0,0,32.0,,
2026,Kayla Robertson,OH,Texas Tech,9,27,30,7,60,0.383,1,0,0,14,4,0,4,2,0,32.0,,
2026,Josie Zynczak,OH,Columbia,9,24,28,13,63,0.238,1,0,0,9,7,1,6,0,1,32.0,"Apex, N.C.",Middle Creek
2026,Ellie Joffe,MB,Loyola Maryland,8,25,14,12,46,0.043,1,6,3,7,21,3,18,2,0,32.0,"Naples, Fla.",Seacrest Country Day
2026,Arianna Ellis,OH,Cal St. Fullerton,8,20,29,9,95,0.211,2,0,0,6,6,0,6,1,0,32.0,"West Hills, Calif.",El Camino Real HS
2026,Annika Veurink,MB,Villanova,7,24,20,7,45,0.289,0,0,0,11,21,3,18,4,0,32.0,"Eden Prairie, Minn.",Southwest Christian
2026,Andrea Cintron,S,Coppin St.,18,68,7,7,24,0.000,27,24,39,96,1,0,1,0,0,31.5,"Naguabo, Puerto Rico",Saint Francis School
2026,Drew Flanagan,S,Holy Cross,16,54,14,2,34,0.353,264,13,25,88,9,0,9,1,1,31.5,"Scottsdale, Ariz.",Chaparral
2026,Holland Van Deusen,S,Miami (OH),16,54,12,4,34,0.235,316,19,15,118,1,0,1,0,0,31.5,"Kennett Square, Pa.",Unionville
2026,Gaby Santiago,OH,McNeese,16,53,22,20,124,0.016,7,8,10,122,3,0,3,0,0,31.5,"Conroe, Texas",Oak Ridge High
2026,Ava Martin,S,Iowa St.,15,55,20,5,68,0.221,451,6,22,84,10,1,9,0,0,31.5,"Leawood, Kan.",Bishop Miege
2026,Makenna Mason,S,Rider,14,49,20,2,41,0.439,331,7,6,105,8,1,7,1,2,31.5,"Hilton Head Island, SC",Hilton Head
2026,Kate Duffey,S,UCLA,13,40,21,6,46,0.326,376,3,7,96,15,0,15,7,0,31.5,"Ventura, Calif.",Ventura HS
2026,Taylor Baggett,OH,Western Caro.,11,27,27,17,112,0.089,0,1,3,9,7,0,7,1,0,31.5,"Fayetteville, N.C.",Gray's Creek HS
2026,Haley Crawford,OH,Delaware St.,9,24,28,19,69,0.130,1,0,0,9,6,1,5,0,0,31.5,"Woodbridge, Va.",Forest Park
2026,Mallory Pike,OH,Ball St.,9,21,25,12,93,0.140,0,4,4,44,4,1,3,0,0,31.5,,
2026,Veronica Sierzant,S,Middle Tenn.,8,30,16,6,50,0.200,210,7,8,47,16,1,15,2,1,31.5,"Savannah, Ga.",Islands High School
2026,Magdalena Ranitovic,OH,Portland St.,8,18,24,18,93,0.065,1,7,8,34,1,0,1,0,0,31.5,"Kragujevac, Serbia",Gimnazija Branko Radicevic
2026,I’Onna Jones,OH,Houston Christian,6,15,30,20,106,0.094,0,0,0,13,3,0,3,0,0,31.5,"Tyler, Texas",Tyler Legacy
2026,Madi Zorn,S,SFA,18,64,18,0,31,0.581,361,12,21,129,2,0,2,0,0,31.0,"Spokane, Wash.",
2026,Mia Jannazzo,OH,Radford,17,66,4,9,30,-0.167,45,26,21,307,2,0,2,0,0,31.0,"Waukesha, Wisc.",Waukesha West HS
2026,Gwen Berry,OH,The Citadel,17,53,13,26,97,-0.134,5,17,11,111,1,1,0,0,0,31.0,,
2026,Kendall Mignerey,,Middle Tenn.,16,62,15,9,65,0.092,7,16,40,105,0,0,0,0,0,31.0,"Ponte Vedra Beach, Fla.",Ponte Vedra High School
2026,Gabby Lombardi,S,Fresno St.,15,59,16,9,56,0.125,233,14,9,101,2,0,2,1,1,31.0,"Clive, Iowa",
2026,Miller McDonald,S,Providence,15,52,9,0,24,0.375,269,22,13,81,0,0,0,0,0,31.0,,
2026,Lilli Etter,S,Southern California,14,45,10,5,38,0.132,348,13,15,87,16,0,16,3,0,31.0,"Spokane, Wash.",Gonzaga Preparatory
2026,Avery Scoggins,S,Vanderbilt,13,43,10,4,32,0.188,507,10,9,82,20,2,18,5,0,31.0,,
2026,Kamya Mahorn,OH,Tennessee Tech,13,33,21,19,86,0.023,7,9,10,47,2,0,2,0,0,31.0,,
2026,Rhyan Miciotto,S,Louisiana,12,47,10,2,40,0.200,271,19,23,107,4,0,4,1,0,31.0,"Lafayette, La.",
2026,Abby Jones,OH,UAB,12,21,26,17,92,0.098,0,1,3,14,6,2,4,0,0,31.0,,
2026,Lydia Fisher,MB,Gonzaga,11,26,25,13,97,0.124,0,0,0,5,9,3,6,3,1,31.0,"Dallas, Texas",Highland Park HS
2026,Olivia Schmidt,MB,Wright St.,8,18,25,12,74,0.176,1,0,0,3,10,2,8,2,0,31.0,,
2026,Sydney King,MB,Indiana St.,6,21,26,4,60,0.367,1,1,7,3,6,2,4,0,0,31.0,"Lebanon, Tenn.",Mount Juliet
2026,Zaria Nelson,OH,Southern U.,6,19,29,16,79,0.165,0,0,5,8,4,0,4,0,0,31.0,"New Orleans, LA",Isidore Newman HS
2026,Reese Shugart,OH,Auburn,6,16,25,23,79,0.025,0,3,4,10,6,0,6,1,0,31.0,,
2026,Kaydee Smith,S,Alabama A&M,17,64,15,2,35,0.371,304,15,27,68,1,0,1,3,2,30.5,"Mooresville, N.C.",
2026,Ori Briger,S,Manhattan,16,57,8,2,36,0.167,277,22,16,82,1,0,1,2,0,30.5,"Tel Aviv, Israel",Lady Davis
2026,Sara Toth,S,Maryland,15,48,15,2,54,0.241,523,8,20,92,14,1,13,1,3,30.5,"Budapest, Hungary",
2026,Daylin Saiki,S,Alcorn,14,46,18,5,73,0.178,269,11,19,73,3,0,3,2,1,30.5,"Camarillo, Calif.",Grace HS
2026,Emery Moore,S,Penn,13,46,19,6,63,0.206,342,8,12,118,6,1,5,0,2,30.5,"Indianapolis, Ind.",North Central
2026,Barbara Costa dos Santos,OH,St. John's (NY),12,29,26,13,65,0.200,0,0,0,8,8,1,7,1,0,30.5,"Sao Paulo, Brazil",
2026,Lilian Entenmann,MB,Cincinnati,12,28,24,9,59,0.254,2,1,9,10,9,2,7,1,0,30.5,,
2026,Ava Kanj,MB,Buffalo,12,28,22,13,63,0.143,1,0,0,4,15,2,13,3,0,30.5,"Solon, Ohio",Solon
2026,Orinayo Olukanmi,OH,Seattle U,12,22,22,15,74,0.095,1,0,0,9,13,4,9,1,0,30.5,,
2026,Ryan Hunter,OPP,Nebraska,9,15,27,15,58,0.207,0,0,1,1,7,0,7,1,0,30.5,"Charlotte, N.C.",Cox Mill
2026,Erika Bracey,OH,Rhode Island,8,22,23,11,52,0.231,0,0,0,2,14,1,13,0,0,30.5,"Upper Marlboro, Md.",Elizabeth Seaton
2026,Myla Matavao,OH,ULM,8,19,27,25,98,0.020,0,0,3,17,5,2,3,2,0,30.5,"Las Vegas, Nev.",Liberty HS
2026,Mikey Freeman,OH,Tulsa,8,18,29,14,90,0.167,0,0,6,16,2,1,1,3,0,30.5,"HOMETOWN
HACKETT, ARK.",
2026,Hannah Adderly,MB,New Haven,7,25,23,13,62,0.161,1,0,2,3,13,2,11,3,0,30.5,"Fort Lauderdale, Fla.",Nova
2026,Abi Milby,OH,Wyoming,6,18,27,10,63,0.270,0,0,0,7,7,0,7,2,0,30.5,"Casper, Wyo.",Kelly Walsh
2026,Anna Claire Hebert,S,Northwestern St.,20,72,7,0,29,0.241,50,23,33,108,0,0,0,0,0,30.0,"Breaux Bridge, La.",Teurlings Catholic HS
2026,Coco Figueroa,L/DS,Coppin St.,18,73,4,1,30,0.100,73,26,23,310,0,0,0,0,0,30.0,"Bayamon, Puerto Rico",Academia Discipulos de Cristo
2026,Laura Roeder,L,IU Indy,17,65,6,0,6,1.000,62,24,31,197,0,0,0,0,1,30.0,"Seymour, Ind.",Trinity Lutheran
2026,Jazeli Vandenburgh,L/DS,Norfolk St.,16,61,2,1,12,0.083,56,28,30,219,0,0,0,0,0,30.0,"Murrieta, Calif.",
2026,Paulina Baillie,DS,UC San Diego,15,62,3,0,5,0.600,48,27,32,209,0,0,0,0,0,30.0,"Carlsbad, Calif.",Sage Creek HS
2026,Demi Cole,MB,UC Davis,12,31,27,10,48,0.354,0,0,1,1,6,0,6,0,0,30.0,"Romeoville, Ill.",Romeoville
2026,Talula Lenoir,RS,San Francisco,12,28,26,10,71,0.225,1,0,0,10,6,2,4,0,0,30.0,"Edgewood, Wash.",Fife HS
2026,Natalia Zelubowski,,Merrimack,12,25,29,26,95,0.032,2,0,0,11,2,0,2,1,0,30.0,"Malvern, Pa",Academy of Notre Dame de Namur
2026,Kylie Sharp,MB,Morehead St.,11,33,21,11,82,0.122,0,0,0,15,15,3,12,6,0,30.0,"Johnstown, Ohio",Johnstown HS
2026,Sadie Ross,OH,New Mexico St.,11,30,22,11,72,0.153,2,5,8,19,6,0,6,2,0,30.0,"Sherwood, Ore.",Jesuit HS
2026,Emerson Macias,OH,Wyoming,9,21,28,22,90,0.067,0,0,1,15,3,1,2,0,0,30.0,"Murrieta, Calif.",Murrieta Mesa HS
2026,Ana Jaramazovic,OPP,Grand Canyon,8,24,26,7,61,0.311,0,0,0,6,7,1,6,2,0,30.0,"Subotica, Serbia",Gimnazija u Obrenovcu
2026,Farah Sherif,OPP,Quinnipiac,7,20,29,28,97,0.010,3,1,5,24,0,0,0,1,0,30.0,"Alexandria, Egypt",Indian Hills CC
2026,Natalie Harrington,S,Dayton,18,69,8,3,35,0.143,354,21,28,106,1,0,1,1,1,29.5,"Millersport, Ohio",Newark Catholic
2026,Tehya Maeva,S,Boise St.,17,60,15,4,47,0.234,345,12,19,117,5,0,5,1,0,29.5,"San Diego, Calif.",Cathedral Catholic HS
2026,Lexi Yoza,S,Temple,16,58,11,0,31,0.355,407,15,13,169,6,1,5,1,0,29.5,"HOMETOWN
SCOTTSDALE, ARIZ.",
2026,Lili Smith,S,Purdue Fort Wayne,16,57,8,4,15,0.267,327,16,26,91,10,1,9,2,0,29.5,"Flushing, Mich.",Flushing
2026,Bri Brathol,OH,USC Upstate,12,28,21,12,101,0.089,12,6,6,57,5,0,5,0,0,29.5,"Hudson, Wis.",River Falls HS
2026,Grace Carroll,OPP,Baylor,10,24,27,14,70,0.186,2,0,0,8,5,0,5,1,0,29.5,,
2026,Madison Daley,OPP,Rider,10,23,26,21,92,0.054,1,0,0,10,7,0,7,0,0,29.5,"Appleton, WI",Xavier
2026,Madelyn Bahnsen,RS,Kansas City,9,27,26,15,95,0.116,2,0,0,15,7,0,7,0,0,29.5,"Windsor, Colo.",Windsor HS
2026,Leah Pike,MH,Ball St.,9,19,22,5,49,0.347,1,0,1,8,12,3,9,3,0,29.5,,
2026,Cecilia DeCaro,OH,Rider,9,18,27,23,116,0.034,1,0,4,18,5,0,5,1,0,29.5,"Wilmington, DE",Ursuline Academy
2026,Lana Mijacic,MB,Utah,8,16,21,4,42,0.405,1,2,4,4,12,1,11,2,0,29.5,"Belgrade, Serbia","Gimnazija ""Crnjasnki"""
2026,MJ McCurdy,OH,Baylor,7,18,25,14,86,0.128,0,2,8,29,5,0,5,0,0,29.5,,
2026,Bryce Leatherwood,MB,Northeastern,6,20,22,4,33,0.545,2,0,0,5,10,5,5,5,0,29.5,"San Diego, Calif.",Scripps Ranch
2026,Miliani Villarreal,L,Sacred Heart,17,65,6,2,24,0.167,129,23,16,273,0,0,0,0,0,29.0,"Murrieta, Calif.",Vista Murrieta
2026,Halle Rillie,S,Missouri St.,16,57,16,1,32,0.469,305,12,12,115,2,0,2,0,1,29.0,,
2026,Paige Ahakuelo,S,Delaware St.,15,52,12,6,61,0.098,300,17,9,104,0,0,0,0,0,29.0,"Winchester, VA",James Wood HS
2026,Kylynn White,S,Bethune-Cookman,15,51,19,4,67,0.224,180,10,12,79,0,0,0,0,1,29.0,"Chicago, Ill.",Jones College Prep
2026,Hannah St. Croix,MH,Mississippi Val.,10,31,23,15,88,0.091,1,0,0,10,10,2,8,0,0,29.0,"Fort Myers, Fl",Riverdale HS
2026,Sydney Miller,MB,Southeast Mo. St.,8,22,19,8,41,0.268,1,3,11,5,12,2,10,1,0,29.0,"Cape Girardeau, Mo.",Cape Central HS
2026,Ashley Stein,OH,Furman,8,21,25,22,108,0.028,2,1,3,28,6,0,6,1,0,29.0,"Easley, S.C.",Wren
2026,Aubrey Stitcher,OH,Central Conn. St.,7,21,27,16,75,0.147,1,0,1,12,4,0,4,0,0,29.0,,
2026,Chloe Leluge,MB,Cal Poly,6,15,23,4,44,0.432,1,0,0,1,12,0,12,6,0,29.0,,
2026,Melis Başaran,OH,Hofstra,4,13,22,8,70,0.200,0,3,3,19,7,1,6,1,0,29.0,"Kartal, Istanbul, Turkey",Doga Acibadem
2026,Milica Tomic,S,Milwaukee,16,64,18,2,44,0.364,329,10,16,130,1,0,1,2,0,28.5,"Dyer, Ind.",Lake Central
2026,Kaeley Walz,S,Kennesaw St.,14,44,15,4,46,0.239,279,7,12,50,13,0,13,3,0,28.5,"Louisville, Ky.",Sacred Heart Academy
2026,Izzy Whittaker,OH,Jacksonville St.,14,33,25,10,80,0.188,0,1,7,11,4,1,3,2,0,28.5,,
2026,Ayanna Henry,OH,LMU (CA),12,34,19,17,84,0.024,2,0,1,13,14,5,9,2,0,28.5,"McKinney, TX",McKinney High School
2026,Hannah Bowman,OH,Siena,10,27,20,15,87,0.057,6,6,7,24,5,0,5,1,0,28.5,"Valrico, FL",New Jerusalem Christian Academy (Hurricane Volleyball Academy)
2026,Kendall Northern,MB,Penn St.,9,17,24,16,51,0.157,0,0,1,2,9,0,9,1,0,28.5,"Cincinnati, Ohio",Summit Country Day School
2026,Addison Leber,OH,Towson,8,19,24,10,69,0.203,2,1,3,12,6,1,5,0,0,28.5,"Lancaster, Pa.",Hempfield H.S.
2026,Halle Thompson,OH,Wisconsin,7,18,27,18,100,0.090,2,0,2,39,3,0,3,0,0,28.5,"Spring, Texas",Spring High School
2026,Annelise Rising,OH,San Diego St.,7,17,28,11,56,0.304,1,0,6,5,1,0,1,0,0,28.5,"Pasadena, Calif.",Mayfield Senior School
2026,Maggie Czajka,MB,Winthrop,3,11,21,2,36,0.528,1,6,4,3,2,1,1,0,0,28.5,"Brookfield, WI",Brookfield East H.S.
2026,Breylan Fairley,S,N.C. Central,16,63,3,9,49,-0.122,445,24,24,95,2,0,2,1,0,28.0,"Clemont, Fla.",
2026,Marianne Garcia,L,Middle Tenn.,16,63,0,2,7,-0.286,74,28,19,252,0,0,0,0,0,28.0,"Phoenix, Ariz.",Millennium High School
2026,Lily Bolen,S,Rutgers,16,61,2,1,8,0.125,325,26,28,126,0,0,0,0,0,28.0,"Lebanon, Ohio",Lebanon
2026,Ella Craggs,S,Illinois St.,16,56,11,2,19,0.474,298,17,13,136,0,0,0,0,1,28.0,"Northville, Mich.",Northville HS
2026,Emerson Traylor,S,Louisiana Tech,16,47,15,0,39,0.385,207,13,17,64,0,0,0,1,0,28.0,"Bryant, Ark.",Bryant HS
2026,Emma Keeping,S,Wake Forest,15,65,17,4,38,0.342,386,10,28,112,2,0,2,3,3,28.0,"HOMETOWN
IMLAY CITY, MICH.",
2026,Alana Pierce,MB,LSU New Orleans,15,36,14,14,70,0.000,2,0,0,5,24,4,20,2,1,28.0,"Shreveport, La.",
2026,Vivianna Samaniego,S,Ole Miss,14,54,6,4,30,0.067,392,17,33,93,9,1,8,5,0,28.0,,
2026,Audrey Jensen,S,UConn,14,39,10,4,39,0.154,220,7,10,39,21,1,20,2,0,28.0,"Parker, Colorado",Nevada
2026,Dinara Sabitova,S,FGCU,13,50,17,13,56,0.071,323,8,23,86,6,0,6,2,0,28.0,"Krasnoyarsk, Russia",Secondary School No. 22
2026,Mia Tuman,S,Ohio St.,11,31,19,1,38,0.474,251,3,3,71,11,1,10,0,1,28.0,,
2026,Maia Long,OH,IU Indy,11,29,25,25,90,0.000,7,2,2,21,2,0,2,1,0,28.0,"Erlanger, Ky.",Dixie Heights
2026,Maddie Way,MB,Saint Mary's (CA),10,27,19,7,65,0.185,1,4,4,9,10,0,10,3,0,28.0,"Santa Clarita, Calif.",Sierra Canyon
2026,Payton Horan,OH,Le Moyne,10,25,26,15,101,0.109,0,1,0,9,2,0,2,0,0,28.0,"Miller Place, N.Y.",Miller Place
2026,Hannah Jonick,MB,Rhode Island,9,26,25,12,57,0.228,0,0,0,2,6,0,6,2,1,28.0,"San Diego, Calif.",Rancho Bernardo
2026,Marin Harvey,OH,George Washington,8,20,22,18,75,0.053,0,0,1,5,10,2,8,0,0,28.0,"Lakeville, MN",
2026,Grace Sweeney,OH,Louisiana,8,19,26,12,90,0.156,2,0,3,21,4,0,4,0,0,28.0,"Midlothian, Texas",
2026,Lauren Bodily,RS,Utah St.,7,16,26,13,77,0.169,1,0,0,2,4,0,4,2,0,28.0,"Woods Cross, Utah",Woods Cross HS
2026,Adele Macer,MB,Central Conn. St.,7,16,25,19,97,0.062,1,0,0,3,6,0,6,3,0,28.0,,
2026,Teyhlor Thomas,MB,Central Mich.,6,18,14,7,47,0.149,0,0,0,7,23,5,18,1,0,28.0,"Pompano Beach, FL",Cardinal Gibbons High School
2026,Victoria Santana,L,Florida A&M,18,66,17,4,42,0.310,25,10,8,113,1,0,1,0,0,27.5,"Windemere, Fla.",
2026,Alessia Couchond,S,Pacific,17,59,7,8,27,-0.037,331,19,11,130,3,0,3,1,0,27.5,,
2026,Kourtney Brown,S,Kennesaw St.,15,44,12,7,40,0.125,327,9,17,84,11,2,9,3,0,27.5,"Birmingham, Ala.",Ramsay HS
2026,Jenna Hehman,MH,Louisiana Tech,13,28,25,16,100,0.090,5,1,4,40,3,0,3,1,2,27.5,"Austin, Texas",Vandegrift HS
2026,Silina Damuni,S,Utah St.,12,43,17,7,51,0.196,349,4,12,117,12,1,11,4,0,27.5,"Provo, Utah",Timpview HS
2026,Peyton Castillo,S,Eastern Ill.,11,39,20,7,52,0.250,252,4,13,51,6,1,5,4,0,27.5,"Las Vegas, Nev.",Sierra Vista
2026,Marlee Arrington,OPP,Oregon,11,23,23,16,60,0.117,1,0,0,7,9,0,9,1,0,27.5,"Glendora, Calif.",Ontario Christian HS
2026,Marlina Anderson,RS,Ark.-Pine Bluff,10,31,25,23,104,0.019,1,0,0,9,5,0,5,0,0,27.5,"Indianapolis, IN",North Central HS
2026,Jade Robinson,MB,South Carolina St.,10,27,22,8,75,0.187,2,0,1,6,10,1,9,1,0,27.5,"Suwanee, GA",
2026,Nile Johnson,MB,Grambling,10,20,17,13,53,0.075,2,3,6,6,14,1,13,2,0,27.5,"Indianapolis, IN",
2026,Quinn Loper,OH,Southern California,9,20,18,15,62,0.048,0,6,5,8,7,0,7,2,0,27.5,"San Clemente, Calif.",San Clemente HS
2026,Jessie Musselman,OH,Akron,6,20,27,21,90,0.067,1,0,6,19,1,0,1,1,0,27.5,"Columbus, Ohio",Bishop Watterson HS
2026,Lindsay Walch,OH,Furman,6,18,24,12,90,0.133,1,1,5,5,5,0,5,2,0,27.5,"Palm City, Fla.",Jensen Beach
2026,Journey Peppers,MB,Arkansas,6,15,21,11,43,0.233,1,0,3,3,13,0,13,1,0,27.5,"Hensley, Ark.",White Hall HS
2026,Ana Stojanovic,OH,UC Davis,6,15,25,18,76,0.092,0,0,3,6,4,1,3,0,0,27.5,"London, Ontario, Canada",Oakridge Secondary
2026,Brooke Malek,L/DS,Siena,18,65,4,0,16,0.250,64,23,13,328,0,0,0,0,1,27.0,"Edmonton, Alberta, Canada",Harry Ainley / UAlbany (Club Pandas)
2026,Savy Repinski,S,Kansas City,16,60,9,5,41,0.098,299,18,16,112,0,0,0,0,1,27.0,"Winona, Minn.",Cotter HS
2026,Harper Hall,S,Charlotte,16,58,8,7,57,0.018,462,12,9,145,13,1,12,2,0,27.0,"Highland Park, Texas",Highland Park
2026,Taryn Su,S,Stony Brook,15,52,11,1,21,0.476,241,16,24,75,0,0,0,0,1,27.0,"North Potomac, Md.",Wootton
2026,Katie Kolar,S,CSUN,14,55,12,3,50,0.180,369,12,15,111,6,0,6,1,0,27.0,"Norman, Okla.",Norman North HS
2026,Alyssa Krause,DS,Mercyhurst,14,53,4,0,50,0.080,289,23,20,91,0,0,0,1,2,27.0,"North Royalton, Ohio",Holy Name
2026,Melaina Hawblitzel,OH,Western Ill.,14,43,18,21,95,-0.032,3,8,12,31,2,0,2,0,0,27.0,"Warsaw, IN",Warsaw HS
2026,Carlyn Rapozo-Kamoku,OH,Eastern Wash.,14,42,20,20,88,0.000,4,2,14,64,6,4,2,0,0,27.0,"Anahola, Hawaii",Kapa'a HS
2026,Anna Schiltz,MB,Morehead St.,12,34,18,12,79,0.076,0,0,1,10,16,2,14,4,0,27.0,"Hampshire, Ill.",Hampshire HS
2026,Kendall Bosse,MH,Miami (OH),12,22,22,11,65,0.169,0,0,0,15,9,1,8,1,0,27.0,"Ross, Ohio",Ross
2026,Keldri Young,OH,Texas Southern,10,25,24,19,86,0.058,2,0,1,22,6,0,6,0,0,27.0,"Tallahassee, Fla.",
2026,Luiza Da Cruz,S,CSU Bakersfield,16,62,11,3,37,0.216,266,15,27,134,1,0,1,0,0,26.5,"Jaragua do Sul, Brazil",
2026,Emilia Kuzniar,S,Manhattan,16,61,7,5,29,0.069,222,14,16,79,10,1,9,0,1,26.5,"Przemysl, Poland",SMS Stal Mielec
2026,Avery Hales,S,Indiana St.,15,61,9,7,53,0.038,419,15,24,126,5,0,5,0,0,26.5,"Cromwell, Ind.",Warsaw Community
2026,Kameron Blizniak,S,Youngstown St.,15,57,6,1,26,0.192,388,19,15,108,3,0,3,1,0,26.5,"Romeoville, Ill.",Romeoville
2026,Angelina Dellutri,S,UC Irvine,15,53,12,5,45,0.156,248,12,15,90,5,0,5,0,1,26.5,,
2026,Rayon Thigpen,MB,Chicago St.,14,30,15,9,47,0.128,2,0,1,5,19,4,15,3,0,26.5,,
2026,Charis Burge,S,Syracuse,13,43,13,6,67,0.104,365,6,13,72,15,0,15,2,1,26.5,"Frederick, MD",
2026,Kathryn Titus,S,Murray St.,12,37,16,9,45,0.156,262,7,13,80,7,0,7,0,0,26.5,,
2026,Chloe Smith,OH,ETSU,12,25,22,10,78,0.154,1,2,3,5,5,0,5,1,0,26.5,,
2026,Cayla Weisner,MB,Davidson,11,28,12,7,40,0.125,2,0,1,4,25,4,21,3,0,26.5,"Deer Park, Ill.",
2026,Lilly Howell,OH,Marshall,11,26,18,10,55,0.145,0,0,0,4,14,3,11,4,0,26.5,"Middletown, Ind.",Burris School
2026,Faith Jordan,MB,Texas Tech,11,24,21,7,48,0.292,3,0,2,6,10,1,9,2,0,26.5,,
2026,Danielle Lee,,Middle Tenn.,9,25,21,20,70,0.014,0,0,0,4,11,0,11,2,0,26.5,"Monroe, La.",Ouachita Parish High School
2026,Cassidy Flakes,MB,Charlotte,8,22,17,13,43,0.093,1,2,4,3,11,4,7,1,0,26.5,"Winter Garden, Fl.",West Orange
2026,Haarachi Umenwaliri,MB,Howard,8,21,18,17,57,0.018,0,0,0,1,16,1,15,5,0,26.5,"Chapel Hill, N.C.",Chapel Hill HS
2026,Antonina Serafinowska,MB,Arizona St.,8,19,11,1,30,0.333,3,2,2,2,23,4,19,3,0,26.5,,
2026,Katie Brewer,MB,Portland St.,7,13,20,11,47,0.191,0,1,1,4,10,1,9,0,0,26.5,"Gresham, Ore.",Centennial HS
2026,Rylee Kinnell,OH,George Mason,5,17,20,21,66,-0.015,2,4,8,10,4,1,3,0,0,26.5,"Sagamore Hills, Ohio",Nordonia
2026,Kymora Scott,MB,Wisconsin,5,12,23,5,44,0.409,0,0,0,0,7,0,7,1,1,26.5,"Flossmoor, Ill.",Homewood-Flossmoor High School
2026,Brooklynn Merrell,L/DS,Austin Peay,19,74,5,3,26,0.077,378,21,19,133,0,0,0,1,1,26.0,"Katy, Texas",Obra D. Tompkins HS
2026,Olivia Callipo,S,UNC Asheville,18,63,4,4,12,0.000,314,20,26,101,2,2,0,0,0,26.0,"Orange Park, Fla.",Middleburg HS
2026,Payton Petersen,L,Louisville,17,57,8,2,21,0.286,54,18,11,241,0,0,0,0,0,26.0,"Dike, Iowa",
2026,Rayanne Wheat,S,Stony Brook,16,57,8,3,25,0.200,225,18,20,120,0,0,0,0,0,26.0,"Mount Olive, Ala.",Legacy/Essential Church School
2026,Maggie Rickert,L/DS,Gonzaga,15,58,6,4,27,0.074,54,20,17,179,0,0,0,0,0,26.0,"Nashville, Tenn.",Nolensville HS
2026,Carey-Jean Block,L/DS,Stony Brook,15,55,11,12,66,-0.015,14,15,10,140,0,0,0,0,0,26.0,"Seaford, N.Y.",Seaford
2026,Avery Barber,S,California Baptist,14,52,12,4,38,0.211,335,11,16,100,5,1,4,1,0,26.0,"Exeter, CA",Exeter Union HS
2026,Alivia Schneider,OH,Fresno St.,14,39,22,12,86,0.116,4,1,5,62,5,1,4,1,0,26.0,"Taylor, Ariz.",
2026,Jeryn Hildenbrand,DS,Portland,13,48,1,0,3,0.333,14,25,35,108,0,0,0,0,2,26.0,"Portland, Ore.",West Side Christian HS
2026,Leilia Toailoa,OH,Alabama,13,44,2,2,11,0.000,3,23,9,16,2,0,2,0,0,26.0,"Las Vegas, Nev.",Bishop Gorman HS
2026,Olivia Tukuafu,S,Utah St.,10,32,18,4,36,0.389,206,4,10,53,7,1,6,0,0,26.0,"Mesa, Arizona",Mountain View HS
2026,Rowan Schreiber,MB,NJIT,10,31,15,10,58,0.086,2,0,0,5,17,5,12,3,0,26.0,"Madison, WI",Vel Phillips Memorial
2026,Elena Stefanov,OPP,North Dakota,9,21,19,18,57,0.018,0,5,3,2,4,0,4,1,0,26.0,"Bucharest, Romania",Colegiul National Scoala Centrala
2026,Kyra Bradford,RS,UMES,8,22,23,9,56,0.250,1,0,0,6,6,0,6,0,0,26.0,"Chesapeake, VA",Nansemond Suffolk Academy
2026,Karisa Martin,RS,UT Arlington,8,21,20,13,93,0.075,1,0,0,11,11,1,10,0,0,26.0,"Monroe, Washington",Monroe HS / Bellevue College
2026,Nia Hall,OH,Tennessee,7,15,23,9,68,0.206,0,1,3,9,4,0,4,1,0,26.0,"Lorain, Ohio",Amherst Steele
2026,Maggie Sewell,MB,Southern Miss.,6,18,12,9,42,0.071,1,0,0,3,25,3,22,5,0,26.0,"Jackson, Miss.",
2026,Keirstyn Carlton,MB,Ole Miss,4,13,17,6,35,0.314,0,1,2,2,15,1,14,1,0,26.0,,
2026,Alexis Massey,S,Tarleton St.,18,64,1,1,12,0.000,349,24,24,135,1,0,1,0,0,25.5,"Las Cruces, NM",Homeschool
2026,Alison Bierwagen,S,Liberty,16,58,7,3,32,0.125,390,17,25,149,3,0,3,0,1,25.5,,
2026,Keira Mullen,S,Holy Cross,14,37,20,13,55,0.127,107,4,16,42,3,0,3,2,0,25.5,"Providence, R.I.",East Providence
2026,Jacey Young,MB,Southeast Mo. St.,14,31,17,10,45,0.156,0,2,6,9,12,1,11,1,0,25.5,"Ballwin, Mo.",Marquette High School
2026,Tia Traudt,OH,UNLV,11,34,24,18,113,0.053,0,0,4,24,3,0,3,3,0,25.5,"Grand Island, Neb.",Grand Island HS
2026,Tessa Jacobson,MB,North Dakota,11,23,20,14,61,0.098,0,0,0,3,10,1,9,2,0,25.5,"Wauwatosa, Wis.",Wauwatosa West HS
2026,Kennedi Wright,OH,Howard,10,29,22,16,87,0.069,4,3,11,34,1,0,1,0,0,25.5,"Plano, TX",Plano East H.S.
2026,Shaylee Stephen,MB,Portland,10,27,17,7,47,0.213,3,0,0,2,16,1,15,1,0,25.5,"Camas, Wash.",Camas HS
2026,Janet Onuorah,OH,Texas St.,9,17,22,12,64,0.156,0,2,2,8,3,0,3,0,0,25.5,"Beaumont, Texas",West Brook
2026,Camryn Weldon,S,George Mason,8,29,20,2,39,0.462,180,4,2,30,3,0,3,1,0,25.5,"McKinney, Texas",McKinney Boyd
2026,Katarina Miscevic,MB,Southeast Mo. St.,8,22,10,5,28,0.179,5,8,5,9,14,1,13,0,0,25.5,"Beograd, Serbia",Garden City CC
2026,Lyla Auth,MB,Manhattan,8,21,18,10,46,0.174,1,1,8,6,13,0,13,3,0,25.5,"Westerly, RI",Westerly
2026,Kenna Cogill,MB,Nebraska,8,14,16,4,33,0.364,0,0,3,5,19,0,19,1,0,25.5,"Gilbert, Ariz.",Perry
2026,Savannah Smith,MB,Marist,7,17,13,3,27,0.370,0,0,0,0,23,2,21,0,1,25.5,"San Antonio, TX",Cornestone Christian Schools
2026,Ayla Klingenberg,MB,Illinois St.,7,15,20,5,46,0.326,0,0,0,1,8,3,5,0,0,25.5,"St. George, Kan.",Rock Creek HS / Southeast Louisiana
2026,Becca Rogers,MB,Eastern Ky.,5,14,23,6,44,0.386,0,0,0,5,4,1,3,0,0,25.5,"Chattanooga, Tenn.",
2026,Peyton Young,MH,Iowa,5,12,19,7,38,0.316,0,0,0,2,11,2,9,0,0,25.5,"Hoffman Estates, Ill.",Hoffman Estates
2026,Rylee Sloss,S,Dayton,18,71,5,2,24,0.125,350,20,22,120,0,0,0,0,1,25.0,"Christiansburg, Va.",Blacksburg
2026,Alayna Pearson,L/DS,Saint Mary's (CA),17,66,0,1,4,-0.250,44,25,26,215,0,0,0,0,0,25.0,"Overland Park, Kan.",Blue Valley Northwest
2026,Adeline Wieler,L/DS,Charleston So.,16,62,2,1,17,0.059,50,22,25,176,2,0,2,1,0,25.0,"Atlanta, GA",West Forsyth HS
2026,Hailey Brenner,DS,Kent St.,16,59,12,10,98,0.020,14,13,11,118,0,0,0,0,0,25.0,"Miami, Fla.",Gulliver Prep
2026,Martina Cerrato,OH,UIC,16,36,21,20,83,0.012,3,3,8,38,2,0,2,0,0,25.0,"Turin, Italy",
2026,Shelby Davis,L/DS,James Madison,15,57,3,2,10,0.100,13,22,11,100,0,0,0,0,0,25.0,"Smithfield, Ky.",Oldham County High School
2026,Janelle Green,S,Toledo,15,56,13,3,31,0.323,285,12,19,128,0,0,0,0,0,25.0,"Leawood, Kan.",Blue Valley North
2026,Kenslie Warmbrodt,S,Canisius,15,54,7,1,29,0.207,282,17,9,60,2,0,2,3,0,25.0,"Reno, Nev.",Reno
2026,Sophia Bond,L/DS,Lehigh,14,52,2,1,14,0.071,63,23,24,200,0,0,0,0,1,25.0,,
2026,Isa Boyd,S,Navy,14,52,6,2,20,0.200,293,19,10,105,0,0,0,0,0,25.0,"Atlanta, Ga.",St. Pius X
2026,Marlee Cook,S,Queens (NC),14,49,14,1,27,0.481,223,11,8,75,0,0,0,0,0,25.0,"WIlmington, N.C.",New Hope HS
2026,Teagan Sullivan,OH,SIUE,14,42,10,5,33,0.152,4,15,14,45,0,0,0,0,0,25.0,"Dunlap, Ill.",
2026,Jala Dixon,MB,Norfolk St.,14,27,16,9,53,0.132,1,0,0,7,15,3,12,2,0,25.0,"Columbia, S.C.",
2026,Sophia Gagnepain,S,Dartmouth,13,51,13,1,33,0.364,274,12,17,100,0,0,0,1,0,25.0,,
2026,Eiley Schneider,MH,Le Moyne,13,32,14,6,54,0.148,0,0,0,2,20,2,18,4,0,25.0,"Ramsey, N.J.",Ramsey
2026,McKenna Garr,L/DS,Minnesota,12,43,0,0,3,0.000,12,25,17,93,0,0,0,0,0,25.0,"HOMETOWN
RUSH CITY, MINN.",
2026,Piper Rama,L/DS,Arizona St.,12,43,1,0,2,0.500,8,24,16,63,0,0,0,0,0,25.0,,
2026,Bailey Nakanelua,S,Ohio St.,11,34,12,4,49,0.163,334,6,5,76,12,2,10,0,1,25.0,,
2026,Kameron Rector,OH,Sam Houston,11,21,21,7,58,0.241,0,2,3,25,4,0,4,0,0,25.0,,
2026,Audrey Kalorin,S,Dartmouth,10,26,19,8,49,0.224,60,0,1,7,11,1,10,2,0,25.0,,
2026,Aliyah Millner,MB,Hampton,9,26,14,9,37,0.135,1,0,0,9,19,3,16,1,0,25.0,"Williamsburg, Va.",Bruton
2026,Alyssa Williams,RS,Southern U.,9,18,23,9,68,0.206,0,0,0,1,4,0,4,0,0,25.0,"Riverside, Calif",Corona Centennial
2026,Emily Normand,OH,Wofford,8,32,16,9,54,0.130,4,0,0,13,17,1,16,0,0,25.0,"Greer, S.C.",St. Joseph's Catholic
2026,Saar Bertels,OH,West Virginia,8,18,22,10,68,0.176,0,1,2,8,4,0,4,0,0,25.0,"Eppegem, Belgium",College Vilvoorde
2026,Ashley Sess,MB,Northern Ky.,7,25,20,9,47,0.234,0,1,5,5,8,0,8,0,0,25.0,"Cincinnati, Ohio",Mercy McAuley HS
2026,Lucy Chertock,OH,New Hampshire,2,9,24,16,63,0.127,0,0,1,7,2,0,2,0,0,25.0,"Danville, Calif.",San Ramon Valley
2026,Rendi Fetty,OH,East Texas A&M,18,63,9,2,42,0.167,8,15,15,89,1,0,1,0,0,24.5,"Farmersville, Texas",Farmersville HS
2026,Lauren Pyle,S,Sam Houston,17,62,6,5,37,0.027,293,18,22,135,1,0,1,0,0,24.5,,
2026,Sarah Musial,S,Providence,15,52,12,8,41,0.098,189,12,23,61,1,0,1,1,1,24.5,,
2026,Bailey Upshaw,MB,Alcorn,13,36,12,5,36,0.194,1,0,1,4,21,4,17,2,0,24.5,"La Porte, Texas",La Porte HS
2026,Norah Busch,MB,NC State,13,26,19,5,36,0.389,0,0,3,4,10,1,9,0,0,24.5,"Pottstown, Pennsylvania",
2026,Nina Mandovic,S,Missouri,12,38,14,1,27,0.481,215,7,9,81,7,0,7,3,1,24.5,"Subotica, Serbia",
2026,Mikayla Moore,MB,Delaware St.,11,30,17,10,58,0.121,0,0,0,7,13,2,11,0,0,24.5,"Waxhaw, NC",Providence Day School
2026,Anaya Hairston,MB,Louisiana Tech,11,24,16,7,53,0.170,0,1,0,3,14,1,13,2,0,24.5,"Lancaster, Texas",Lancaster HS
2026,Bridget Egan,OH,Harvard,10,30,14,8,48,0.125,2,8,10,41,5,0,5,0,0,24.5,"Louisville, Ky.",Sacred Heart Academy
2026,Tia Kapihe,OH,Santa Clara,10,27,20,6,68,0.206,1,2,7,37,5,0,5,1,1,24.5,"Kane'ohe, Hawai'i",Kamehameha HS
2026,Sophia Stallworth,OH,Miami (OH),10,27,18,5,63,0.206,1,0,0,10,12,1,11,1,0,24.5,"Orlando, Fla.",Winter Park
2026,Danielle Brown,MB,Santa Clara,10,25,21,14,75,0.093,1,2,3,2,3,0,3,1,0,24.5,"Puyallup, Wash.",Puyallup HS
2026,Grace Martin,OH,Arizona St.,9,21,22,11,65,0.169,1,1,1,18,3,0,3,0,0,24.5,,
2026,Natalia Clifford,OH,Siena,8,27,16,6,58,0.172,4,8,5,50,1,0,1,0,0,24.5,"Mill Valley, Calif.",Tamalpais (Absolute VBC)
2026,Reilly Goueth,MB,UC Santa Barbara,8,21,17,10,50,0.140,0,0,0,8,14,1,13,1,0,24.5,"Carlsbad, Calif.",Sage Creek HS
2026,Gabby Taylor,MB,Iona,8,21,19,10,58,0.155,1,2,5,7,7,0,7,1,0,24.5,"Virginia Beach, VA",First Colonial
2026,Anna Blamires,OPP,BYU,6,14,23,6,46,0.370,0,0,0,1,3,0,3,0,0,24.5,,
2026,Maeva Schalk,OH,Arizona St.,3,13,21,13,53,0.151,1,3,2,21,1,0,1,0,0,24.5,,
2026,Katrina Catalan,S,New Mexico St.,17,71,5,4,33,0.030,342,19,28,141,0,0,0,0,1,24.0,"San Diego, Calif.",Vista Murrieta HS
2026,Ava Patchett,L,Bradley,17,68,0,4,20,-0.200,19,24,15,135,0,0,0,0,0,24.0,,
2026,Reilly Chausse,L,Akron,17,67,0,0,6,0.000,17,24,12,115,0,0,0,0,0,24.0,"Orland Park, Ill.",Carl Sandburg HS
2026,Autumn Martinez-Robinson,L,George Mason,17,66,0,2,7,-0.286,56,24,50,255,0,0,0,0,0,24.0,"Lutz, Fla.",Tampa Prep
2026,Aubri Martin,L/DS,Mercer,17,63,3,1,19,0.105,70,21,23,263,0,0,0,0,0,24.0,"Green Cove Springs, Fla.",Clay HS
2026,Melia Barlow,L,Boise St.,17,60,1,2,12,-0.083,72,23,11,230,0,0,0,0,0,24.0,"Chandler, Ariz.",Hamilton HS
2026,Lexi Duffy,S,Ga. Southern,17,60,18,1,38,0.447,361,4,5,103,4,0,4,0,2,24.0,"Murrieta, Calif.",Tocoi Creek (Fla.)
2026,Lily King,S,Little Rock,17,59,7,0,16,0.438,287,17,22,101,0,0,0,0,1,24.0,"Channahon, Ill.",Minooka HS
2026,Taylor Kubacak,S,Grand Canyon,15,55,9,1,18,0.444,240,15,22,73,0,0,0,0,0,24.0,"Kerrville, Texas",Tivy
2026,Sydney McKay,L/DS,High Point,14,54,1,1,7,0.000,25,23,24,112,0,0,0,0,0,24.0,"Bellville, Texas",Bellville
2026,Gabriella Burdier,DS,Central Conn. St.,14,53,1,0,3,0.333,13,23,30,100,0,0,0,0,0,24.0,,
2026,Ryan Gilhooly,OH,Pepperdine,14,51,0,0,3,0.000,11,24,18,62,0,0,0,0,0,24.0,"Pacific Palisades, Calif.",Marymount
2026,Greta Pleuss,S,The Citadel,14,48,5,2,47,0.064,371,11,15,69,15,1,14,3,1,24.0,,
2026,Kira Brundage,L/DS,St. Thomas (MN),13,54,1,0,2,0.500,10,23,25,71,0,0,0,0,0,24.0,,
2026,Aspen Jankowski,S,Southern Ind.,13,52,0,0,0,--,4,24,16,28,0,0,0,0,0,24.0,"Cedarburg, Wisc.",Cedarburg
2026,Katejion Robinson,OH,Jackson St.,12,24,23,17,95,0.063,0,0,0,9,1,1,0,1,0,24.0,"Zephryills, FL",T.R. Robinson
2026,Bella Lopez,OH,Rice,11,18,22,16,87,0.069,0,0,0,3,4,0,4,0,0,24.0,"Lucas, Texas",
2026,Lindsay Oldendorf,MB,Illinois,8,23,17,6,43,0.256,5,0,0,6,12,2,10,5,1,24.0,"Homer Glen, Ill.",
2026,Fiona VanDyke,OH,Central Ark.,6,15,22,18,86,0.047,0,0,1,8,4,0,4,0,0,24.0,"Lawrence, Kan.",Lawrence Free State HS
2026,Catalina Alvizuri,MB,DePaul,5,15,19,4,41,0.366,1,0,0,2,9,1,8,0,0,24.0,"San Diego, Calif.",Mt. Carmel
2026,Sarah Frager,L/DS,Mercer,17,63,2,0,10,0.200,3,21,21,151,1,0,1,0,0,23.5,"Davidson, N.C.",Lake Norman HS
2026,Csenge Krakoczki,S,Idaho,17,62,4,3,32,0.031,368,17,27,102,5,0,5,2,0,23.5,"Balatonfured, Hungary",Vehir-Vesc Sport Club
2026,Emilee Fuller,S,Seton Hall,16,50,6,2,14,0.286,144,17,15,46,1,0,1,0,0,23.5,"Louisville, Ky.",
2026,Rylee Martin,S,South Dakota St.,15,58,11,4,41,0.171,348,9,20,104,7,0,7,0,1,23.5,"Eaton, Colo.",Eaton H.S.
2026,Sierra Dudley,S,Missouri,15,51,10,0,26,0.385,244,11,8,68,4,1,3,0,1,23.5,"Spartanburg, S.C.",Dorman
2026,Ana Luiza Matos,S,Hampton,14,44,8,6,61,0.033,315,12,9,79,6,1,5,2,2,23.5,,
2026,Gabriella Schemidt,,Le Moyne,13,26,17,17,70,0.000,0,0,0,3,12,1,11,1,0,23.5,"Plainfield, Ill.",Plainfield East
2026,Kate Sinclair,MB,New Mexico St.,12,26,17,5,38,0.316,0,0,0,2,12,1,11,2,0,23.5,"Calgary, Alberta, Canada",Ernest Manning HS
2026,Taylor Jenkins,MB,Niagara,10,29,15,4,47,0.234,2,0,3,4,15,2,13,3,0,23.5,"Dublin, OH",Homeschooled
2026,Annabell Zachritz,MH,Rider,10,22,13,15,61,-0.033,1,0,0,3,18,3,15,2,0,23.5,"Gainesville, FL",The Rock School
2026,Zaira Kearns,S,New Haven,9,29,9,7,43,0.047,258,8,10,47,13,0,13,3,0,23.5,"Fairway, Kan.",Pembroke Hill
2026,Kate Camp,MB,Northern Ariz.,8,14,17,6,33,0.333,1,1,5,3,11,0,11,1,0,23.5,"Las Vegas, Nev.",Palo Verde
2026,Sydni Vice,MB,Purdue,8,14,20,10,60,0.167,0,0,0,6,5,2,3,0,0,23.5,,
2026,Molly Mitchell,MB,Southern Utah,7,20,18,9,59,0.153,5,2,7,6,6,1,5,1,0,23.5,"Lindon, Utah",Pleasant Grove High School
2026,Ada Awagu,MB,Oklahoma,7,13,14,2,39,0.308,0,4,3,1,9,2,7,1,0,23.5,"San Antonio, Texas",
2026,Elizabeth Kwiatkowski,RS,West Florida,6,22,14,2,20,0.600,109,8,9,45,3,0,3,0,0,23.5,,
2026,Sianna Dykes,MB,Austin Peay,6,14,16,6,45,0.222,0,0,0,1,10,5,5,1,0,23.5,"Warren, Ohio",Howland HS
2026,Ruth Ochelli,OH,Bryant,4,10,23,11,53,0.226,0,0,0,1,1,0,1,0,0,23.5,,
2026,Jaimie Marquardt,L,Iowa,18,68,1,0,11,0.091,29,22,21,164,0,0,0,0,0,23.0,"Libertyville, Ill.",Libertyville
2026,Brooke Herdes,OH,Evansville,17,66,6,6,24,0.000,21,17,40,135,0,0,0,0,0,23.0,"Evansville, Ind.",
2026,Hazuna Akishige,L,UConn,17,60,1,2,9,-0.111,42,22,28,188,0,0,0,0,1,23.0,"Osaka, Japan",College of Southern Idaho
2026,Mariana Franco,S,LSU New Orleans,17,52,15,3,47,0.255,193,6,9,54,4,0,4,1,1,23.0,"Cartagena, Colombia",
2026,Ashlynn Reilly,L/DS,Santa Clara,16,61,1,4,10,-0.300,4,22,27,77,0,0,0,1,0,23.0,"Lakewood, Colo.",Green Mountain HS
2026,Addison Hurst,L/DS,South Alabama,16,60,1,2,12,-0.083,36,22,27,203,0,0,0,0,0,23.0,"Cleveland, Tenn.",
2026,Paige Bernstein,S,SIUE,16,59,4,0,12,0.333,289,19,23,85,0,0,0,0,1,23.0,"The Woodlands, Texas",
2026,Alayna Vaeth,S,Little Rock,16,54,13,7,52,0.115,231,3,16,61,13,1,12,0,0,23.0,"Olathe, Kan.",St. Thomas Aquinas
2026,Isabel Bertelsen,L/DS,Oregon St.,15,53,2,2,7,0.000,52,21,10,189,0,0,0,0,0,23.0,"Orlando, Fla.",Winter Park HS
2026,Morgan Burke,S,Michigan,15,53,1,2,4,-0.250,368,22,15,105,0,0,0,1,0,23.0,"Omaha, Neb.",
2026,Lauren Murphy,OH,TCU,15,38,11,6,28,0.179,1,9,2,4,6,0,6,0,0,23.0,"Round Rock, Texas",Round Rock HS
2026,Valeria Ortiz,S,UTSA,14,55,11,4,33,0.212,316,11,19,105,2,0,2,0,0,23.0,"Laredo, Texas",John B. Alexander HS
2026,Grace Jones,S,Seattle U,14,48,9,4,26,0.192,247,10,13,72,8,0,8,0,0,23.0,,
2026,Kalyani Olive,OH,Mercyhurst,14,36,18,15,81,0.037,1,0,0,2,10,0,10,2,0,23.0,"Los Angeles, Calif.",Sierra Canyon
2026,Meisha Sykes,MB,Central Mich.,14,32,15,19,56,-0.071,0,0,1,4,14,2,12,1,0,23.0,,
2026,Ava Crabtree,OH,William & Mary,13,45,16,15,61,0.016,2,7,27,52,0,0,0,0,0,23.0,"Normal, Ill.",University High School
2026,Kayla Jones,RS,Sacred Heart,13,30,14,9,45,0.111,4,0,0,8,15,3,12,0,0,23.0,,
2026,Reese Jackson,MB,CSU Bakersfield,12,25,21,12,55,0.164,0,0,0,8,3,1,2,2,0,23.0,Dallas,
2026,Mirabella Iriarte,MB,Duquesne,9,24,17,5,29,0.414,0,0,0,1,11,1,10,0,0,23.0,"Hudson, Ohio",Hudson
2026,Mialee Dabbelt,OH,Belmont,9,23,21,16,89,0.056,1,0,0,10,4,0,4,0,0,23.0,"Centerville, Ohio",Centerville HS
2026,Eleana Koute,OPP,Marist,8,19,19,10,48,0.188,0,0,0,6,6,2,4,2,0,23.0,"Almyros, Greece",1st General Highschool of Almyros
2026,Samiyah Abdur-Rahim,OH,South Fla.,8,15,21,13,47,0.170,0,0,1,5,4,0,4,0,1,23.0,"Summit, N.J.",TCU
2026,Ella Brodner,OH,Virginia,7,18,20,7,63,0.206,1,0,1,12,6,0,6,0,0,23.0,"Jupiter, Fla.",Jupiter Christian
2026,Lily Goyer,MB,UNCW,6,18,17,8,38,0.237,3,0,2,4,11,1,10,0,0,23.0,"Manhattan, Ill.",Lincoln West Way
2026,JoJo Abeyta,MB,Western Caro.,6,16,15,6,44,0.205,0,0,0,6,13,3,10,1,1,23.0,"Littleton, Colo.",Heritage HS
2026,Taliyah Hanks,MB,Southern California,6,16,12,1,27,0.407,0,1,1,2,19,1,18,0,0,23.0,"Kalamazoo, Mich.",Loy Norrix HS
2026,Zuzanna Bury,OH,Stetson,5,13,18,8,71,0.141,1,2,1,14,5,1,4,3,0,23.0,"Zywiec, Poland",ZSGD Poznan
2026,Alana Guibert Rivera,MB,Eastern Ill.,4,13,16,3,38,0.342,1,0,0,6,13,1,12,2,0,23.0,,
2026,Paige Mock,MB,Memphis,4,13,16,4,30,0.400,0,0,0,1,12,2,10,0,0,23.0,"Pickerington, Ohio",
2026,Loukia Papadakos,MB,Seton Hall,4,10,17,7,33,0.303,1,0,0,2,10,2,8,1,0,23.0,"Stoufville, Ontario",
2026,Sarah Butler,S,Austin Peay,18,71,4,0,28,0.143,312,18,33,100,1,0,1,4,1,22.5,"Naperville, Ill.",Naperville Central HS
2026,Blair Thiebaud,S,Louisville,16,48,8,3,17,0.294,50,12,29,18,5,0,5,0,0,22.5,"College Station, Texas",
2026,Mia McCall,S,Valparaiso,16,41,15,5,42,0.238,133,4,10,41,7,0,7,4,0,22.5,,
2026,Allison Salazar,S,Cleveland St.,15,53,6,3,22,0.136,68,14,19,35,5,0,5,0,0,22.5,,
2026,Sumaiyya Harris,MB,St. John's (NY),15,33,18,7,45,0.244,1,0,0,9,9,0,9,4,0,22.5,"Atlanta, Ga.",
2026,Maleah Faust,S,Southern U.,13,41,15,6,36,0.250,184,4,12,36,6,1,5,0,0,22.5,"Inglewood, Calif.",Da Vinci Design HS
2026,Kaylee Musick,S,Coastal Carolina,12,44,7,0,29,0.241,287,11,13,78,9,0,9,0,3,22.5,"Canal Winchester, Ohio",Bishop Hartley
2026,Ivana Cvetkovic,MB,Oregon St.,12,23,16,3,39,0.333,1,0,1,3,10,3,7,1,0,22.5,"Belgrade, Serbia",Fifth Belgrade Grammar School
2026,Sophie Skinner,S,Central Ark.,11,32,13,4,40,0.225,228,4,8,53,11,0,11,1,0,22.5,"Hot Springs, Ark.",Fountain Lake HS
2026,Lauren Brooker,S,LSU,10,36,13,5,39,0.205,290,4,3,71,11,0,11,2,0,22.5,,
2026,Peyton Jenkins,MB,N.C. Central,10,22,18,9,49,0.184,0,0,1,3,8,1,7,2,2,22.5,"Lawrenceville, Ga.",
2026,Addison Roark,MB,Northern Colo.,9,19,15,5,43,0.233,0,0,1,0,12,3,9,1,0,22.5,"Loveland, Colo.",Mountain View HS
2026,Kat Cooper,MB,Tulsa,9,18,18,7,40,0.275,1,0,0,3,7,2,5,0,0,22.5,"HOMETOWN
SPRINGDALE, ARK.",
2026,Tehya Shaw,MB,Buffalo,9,17,14,9,44,0.114,1,0,0,3,13,4,9,0,0,22.5,"York, Pa.",Central York
2026,Kaliya Ndiaye,MB,UC San Diego,8,26,11,11,43,0.000,4,0,0,2,22,1,21,1,0,22.5,"Aliso Viejo, Calif.",Santa Margarita Catholic HS
2026,Tamara Unga,OH,Seattle U,8,16,21,12,67,0.134,1,0,1,8,2,1,1,0,1,22.5,,
2026,Sophia Ahrens,OH,Cornell,7,21,12,9,46,0.065,1,0,0,11,20,1,19,1,0,22.5,"Brooklyn, N.Y.",Saint Ann's School
2026,Lydia Chambers,MB,Queens (NC),7,20,13,15,52,-0.038,0,0,0,1,16,3,13,3,0,22.5,"Hunterville, N.C.",Lake Norman Charter High School
2026,Kristina Bozovic,RS,Wyoming,7,18,19,4,48,0.313,0,0,0,3,7,0,7,1,0,22.5,"Podgorica, Montenegro",
2026,Brookelynn Nance,MB,Western Caro.,7,17,19,13,56,0.107,1,0,0,5,5,2,3,2,0,22.5,,
2026,Ashlyn Blazer,OH,Missouri St.,6,17,21,11,63,0.159,0,0,1,7,3,0,3,1,0,22.5,"Shawnee, Kan.",Mill Valley
2026,Addison West,OH,North Carolina,6,14,22,9,47,0.277,0,0,1,8,1,0,1,0,0,22.5,"Omaha, Neb.",Skutt Catholic
2026,Abby Vander Wal,OH,Texas,3,10,18,13,63,0.079,0,2,12,8,5,0,5,0,0,22.5,"Elmhurst, Ill.",Timothy Christian
2026,Morgan Williams,OH,Tennessee,3,9,22,7,53,0.283,0,0,0,1,1,0,1,0,0,22.5,"Burke, Va.",Lake Braddock Secondary School
2026,Bianca Salvador,OH,Eastern Mich.,1,5,20,3,36,0.472,2,2,1,12,1,0,1,0,0,22.5,,
2026,Makayla Martinez,L/DS,New Mexico St.,17,71,4,0,16,0.250,79,18,31,263,0,0,0,0,0,22.0,"Albuquerque, N.M.",Cibola HS
2026,Vanessa Del Real,L,Akron,17,67,1,1,12,0.000,72,21,12,257,0,0,0,0,0,22.0,"Crown Point, Ind.",Crown Point HS
2026,Brea Payne,S,Southeastern La.,17,52,10,5,36,0.139,168,7,14,54,10,0,10,0,0,22.0,"Evanston, Ill.",Loyola Academy
2026,Lexi Trapani,L/DS,Santa Clara,16,63,3,0,9,0.333,66,19,31,235,0,0,0,0,0,22.0,"Santa Monica, Calif.",Marymount HS
2026,Megan Kelly,S,Queens (NC),16,57,7,0,12,0.583,112,15,16,47,0,0,0,0,1,22.0,"Wrightsville Beach, N.C.",Hoggard HS
2026,Emma Lilo,S,Florida St.,15,58,7,2,27,0.185,441,11,25,124,6,2,4,2,5,22.0,"Kailua, Hawaii",
2026,Alex Ioannou,L,American,15,57,3,2,9,0.111,7,19,32,101,0,0,0,0,0,22.0,"Larnaka, Cyprus",Grammar School of Limassol
2026,Amy Ito,DS,Sacramento St.,15,53,0,0,1,0.000,8,22,18,81,0,0,0,0,0,22.0,"Elk Grove, Calif.",
2026,Anna Logan,DS,Mercyhurst,14,53,5,12,47,-0.149,5,17,24,75,0,0,0,3,1,22.0,"Fenton, Mich.",Fenton Senior
2026,Kaylee Lowther,L,Southern Miss.,14,51,0,0,4,0.000,5,22,25,93,0,0,0,0,0,22.0,"Madison, Miss.",
2026,Sunni Sheppard,L,Southern Miss.,14,51,1,3,12,-0.167,47,21,23,212,0,0,0,0,0,22.0,"Brandon, Miss.",
2026,Isabella Romero,OH,UC Irvine,13,40,16,17,78,-0.013,2,5,13,31,2,0,2,2,0,22.0,,
2026,Julia Slaughter,S,Alabama St.,13,35,15,5,54,0.185,11,5,11,39,4,0,4,0,0,22.0,"Eagle Point, Ore.",South Medford HS
2026,Julia Whitfield,MB,Northwestern St.,13,28,16,12,52,0.077,4,1,3,8,10,0,10,1,0,22.0,"Mandeville, La.",Saint Scholastica Academy
2026,Riley Johnson,MB,Lamar University,11,33,11,8,35,0.086,1,0,1,5,18,4,14,2,0,22.0,"Pearland, Texas",Glenda Dawson HS (Arkansas — Pine Bluff)
2026,Fabiola Betancourt,OH,Merrimack,11,20,20,19,86,0.012,3,0,6,25,3,1,2,0,0,22.0,"Fort Worth, Texas",Grambling State University
2026,Caitlin Leddy,S,New Hampshire,10,22,17,12,52,0.096,50,3,4,20,3,1,2,0,0,22.0,"Hinsdale, Ill.",Hinsdale Central
2026,Ella Martin,OH,Oakland,9,22,19,11,91,0.088,1,2,2,20,1,1,0,0,0,22.0,"Leawood, Kan.",Bishop Miege
2026,Kimaya Webb,MB,Lamar University,8,23,16,4,31,0.387,0,1,5,7,9,1,8,1,0,22.0,"Fort Worth, Texas",V.R. Eaton HS (UT Permian Basin)
2026,Lawson Monroe,OH,Brown,7,22,19,9,70,0.143,1,1,4,19,4,0,4,1,0,22.0,,
2026,Chloe Scott,OH,Morgan St.,6,19,11,5,25,0.240,1,4,6,9,8,6,2,0,0,22.0,"Webster, N.Y.",Webster Thomas High School
2026,Maria Filippova,OH,Georgetown,4,15,18,17,80,0.013,1,0,0,5,8,0,8,1,1,22.0,"Gaithersburg, Md.",Northwest
2026,Paige Nelson,S,New Mexico St.,17,71,1,5,22,-0.182,364,20,16,112,1,0,1,0,0,21.5,"Pleasanton, Calif.",Foothill HS
2026,Maria Fernanda Cisneros Salas,OH,Delaware St.,15,55,20,13,75,0.093,5,1,0,69,1,0,1,0,0,21.5,"Tarapoto, Peru",
2026,Annastiina Tarkkanen,S,UAB,15,50,2,2,7,0.000,229,19,17,75,1,0,1,2,0,21.5,,
2026,McKenzie Parks,MH,Coppin St.,14,31,13,7,32,0.188,0,1,0,4,11,4,7,1,0,21.5,"McDonough, Ga.",Strong Rock Christian School
2026,Logan Dyer,OH,A&M-Corpus Christi,12,19,19,17,83,0.024,0,0,0,1,4,1,3,0,0,21.5,"Waco, TX",Bosqueville HS
2026,Tenesyn Frye,S,Ole Miss,11,39,14,7,39,0.179,123,1,2,16,10,3,7,2,0,21.5,,
2026,Klea Tarja,OH,Bucknell,11,20,20,7,50,0.260,0,1,1,7,1,0,1,0,0,21.5,"Temecula, Calif.",
2026,Addie Kanouff,OH,Washington,11,17,18,1,35,0.486,0,1,0,0,5,0,5,1,0,21.5,"Englewood, Colo.",Cherry Creek
2026,Madison Conley,MH,Mississippi Val.,10,30,15,16,62,-0.016,0,0,0,5,12,1,11,2,0,21.5,"Olive Branch, MS",Center Hill HS
2026,Camille Pomeroy,MB,LMU (CA),10,24,14,4,38,0.263,0,0,0,4,14,1,13,0,0,21.5,"Vienna, VA",Madison High School
2026,Aubrey Sears,OH,Western Ky.,10,20,20,15,63,0.079,1,0,5,2,2,1,1,0,0,21.5,,
2026,Reese Henderson,RS,Iona,9,23,17,10,60,0.117,3,0,0,9,9,0,9,0,1,21.5,"South Glastonbury, CT",Glastonbury
2026,Alex Stone,OH,Montana,9,20,19,21,82,-0.024,2,1,1,10,3,0,3,1,0,21.5,"Austin, Texas",
2026,Hannah Mlsna,RS,South Dakota St.,8,28,13,10,48,0.063,2,0,2,2,16,1,15,2,0,21.5,"Madison, Wis.",Madison Memorial H.S.
2026,Kaylen Robinson,OH,Ark.-Pine Bluff,8,21,17,11,60,0.100,0,0,0,2,8,1,7,3,0,21.5,"Maumelle, AR",
2026,Hannah Sherman,MB,Louisville,8,17,11,7,22,0.182,1,0,0,1,18,3,15,6,0,21.5,"Silver Spring, Md.",
2026,Halle Kerkman,OH,Missouri St.,6,13,21,9,44,0.273,0,0,0,5,1,0,1,0,0,21.5,,
2026,Avarie Adams,MB,Cornell,5,19,11,4,29,0.241,0,0,0,10,18,3,15,0,1,21.5,"Louisville, Ky.",Sacred Heart Academy
2026,Vita Sensenbrenner,MB,Southern Ind.,3,12,15,8,35,0.200,0,0,0,0,13,0,13,3,0,21.5,"Prospect, Ky.",North Oldham
2026,Carrina Barron,L,Bryant,20,68,3,0,9,0.333,80,18,25,315,0,0,0,0,0,21.0,,
2026,Eden Pietrzak,L/DS,ULM,18,62,5,4,34,0.029,54,16,14,210,0,0,0,0,1,21.0,"Nolensville, Tenn.",Nolensville HS
2026,Natalia Navarro,L/DS,Nicholls,17,67,4,2,19,0.105,58,17,25,274,0,0,0,0,0,21.0,"Guadalajara, Mexico",PrepaTec
2026,Marta Lazzarin,L,FIU,17,63,1,0,8,0.125,101,20,22,241,0,0,0,0,0,21.0,"Venice, Italy",Institute of Tourism Andrea Gritti
2026,Laney Choboy,L/DS,Nebraska,17,51,1,0,3,0.333,19,20,15,94,0,0,0,0,0,21.0,"Raleigh, N.C.",Leesville Road
2026,Aleina Manaois,S,Gardner-Webb,16,59,3,1,33,0.061,231,18,4,145,0,0,0,0,0,21.0,"Glendale, Ca.",Glendale HS
2026,Samantha Bunch,S,Illinois St.,16,56,3,0,11,0.273,76,18,23,222,0,0,0,0,0,21.0,,
2026,Hady Pickard,L,New Hampshire,16,55,3,0,14,0.214,56,18,17,228,0,0,0,0,0,21.0,"Roswell, Ga.",Blessed Trinity Catholic
2026,Alexis Finnvold,S,West Virginia,15,64,6,2,20,0.200,437,10,29,111,9,1,8,2,0,21.0,"Boca Raton, Fla.",Boca Raton Community High School
2026,Alyssa Nelson,S,Villanova,15,58,5,1,12,0.333,390,16,10,133,0,0,0,4,0,21.0,"Wildwood, Mo.",Lafayette
2026,Kayla Palmer,S,Elon,15,54,2,0,8,0.250,245,19,12,81,0,0,0,1,0,21.0,"Ithaca, N.Y.",Lansing High School
2026,Darbi Ricketts,L/DS,Ohio,15,47,0,0,1,0.000,12,21,9,62,0,0,0,0,1,21.0,"Cincinnati, Ohio",Little Miami
2026,Grace Wenrich,S,James Madison,14,54,11,2,27,0.333,258,10,11,84,0,0,0,0,0,21.0,"Watkinsville, Ga.",Oconee County
2026,Olivia Hasbrook,DS,Kansas,14,47,0,0,1,0.000,48,21,22,140,0,0,0,0,0,21.0,,
2026,Julie Dufourt,L/DS,Fairfield,14,35,16,6,36,0.278,9,5,9,50,0,0,0,0,0,21.0,"Paris, France",Jacques Monod Clamart
2026,Ana Julia Bleeker,L/DS,Georgia,13,51,1,0,3,0.333,33,20,26,89,0,0,0,0,0,21.0,"Windermere, Fla.",
2026,Kamyla Vega David,S,USC Upstate,13,49,10,5,48,0.104,343,8,16,129,6,0,6,0,1,21.0,"Carolina, Puerto Rico",Tohopekaliga HS
2026,Judy Asar,S,UIC,13,43,2,2,10,0.000,200,19,16,70,0,0,0,1,1,21.0,"Cairo, Egypt",Misr Language Schools
2026,Avery Stromberg,,Le Moyne,13,22,18,16,77,0.026,3,2,1,19,2,0,2,0,0,21.0,"West Chester, Pa.",Bayard Rustin
2026,Maggie Allred,MB,Fla. Atlantic,11,25,13,5,36,0.222,1,0,2,4,13,3,10,1,0,21.0,"Nolensville, Tenn.",Nolensville
2026,Ella Seeger,OH,Wright St.,10,15,21,11,66,0.152,2,0,0,8,0,0,0,1,0,21.0,,
2026,Carolina Sayeg Blak,OH,Delaware,9,17,15,7,48,0.167,0,3,4,7,5,1,4,0,0,21.0,"Rio De Janeiro, Brazil",
2026,Emma Bryson,MB,Georgia,7,18,11,8,24,0.125,1,1,2,2,15,3,12,1,0,21.0,"Mills River, N.C.",
2026,Olivia Stant,OH,Mississippi St.,7,15,19,18,88,0.011,1,0,0,9,4,0,4,1,0,21.0,,
2026,Maddie Connelly,OH,UNC Asheville,5,14,16,16,65,0.000,2,4,6,11,2,0,2,2,0,21.0,,
2026,Maria Kurnatowska,MB,NJIT,4,14,14,8,51,0.118,4,0,0,5,12,2,10,1,0,21.0,"Sopot, Poland",Boleslaw Chrobrego
2026,Elsie Law,MB,Arkansas,4,11,15,3,30,0.400,0,0,3,2,12,0,12,3,0,21.0,"Salado, Texas",Salado HS
2026,Jillian Shaneyfelt,L,Southern Ill.,17,67,2,1,17,0.059,69,18,8,305,1,0,1,0,0,20.5,"Pinckneyville, Ill.",Pinckneyville HS
2026,Jenelle Legates,S,Boise St.,17,60,6,2,23,0.174,257,14,17,113,1,0,1,0,0,20.5,"Los Altos, Calif.",The King's Academy
2026,Jill Vinal,S,East Texas A&M,17,57,2,1,12,0.083,196,18,19,70,1,0,1,0,0,20.5,"College Station, Texas",A&M Consolidated HS
2026,Kadence Marsh,S,Idaho St.,16,46,5,5,34,0.000,240,11,9,114,8,1,7,0,0,20.5,"Windsor, CO",
2026,Sofia Varela,S,Jacksonville St.,15,55,3,3,20,0.000,292,17,12,84,1,0,1,0,1,20.5,"Ottobrunn, Germany",European School Munich
2026,Danica Rach,OH,UC Santa Barbara,13,41,17,6,49,0.224,4,2,5,55,3,0,3,0,0,20.5,"Porter Ranch, Calif.",Sierra Canyon HS
2026,Sydnee Rodriguez,OH,Bethune-Cookman,9,25,16,6,64,0.156,3,0,0,6,7,2,5,1,0,20.5,"San Antonio, Tex.",
2026,Jayden Fitzgerald,OH,Georgia St.,9,24,13,12,46,0.022,1,6,8,35,3,0,3,0,0,20.5,"Red Oak, Texas",Red Oak
2026,Ashby Daniel,MB,Alabama,9,21,17,7,43,0.233,3,1,4,4,5,0,5,0,0,20.5,"Murphy, Texas",Plano East Senior HS
2026,Jaidyn Garcia,RS,Lehigh,9,19,17,12,52,0.096,0,1,2,3,5,0,5,0,0,20.5,,
2026,Emory Harper,OPP,Texas Southern,8,17,18,10,49,0.163,0,0,0,0,5,0,5,0,0,20.5,,
2026,Kaia Grieve,OH,Santa Clara,7,20,19,10,66,0.136,0,0,0,11,2,1,1,0,0,20.5,"La Jolla, Calif.",The Bishop's School
2026,Bella Christensen,RS,Air Force,6,16,18,2,40,0.400,0,0,0,7,3,2,1,0,0,20.5,"Lake Stevens, Wash.",
2026,Abby Christian,L/DS,Abilene Christian,17,65,1,0,6,0.167,23,19,14,161,0,0,0,0,0,20.0,"Kansas City, Mo.",Liberty North HS
2026,Rashanny Solano Smith,L,St. John's (NY),17,64,1,0,4,0.250,80,19,19,373,0,0,0,0,0,20.0,"Limon, Costa Rica",
2026,Kinsey Smith,S,Davidson,16,63,4,1,18,0.167,472,14,9,131,4,0,4,0,1,20.0,"River Forest, Ill.",
2026,Delaney Bowser,DS,UAB,16,62,2,0,7,0.286,37,18,27,204,0,0,0,0,0,20.0,,
2026,Laine Briggs,L/DS,Pepperdine,16,62,1,1,10,0.000,70,19,31,262,0,0,0,0,0,20.0,"Costa Mesa, Calif.",Newport Harbor
2026,Lesley Furuta,L/DS,Kent St.,16,61,2,2,31,0.000,49,18,23,238,0,0,0,0,0,20.0,"Columbus, Ohio",Bishop Watterson
2026,Ally Hughes,S,SIUE,16,59,0,3,14,-0.214,258,19,20,86,1,1,0,3,1,20.0,"Cincinnati, Ohio",
2026,Jumana Martin,L/DS,Col. of Charleston,16,58,3,1,8,0.250,55,17,12,246,0,0,0,0,0,20.0,"Fort Mill, S.C.",Nation Ford
2026,Mirra Riddle,L,Alabama St.,16,57,1,4,27,-0.111,30,19,15,211,0,0,0,0,0,20.0,"North Bend, Ore.",North Bend HS
2026,Madeline Joyce,L,FDU,16,54,0,0,8,0.000,25,20,19,124,0,0,0,0,0,20.0,"Pittsburgh, Pa.",Kiski Area High School
2026,Maggie Carley,S,UConn,16,48,0,0,1,0.000,6,20,32,8,0,0,0,0,0,20.0,"Trumbull, CT",Trumbull
2026,Gabi Verdicchio,S,Loyola Maryland,15,57,1,2,10,-0.100,258,19,12,99,0,0,0,0,0,20.0,"Raleigh, N.C.",Cardinal Gibbons
2026,Abby Freund,L/DS,UT Martin,15,54,0,3,4,-0.750,11,20,10,110,0,0,0,0,0,20.0,"St. Peters, Mo.",Incarnate Word Academy
2026,Kinley Quast,DS,SIUE,15,54,0,0,3,0.000,27,20,17,154,0,0,0,0,0,20.0,"Strasburg, Ill.",
2026,Arrie Brown,OH,UNLV,15,53,5,7,25,-0.080,13,14,28,124,2,0,2,0,0,20.0,"Tulsa, Okla.",Booker T. Washington HS
2026,Naomi Chinchar,S,Army West Point,15,53,2,0,14,0.143,252,18,11,124,0,0,0,0,0,20.0,"Lutz, Fla.",Carrollwood Day School
2026,Jordan Czajkowski,S,Belmont,15,52,11,1,32,0.313,326,6,7,105,5,1,4,0,0,20.0,"New Berlin, Wisc.",Divine Savior Holy Angels HS
2026,Kailey Leonard,L/DS,Tulane,14,51,0,0,0,--,1,20,25,21,0,0,0,0,0,20.0,,
2026,Sydney Houchens,OH,Rhode Island,14,45,13,9,99,0.040,5,7,6,61,0,0,0,0,0,20.0,"Bethlehem, Pa.",Liberty (VCU)
2026,Maia Marin,S,Binghamton,14,39,9,0,17,0.529,78,11,10,43,0,0,0,0,0,20.0,"Louisville, Ky.",Mercy Academy
2026,Olivia Bryant,OH,Hampton,11,23,17,12,67,0.075,0,2,4,12,2,0,2,0,0,20.0,"San Diego, Calif.",Scripps Ranch High
2026,Ana Gjorgjievska,OH,Northwestern St.,9,18,18,18,73,0.000,0,0,0,6,3,1,2,0,0,20.0,"Skopje, Macedonia",SUGS Josip Broz Tito
2026,Avery Boothe,S,Fordham,9,16,15,7,50,0.160,1,0,0,4,6,4,2,1,1,20.0,"Gilbert, Ariz.",Perry
2026,Gabriela Smolenska,MB,Radford,8,21,17,10,43,0.163,0,0,0,8,5,1,4,0,0,20.0,"Warsaw, Poland",Navarro College
2026,Sydney Guerrier,OPP,American,8,18,15,10,38,0.132,15,3,1,7,4,0,4,0,0,20.0,"Hollywood, Fla.",St. Thomas Aquinas
2026,Maranda Woolf,MB,Utah Valley,8,17,12,9,34,0.088,0,0,3,2,15,1,14,1,0,20.0,"Peoria, Ariz.",Liberty HS
2026,Isabel Patterson,OH,Yale,7,20,19,7,57,0.211,0,1,1,5,0,0,0,1,0,20.0,"Portland, Ore.",Jesuit
2026,Mikalah Curran,OH,Manhattan,7,14,18,13,61,0.082,1,1,3,11,2,0,2,2,0,20.0,"Commack, NY",Commack
2026,Natasha Tejada,RS,Saint Peter's,7,11,17,11,48,0.125,0,0,0,8,5,1,4,0,0,20.0,"Newark, NJ",Newark Collegiate Academy
2026,Alexis Strong,OH,Abilene Christian,5,13,20,8,64,0.188,0,0,0,0,0,0,0,0,0,20.0,"Louisville, Ky.",Assumption HS
2026,Solia Angilau,MB,Utah St.,4,14,11,11,36,0.000,0,2,3,7,14,0,14,2,0,20.0,"South Jordan, Utah",Bingham HS
2026,Ailena Mykins,S,Delaware St.,17,61,4,3,32,0.031,229,15,26,75,1,0,1,0,1,19.5,"Harmony, NC",
2026,Izzy Mogridge,S,Utah,16,53,3,0,10,0.300,404,13,31,103,7,0,7,0,0,19.5,,
2026,Elyse Heffner,MB,South Alabama,16,51,10,2,24,0.333,0,7,16,6,4,1,3,0,0,19.5,"Traverse City, Mich.",
2026,Madison Morrow,OH,A&M-Corpus Christi,16,49,5,10,31,-0.161,3,14,22,67,1,0,1,0,0,19.5,"Haslet, Texas",Liberty Christian HS
2026,Ava Schabes,S,Colgate,15,56,2,1,11,0.091,260,17,11,100,1,0,1,2,0,19.5,"Chicago, Ill.",Whitney M. Young Magnet
2026,Bella Rodriguez,OH,Syracuse,10,30,17,8,60,0.150,5,2,4,52,1,0,1,0,0,19.5,"San Antonio, TX",
2026,D'Yanna Spicer,MB,Jacksonville St.,10,27,6,12,35,-0.171,2,0,0,4,19,8,11,2,0,19.5,,
2026,Lauren Wiese,MB,Ohio St.,9,26,9,5,26,0.154,1,0,0,3,20,1,19,3,0,19.5,,
2026,Bianka Lulic,MB,Purdue,9,14,11,3,33,0.242,0,4,1,3,9,0,9,0,0,19.5,,
2026,Talia Lardner,MB,High Point,7,15,18,12,47,0.128,0,0,0,3,3,0,3,1,0,19.5,"Dallas,Texas",Highland Park
2026,Isabela Lopez,OH,Virginia Tech,7,13,17,12,50,0.100,1,0,0,2,5,0,5,0,0,19.5,"Jacksonville, Fla.",Providence High School
2026,Jade Washington,L/DS,East Texas A&M,18,72,3,0,10,0.300,71,16,24,344,0,0,0,0,0,19.0,"Waco, Texas",Midway HS
2026,Riley Steubing,L/DS,Louisiana Tech,18,61,2,1,16,0.063,48,17,17,283,0,0,0,0,0,19.0,"Richmond, Texas",George Ranch HS
2026,Kaylee Maikranz,L/DS,North Ala.,18,60,0,0,2,0.000,18,19,22,81,0,0,0,0,0,19.0,"Vero Beach, Fla.",John Carroll Catholic High School
2026,Lizzie Kraft,DS,Nicholls,17,66,3,0,7,0.429,7,16,8,115,0,0,0,0,0,19.0,"Kapolei, Hawaii",Moanalua
2026,Cassidy Trahan,DS,Eastern Ky.,17,66,4,0,11,0.364,83,15,19,285,0,0,0,0,0,19.0,"Pittsburgh, Pa.",
2026,Megan Holder,S,Southeast Mo. St.,17,62,8,1,27,0.259,340,11,10,138,0,0,0,1,0,19.0,"Freeport, Ill.",Aquin Catholic
2026,Emersen Strain,S,Jacksonville,17,52,6,0,19,0.316,245,12,12,94,2,0,2,0,1,19.0,"Brighton, Colo.",Horizon
2026,Analiese Gagliano,L/DS,CSU Bakersfield,16,63,0,0,7,0.000,58,19,19,184,0,0,0,0,0,19.0,San Diego,
2026,Lani Toutai,L/DS,Utah Valley,16,58,2,0,5,0.400,65,17,10,249,0,0,0,0,0,19.0,"West Jordan, Utah",West Jordan HS
2026,Brooke Eslinger,DS,Missouri St.,16,57,2,1,7,0.143,28,17,20,233,0,0,0,0,0,19.0,"Cleveland, Tenn.",
2026,Jordan Heatherly,S,Wichita St.,16,57,2,5,24,-0.125,325,17,8,127,0,0,0,1,2,19.0,"Western Springs, Ill.",Montini Catholic HS
2026,Delaney McIntosh,L/DS,Duquesne,16,57,0,0,0,--,46,19,21,170,0,0,0,0,0,19.0,"Madison, Wis.",Verona Area
2026,Surabhi Srinivasan,DS,Eastern Mich.,16,57,2,2,20,0.000,74,17,19,254,0,0,0,0,1,19.0,,
2026,Kasey Quenichet,L/DS,Xavier,16,54,0,0,2,0.000,21,19,15,86,0,0,0,0,0,19.0,"Indianapolis, Ind.",Cathedral
2026,Penina Vito,S,Southern U.,16,50,9,4,39,0.128,282,7,10,65,6,0,6,0,1,19.0,"Phoenix, Ariz.",Cactus HS
2026,Jae Fitting,L,Loyola Chicago,15,59,1,0,5,0.200,12,18,21,133,0,0,0,0,0,19.0,"Cedarburg, Wis.",Cedarburg
2026,Kasia Barletta,L/DS,UAlbany,15,58,1,2,30,-0.033,48,18,14,232,0,0,0,0,1,19.0,"Clifton Park, N.Y.",Shenendehowa
2026,Grace Freiberger,L/DS,Toledo,15,57,0,0,8,0.000,89,19,29,223,0,0,0,0,0,19.0,"Lima, Ohio",Shawnee
2026,Kiki Provatas,L/DS,UAlbany,15,56,3,2,9,0.111,16,16,15,100,0,0,0,0,0,19.0,"Palm Harbor, Fla.",Calvary Christian
2026,Camryn Shelton,L,Howard,15,54,5,1,21,0.190,32,14,37,209,0,0,0,0,0,19.0,"Charlotte, N.C.",Ardrey Kell H.S.
2026,Brooklyn Yelland,L/DS,Boston College,15,51,1,0,7,0.143,60,18,19,173,0,0,0,0,0,19.0,"Laguna Beach, Calif.",Laguna Beach
2026,Brooklyn Drumwright,OH,Samford,14,56,0,0,1,0.000,23,19,11,172,0,0,0,0,1,19.0,"San Clemente, Calif.",
2026,Maddy Dombeck,S,North Dakota St.,14,53,2,0,6,0.333,24,17,19,106,0,0,0,0,0,19.0,,
2026,Peyton Carruth,L/DS,Wyoming,14,50,2,6,26,-0.154,8,17,30,100,0,0,0,0,0,19.0,"Casper, Wyo.",Kelly Walsh
2026,Kaia Ciszewski,OH,UC Irvine,14,45,5,11,32,-0.188,2,14,33,21,0,0,0,0,0,19.0,,
2026,Avaya Maga,S,Oklahoma,13,51,9,3,29,0.207,586,4,23,101,11,1,10,2,0,19.0,"Hamilton, Ontario, Canada",
2026,Paisley Ka’ahanui,S,Niagara,13,44,7,2,46,0.109,211,12,7,80,0,0,0,0,2,19.0,"Honolulu, HI",Punahou School
2026,Madison Hess,S,UAlbany,13,26,13,1,49,0.245,181,1,8,37,10,0,10,1,1,19.0,"Houston, Texas",Heights
2026,Jenna Barhorst,S,Xavier,12,30,10,7,34,0.088,145,7,9,45,4,0,4,0,0,19.0,"Fort Loramie, Ohio",Fort Loramie
2026,Madison Hsieh,L/DS,Columbia,10,38,1,2,11,-0.091,7,18,17,51,0,0,0,0,0,19.0,"Austin, Texas",Vandegrift
2026,Jazmine Binion,OH,Grambling,10,17,17,10,81,0.086,0,1,0,19,2,0,2,1,0,19.0,"South Elgin, Ill.",
2026,Molly Teague,OH,App State,9,23,17,8,46,0.196,0,0,0,2,4,0,4,0,0,19.0,"Murfreesboro, Tenn.",Blackman
2026,Kaia Easterbrook,MB,Providence,9,21,14,3,27,0.407,0,0,0,2,10,0,10,2,0,19.0,,
2026,Alicia Johansen,MB,Bryant,9,19,16,2,38,0.368,0,0,0,1,4,2,2,0,0,19.0,,
2026,Marlee Sivak,OH,Maryland,9,18,18,13,53,0.094,0,0,0,8,1,1,0,0,0,19.0,"Oconomowoc, WI",
2026,Isabel Simmons,MB,Dayton,9,15,12,3,34,0.265,4,0,2,6,12,2,10,1,0,19.0,"Sioux Falls, S.D.",Sioux Falls Jefferson
2026,Maddie Jipping,OPP,Oakland,7,19,18,18,69,0.000,1,0,0,8,2,0,2,1,0,19.0,"Hamilton, Mich.",Hamilton High School
2026,Mila Gehlen,OPP,San Diego St.,6,18,18,16,54,0.037,0,0,0,5,2,0,2,0,0,19.0,"San Diego, Calif.",Scripps Ranch HS
2026,Naara Tanco,MB,Texas St.,6,13,15,6,42,0.214,0,0,0,4,8,0,8,2,1,19.0,"Austin, Texas",Rouse HS
2026,Lily Dudley,OH,Arkansas,5,13,13,10,57,0.053,0,3,6,12,6,0,6,0,0,19.0,"Columbia, Mo.",Rock Bridge HS
2026,Bojana Ambulija,OPP,SMU,4,12,17,7,41,0.244,1,0,4,7,4,0,4,0,0,19.0,"Trebinje, Bosnia and Herzegovina",
2026,Morgan Powell,OH,USC Upstate,4,10,18,8,48,0.208,0,0,0,2,2,0,2,0,0,19.0,"Dawsonville, Ga.",Lumpkin County HS
2026,Alondra Fargas,S,Saint Peter's,17,55,6,4,21,0.095,288,12,6,113,1,0,1,0,4,18.5,"Canovanas, Puerto Rico",Colegio Marista Guaynabo
2026,Lily Van Hal,S,Denver,16,57,7,3,34,0.118,310,11,18,126,1,0,1,0,0,18.5,"Chester, South Dakota",Chester Area H.S.
2026,Mia Loyd,S,Air Force,16,56,5,3,29,0.069,340,12,13,118,3,0,3,0,0,18.5,"Terre Haute, Ind.",
2026,Sydney Sennett,S,Morehead St.,14,50,10,2,24,0.333,278,7,15,73,3,0,3,2,0,18.5,"Normal, Ill.",Community West HS
2026,Sofia King,S,Northeastern,12,43,7,2,16,0.313,188,11,12,78,1,0,1,1,0,18.5,"Naples, Fla.",Estero
2026,Johanna Sova,OPP,Florida St.,11,24,13,10,40,0.075,1,0,0,6,10,1,9,0,0,18.5,"Tallinn, Estonia",
2026,Sydney Waller,OPP,Miami (OH),11,21,15,14,58,0.017,0,0,0,6,6,1,5,1,0,18.5,"Hudson, Ohio",Hudson High School
2026,Avery Lewis,OPP,Georgetown,9,20,15,14,64,0.016,1,1,1,12,4,1,3,1,0,18.5,"Indianapolis, Ind.",Cathedral High School
2026,Riley Rushing,OH,UT Martin,9,19,16,18,72,-0.028,1,0,1,22,4,1,3,0,0,18.5,"Snowmass Village, Colo.",Aspen HS
2026,Ida Almkvist,OH,Southern Ill.,9,18,17,9,53,0.151,0,0,1,8,3,0,3,0,0,18.5,"Jönköping, Sweden",Ållebergsgymnasiet
2026,Sophia Garrido,RS,Chattanooga,9,18,16,8,51,0.157,0,0,0,4,5,0,5,2,0,18.5,"San Juan, Puerto Rico",Cabot High School
2026,Gaby Stasys,MB,Yale,9,16,13,2,28,0.393,0,1,1,1,9,0,9,0,0,18.5,,
2026,Natalie Johnson,MB,Florida A&M,8,24,14,6,38,0.211,0,0,0,6,9,0,9,1,0,18.5,"Austin, Texas",
2026,Hadlee Gray,OH,Saint Mary's (CA),8,19,18,13,57,0.088,0,0,0,15,1,0,1,2,0,18.5,"Elk Grove, Calif.",Elk Grove
2026,Jana Jankowski,MB,Lehigh,8,19,13,5,29,0.276,0,0,0,0,9,2,7,1,0,18.5,,
2026,Madeline Smith,OH,North Texas,8,18,18,14,62,0.065,0,0,1,6,1,0,1,0,0,18.5,"Eaton, Colo. / Eaton HS",
2026,Lara Gilardi,RS,SFA,8,17,13,4,46,0.196,0,1,2,3,9,0,9,0,0,18.5,"Curitiba, Brazil",
2026,Vanessa Haddock,OH,Portland,8,15,15,8,34,0.206,2,3,7,8,1,0,1,0,0,18.5,"Centerville, Utah",Viewmont HS
2026,Gabby Destler,OH,Fordham,8,14,13,16,52,-0.058,0,4,3,12,3,0,3,0,0,18.5,"Los Angeles, Calif.",Marymount
2026,Jocelyn Paige,MB,DePaul,7,21,12,8,42,0.095,4,0,0,2,12,1,11,2,0,18.5,"Charlotte, N.C.",Weddington
2026,Marta Gintere,MB,Binghamton,6,18,10,9,35,0.029,0,3,5,10,11,0,11,0,0,18.5,"Puikule, Latvia",Riga Commerce School
2026,Dominique Phills,OH,California,6,17,14,10,59,0.068,1,0,0,6,7,2,5,0,0,18.5,"Pearland, Texas",Glenda Dawson HS/Iowa
2026,Alana Villela,MB,Portland,6,17,15,3,37,0.324,0,0,0,7,7,0,7,2,0,18.5,"Oakland, Calif.",California HS
2026,Zy'Aire Barr,OH,Northern Ky.,6,16,17,9,44,0.182,0,0,0,3,3,0,3,0,0,18.5,"Coral Springs, Fla.",St. Thomas Aquinas HS
2026,Sara Letizia Gasparini,OH,Virginia Tech,6,15,17,16,80,0.013,6,1,4,33,1,0,1,1,0,18.5,,
2026,Macon Butler,OH,UNCW,6,12,15,6,43,0.209,0,0,0,2,4,3,1,0,0,18.5,"Springdale, Ark",Springdale
2026,Sydney Geselbracht,MB,Binghamton,4,13,12,5,25,0.280,0,0,1,4,13,0,13,0,0,18.5,"Loveland, Ohio",Mount Notre Dame
2026,Aylin Ravell,OH,New Mexico,4,11,17,12,54,0.093,0,0,5,5,3,0,3,1,0,18.5,,
2026,Cecilia Potter-Pessoa,L,Marist,18,70,1,0,9,0.111,63,17,12,229,0,0,0,0,1,18.0,,
2026,Kristina Bishop,L,Stonehill,18,62,1,1,8,0.000,54,17,36,178,0,0,0,0,0,18.0,"Austin, Texas",Vandegrift HS
2026,Kalia Kohler,S,UTEP,17,67,7,1,29,0.207,383,11,13,162,0,0,0,0,2,18.0,"Alpine, Utah",Lone Peak HS
2026,Lexi Owen,S,Evansville,17,66,1,2,8,-0.125,59,17,25,108,0,0,0,0,0,18.0,"Owensboro, Ky.",
2026,Jasmine Dulan,L/DS,Drake,17,62,3,1,6,0.333,57,15,23,341,0,0,0,0,0,18.0,"Leawood, Kan.",Blue Valley North
2026,Celimar Hoyos,L/DS,Presbyterian,17,62,2,2,18,0.000,93,16,27,268,0,0,0,0,0,18.0,"Caguas, Puerto Rico",
2026,Abbi Sells,L/DS,Louisiana Tech,17,49,1,2,5,-0.200,6,17,19,71,0,0,0,0,0,18.0,"Grand Blanc, Mich.",Lake Fenton HS
2026,Chloe Nussbaum,L/DS,UNC Greensboro,16,63,3,0,17,0.176,86,15,12,225,0,0,0,0,0,18.0,"La Cañada Flintridge, Calif.",La Cañada
2026,Lillian Dempkey,S,Southern Ill.,16,62,2,4,12,-0.167,275,16,18,85,0,0,0,0,0,18.0,"Burlington, Wis.",Burlington HS
2026,Anna Harney,DS,UNCW,16,62,2,1,7,0.143,42,16,18,154,0,0,0,0,0,18.0,"Franklin, Tenn.",Battle Ground Academy
2026,Cole Crews,DS,Col. of Charleston,16,59,3,2,13,0.077,22,15,16,82,0,0,0,0,0,18.0,"Ocala, Fla.",Trinity Catholic
2026,Elana Erickson,L/DS,Western Mich.,16,58,1,0,4,0.250,33,17,17,151,0,0,0,0,0,18.0,"Grand Rapids, Mich.",
2026,Brooklyn Jaeger,OH,A&M-Corpus Christi,16,57,2,1,14,0.071,24,16,20,242,0,0,0,0,0,18.0,"Fayetteville, Texas",Fayetteville ISD
2026,Madeline Sanderson,DS,Montana,16,57,1,0,4,0.250,45,17,14,250,0,0,0,0,0,18.0,"Colorado Springs, Colo.",
2026,Alayna Rudebeck,DS,Lindenwood,16,56,0,0,5,0.000,11,18,16,139,0,0,0,2,0,18.0,"Bartonville, Ill.",Limestone
2026,Lauren Evans,DS,Belmont,15,59,0,1,4,-0.250,14,18,20,136,0,0,0,0,0,18.0,"Carmel, Ind.",Carmel HS
2026,Sydnie Hernandez,DS,Bowling Green,15,58,2,0,20,0.100,52,16,18,234,0,0,0,0,0,18.0,"Bloomington, Ill.",
2026,Alessandra Romo,L,North Texas,15,58,0,0,8,0.000,54,18,18,210,0,0,0,0,0,18.0,"McKinney, Texas / McKinney Boyd HS",
2026,Alana Whitwell,L/DS,Holy Cross,15,57,0,0,4,0.000,20,18,24,65,0,0,0,0,0,18.0,"Chadds Ford, Pa.",Villa Maria Academy
2026,Avery Anders,DS,Bowling Green,15,56,2,0,3,0.667,17,16,18,114,0,0,0,0,0,18.0,"North Olmsted, Ohio",
2026,Chloe Neal,L/DS,South Carolina St.,15,54,2,4,11,-0.182,4,16,31,99,0,0,0,0,0,18.0,"Duluth, GA",Peachtree Ridge High School
2026,Brenda Reynaga,L,Canisius,15,54,0,1,20,-0.050,28,18,21,232,0,0,0,0,0,18.0,"Aurora, Ill.",Metea Valley
2026,Elena Kasavica,S,UC Riverside,15,53,1,1,15,0.000,254,17,21,117,0,0,0,0,1,18.0,"Belgrade, Serbia",Sports Gymnasium
2026,Olivia Wagner,S,Valparaiso,15,52,8,1,32,0.219,336,4,13,54,12,0,12,5,0,18.0,,
2026,Shannon O'Laughlin,L/DS,Elon,15,50,2,0,2,1.000,8,16,15,87,0,0,0,0,0,18.0,"Glen Ellyn, Ill.",Fenwick
2026,Emi Juric,L/DS,Marquette,14,55,1,0,6,0.167,43,17,7,177,0,0,0,0,0,18.0,"Ankaran, Slovenia",
2026,Spencer Etzler,L,Stanford,14,49,1,0,5,0.200,47,17,11,184,0,0,0,0,0,18.0,"Coldwater, Ohio",Coldwater
2026,Kylie Schulze,S,NIU,14,48,11,1,29,0.345,258,6,12,92,2,0,2,0,0,18.0,"Wonder Lake, Ill.",Woodstock North
2026,Ava Hunter,S,Butler,14,47,12,3,21,0.429,224,5,14,70,2,0,2,1,1,18.0,"Fishers, Ind.",Hamilton Southeastern
2026,Arianna James,S,South Carolina St.,14,46,11,6,47,0.106,154,7,9,69,0,0,0,0,0,18.0,"Los Angeles, CA",El Segundo High School
2026,Maren Ouellette,OH,Bradley,14,39,10,6,49,0.082,0,7,5,8,2,0,2,0,0,18.0,,
2026,Cameron Bradley,L/DS,Ole Miss,13,51,4,2,12,0.167,48,14,27,255,0,0,0,0,0,18.0,,
2026,Noella Migliuri,S,Fairfield,13,46,5,2,13,0.231,163,13,11,66,0,0,0,0,0,18.0,"Spokane, Wash.",Gonzaga Preparatory School
2026,Alayna Christner,RS,Southeast Mo. St.,13,23,13,6,38,0.184,3,0,0,6,8,2,6,0,0,18.0,"Lebanon, Ind.",Western Boone High School
2026,Addison Torain,DS,Winthrop,12,49,1,1,13,0.000,61,17,12,204,0,0,0,0,0,18.0,"Aurora, IL",Metea Valley H.S.
2026,Brynne McGhie,S,UC San Diego,11,44,13,4,36,0.250,231,2,7,58,5,1,4,4,1,18.0,"Kansas City, Mo.",St. Teresa's Academy HS
2026,Eleanor Dorritie,OH,Binghamton,11,24,15,7,63,0.127,1,0,0,9,6,0,6,0,0,18.0,"Rochester, N.Y.",Penfield
2026,Ellie Thurman,OH,East Texas A&M,10,25,17,15,81,0.025,0,0,1,10,1,1,0,1,2,18.0,"Henderson, Nev.",GV Christian HS
2026,Vaia Tsioutsioulas,OH,Merrimack,10,20,16,13,61,0.049,0,1,1,5,2,0,2,0,0,18.0,"Toronto, ON",California Lutheran University
2026,Katelyn Pritchard,S,East Texas A&M,7,21,7,1,9,0.667,77,11,11,23,0,0,0,0,1,18.0,"McAllen, Texas",McAllen HS
2026,Natasa Ljubicic,MB,Niagara,7,15,11,0,16,0.688,2,0,4,6,10,4,6,2,1,18.0,"Stoney Creek, Ontario",Orchard Park Secondary School
2026,Payton Woods,OH,Arizona,7,12,17,9,55,0.145,0,0,2,5,2,0,2,0,0,18.0,"Montgomery, Texas",Lake Creek H.S.
2026,Katelyn Bowman,MB,North Florida,6,18,15,2,37,0.351,0,2,4,5,2,0,2,0,0,18.0,,
2026,Ava Buddelmeyer,OH,Bowling Green,6,14,15,10,56,0.089,0,0,0,4,6,0,6,0,0,18.0,"Findlay, Ohio",
2026,Amrit Dhaliwal,MB,Cornell,6,14,7,4,23,0.130,2,7,7,8,7,1,6,1,0,18.0,"San Ramon, Calif.",Monte Vista HS
2026,Natalie Frost,OH,Robert Morris,6,12,14,10,58,0.069,0,3,1,6,1,1,0,0,1,18.0,"Fulton, N.Y.",Fulton
2026,Sienna Wnetrzak,OH,Oral Roberts,6,12,16,5,47,0.234,1,1,1,11,2,0,2,0,0,18.0,"Navarre, FL",
2026,Erica Muhizi,MB,FGCU,5,14,12,1,27,0.407,0,0,0,3,10,2,8,2,0,18.0,"Uppsala, Sweden",Celsiusskolan
2026,Rosa Brencic,OH,Col. of Charleston,5,11,16,5,37,0.297,0,0,3,5,3,1,2,1,0,18.0,"Ljubljana, Slovenia",Ecole Jeannine Manuel
2026,Briana Smith,S,Alabama A&M,17,64,7,1,15,0.400,342,9,23,90,3,0,3,0,0,17.5,"Madison, Ala.",
2026,Katelyn Hughes,S,Lamar University,17,58,0,0,7,0.000,288,17,27,107,1,0,1,0,0,17.5,"Cedar Park, Texas",Cedar Park HS
2026,Maddy Stucky,S,Wyoming,16,61,0,1,6,-0.167,267,17,23,81,1,0,1,0,0,17.5,"Laramie, Wyo.",Laramie High School
2026,Nola Hemphill,S,Bethune-Cookman,15,52,5,5,50,0.000,228,12,3,115,1,0,1,0,0,17.5,"Atlanta, Ga.",Jackson HS
2026,Emma Wild,OH,Houston Christian,15,51,7,12,55,-0.091,2,10,22,64,1,0,1,0,1,17.5,"Rio Rancho, New Mexico",V. Sue Cleveland
2026,Isabella Costantini,S,Arizona St.,14,48,0,3,8,-0.375,136,16,21,47,2,1,1,0,0,17.5,,
2026,Camilla Brandalise,S,Virginia Tech,13,47,4,3,26,0.038,320,10,14,86,7,0,7,0,0,17.5,"São Paulo, Brazil",Sesi
2026,Olivia Pasternak,OH,UConn,9,18,15,12,57,0.053,2,1,2,4,2,1,1,2,2,17.5,"Oakville, Ontario",
2026,Caroline Jurevicius,RS,Penn St.,8,13,13,6,31,0.226,0,4,2,1,1,0,1,0,0,17.5,"Cleveland, Ohio",Notre Dame-Cathedral Latin School
2026,Liliana Fox,OH,Army West Point,8,12,16,11,57,0.088,1,0,0,0,3,0,3,1,0,17.5,"Roscoe, Ill.",Hononegah
2026,Julia Stanev,MB,Marquette,7,23,8,7,38,0.026,0,0,0,1,16,3,13,3,0,17.5,"Reggio Emilia, Italy",
2026,Paige Chmura,OH,Lafayette,7,19,12,7,47,0.106,0,0,0,9,11,0,11,4,0,17.5,"Rogers, Minn.",Rogers
2026,Ella Rogers,S,South Dakota,7,16,10,1,17,0.529,98,5,6,20,4,1,3,1,0,17.5,"Des Moines, Iowa",Dowling Catholic
2026,Lila Krall,OPP,Portland,6,15,17,6,36,0.306,1,0,0,4,1,0,1,0,0,17.5,"Clyde, Ohio",Bellevue HS
2026,Ashleigh Woodruff,MB,California,5,14,16,1,24,0.625,0,0,0,2,3,0,3,0,0,17.5,"Scarsdale, N.Y.",The Masters School/Stony Brook
2026,Aveya Stone,OH,Cal Poly,5,12,14,10,37,0.108,0,0,0,6,7,0,7,0,0,17.5,,
2026,Devereaux Hoxsie,OH,William & Mary,2,8,16,7,44,0.205,1,0,0,4,3,0,3,1,0,17.5,"Boynton Beach, Fla.",The King’s Academy
2026,Ava Martindale,L/DS,North Ala.,18,61,1,0,8,0.125,63,16,7,287,0,0,0,0,0,17.0,"College Station, Texas",College Station HS
2026,Becky Barrett,DS,Purdue Fort Wayne,17,67,1,0,4,0.250,76,16,12,279,0,0,0,0,0,17.0,"Athens, Ill.",Athens
2026,Caiti Barthel,L/DS,Chattanooga,17,65,2,0,10,0.200,69,15,6,284,0,0,0,0,0,17.0,"Indianapolis, Ind.",Cathedral High School
2026,Brennan Ramirez,L,Abilene Christian,17,65,0,3,17,-0.176,60,17,14,339,0,0,0,0,0,17.0,"Waxahachie, Texas",Waxahachie HS
2026,Anahi Alvarado,L/DS,Robert Morris,17,64,0,1,3,-0.333,38,17,24,189,0,0,0,0,0,17.0,"Tomball, Texas",Tomball Memorial
2026,Mariana Silva,S,FIU,17,58,4,1,17,0.176,243,13,13,76,0,0,0,0,0,17.0,"São Paulo, Brazil",Colégio Saber
2026,Olivia Mauch,L/DS,Nebraska,17,52,0,1,1,-1.000,64,17,8,167,0,0,0,0,0,17.0,"Bennington, Neb.",Bennington
2026,Ximena Cordero Barr,L,UC Davis,16,66,5,5,32,0.000,61,12,16,270,0,0,0,1,0,17.0,"Tijuana, Mexico",Otay Ranch
2026,Sydney Breissinger,DS,Creighton,16,65,3,3,6,0.000,8,14,14,131,0,0,0,0,0,17.0,"Cincinnati, Ohio",Ursuline Academy
2026,Liv Doerre,DS,Milwaukee,16,63,0,0,0,--,9,17,15,39,0,0,0,0,0,17.0,"River Falls, Wis.",River Falls
2026,Kahea Carvalho,S,Marshall,16,62,6,4,28,0.071,445,8,22,107,6,0,6,1,2,17.0,"Rolling Hills, Calif.",Palos Verdes HS
2026,Tayler Baron,L/DS,Western Ky.,16,60,0,0,6,0.000,26,17,23,258,0,0,0,0,0,17.0,,
2026,Chloe Kaminski,L/DS,Kansas City,16,60,2,0,6,0.333,68,15,7,264,0,0,0,1,0,17.0,"Blue Springs, Mo.",Oklahoma
2026,Mandy Lawson,L/DS,Lindenwood,16,56,0,0,12,0.000,17,17,30,97,0,0,0,0,0,17.0,"O'Fallon, Mo.",St. Dominic
2026,Mia Schaefer,L/DS,Eastern Mich.,16,56,0,2,15,-0.133,7,17,17,101,0,0,0,0,0,17.0,"Willoughby, OH",Lake Catholic
2026,Sam Falk,L,Loyola Chicago,15,59,0,0,5,0.000,56,17,25,202,0,0,0,0,0,17.0,Chicago. Ill.,Mother McAuley
2026,Jagoda Bialek,L/DS,California Baptist,15,57,1,0,2,0.500,37,16,18,111,0,0,0,0,0,17.0,"Opole, Poland",Publiczne Liceum Ogólnoksztalcace nr IX
2026,Madelyn Bach,S,Toledo,15,56,7,3,23,0.174,325,10,19,128,0,0,0,0,0,17.0,,
2026,Karsyn Fetzer,L/DS,Colorado St.,15,56,3,0,4,0.750,48,14,25,204,0,0,0,0,2,17.0,"HOMETOWN
KERSEY, COLO.",
2026,Camille Edwards,S,Michigan,15,49,2,6,10,-0.400,231,15,13,64,0,0,0,0,0,17.0,"Dallas, Texas",
2026,Lilly Gillespie,L/DS,South Carolina,14,55,5,1,6,0.667,45,12,13,246,0,0,0,0,0,17.0,Junior,Cincinnati
2026,Livia Ward,S,Washington St.,14,51,15,1,34,0.412,215,2,4,56,0,0,0,1,0,17.0,,
2026,Talea Berry,S,Southern Utah,14,48,1,0,5,0.200,179,16,23,83,0,0,0,0,1,17.0,"Newport Beach, California",Newport Harbor High School
2026,Caleigh King,L,UNLV,13,51,1,0,12,0.083,48,16,22,177,0,0,0,0,0,17.0,"Southlake, Texas",Southlake Carroll HS
2026,Mara Thomas,S,Valparaiso,13,41,2,0,11,0.182,152,15,10,74,0,0,0,1,0,17.0,,
2026,Paige Brock,S,Murray St.,12,36,5,4,47,0.021,227,9,8,55,6,0,6,0,0,17.0,"Morgantown, W.Va.",Morgantown High School
2026,Abbi Brenizer,MB,Iowa St.,12,28,9,2,29,0.241,3,6,11,4,3,1,2,0,0,17.0,"Norwalk, Iowa",Norwalk
2026,Campbell Flynn,S,Nebraska,11,18,9,0,19,0.474,92,4,0,29,8,0,8,0,0,17.0,"Oakland, Mich.",Mercy
2026,Neal Grace Berry,RS,McNeese,10,20,14,10,55,0.073,1,1,1,15,3,1,2,0,0,17.0,"Houma, La.",Vanderbilt Catholic
2026,Hayden Reeder,OH,Arizona,10,18,12,9,55,0.055,0,2,0,20,5,1,4,1,0,17.0,"Ramsey, Minn.",Anoka H.S.
2026,Peri Subat,OH,Western Caro.,10,18,16,11,69,0.072,0,0,3,6,2,0,2,0,0,17.0,"Sheboygan Falls, Wis.",Sheboygan Falls HS
2026,Avery Albritton,RS,New Hampshire,8,15,13,6,36,0.194,1,0,0,5,6,2,4,0,0,17.0,"Inverness, Ill.",Saint Viator
2026,Tshilanda Diouf,OPP,Towson,8,15,11,6,25,0.200,0,0,0,1,12,0,12,1,0,17.0,"Marignane, France",Collège Maurice Genevoix
2026,Mihaela Harizanova,S,UIC,7,23,11,2,23,0.391,128,1,5,37,9,1,8,1,0,17.0,"Sofia, Bulgaria",
2026,Audrey Pender,RS,Western Ill.,7,16,14,6,36,0.222,1,0,0,0,5,1,4,2,0,17.0,"Rogers, AR",Shiloh Christian
2026,DyBorrah Johnson,MB,Utah,7,15,12,1,20,0.550,0,0,2,2,9,1,8,1,0,17.0,"Gilbert, Ariz.",Camille Casteel High School
2026,Ava Ball,OH,South Dakota,7,14,16,13,55,0.055,0,0,1,4,2,0,2,0,0,17.0,"Saint Paul, Minn.",Nova Classical Academy
2026,Jaya Tarver,MB,Oral Roberts,3,9,12,2,29,0.345,1,0,1,4,8,2,6,0,0,17.0,"Broken Arrow, OK",
2026,Erika Sayer,MB,Stanford,2,8,13,3,32,0.313,2,0,0,1,8,0,8,0,0,17.0,"Colorado Springs, Colo.",The Village
2026,Ella Hosfeld,S,Northern Ariz.,17,65,3,1,14,0.143,376,13,18,113,1,0,1,0,2,16.5,"Coeur D'Alene, Idaho",Lake City
2026,Amanda Caputi,S,St. John's (NY),17,62,3,0,12,0.250,393,10,6,118,7,0,7,0,0,16.5,"Galliate, Italy",
2026,Carolyn Maser,S,Drake,17,62,5,0,15,0.333,286,11,10,112,1,0,1,0,0,16.5,"Grand Island, Neb.",Grand Island Central Catholic
2026,Avry Bryant,OPP,Merrimack,17,31,13,11,55,0.036,0,0,1,2,7,0,7,0,0,16.5,"Denver, Colo.",Denver South High School
2026,Samantha Capinpin,S,CSU Bakersfield,16,55,5,3,20,0.100,210,11,21,109,1,0,1,0,1,16.5,"Corona, Calif.",
2026,Giovana Ribeiro,OH,West Ga.,14,31,11,12,54,-0.019,0,2,9,9,7,0,7,1,1,16.5,"São Paulo, Brazil",
2026,Catlin Shao,S,Harvard,12,45,4,2,16,0.125,171,11,19,65,2,1,1,1,0,16.5,"Overland Park, Kan.",Blue Valley Southwest High School
2026,Takyla Brown,S,LSU,10,32,7,2,13,0.385,242,5,10,76,9,0,9,0,0,16.5,,
2026,Levariya Pinder,OH,SMU,9,30,14,11,51,0.059,3,2,7,31,1,0,1,2,0,16.5,"Justin, Texas",Justin Northwest HS
2026,Cala Cooper,OH,Southern Utah,7,20,11,12,59,-0.017,1,0,0,5,7,4,3,1,0,16.5,"Lehi, Utah",Skyridge High School
2026,Kylee Eze,OPP,Columbia,7,16,14,6,41,0.195,0,0,0,2,5,0,5,0,0,16.5,"Santa Cruz, Calif.",Soquel
2026,Ifeoma Okeke,MB,California Baptist,6,15,11,6,34,0.147,0,0,3,6,9,2,7,0,0,16.5,"Bellflower, CA",Saint Joseph HS
2026,Breeze Czapinski,OH,UC Davis,5,17,15,13,47,0.043,2,0,5,4,2,1,1,0,0,16.5,"Ramona, Calif.",Poway
2026,Amarah Johnson,MB,Coastal Carolina,4,18,9,5,27,0.148,0,0,0,1,15,0,15,0,1,16.5,"Naples, Fla.",
2026,Leddy Rae Guinn,DS,Tarleton St.,18,67,1,0,7,0.143,57,15,16,298,0,0,0,0,0,16.0,"Stephenville, TX","Stephenville, HS"
2026,Emily Contreras,L,Texas Tech,17,68,0,0,8,0.000,51,16,29,232,0,0,0,0,0,16.0,,
2026,Taylor Pecht,S,Wofford,17,65,2,0,23,0.087,363,14,12,131,0,0,0,0,0,16.0,"Canton, Ga.",Sequoyah
2026,Katie Quick,S,Drake,17,62,5,0,23,0.217,337,11,7,136,0,0,0,0,0,16.0,"Ankeny, Iowa",Ankeny Christian
2026,Victoria Fontenot,L,Little Rock,17,60,0,1,9,-0.111,25,16,12,133,0,0,0,0,0,16.0,"Garden Ridge, Texas",Canyon HS
2026,Laura Amaro,L,San Francisco,17,58,3,0,8,0.375,56,13,15,165,0,0,0,0,0,16.0,Brazil,
2026,Jahan Lalli,S,Rhode Island,17,53,5,2,15,0.200,171,11,5,82,0,0,0,0,2,16.0,"Marietta, Ga.",Pope
2026,Meleksu Ozmen,S,Saint Peter's,17,40,0,2,12,-0.167,168,16,16,53,0,0,0,0,0,16.0,"Bursa, Turkey",
2026,Gabriella Cascione,L,LMU (CA),16,63,2,2,9,0.000,49,14,14,213,0,0,0,0,0,16.0,"Santa Clarita, CA",Saugus HS
2026,Emma Sayre,L/DS,Marshall,16,62,0,0,3,0.000,54,16,13,273,0,0,0,0,0,16.0,"West Portsmouth, Ohio",Portsmouth West HS
2026,Bre Perrin,S,ULM,16,59,4,1,34,0.088,246,12,13,114,0,0,0,0,1,16.0,"Pell City, Ala.",Pell City HS
2026,Dana Grib,DS,Lindenwood,16,56,1,0,9,0.111,47,15,24,196,0,0,0,0,0,16.0,"Wildwood, Mo.",Eureka HS
2026,Masyn Navarro,L/DS,Nevada,15,64,3,1,21,0.095,54,13,22,223,0,0,0,0,0,16.0,"Carson City, Nev.",Bishop Manogue HS
2026,Mya Bolton,L/DS,Belmont,15,60,4,0,5,0.800,45,12,11,219,0,0,0,0,0,16.0,"Shawnee, Kan.",St. James Academy
2026,Katelynn Albano,L/DS,Weber St.,15,59,0,0,0,--,6,16,20,97,0,0,0,0,0,16.0,,
2026,Vayda Delventhal,DS,Cleveland St.,15,58,2,1,22,0.045,48,14,21,235,0,0,0,0,0,16.0,,
2026,Fatimah Hall,S,San Jose St.,15,58,3,1,14,0.143,300,13,10,136,0,0,0,0,0,16.0,,
2026,Annabelle Denomme,L,Central Conn. St.,15,55,1,1,13,0.000,45,15,44,171,0,0,0,0,0,16.0,,
2026,Jasmine Purakal,L/DS,Texas St.,15,54,0,0,5,0.000,45,16,13,164,0,0,0,0,0,16.0,"Brampton, Ontario",Applewood Heights Secondary
2026,Tehanie Waters,S,Utah Tech,15,54,6,2,25,0.160,236,10,17,95,0,0,0,0,0,16.0,"St. George, Utah",Crimson Cliffs HS
2026,Katie O'Sullivan,L/DS,Bucknell,15,53,1,1,16,0.000,59,15,23,205,0,0,0,0,0,16.0,"Pleasanton, Calif.",
2026,Reagan Knipling,S,Colgate,15,52,3,2,11,0.091,230,13,17,83,0,0,0,1,0,16.0,"Richmond, Texas",Foster
2026,Zayda Fuertez,L/DS,Stony Brook,15,51,1,0,5,0.200,42,15,14,186,0,0,0,0,0,16.0,"Temecula, Calif.",Great Oak
2026,Kirsten Kemper,RS,N.C. A&T,14,56,7,5,28,0.071,362,6,26,114,3,3,0,0,2,16.0,"Cincinnati, Ohio",Seton
2026,Rya Borer,DS,North Dakota St.,14,54,0,1,5,-0.200,71,16,18,197,0,0,0,0,0,16.0,,
2026,Reece Cook,DS,Grambling,14,52,0,1,23,-0.043,196,16,13,97,0,0,0,0,0,16.0,"Ozark, MO",
2026,Mailinh Godschall,L/DS,Duke,14,52,0,0,1,0.000,49,16,34,172,0,0,0,0,0,16.0,"Ellicott City, Md.",Centennial
2026,Hannah Leftridge,DS,Indiana,14,51,2,2,8,0.000,32,14,21,157,0,0,0,0,0,16.0,,
2026,Emma Segal,DS,Indiana,14,49,0,0,0,--,6,16,19,46,0,0,0,0,0,16.0,,
2026,Maggie Carcillo,S,St. John's (NY),14,48,1,1,6,0.000,233,15,16,62,0,0,0,0,1,16.0,"Philadelphia, Pa.",
2026,Samantha Pope,S,Air Force,14,48,1,1,9,0.000,193,15,10,84,0,0,0,0,0,16.0,,
2026,Kendall Schara,OH,Green Bay,13,48,2,1,4,0.250,6,14,14,91,0,0,0,0,0,16.0,"Crown Point, Ind.",Crown Point
2026,Madison Marx,S,Troy,13,46,1,0,7,0.143,280,15,27,86,0,0,0,0,0,16.0,,
2026,Maria Contreras,S,California Baptist,13,36,8,4,27,0.148,49,0,0,5,15,1,14,1,0,16.0,"Tepic, Mexico",Prepatoria Del Valle
2026,Ava Prince,S,Youngstown St.,12,39,1,1,8,0.000,151,15,11,66,0,0,0,0,0,16.0,"Casstown, Ohio",Miami East
2026,Layli Ostovar,OH,Southern California,11,36,9,8,30,0.033,4,7,15,35,0,0,0,0,0,16.0,"San Clemente, Calif.",Mater Dei HS
2026,Bella Jones,S,Seattle U,11,33,6,0,16,0.375,129,10,5,33,0,0,0,0,0,16.0,,
2026,Piper Hooey,OH,Le Moyne,11,29,9,10,42,-0.024,1,7,12,28,0,0,0,0,0,16.0,"Elmira, N.Y.",Elmira
2026,Taylor Cook,S,Texas Tech,11,28,7,2,19,0.263,119,5,6,40,8,0,8,1,0,16.0,,
2026,Nora Benjamins,MB,Holy Cross,11,20,10,6,31,0.129,2,0,2,3,12,0,12,2,0,16.0,"Downers Grove, Ill.",Downers Grove North
2026,Daniella Gonzalez-Murati,S,Temple,10,37,4,0,13,0.308,194,12,15,71,0,0,0,1,0,16.0,"HOMETOWN
GURABO, PR",
2026,Olga Gergacz,OH,Pacific,9,19,13,8,35,0.143,0,0,0,5,5,1,4,2,0,16.0,,
2026,Ava Castro,OH,Boston College,9,16,14,6,36,0.222,1,0,3,22,3,1,2,0,0,16.0,"Palm Beach, Fla.",Cardinal Newman
2026,Addi Vaughn,S,UNCW,8,25,6,4,28,0.071,97,4,3,38,11,1,10,0,0,16.0,"Sellersburg, Ind.",New Albany
2026,Isabelle Kremer,OH,Drake,8,16,14,18,72,-0.056,2,0,0,5,3,1,2,0,0,16.0,"Bettendorf, Iowa",Pleasant Valley
2026,Taylynn Biggs,MB,Tarleton St.,7,15,14,11,52,0.058,0,0,0,2,4,0,4,0,0,16.0,"Fort Worth, TX",R.L Paschal HS
2026,Remmi Cooke,OH,Austin Peay,7,12,15,15,46,0.000,1,0,0,3,1,1,0,1,0,16.0,"Bardstown, Ky.",Nelson County HS
2026,Francesca Lorenzo,OH,UIC,7,11,15,8,36,0.194,1,0,0,5,2,0,2,0,0,16.0,"Lombard, Ill.",Montini Catholic
2026,Kindell Welker,MB,Brown,4,16,12,4,29,0.276,0,0,0,0,7,1,6,2,0,16.0,,
2026,Breccan Scheck,MB,Michigan St.,4,8,10,5,20,0.250,1,1,3,3,9,1,8,1,0,16.0,,
2026,Haley Robinson,OPP,Samford,3,10,15,9,40,0.150,0,0,0,4,2,0,2,0,0,16.0,"Daphne, AL",
2026,Morgan Howard,S,ULM,18,63,4,4,47,0.000,336,10,20,122,3,0,3,0,0,15.5,"Grapevine, Texas",Colleyville Heritage
2026,Alexa Gonzalez,S,Lamar University,18,60,1,0,11,0.091,304,14,30,103,1,0,1,0,0,15.5,"Houston, Texas",J. Frank Dobie HS
2026,Naija Gadis,S,Jackson St.,16,59,8,2,35,0.171,265,7,13,103,1,0,1,0,1,15.5,"Indianapolis, IN",Brebeuf Jesuit Preparatory School
2026,Kenedy Massie,S,Prairie View,16,47,8,1,32,0.219,221,7,13,55,1,0,1,0,1,15.5,"Manvel, Texas",Manvel High School
2026,Morgan Pratt,S,Weber St.,15,55,3,2,22,0.045,330,7,5,96,10,1,9,0,0,15.5,,
2026,Kerigan Fehr,L/DS,Southern Ind.,14,56,1,1,6,0.000,13,14,23,107,1,0,1,0,0,15.5,"Fairbury, IL",Prairie Central
2026,Carly Hendrickson,OH,Vanderbilt,13,40,6,1,12,0.417,0,9,11,9,1,0,1,0,0,15.5,,
2026,Lucy Ryan,OH,Idaho,13,25,11,13,48,-0.042,1,0,6,0,8,1,7,2,0,15.5,"Reno, NV",Robert McQueen HS
2026,Courtney Joseph,MB,West Ga.,12,19,9,2,25,0.280,0,0,1,2,11,2,9,0,0,15.5,"Richmond Hill, Ga.",Richmond Hill HS
2026,Erica Duffy,S,Old Dominion,11,33,6,3,20,0.150,179,7,10,40,4,1,3,2,0,15.5,,
2026,Maija Nepszy,S,UC San Diego,11,28,12,3,28,0.321,95,0,0,12,7,0,7,1,0,15.5,"Windsor, Ontario",Holy Names Catholic HS
2026,Sophia Gonzalez,OH,Bryant,11,26,11,11,40,0.000,1,3,16,24,3,0,3,0,0,15.5,,
2026,Zari Gillispie,MB,Louisiana Tech,10,19,8,7,34,0.029,1,3,1,5,7,2,5,1,0,15.5,"West Chester, Ohio",The Summit Country Day School
2026,Keely Starnes,MB,Stetson,9,18,11,8,41,0.073,0,0,0,1,7,2,5,1,0,15.5,"Chuluota, FL",Oviedo High School
2026,Emery Tubbs,MB,UC Santa Barbara,8,22,8,6,25,0.080,0,0,2,8,13,2,11,0,0,15.5,"Corona, Calif.",Santiago HS
2026,Grace Smith,MB,Charleston So.,8,20,11,9,38,0.053,0,0,1,5,9,0,9,0,0,15.5,"Woodbridge, VA",Colgan HS
2026,Camille Perry,MB,Tennessee,8,14,12,4,22,0.364,0,0,0,1,6,1,5,0,0,15.5,"Frisco, Texas",Lone Star
2026,Tessa Dodd,OH,Kansas,7,14,12,5,33,0.212,0,0,1,4,7,0,7,1,0,15.5,,
2026,Kylie Buttars,OH,BYU,6,13,15,9,39,0.154,1,0,0,0,1,0,1,0,0,15.5,,
2026,Caylee Sharkey,RS,Toledo,5,11,15,3,38,0.316,0,0,0,2,1,0,1,0,0,15.5,"Sycamore, Ill.",Sycamore
2026,Emmarie McFarland,L,Northwestern St.,20,72,2,1,27,0.037,54,13,21,343,0,0,0,0,0,15.0,"Alvin, Texas",Glenda Dawson HS
2026,Claudia Kasperski,L,Marist,18,65,2,1,6,0.167,16,13,19,111,0,0,0,0,0,15.0,"North Wales, PA",Mount Saint Joseph Academy
2026,Henlee Moszkowicz,L,Iowa,18,65,1,1,7,0.000,43,14,10,213,0,0,0,0,0,15.0,"Magnolia, Texas",Magnolia
2026,Bella Widmer,L/DS,UTEP,17,63,1,0,7,0.143,17,14,30,54,0,0,0,0,0,15.0,"West Lafayette, Indiana",Benton Central HS
2026,Amaris Alvarez,L/DS,Presbyterian,17,62,1,2,12,-0.083,30,14,31,125,0,0,0,0,0,15.0,"Miami, Fla.",
2026,Isabella Gutierrez,L/DS,Pacific,17,59,4,0,13,0.308,70,11,11,225,0,0,0,0,0,15.0,,
2026,Mayte Camacho,DS,Ga. Southern,17,58,0,1,2,-0.500,41,15,12,100,0,0,0,0,0,15.0,"Oviedo, Fla.",Hagerty
2026,Alyssa Chu,L/DS,Lafayette,16,61,0,3,20,-0.150,56,15,8,269,0,0,0,0,0,15.0,"San Diego, Calif.",Patrick Henry
2026,Kelsey Niesen,L/DS,Xavier,16,61,1,0,3,0.333,60,14,12,267,0,0,0,0,0,15.0,"Cincinnati, Ohio",Roger Bacon
2026,Rylee Bumgardner,L,Valparaiso,16,60,1,0,10,0.100,34,14,12,170,0,0,0,0,0,15.0,,
2026,Gabi Rodriguez,L,Texas A&M,16,58,2,0,4,0.500,53,13,5,204,0,0,0,0,0,15.0,"McKinney, Texas",
2026,Grace Hett,L/DS,Wichita St.,16,57,1,0,3,0.333,19,14,9,141,0,0,0,0,0,15.0,"Marion, Kan.",Marion HS
2026,Alejandra Mejia,L/DS,New Haven,16,57,1,0,2,0.500,10,14,11,92,0,0,0,0,0,15.0,"Miramar, Fla.",Archbishop McCarthy
2026,Riley Ourth,DS,Missouri St.,16,57,0,0,1,0.000,28,15,22,108,0,0,0,0,0,15.0,"Olathe, Kan.",
2026,Annika Wright,S,Montana,16,57,5,1,10,0.400,58,10,11,86,0,0,0,0,0,15.0,"Maple Valley, Wash.",
2026,Ilayda Eren,S,Denver,16,56,5,0,20,0.250,282,10,29,88,0,0,0,0,0,15.0,"Istanbul, Turkey",Lycée Français Pierre loti d'Istanbul
2026,Jadyn Petersen,DS,UNI,16,56,1,0,3,0.333,98,14,19,284,0,0,0,0,0,15.0,"Dike, Iowa",Dike-New Hartford HS
2026,Isabelle Marco,S,Utah,16,53,0,1,4,-0.250,217,15,19,65,0,0,0,0,0,15.0,"Atherton, Calif.",Sacred Heart Preparatory
2026,Isabel Sandstrum,OH,Gardner-Webb,16,45,9,2,31,0.226,9,6,14,88,0,0,0,0,0,15.0,"Wilmington, N.C.",E.A. Laney HS
2026,Lara Pacheco,L/DS,Nevada,15,61,0,0,4,0.000,17,15,26,104,0,0,0,0,0,15.0,"Joao Pessoa, Brasil",Reno HS
2026,Emma Pohlmann,L/DS,North Florida,15,59,0,1,2,-0.500,39,15,19,199,0,0,0,0,0,15.0,,
2026,Joslyn Richardson,DS,South Dakota St.,15,58,0,0,3,0.000,44,15,9,180,0,0,0,0,0,15.0,"Sioux Falls, S.D",Washington H.S.
2026,Sydney Lewis,L,James Madison,15,57,1,0,8,0.125,70,14,14,221,0,0,0,0,0,15.0,"Saint Johns, Fla.",Bartram Trail
2026,Victoria Harris,L/DS,SMU,15,56,1,0,1,1.000,48,14,20,196,0,0,0,0,0,15.0,"Columbia, S.C.",Cardinal Newman
2026,Rachel Van Gorp,L,Iowa St.,15,56,0,0,4,0.000,59,15,10,254,0,0,0,0,0,15.0,"Olathe, Kan.",Heritage Christian Academy
2026,Camila Canedo,L/DS,New Mexico,15,55,1,2,6,-0.167,47,14,12,214,0,0,0,0,0,15.0,,
2026,Presley Morris,L/DS,Charleston So.,15,54,0,0,11,0.000,38,15,14,214,0,0,0,0,0,15.0,"Little Rock, AR",Baptist Prep HS
2026,Sierra Pokharel,DS,South Dakota,15,52,0,0,1,0.000,61,15,16,203,0,0,0,0,0,15.0,"Omaha, Neb.",Millard West
2026,Raina Chwialkowski,DS,Maryland,15,48,0,0,2,0.000,33,15,15,160,0,0,0,0,0,15.0,"West Fargo, ND",
2026,Emerson Hill,L,The Citadel,15,41,3,1,7,0.286,3,12,16,51,0,0,0,0,0,15.0,,
2026,Iris Canko,DS,Northeastern,14,56,0,0,1,0.000,55,15,6,153,0,0,0,0,0,15.0,"Temecula, Calif.",
2026,Kiana Dinn,S,South Carolina,14,55,3,2,10,0.100,366,5,17,95,13,1,12,0,0,15.0,Redshirt Sophomore,Pittsburgh
2026,Harmony Sample,S,Arizona,14,54,2,0,6,0.333,192,13,11,101,0,0,0,2,1,15.0,"Lewisville, Texas",Hebron H.S.
2026,Abby Felkai,S,Lehigh,14,52,3,0,18,0.167,245,12,10,93,0,0,0,1,0,15.0,,
2026,Giada Obregon,DS,UTSA,14,52,2,0,7,0.286,21,13,24,120,0,0,0,0,0,15.0,,
2026,Sophia Wilson,S,Lafayette,14,50,2,0,4,0.500,227,13,15,83,0,0,0,0,0,15.0,"Allen, Texas",Allen / Prince of Peace Christian
2026,Carmina Tijerina,DS,UTRGV,14,46,1,0,2,0.500,4,14,10,37,0,0,0,0,0,15.0,"Matamoros, Tamaulipas, Mexico",St. Joseph Academy
2026,Sophia Armstrong,DS,Louisiana,13,50,2,1,9,0.111,6,13,13,70,0,0,0,0,0,15.0,"Rockwall, Texas",
2026,Jenna Cicherski,S,Nicholls,13,49,4,0,12,0.333,176,11,24,53,0,0,0,1,1,15.0,"Magnolia, Texas",Magnolia
2026,Kaylie Kofe,S,BYU,13,48,7,0,12,0.583,263,8,20,69,0,0,0,1,0,15.0,,
2026,Jaelyn Connole,S,George Washington,13,47,0,0,1,0.000,4,15,16,23,0,0,0,0,0,15.0,"Barrington, IL",
2026,Elle Schara,DS,Purdue,13,45,1,0,6,0.167,12,14,28,79,0,0,0,0,0,15.0,,
2026,Yuka Urano,L/DS,Syracuse,13,43,0,2,12,-0.167,41,15,11,131,0,0,0,0,0,15.0,"Tokyo, Japan",
2026,Ava Dyer,L,Providence,13,42,1,0,12,0.083,45,14,15,175,0,0,0,0,0,15.0,,
2026,Gaby Arroyo,L,Miami (FL),13,41,5,0,9,0.556,30,10,7,135,0,0,0,0,0,15.0,"Miami, Fla.",Westminster Christian
2026,Mackenzie Calhoun,S,Lafayette,13,41,1,1,13,0.000,193,14,8,70,0,0,0,0,0,15.0,"Ellicott City, Md.",River Hill
2026,Madisyn Crnjac,OH,South Carolina,13,37,3,1,16,0.125,5,11,8,59,2,0,2,0,0,15.0,Freshman,"Mesa, Arizona"
2026,Katie Cook,S,Rider,13,36,3,0,7,0.429,75,12,12,46,0,0,0,0,1,15.0,"Stanley, NC",East Lincoln
2026,Rella Binney,S,Texas,12,45,5,4,19,0.053,412,5,6,110,10,0,10,3,0,15.0,"Lanikai, Hawaii",Punahou
2026,Justyna Novakova,OH,Utah St.,12,40,4,3,12,0.083,8,11,12,79,0,0,0,0,0,15.0,"Jablonec Nad Nisou, Czechia",International School
2026,Estrella Vazquez,S,Howard,12,37,0,0,0,--,3,15,19,14,0,0,0,0,0,15.0,"Baton Rouge, LA",Baton Rouge Magnet HS
2026,Keira O'Donnell,OH,Presbyterian,12,26,9,12,49,-0.061,5,5,7,20,2,0,2,0,0,15.0,"Lemont, Ill.",
2026,Maria Ozaeta,OH,Stetson,12,24,12,9,46,0.065,0,0,6,29,6,0,6,0,0,15.0,"Madrid, Spain",
2026,Milly McGee,S,Southern California,10,25,7,2,15,0.333,141,1,3,20,13,1,12,3,0,15.0,"Manhattan Beach, Calif.",Mira Costa HS
2026,Maleah Mutterback,MB,McNeese,9,18,9,2,33,0.212,2,0,0,5,8,4,4,3,0,15.0,"Vero Beach, Fla.",Vero Beach High
2026,Sophia Gregoire,OH,Pittsburgh,9,17,12,10,56,0.036,1,1,4,10,4,0,4,0,0,15.0,"Dundee, Ore.",Newberg HS
2026,Cheyenne Gunner,OH,Central Mich.,9,17,14,16,57,-0.035,0,0,1,7,2,0,2,1,0,15.0,,
2026,Izzy Van De Wiele,MH,Western Ky.,8,23,8,4,19,0.211,2,0,0,1,12,2,10,1,0,15.0,,
2026,Anne Perez,MB,South Fla.,8,16,5,3,15,0.133,0,0,0,1,20,0,20,1,0,15.0,"Miami, Fla.",Riviera Preparatory School
2026,Tatjana Simeunovic,MB,Cincinnati,8,12,9,4,31,0.161,0,2,1,9,7,1,6,1,0,15.0,,
2026,Maddie Brown,S,California Baptist,7,25,9,3,34,0.176,136,1,6,51,8,2,6,0,0,15.0,"Beaumont, CA",Redlands High School
2026,Clarke Henry,OH,Kansas City,7,15,14,8,45,0.133,0,0,0,4,2,0,2,0,0,15.0,"Charlotte, N.C.",Independence HS
2026,Djurdja Stanojevic,MB,Texas A&M,7,13,7,3,19,0.211,1,1,1,0,13,1,12,0,0,15.0,"Belgrade, Serbia",
2026,Erynn Sweeney,RS,Fordham,7,9,13,8,49,0.102,0,1,1,13,1,1,0,0,0,15.0,"Cypress, Calif.",Mater Dei
2026,Ashley Duckworth,MB,Princeton,6,19,8,1,24,0.292,0,0,0,1,12,2,10,0,0,15.0,"Las Vegas, Nev. / Bishop Gorman",
2026,Kate Hayhurst,OPP,Washington St.,6,17,9,6,34,0.088,1,3,6,11,6,0,6,0,0,15.0,,
2026,Olivia Rust,OH,Oakland,6,17,13,7,54,0.111,2,0,0,4,4,0,4,0,0,15.0,"Rossford, Ohio",Rossford Junior-Senior High School
2026,Cameron Sher,OH,Xavier,6,12,15,8,47,0.149,0,0,0,3,0,0,0,0,0,15.0,,
2026,Addison Wiemann,OH,Rutgers,5,14,13,8,46,0.109,0,2,2,5,0,0,0,0,0,15.0,"Surprise, Ariz.",Sunrise Mountain
2026,Daryn Watkins,RS,Howard,5,12,12,12,40,0.000,0,0,0,3,6,0,6,0,0,15.0,,
2026,Gabrielle St Louis,OPP,Lamar University,5,11,15,14,47,0.021,0,0,0,6,0,0,0,0,0,15.0,"Houston, Texas",Fort Bend Dulles HS
2026,Adison Ozuna,OH,Arkansas St.,4,11,14,12,44,0.045,0,0,0,3,2,0,2,0,0,15.0,"Victoria, Texas",Victoria East HS
2026,Katelyn Vo,L/DS,Houston Christian,17,68,0,0,4,0.000,9,14,17,163,1,0,1,0,0,14.5,"Plano, Texas",Plano
2026,Kelani Talakai,L,Alabama A&M,17,64,0,1,2,-0.500,30,14,11,164,1,0,1,0,0,14.5,"Providence, Utah",
2026,Brooke Baldwin,S,Rutgers,16,61,3,1,9,0.222,342,11,21,77,1,0,1,1,0,14.5,"Sussex, Wisc.",Hamilton
2026,Charis Kai,L/DS,Pepperdine,16,61,2,0,3,0.667,8,12,22,90,1,0,1,0,0,14.5,"Kailua, Hawai'i",Mid-Pacific Institute
2026,Sidney Soria,S,North Texas,15,56,5,0,16,0.313,329,9,4,96,1,0,1,1,0,14.5,"Amarillo, Texas / Randall HS",
2026,Kate - Linh Eden,RS,UMES,15,45,3,1,22,0.091,181,9,14,48,5,0,5,0,0,14.5,"Fort Worth, TX",Arcellus Academy
2026,Maya Baker,S,Notre Dame,13,48,4,4,19,0.000,265,10,26,74,1,0,1,2,2,14.5,,
2026,Ryleigh Garis,S,Louisiana,13,40,5,4,11,0.091,162,9,9,60,1,0,1,0,0,14.5,"Austin, Texas",
2026,Ana Franca Benjamin,OH,CSU Bakersfield,11,31,11,13,59,-0.034,0,3,9,16,1,0,1,1,1,14.5,,
2026,Kaylie Bourn,MB,Presbyterian,9,17,12,7,37,0.135,0,0,1,3,5,0,5,0,0,14.5,"Boerne, Texas",
2026,Kendall Meller,OH,Western Ky.,8,17,10,11,49,-0.020,0,1,4,6,4,3,1,1,0,14.5,,
2026,Kamryn Tifft,OH,Nevada,8,17,14,5,40,0.225,1,0,0,5,1,0,1,1,0,14.5,"Thousand Oaks, Calif.",Oaks Christian HS
2026,Ella Askin,OH,Western Mich.,8,15,13,8,45,0.111,0,1,3,11,1,0,1,0,0,14.5,"Louisville, Ky.",
2026,Amare Hernandez,OH,Texas A&M,7,8,11,5,31,0.194,0,3,3,2,1,0,1,0,0,14.5,"McAllen, Texas",
2026,Natalie Ricevuto,OH,Bryant,6,15,13,13,70,0.000,0,0,0,5,3,0,3,0,0,14.5,,
2026,Chelsea Cocks,MB,San Diego St.,6,13,8,5,21,0.143,1,0,1,1,11,2,9,1,0,14.5,"Sydney, Australia",Tara Anglican School For Girls
2026,Camille Huff,MB,West Virginia,6,12,8,2,15,0.400,0,0,0,0,9,4,5,1,0,14.5,,
2026,Jordyn Romano,MB,Portland St.,6,9,13,5,31,0.258,0,0,0,2,2,1,1,0,0,14.5,"Fort Collins, Colo.",Fort Collins HS
2026,Chloe Kmiecik,MB,South Dakota,5,12,11,5,34,0.176,0,0,2,1,6,1,5,1,0,14.5,"Shawnee, Kan.",De Soto High School
2026,Anna Fiedorowicz,OH,Georgia Tech,4,11,10,8,34,0.059,0,2,1,5,4,1,3,0,0,14.5,"Olsztyn, Poland",
2026,Elle Bruegman,DS,Eastern Wash.,18,70,1,0,8,0.125,83,13,7,283,0,0,0,0,0,14.0,"Eugene, Ore.",Sheldon '23
2026,Aniston Collins,S,SFA,18,65,3,0,12,0.250,293,11,18,72,0,0,0,0,1,14.0,"Houston, Texas",
2026,Autumn Willmott,L,Siena,18,51,0,3,11,-0.273,8,14,14,90,0,0,0,0,0,14.0,"Oakville, Ontario, Canada",Oakville Trafalgar (Team Defensa)
2026,Eirini Bitsaktsi,L/DS,Bradley,17,68,2,0,11,0.182,70,12,24,248,0,0,0,0,0,14.0,"Thessaloniki, Greece",Thermi 570
2026,Dakota Henry,L/DS,Rhode Island,17,66,0,1,12,-0.083,75,14,8,291,0,0,0,0,0,14.0,"Loveland, Ohio",Kings
2026,Halley Tang,L,Western Caro.,17,61,1,1,3,0.000,12,13,9,99,0,0,0,0,0,14.0,"Fort Lauderdale, Fla.",St. Thomas Aquinas HS
2026,Sanem Bas,OH,Iona,17,59,0,0,1,0.000,7,14,9,50,0,0,0,0,0,14.0,"Bursa, Turkey",Sahinkaya
2026,Savannah Sheridan,OH,Boise St.,17,59,0,0,13,0.000,11,14,11,96,0,0,0,1,0,14.0,"Temecula, Calif.",Temecula Valley HS
2026,Alex Kreutzmann,S,ETSU,16,67,4,2,14,0.143,315,10,8,132,0,0,0,0,1,14.0,"Menomonee Falls, Wisc.",
2026,Kennedy Seekford,L/DS,Furman,16,65,2,0,7,0.286,66,12,10,266,0,0,0,1,0,14.0,"Sterling, Va.",Dominion
2026,Dariana Valencia,S,Georgia St.,16,63,4,0,16,0.250,237,10,8,138,0,0,0,0,0,14.0,"Arecibo, Puerto Rico",Colegio Evangélico Capitán Correa
2026,Bella LePore,L/DS,Northern Colo.,16,61,1,0,1,1.000,67,13,19,261,0,0,0,0,0,14.0,"Brentwood, Tenn.",Ravenwood HS
2026,Coco Buschhorn,S,Kansas City,16,60,4,2,23,0.087,279,10,19,122,0,0,0,0,0,14.0,"Springfield, Mo.",Glendale HS
2026,Bailey Swinton,L,Morgan St.,16,59,1,0,5,0.200,19,13,29,91,0,0,0,0,0,14.0,"Odenton, Md.",Arundel High School
2026,Lily Barron,OH,Houston,16,57,1,0,3,0.333,14,13,14,105,0,0,0,0,0,14.0,"Lewis Center, Ohio",Olentangy Orange HS
2026,Corynne Hausler,S,McNeese,16,53,4,3,33,0.030,240,10,17,95,0,0,0,0,0,14.0,"Phoenix, Ariz.",Desert Mountain High
2026,Khloe Wong,DS,UC Davis,16,53,1,1,6,0.000,9,13,20,59,0,0,0,0,0,14.0,"Folsom, Calif.",Folsom
2026,Shea Bruntmyer,S,UTEP,16,48,5,3,13,0.154,169,9,21,48,0,0,0,1,2,14.0,"Abilene, Texas",IMG Academy
2026,Daisy Cluxton,L/DS,Northern Ky.,15,60,1,0,16,0.063,53,13,8,267,0,0,0,0,0,14.0,"Cincinnati, Ohio",Seton HS
2026,Marly Pratt,L,Weber St.,15,59,0,0,6,0.000,56,14,8,239,0,0,0,1,0,14.0,,
2026,Bella Marrero,L,American,15,57,1,0,10,0.100,45,13,23,248,0,0,0,0,0,14.0,"Burbank, Calif.",Campbell Hall
2026,Lily LaFlesch,L/DS,Utah St.,15,56,0,1,5,-0.200,68,14,26,215,0,0,0,0,0,14.0,"Gilbert, Arizona",Perry HS
2026,Zoe Winford,L/DS,Fla. Atlantic,15,56,0,0,1,0.000,44,14,18,125,0,0,0,0,0,14.0,"Dallas, Texas",Highland Park
2026,Keira Kleidon,L,Idaho,15,52,1,0,6,0.167,25,13,14,157,0,0,0,0,0,14.0,"Oak Park, IL",Oak Park and River Forest HS
2026,Ylame Dsamou,S,Davidson,15,51,7,4,34,0.088,195,6,5,76,2,0,2,1,1,14.0,"Litchfield Park, Ariz.",
2026,Lola Schumacher,L/DS,UCLA,15,51,1,1,2,0.000,48,13,7,198,0,0,0,0,0,14.0,"Carmel, Ind.",Brebeuf Jesuit Prep
2026,Avery Pruitt,DS,Sam Houston,15,50,0,0,2,0.000,5,14,5,20,0,0,0,0,0,14.0,"Fulshear, Texas",Fulshear HS
2026,Kira Devrieze,L/DS,Morgan St.,15,49,2,0,5,0.400,5,12,16,52,0,0,0,0,0,14.0,"Chapel Hill, N.C.",Chapel Hill HS
2026,Eve Adams,OH,Buffalo,15,46,0,0,1,0.000,4,14,11,18,0,0,0,0,0,14.0,"Cattaragus, N.Y.",Randolph
2026,Ashton Rogers,L,UIW,14,55,1,1,18,0.000,57,13,21,259,0,0,0,0,0,14.0,,
2026,Victoria Leyva,L/DS,Hawaii,14,53,0,1,4,-0.250,59,14,17,210,0,0,0,0,0,14.0,"El Paso, Texas",Pebble Hills HS
2026,Kate Schroetlin,L,Omaha,14,53,5,1,9,0.444,27,9,20,184,0,0,0,0,0,14.0,"Loveland, Colo.",Loveland
2026,Makena Lim,L/DS,Tulane,14,52,1,1,4,0.000,32,13,34,161,0,0,0,0,0,14.0,,
2026,Alexis Sowers,DS,Kennesaw St.,14,51,1,0,4,0.250,46,13,12,205,0,0,0,0,0,14.0,"Jacksonville, Fla.",Bishop Kenny HS
2026,Kya Johnson,DS,Missouri St.,14,49,2,1,8,0.125,34,12,10,120,0,0,0,0,0,14.0,"Springfield, Mo.",
2026,Lusiana Damuni,S,N.C. Central,14,39,4,3,14,0.071,165,9,4,42,2,0,2,0,1,14.0,"Providence, Utah",
2026,Hailee Mack,L,Vanderbilt,13,44,0,0,2,0.000,43,14,21,170,0,0,0,0,0,14.0,,
2026,Kaiya Tyson,S,Georgia,13,44,6,0,20,0.300,27,0,1,7,15,1,14,3,1,14.0,"Burlington, Ontario, Canada",
2026,Grace Daniels,S,Iona,13,42,5,0,22,0.227,214,8,11,88,2,0,2,2,1,14.0,"Madison, OH",Notre Dame-Cathedral Latin
2026,Sophia Wei,S,Harvard,12,45,3,3,15,0.000,251,11,11,112,0,0,0,0,0,14.0,"Plano, Texas",Plano West
2026,Samantha Untiedt,L/DS,South Dakota,12,40,0,0,1,0.000,6,14,16,90,0,0,0,0,0,14.0,"Okabena, Minn.",Heron Lake-Okabena
2026,Addy Scheitlin,OH,Sacramento St.,12,28,10,6,30,0.133,0,0,0,3,7,1,6,0,0,14.0,"Rocklin, Calif.",
2026,Rayna Christianson,S,Creighton,11,37,2,0,4,0.500,122,10,16,36,4,0,4,1,0,14.0,"Lakeville, Minn.",North
2026,Julia York,S,Dartmouth,11,37,5,2,25,0.120,171,1,0,11,14,2,12,0,0,14.0,,
2026,Kameryn Browne,S,Mississippi Val.,11,35,6,5,48,0.021,107,7,10,33,2,0,2,1,1,14.0,"Tuscaloosa, Al",Hillcrest HS
2026,Ava Zamora,S,UC Santa Barbara,11,30,6,2,11,0.364,124,8,10,41,0,0,0,0,0,14.0,"San Diego, Calif.",
2026,Madalyn Mire,L/DS,West Florida,9,34,3,1,10,0.200,21,11,15,85,0,0,0,0,0,14.0,,
2026,Chinwendu Aguoru,MB,UAB,9,26,7,5,26,0.077,3,0,0,5,13,1,12,2,0,14.0,,
2026,Corrie Anderson,OH,Dayton,9,13,13,7,40,0.150,0,0,0,3,2,0,2,1,0,14.0,"Monument, Colo.",Palmer Ridge
2026,Julie Beckham,OH,UNLV,8,20,12,13,48,-0.021,2,0,0,10,3,1,2,3,0,14.0,"Henderson, Nev.",Coronado HS
2026,Madison Quest,OH,Wisconsin,8,16,12,10,52,0.038,1,0,1,6,4,0,4,1,0,14.0,"Pewaukee, Wis.",Divine Savior Holy Angels High School
2026,Lal Akin,MB,Miami (FL),7,15,9,4,25,0.200,0,0,0,3,10,0,10,1,0,14.0,"Istanbul, Turkey",
2026,Gabrielle McCoy,OPP,UMES,7,14,10,3,35,0.200,1,0,0,6,8,0,8,0,0,14.0,"McDonough, GA",Eagles Landing High School
2026,Clara Schramm,OH,Northwestern,7,12,14,10,44,0.091,0,0,0,1,0,0,0,0,0,14.0,"Scottsdale, Ariz.",Chaparral
2026,Melisa Ilter,RS,James Madison,6,14,9,2,28,0.250,0,0,0,3,10,0,10,0,0,14.0,"Bursa, Turkey",Indiana
2026,Samantha Destler,OH,Washington,6,12,12,12,53,0.000,0,2,2,9,0,0,0,0,0,14.0,,
2026,Alana Bailey,MH,Ball St.,5,10,7,2,16,0.313,0,2,2,3,7,3,4,1,0,14.0,,
2026,Gabby Vandal,MB,Gonzaga,4,11,9,6,24,0.125,1,0,1,1,9,1,8,0,0,14.0,"Okotoks, Alberta",Holy Trinity Academy
2026,Victoria Sanabria,OPP,Central Conn. St.,2,7,13,2,36,0.306,0,0,0,4,2,0,2,0,0,14.0,,
2026,Olivia Lefebvre,S,Gardner-Webb,17,68,6,2,36,0.111,343,6,12,109,2,1,1,0,0,13.5,"Mooresville, N.C.",Lake Norman HS
2026,Sydnei Jones,S,Howard,15,49,7,2,41,0.122,242,5,18,61,3,0,3,0,1,13.5,"Bridgeville, PA",North Catholic HS
2026,Caroline Peterson,L/DS,Chattanooga,15,44,3,2,8,0.125,5,10,6,35,1,0,1,0,0,13.5,"Asheville, N.C.",Asheville Christian
2026,Keely Hummel,S,Nevada,12,35,4,2,27,0.074,169,7,13,60,5,0,5,4,0,13.5,"Stockton, Calif.",Saint Mary's HS
2026,Caroline Adams,S,Navy,12,31,3,1,11,0.182,87,10,4,26,1,0,1,0,0,13.5,"Friendswood, Texas",Friendswood
2026,Ki’ara Knight-Thompson,MB,Alcorn,11,29,4,6,32,-0.063,3,8,11,27,3,0,3,0,0,13.5,"Killeen, Texas",Ellison HS
2026,Laura Sarajarvi,OH,Col. of Charleston,11,27,11,8,43,0.070,0,1,3,9,3,0,3,0,0,13.5,"Tampere, Finland",Oriveden Lukio
2026,Isabella Aviles,,Central Conn. St.,9,25,7,4,23,0.130,128,2,5,34,9,0,9,0,0,13.5,,
2026,Madilyn Lenox,MB,Georgia St.,9,15,7,1,23,0.261,0,1,2,1,11,0,11,0,0,13.5,"Lonoke, Ark.",Cabot
2026,Ella Fulton,MB,San Diego,7,16,11,7,33,0.121,0,0,0,4,5,0,5,1,0,13.5,"San Carlos, CA",Saint Francis High School
2026,Ipek Ulukutlu,OH,Mercer,7,15,12,12,47,0.000,0,0,0,7,3,0,3,0,0,13.5,"Istanbul, Turkey",Irmak High School
2026,McKenna Collins,OH,UAlbany,6,11,13,8,52,0.096,1,0,1,4,1,0,1,0,0,13.5,"Hermosa Beach, Calif.",Mira Costa
2026,Kaela Jenkins,,Grand Canyon,5,14,10,4,26,0.231,4,0,0,3,7,0,7,1,0,13.5,"Tiffin, Ohio",Columbian
2026,Taytum Nelson,MB,Utah St.,5,12,10,3,23,0.304,0,0,0,2,7,0,7,3,0,13.5,"Orem, Utah",Pleasant Grove HS
2026,Ella Grivna,MB,South Carolina,3,8,7,3,22,0.182,0,0,0,0,10,3,7,1,0,13.5,Freshman,"Louisville, Kentucky"
2026,Hannah Ditsworth,MB,Drake,2,6,11,1,27,0.370,2,0,0,1,3,2,1,0,0,13.5,"Bondurant, Iowa",Bondurant-Farrar
2026,Claudia Camacho-Castro,L/DS,Bryant,20,67,0,1,6,-0.167,16,13,28,79,0,0,0,0,0,13.0,,
2026,Mia Lopez,L/DS,LSU New Orleans,18,64,4,1,19,0.158,56,9,10,266,0,0,0,0,0,13.0,"New Orleans, La.",
2026,Ella Moss,L/DS,Gardner-Webb,17,68,2,0,25,0.080,53,11,12,193,0,0,0,0,0,13.0,"Marco Island, Fla.",Barron Collier HS
2026,Kendall Agler,L,Evansville,17,66,0,0,6,0.000,50,13,28,238,0,0,0,0,0,13.0,"Evansville, Ind.",
2026,Taryn Davis,S,Northern Ariz.,17,64,3,1,18,0.111,273,10,10,120,0,0,0,0,0,13.0,"Peoria, Ariz.",Sunrise Mountain
2026,Jersey Loyer,DS,Butler,17,62,1,0,7,0.143,79,12,33,255,0,0,0,0,0,13.0,"Fort Wayne, Ind.",Concordia Lutheran
2026,Skyler Perez,L/DS,Little Rock,17,61,1,2,10,-0.100,49,12,11,181,0,0,0,0,0,13.0,"Gainesville, Fla.",The Rock School
2026,Finley McAndrew,S,NJIT,17,60,6,1,18,0.278,247,7,6,91,0,0,0,0,1,13.0,"Cumming, Iowa",Valley
2026,Jess Martin,L,The Citadel,17,54,2,2,14,0.000,36,11,13,173,0,0,0,0,0,13.0,,
2026,Jaylyn Simon,S,Iona,17,54,3,7,23,-0.174,295,8,21,78,4,0,4,2,2,13.0,"Frederick, MD",Academy of the Holy Cross
2026,Rachel Dunagan,OH,UC Davis,16,64,1,1,7,0.000,14,12,23,146,0,0,0,0,0,13.0,"Seattle, Wash.",Ballard
2026,Addison Burks,L/DS,Middle Tenn.,16,62,1,0,4,0.250,18,12,17,142,0,0,0,0,0,13.0,"Murfreesboro, Tenn.",Middle Tennessee Christian School
2026,Ava Young,L,UIC,16,60,5,0,13,0.385,54,8,12,193,0,0,0,0,0,13.0,,
2026,Elle Kennedy,L/DS,Jacksonville,16,58,0,0,1,0.000,60,13,12,109,0,0,0,0,0,13.0,"Sheboygan Falls, Wisc.",Howards Grove
2026,Najah Harris,DS,Southern U.,16,57,1,5,18,-0.222,28,12,8,272,0,0,0,0,0,13.0,"Dallas, Texas",Braswell HS
2026,Rachel Morgan,L/DS,Miami (OH),16,56,1,2,7,-0.143,78,12,14,231,0,0,0,0,0,13.0,"Milford, Ohio",Milford
2026,Celianiz Cabranes,L,UTRGV,16,55,1,0,1,1.000,31,12,21,126,0,0,0,0,0,13.0,"Bayamon, Puerto Rico",
2026,Sierra Grizzle,L/DS,Utah,16,53,0,2,4,-0.500,66,13,23,215,0,0,0,0,0,13.0,"Meridian, Idaho",Mountain View High School
2026,Sophia Tocmo,L/DS,McNeese,16,53,3,0,20,0.150,71,10,13,279,0,0,0,0,0,13.0,"Algonquin, Ill",Huntley High
2026,Kennedy Earls,L,Charlotte,16,51,2,1,5,0.200,5,11,9,50,0,0,0,0,0,13.0,"Los Angeles, Ca.",Campbell Hall
2026,Anna Bolich,S,Fresno St.,15,59,0,1,4,-0.250,255,13,23,101,0,0,0,0,1,13.0,"Mission Viejo, Calif.",
2026,Lauren Patterson,L,Tulsa,15,58,0,0,3,0.000,49,13,15,175,0,0,0,0,0,13.0,"HOMETOWN
PORTLAND, ORE.",
2026,Sadie Johnston,L,Campbell,15,57,1,1,5,0.000,43,12,12,136,0,0,0,0,0,13.0,"Clayton, NC",Cleveland
2026,Haley Patton,L/DS,North Dakota,15,57,1,1,8,0.000,37,12,7,170,0,0,0,0,0,13.0,"Friendswood, Texas",Friendswood HS
2026,Kristen Simon,L/DS,Wisconsin,15,57,2,1,8,0.125,33,11,18,142,0,0,0,0,0,13.0,"Louisville, Ken.",Assumption High School
2026,Kate Kilpatrick,L,NC State,15,56,0,0,1,0.000,8,13,16,87,0,0,0,0,0,13.0,"Raleigh, N.C.",
2026,Maya Barron,S,UC Riverside,15,53,2,0,14,0.143,187,11,14,82,0,0,0,0,0,13.0,"Bakersfield, Calif.",Liberty HS
2026,Meg Berkland,L,Central Conn. St.,15,53,1,1,4,0.000,6,12,17,114,0,0,0,0,0,13.0,,
2026,Kate Federico,L/DS,Northern Ariz.,15,50,1,0,2,0.500,30,12,13,138,0,0,0,0,0,13.0,"Peoria, Ariz.",Centennial
2026,Nicole Stroud,L,Army West Point,15,50,2,2,12,0.000,38,11,13,200,0,0,0,0,0,13.0,"Fort Worth, Texas",Fort Worth Christian School
2026,Avery Helms,DS,Marquette,14,55,1,1,9,0.000,16,12,15,101,0,0,0,0,0,13.0,"St. Charles, MO",
2026,Avery Bolles,L/DS,Colorado,14,52,1,0,1,1.000,11,12,19,60,0,0,0,0,0,13.0,,
2026,Alexa Haley,L,UCF,14,52,2,0,4,0.500,61,11,16,191,0,0,0,0,0,13.0,"Naples, Fla.",Seacrest Country Day
2026,Alayna Howard,S,Grambling,14,52,3,0,26,0.115,250,10,8,111,0,0,0,0,0,13.0,"Royse City, TX",
2026,Izzy Mahaffey,L,Long Beach St.,14,52,1,1,4,0.000,19,12,21,81,0,0,0,0,0,13.0,"Queen Creek, Ariz.",
2026,Dayla Ortiz,L/DS,Tulane,14,52,2,1,9,0.111,38,11,8,140,0,0,0,0,0,13.0,,
2026,Josie Certa,S,Morehead St.,14,50,0,0,11,0.000,202,12,18,68,2,0,2,0,0,13.0,"Bloomington, Ill",Bloomington Central Catholic HS
2026,Brooke Scheffler,OPP,Furman,14,49,2,2,30,0.000,6,11,10,73,0,0,0,0,0,13.0,"Boone, N.C.",Watauga
2026,Macy McAmis,L/DS,Auburn,14,48,0,0,1,0.000,19,13,18,59,0,0,0,0,0,13.0,,
2026,Kadence Davison,S,Texas Southern,14,45,5,3,21,0.095,183,8,6,84,0,0,0,0,0,13.0,"Saint Paul, Minn.",
2026,Nora Marginean,S,FDU,14,38,4,0,19,0.211,100,8,15,57,2,0,2,0,0,13.0,"Cluj-Napoca, Romania",Colegiul National George Cosbuc
2026,Sloan Balsley,OH,Dartmouth,13,50,0,1,7,-0.143,34,13,32,120,0,0,0,0,0,13.0,,
2026,Kayla Foley,DS,VCU,13,50,2,0,3,0.667,26,11,8,139,0,0,0,0,0,13.0,"Virginia Beach, Va.",
2026,Sydney Humes,L/DS,Florida A&M,13,50,1,1,9,0.000,41,12,16,115,0,0,0,0,1,13.0,"Homewood, Ala.",
2026,Macy Lengacher,L/DS,Indiana St.,13,50,2,0,5,0.400,10,11,14,62,0,0,0,0,0,13.0,"Wakarusa, Ind.",NorthWood
2026,Mikayla Haner,OH,Saint Mary's (CA),13,46,6,8,39,-0.051,5,7,14,57,0,0,0,0,0,13.0,"Chandler, Ariz.",Hamilton
2026,Viktoria Ninova,L,Cincinnati,13,44,0,0,4,0.000,39,13,30,155,0,0,0,0,0,13.0,,
2026,Hannah Howard,L/DS,UMBC,12,48,0,1,7,-0.143,58,13,15,215,0,0,0,0,0,13.0,"Inwood, W.Va.",Musselman
2026,Delaney Seaman,S,Columbia,12,45,1,0,14,0.071,53,12,17,146,0,0,0,0,0,13.0,"Carmel, Ind.",Brebeuf Jesuit Prep
2026,Jordan Shelor,L,Harvard,12,44,1,0,1,1.000,14,12,8,21,0,0,0,0,0,13.0,"Manhattan Beach, Calif.",Mira Costa High School
2026,Kira Hutson,OH,Florida,12,30,6,4,25,0.080,11,5,12,31,3,1,2,0,0,13.0,,
2026,Viktoria Djukic,S,NIU,11,37,2,0,10,0.200,212,9,17,62,3,1,2,0,0,13.0,"Podgorica, Montenegro",JU Srednja strucna škola Sergije Stanic
2026,Piper Nelson,OH,Grambling,10,34,5,3,33,0.061,5,8,18,72,0,0,0,0,0,13.0,"Atkins, IA",
2026,Tyler Peluso,S,Queens (NC),10,26,8,1,15,0.467,94,5,12,29,0,0,0,0,0,13.0,"Winter Park, Fla.",Winter Park HS
2026,Madison Joyner,L/DS,West Florida,9,31,0,0,0,--,4,13,5,45,0,0,0,0,0,13.0,"Tallahassee, Fla.",Lawton Chiles High School
2026,Brook Watkins,S,East Carolina,9,26,4,2,16,0.125,154,4,7,28,8,2,6,0,0,13.0,"Wake Forest, N.C.",North Raleigh Christian Academy
2026,Angelica Rodriguez,OPP,St. John's (NY),9,14,11,8,31,0.097,0,0,0,2,4,0,4,0,0,13.0,"San Carlos, Costa Rica",
2026,Hunter Cook,OH,Kennesaw St.,8,15,13,4,23,0.391,0,0,2,0,0,0,0,0,0,13.0,"Sopchoppy, Fla.",Florida State University HS
2026,Ellie Schneider,MB,Rice,8,14,8,7,27,0.037,1,0,0,4,8,2,6,3,0,13.0,"Metairie, Louisiana",
2026,Jasmyn Walker,MB,UTRGV,6,14,11,13,37,-0.054,0,0,1,3,3,1,2,0,0,13.0,"Rosharon, Texas",Manvel High School
2026,Ne'Khaela Rogers,MB,Arkansas St.,5,10,10,5,25,0.200,0,0,0,4,5,1,4,2,0,13.0,"Burleson, Texas",Centennial HS
2026,Iyanna Battle,MB,Xavier,4,9,9,2,22,0.318,1,0,0,1,6,2,4,1,0,13.0,"Painesville Township, Ohio",Villa Angela-St. Joseph
2026,Lainee Pyles,OH,LSU,2,5,12,4,35,0.229,0,0,3,7,1,1,0,1,0,13.0,,
2026,Gabi Polishuk,OH,Stonehill,17,50,3,1,9,0.222,8,9,8,62,1,0,1,1,0,12.5,,
2026,Bella Anderson,L/DS,Grand Canyon,16,55,0,0,4,0.000,33,12,13,149,1,0,1,0,0,12.5,"Scottsdale, Ariz.",Scottsdale Christian
2026,Audrey Clark,S,Illinois St.,15,45,2,1,10,0.100,179,10,12,68,1,0,1,2,0,12.5,"Frisco, Texas",Wakeland HS / Creighton
2026,Allie Beers,OH,Marquette,14,52,3,5,19,-0.105,9,9,9,85,1,0,1,0,0,12.5,"Slinger, WI",
2026,Grace Slovensky,S,Lehigh,14,52,3,2,21,0.048,257,8,18,69,3,0,3,1,0,12.5,,
2026,Addison Newblatt,L,Fordham,14,45,0,0,3,0.000,2,12,19,54,1,0,1,0,1,12.5,"Clarkston, Mich.",Clarkston
2026,Lindsey Brown,DS,Alabama,13,48,1,1,2,0.000,10,11,14,80,1,0,1,0,0,12.5,"Holtville, Ala.",Edgewood Academy
2026,Jade Livingston,L,Eastern Wash.,12,46,1,0,1,1.000,5,11,18,59,1,0,1,0,0,12.5,"Liberty Lake, Wash.",Ridgeline
2026,Marleena Catalan,S,UC San Diego,11,45,2,5,17,-0.176,299,10,10,85,1,0,1,4,0,12.5,"San Diego, Calif.",Vista Murrieta HS
2026,Ayva Ostovar,S,UC Santa Barbara,11,35,3,0,15,0.200,162,9,6,58,1,0,1,0,0,12.5,"San Clemente, Calif.",Mater Dei HS
2026,Seenane Brewer,OH,New Mexico,11,25,9,13,50,-0.080,6,0,8,26,5,2,3,1,0,12.5,,
2026,Belen Ferrufino,S,Hampton,11,24,7,0,17,0.412,87,4,3,23,3,0,3,0,0,12.5,"La Paz, Bolivia",
2026,Hazel Murphy,OH,Gonzaga,10,25,11,9,39,0.051,2,0,2,6,2,1,1,1,0,12.5,"Ellensburg, Wash.",Ellensburg HS
2026,Sibley Oster,S,Cal St. Fullerton,8,22,3,3,36,0.000,158,4,5,25,10,1,9,1,0,12.5,"Austin, Texas",Cedar Park HS
2026,Dimitra Nanou,OH,BYU,7,14,11,6,27,0.185,0,1,1,10,1,0,1,1,0,12.5,"Kozani, Greece",
2026,Avery Gibbs,OPP,UC Santa Barbara,7,13,11,12,36,-0.028,0,0,0,4,2,1,1,0,0,12.5,"Loveland, Colorado",Thompson Valley HS
2026,Paloma Zubiri,OH,Virginia Tech,6,15,9,8,44,0.023,2,2,6,5,3,0,3,0,0,12.5,"Pergamino, Buenos Aires, Argentina",Colegio San José Hermanos Maristas
2026,Katarina Trutina,OH,FDU,5,8,10,5,30,0.167,1,2,3,5,1,0,1,0,0,12.5,"Calgary, Alberta, Canada",Springbank Community High School
2026,Kendra MacDonald,OH,UC Irvine,4,13,10,7,29,0.103,0,0,0,2,3,2,1,0,0,12.5,,
2026,Helen Frankovich,MB,UMBC,3,8,8,2,15,0.400,0,0,3,0,8,1,7,2,0,12.5,"Falls Church, Va.",Justice
2026,Aya Rawlins,L/DS,Coppin St.,18,69,0,0,3,0.000,1,12,33,18,0,0,0,0,0,12.0,"Silver Spring, Md.",Paint Branch HS
2026,Ally Greenwell,OH,North Ala.,18,61,6,5,29,0.034,17,6,17,121,0,0,0,0,0,12.0,"Spring Hill, Tenn.",Independence HS
2026,Lola Fernandez,L,Fordham,18,54,0,0,2,0.000,4,12,17,49,0,0,0,0,0,12.0,"Austin, Texas",Westwood
2026,Cooper Abney,S,Eastern Ky.,17,66,1,1,10,0.000,310,11,15,89,0,0,0,0,1,12.0,"Marietta, Ga.",
2026,Bella Faria,L/DS,Drake,17,58,1,0,4,0.250,10,11,8,91,0,0,0,0,0,12.0,"Springfield, Mo.",Kickapoo
2026,Izabelle Larson,OH,Abilene Christian,17,57,7,12,46,-0.109,5,5,16,68,0,0,0,0,0,12.0,"San Jose, Calif.",Santa Teresa HS
2026,Mia Feldhaus,L,Cal St. Fullerton,17,56,3,1,15,0.133,30,9,10,136,0,0,0,0,0,12.0,"Borken, Germany",Gymnasium Mariengarden
2026,Caryme Molina,S,UTEP,17,55,5,2,12,0.250,116,7,10,43,0,0,0,0,1,12.0,"Pasadena, Texas",Pasadena HS
2026,Nina Schuberth,L,Southeast Mo. St.,17,52,1,0,8,0.125,34,11,17,82,0,0,0,0,0,12.0,"Yorkville, Ill.",Yorkville Christian
2026,Nicolette Noble,L/DS,Montana St.,16,66,1,0,6,0.167,61,11,21,264,0,0,0,0,0,12.0,"Murrieta, CA",Vista Murrieta HS
2026,Giannelle Asomani,L/DS,Jackson St.,16,62,0,1,10,-0.100,56,12,20,254,0,0,0,0,0,12.0,"McKinney, TX",Rock Hill HS
2026,Melis Ural,L/DS,Liberty,16,59,2,0,9,0.222,70,10,10,218,0,0,0,0,0,12.0,,
2026,Kailee Wakatake,DS,Idaho,16,50,0,0,0,--,7,12,10,48,0,0,0,0,0,12.0,"Honolulu, HI",Kalani HS
2026,Megan Stone,L,The Citadel,16,46,1,0,13,0.077,10,11,7,91,0,0,0,0,0,12.0,,
2026,Brooklyn Rapp,L,Tennessee Tech,16,42,7,9,31,-0.065,7,5,10,37,0,0,0,0,0,12.0,,
2026,Andrea Roman,DS,Wake Forest,15,65,0,0,4,0.000,58,12,19,246,0,0,0,0,0,12.0,"HOMETOWN
HUMACAO, PUERTO RICO",
2026,McKenna Gildon,L/DS,Clemson,15,58,1,0,2,0.500,20,11,20,104,0,0,0,0,0,12.0,"Plano, Texas",Liberty HS
2026,Addison Stone,S,Jacksonville St.,15,53,4,2,13,0.154,206,8,7,76,0,0,0,0,0,12.0,,
2026,Abby Cahill,L/DS,DePaul,15,52,1,0,5,0.200,29,11,10,109,0,0,0,0,0,12.0,"Fremont, Ohio",Fremont Ross
2026,Cara McLean,S,Charleston So.,15,52,2,3,12,-0.083,183,9,17,55,2,0,2,0,1,12.0,"Chicago, IL",Marist HS
2026,Mia Watson,L,The Citadel,15,50,2,0,4,0.500,2,10,20,106,0,0,0,0,0,12.0,,
2026,Bennett Raterman,MB,Florida St.,15,46,1,0,2,0.500,0,10,21,5,1,1,0,1,0,12.0,"St. Louis, Mo.",
2026,Ava Long,DS,Bellarmine,14,56,1,3,12,-0.167,12,11,13,80,0,0,0,0,0,12.0,"Lebanon, OH",Lebanon High School
2026,Dhru Lalaji,DS,Wake Forest,14,55,1,1,2,0.000,3,11,10,81,0,0,0,0,0,12.0,"HOMETOWN
ATLANTA, GA.",
2026,Sophia Overholt,L/DS,USC Upstate,14,54,2,1,14,0.071,31,10,7,254,0,0,0,0,0,12.0,"Tryon, N.C.",Polk County HS
2026,Olivia Kremer,L/DS,Central Ark.,14,52,0,1,7,-0.143,25,12,15,111,0,0,0,0,0,12.0,"Lincoln, Neb.",Lincoln Southwest HS
2026,Emily Zgonc,L,Delaware,14,51,0,0,4,0.000,23,12,11,92,0,0,0,0,0,12.0,"Hartford, Wis.",
2026,Brooklyn Allison,L/DS,East Carolina,14,50,0,0,3,0.000,8,12,11,120,0,0,0,0,0,12.0,"Birmingham, Ala.",Spain Park High School
2026,Simone Langford,L/DS,Rider,14,49,1,0,10,0.100,43,11,17,179,0,0,0,0,0,12.0,"Hollywood, FL",Flanagan
2026,Janae Demant,L/DS,Seattle U,14,48,1,0,4,0.250,42,11,12,162,0,0,0,0,0,12.0,,
2026,Jannelize Perez,L/DS,Stetson,14,48,1,1,4,0.000,28,11,4,184,0,0,0,0,0,12.0,"Orlando, Fla.",Lake Highland Prep
2026,Gaby Cornier,L/DS,Arkansas,14,45,1,0,2,0.500,11,11,14,81,0,0,0,0,0,12.0,"Arecibo, Puerto Rico",Florida
2026,Ashlyn Bellamy,OH,Texas Tech,14,36,4,6,31,-0.065,4,7,12,41,1,1,0,0,0,12.0,,
2026,Kiley Brooks,L/DS,LSU,13,54,0,2,7,-0.286,62,12,13,201,0,0,0,0,0,12.0,,
2026,Audrey Small,L/DS,Southern Ind.,13,52,1,0,13,0.077,65,11,21,178,0,0,0,0,0,12.0,"O'Fallon, MO",Fort Zumwalt West
2026,Kennedy Gustafson,L,Louisiana,13,50,1,0,17,0.059,81,11,13,207,0,0,0,0,0,12.0,"Houston, Texas",
2026,Kaitlyn Nguyen,L,Washington,13,47,0,0,0,--,73,12,14,182,0,0,0,0,0,12.0,"Bellevue, Wash.",Bellevue
2026,Jordan Imperial,L/DS,Tennessee St.,13,43,1,1,7,0.000,22,11,17,143,0,0,0,0,0,12.0,"El Paso, Texas",
2026,Sophie Stephenson,OPP,Colorado St.,13,30,6,3,22,0.136,2,4,7,26,4,0,4,0,0,12.0,"HOMETOWN
SEATTLE, WA",
2026,Dashaun Pinesette,MB,Mississippi Val.,12,39,4,5,33,-0.030,1,8,4,37,0,0,0,1,0,12.0,"Missouri City, TX",Hightower HS
2026,Ava Miller,S,Ark.-Pine Bluff,12,33,4,2,8,0.250,71,8,5,33,0,0,0,0,0,12.0,"Stockton, CA",
2026,Abby Bucey,L,Coastal Carolina,11,40,0,0,1,0.000,6,12,12,57,0,0,0,0,1,12.0,"Tampa, Fla.",Plant
2026,Cameron Holcomb,L/DS,Hawaii,11,34,0,0,1,0.000,2,12,8,52,0,0,0,0,0,12.0,"San Diego, Calif.",San Marcos HS
2026,Keira Lucas,OH,Valparaiso,11,32,8,8,32,0.000,19,4,4,65,0,0,0,1,0,12.0,,
2026,Makenna Kowren,OPP,NC State,11,28,8,3,16,0.313,0,4,11,3,0,0,0,0,0,12.0,"Peoria, Arizona",
2026,Lucie Vesela,S,Boston College,10,35,2,2,10,0.000,156,10,16,52,0,0,0,0,0,12.0,"Rozdrojovice, Czechia",Gymnázium Ludvíka Danka
2026,Izzy Picard,OH,Navy,10,19,9,10,42,-0.024,0,0,0,3,6,0,6,0,0,12.0,"Putnam Valley, N.Y.",Putnam Valley
2026,Sydnie Waller,OH,Mississippi St.,10,17,11,8,38,0.079,1,0,0,7,2,0,2,1,0,12.0,,
2026,Allie Davison,S,The Citadel,9,22,5,2,20,0.150,164,6,5,40,1,1,0,1,0,12.0,,
2026,Julia Culpepper,OH,Tennessee St.,8,23,11,9,46,0.043,3,0,7,19,2,0,2,1,0,12.0,"Ooltewah, Tenn.",East Hamilton
2026,Maddy Benka,OH,St. Thomas (MN),8,18,12,10,33,0.061,0,0,0,4,0,0,0,1,0,12.0,,
2026,Keely Culler,OH,Montana St.,8,16,10,4,33,0.182,3,2,9,8,0,0,0,0,0,12.0,"Archbold, OH",Archbold HS
2026,Becca Bellows,S,Wake Forest,7,31,3,0,7,0.429,163,9,9,27,0,0,0,0,0,12.0,"HOMETOWN
WHEATON, ILL.",
2026,Nevaeh Bray,MB,Portland,6,18,8,5,27,0.111,5,0,0,3,6,2,4,0,0,12.0,"San Diego, Calif.",Corvallis HS / Jackson State
2026,Siena Smiejek,MH,UNC Greensboro,6,14,9,3,19,0.316,1,1,2,4,4,0,4,0,0,12.0,"Crystal Lake, Ill.",Crystal Lake Central
2026,Jaida Gray,OH,Grambling,6,13,9,9,45,0.000,2,0,0,2,5,1,4,0,0,12.0,"Plano, TX",
2026,Millie Burgess,OH,Tulane,6,9,10,5,31,0.161,0,2,5,6,0,0,0,0,0,12.0,,
2026,Kamsi Iweajunwa,MB,Oakland,5,14,9,5,31,0.129,1,0,0,2,5,1,4,1,0,12.0,"Grand Ledge, Mich.",Grand Ledge High School
2026,Merritt Sliwa,OH,Ball St.,5,12,11,7,40,0.100,0,0,4,11,2,0,2,0,0,12.0,,
2026,Khaya Gordon,OH,Clemson,5,11,11,9,48,0.042,0,0,0,3,1,1,0,0,0,12.0,"Belize City, Belize",Saint Catherine Academy
2026,Peyton Fadal,S,Tarleton St.,4,16,4,0,10,0.400,82,8,3,25,0,0,0,0,0,12.0,"Baytown, TX",Barbers Hill HS
2026,Amaya Thomas,MB,Florida,3,6,6,3,13,0.231,1,0,0,1,9,3,6,1,0,12.0,,
2026,Lindsey Green,S,Ball St.,16,57,3,0,10,0.300,366,8,16,144,1,0,1,0,1,11.5,,
2026,Paulina Ströh,S,UIC,16,50,1,2,12,-0.083,244,10,12,80,1,0,1,0,1,11.5,"Mecklenburg-Vorpemmern, Germany","Sportgymnasim, Schwerin"
2026,Madison Monahan,S,Loyola Maryland,15,57,1,1,11,0.000,252,10,9,82,1,0,1,0,0,11.5,"Gilbertsville, Pa.",Pope John Paul II
2026,Anna Rich,S,Canisius,15,54,3,0,13,0.231,197,7,7,37,3,0,3,0,0,11.5,"Waterford, Mich.",Troy
2026,Kayla Troutman,S,Jackson St.,15,45,2,2,9,0.000,189,9,11,53,1,0,1,0,1,11.5,"Pembroke Pines, FL",Westiminster Academy
2026,Dunja Martic,OH,VCU,12,46,7,12,34,-0.147,6,4,8,73,1,0,1,0,0,11.5,"Ub, Serbia",
2026,Dasia Johnson,OH,UMBC,11,32,2,1,12,0.083,6,9,9,28,1,0,1,0,0,11.5,"Coral Springs, Fla.",North Broward Preparatory
2026,Ava Sarafa,S,UCLA,10,21,4,1,12,0.250,161,5,8,37,4,1,3,4,0,11.5,"Bloomfield Hills, Mich.",Marian HS
2026,Athena Cox,MB,Boise St.,8,22,3,2,10,0.100,1,0,0,3,15,2,13,7,0,11.5,"San Diego, Calif.",Academy of Our Lady of Peace
2026,Taniyah Pruitt,MB,Seattle U,8,18,8,8,30,0.000,1,0,1,1,7,0,7,1,0,11.5,,
2026,Natalie Unkrich,OH,Lehigh,7,13,10,1,22,0.409,0,0,0,8,2,1,1,0,0,11.5,,
2026,Reagan Baxter,MB,Morehead St.,7,10,8,3,14,0.357,1,0,0,0,7,0,7,0,0,11.5,"Louisville, Ky.",North Oldham HS
2026,Kaitlynn Robinson,MB,Howard,6,13,4,1,13,0.231,1,0,0,0,12,3,9,0,0,11.5,"Oklahoma City, OK",Westmoore HS
2026,Gracyn Sanders,MB,Gardner-Webb,6,13,10,3,21,0.333,1,0,0,1,3,0,3,2,0,11.5,"Carpentersvilla, Ill.",Jacobs HS
2026,Ariel Chime,MB,Vanderbilt,6,12,10,2,19,0.421,0,0,0,2,3,0,3,0,0,11.5,,
2026,Jaslyn Dawkins,OH,UMES,6,12,9,9,29,0.000,0,1,0,4,3,0,3,0,0,11.5,"Middletown, DE",
2026,Ava Pond,OH,Cal St. Fullerton,6,10,11,11,38,0.000,0,0,0,2,1,0,1,1,0,11.5,"Lehi, Utah",Skyridge HS
2026,Anissa Cooper,MB,Iona,5,13,7,6,27,0.037,1,0,0,4,8,1,7,1,0,11.5,"San Diego, CA",Scripps Ranch
2026,Avery Daum,RS,Indiana,4,10,9,2,24,0.292,2,0,0,2,4,1,3,0,0,11.5,,
2026,Kendall Buckley,OH,North Ala.,4,8,11,12,42,-0.024,0,0,0,1,1,0,1,1,0,11.5,"Madison, Ala.",Bob Jones High School
2026,Paisley Pavliska,OH,Arkansas,3,8,11,8,39,0.077,0,0,2,9,1,0,1,2,0,11.5,"La Vernia, Texas",La Vernia HS
2026,Elise Gurley,L,Western Caro.,18,74,1,0,8,0.125,65,10,29,316,0,0,0,0,0,11.0,"Wake Forest, N.C.",Heritage HS
2026,Cece Marino,S,NJIT,18,65,3,1,26,0.077,276,7,10,144,2,0,2,0,0,11.0,"Freehold, NJ",Marlboro
2026,Defne Eciroglu,S,LSU New Orleans,18,55,5,0,16,0.313,251,6,13,95,0,0,0,0,1,11.0,"Ankara, Türkiye",
2026,Evie Huang,L,George Washington,17,62,0,0,1,0.000,4,11,13,34,0,0,0,0,0,11.0,"Centreville, VA",
2026,Aspen Boice,L,Idaho St.,17,59,0,0,8,0.000,71,11,11,286,0,0,0,0,0,11.0,"Rexburg, ID",
2026,Claire Luoma,L/DS,Clemson,16,66,0,0,5,0.000,57,11,30,184,0,0,0,0,0,11.0,"Franklin, Wis.",Franklin HS
2026,Saige Damrow,L/DS,Creighton,16,65,1,3,10,-0.200,51,10,19,282,0,0,0,0,1,11.0,"Howards Grove, Wis.",Howards Grove
2026,Elise Lau,L/DS,California,16,64,0,0,0,--,7,11,12,19,0,0,0,0,0,11.0,"Brisbane, Calif.",St. Ignatius College Preparatory
2026,Kayla Lopez,L,LMU (CA),16,62,0,0,0,--,7,11,17,22,0,0,0,0,0,11.0,"Austin, TX",Rouse High School
2026,Chloe Maughan,L,Charlotte,16,58,0,0,7,0.000,50,11,9,214,0,0,0,0,0,11.0,"Wilmington, N.C.",John T. Hoggard
2026,Taryn Rice,DS,UNI,16,56,2,0,3,0.667,24,9,24,129,0,0,0,0,0,11.0,"Northville, Mich.",Northville HS
2026,Rylee Wooldridge,OH,Seton Hall,16,51,7,4,42,0.071,15,4,8,88,0,0,0,0,0,11.0,"Mars, Pa.",
2026,Summer Suppik,L/DS,Nevada,15,63,0,0,2,0.000,34,11,13,97,0,0,0,0,0,11.0,"Redondo Beach, Calif.",Redondo Union HS
2026,Cassidy Bruns,L/DS,West Virginia,15,61,1,0,5,0.200,28,10,18,115,0,0,0,0,0,11.0,,
2026,Kylee Sells,L/DS,San Jose St.,15,58,0,0,0,--,11,11,16,19,0,0,0,0,0,11.0,,
2026,Whitney Wallace,L/DS,UC Irvine,15,58,3,1,10,0.200,38,8,13,240,0,0,0,0,0,11.0,,
2026,Adlee Grissett,L/DS,Davidson,15,57,1,0,2,0.500,37,10,9,93,0,0,0,0,0,11.0,"Holly Springs, N.C.",
2026,Madison Kyle,L/DS,UAlbany,15,56,0,3,10,-0.300,11,11,24,92,0,0,0,0,0,11.0,"Lebanon, Ohio",Lebanon
2026,Bianca Nistor,DS,UC Santa Barbara,15,55,0,0,3,0.000,10,11,11,22,0,0,0,0,0,11.0,"Plymouth, Minn.",Wayzata HS
2026,Drew Wright,L,Northwestern,15,55,1,0,7,0.143,35,10,16,122,0,0,0,0,0,11.0,"Hermosa Beach, Calif.",Mira Costa
2026,Olivia Burns,L/DS,Oral Roberts,15,54,0,1,10,-0.100,49,11,10,163,0,0,0,0,0,11.0,"Krum, TX",
2026,Vivian Hickman,S,UCLA,15,50,1,0,5,0.200,25,10,22,94,0,0,0,0,0,11.0,"Phoenix, Ariz.",Xavier College Preparatory
2026,Kayla Green,L,FDU,15,45,1,0,1,1.000,10,10,9,41,0,0,0,0,0,11.0,"Frisco, Texas",Frisco
2026,Elayna Davidson,DS,Maryland,15,44,0,0,0,--,6,11,7,67,0,0,0,0,0,11.0,"Orland Park, IL",
2026,Sadie Johnson,DS,North Dakota St.,14,54,0,0,1,0.000,11,11,13,80,0,0,0,0,0,11.0,,
2026,Maria Olga Siapani,S,Arizona,14,54,1,0,5,0.200,260,10,14,113,0,0,0,1,0,11.0,"Limassol, Cyprus",Grammar School of Limassol
2026,Morgan Esmie,DS,UNCW,14,52,0,0,7,0.000,19,11,16,99,0,0,0,0,0,11.0,"Milton, Ga.",Blessed Trinity
2026,Megan Hawkins,S,UTSA,14,52,1,2,17,-0.059,235,10,15,70,0,0,0,0,0,11.0,"Kitchener, Ont.",Grand River Collegiate
2026,Asialin Powell,L,Grambling,14,51,0,4,36,-0.111,57,11,11,236,0,0,0,0,0,11.0,,"Des Moines,IA"
2026,Amara Chambers,L/DS,Navy,14,50,2,1,8,0.125,63,9,21,196,0,0,0,0,0,11.0,"Hillsborough, N.C.",Eno River Academy
2026,Molly Tuozzo,L/DS,Kentucky,14,50,0,1,3,-0.333,58,11,10,196,0,0,0,0,0,11.0,"The Woodlands, Texas",tiktok
2026,Kelly Kelsick,L,Florida A&M,14,47,0,2,6,-0.333,21,10,9,91,1,1,0,0,0,11.0,"Pearland, Texas",
2026,Kaitlyn Barnes,L,Southern Utah,14,40,5,3,28,0.071,3,6,15,55,0,0,0,0,0,11.0,"Pleasant Grove, Utah",Pleasant Grove High School
2026,Gillian Pitts,L,Houston,14,40,1,1,7,0.000,22,10,8,70,0,0,0,0,0,11.0,"Little Elm, Texas",Prestonwood Christian Academy
2026,Piper Justiss,S,San Francisco,14,39,0,0,4,0.000,128,11,14,54,0,0,0,0,0,11.0,"Austin, Texas",Pepperdine/Oklahoma
2026,Ava Ray,S,Texas Southern,14,38,8,1,26,0.269,144,3,5,69,0,0,0,1,0,11.0,"Leesburg, Va.",
2026,Addison Pollock,L,Penn,13,52,3,1,23,0.087,64,8,9,304,0,0,0,0,1,11.0,"Miami, Fla.",Ransom Everglades School
2026,Kea Whillock,DS,High Point,13,51,0,0,5,0.000,58,11,19,207,0,0,0,0,0,11.0,"Keller, Texas",Keller
2026,Valeria Estrada,L,N.C. A&T,13,47,0,1,12,-0.083,25,11,10,65,0,0,0,0,0,11.0,"Coamo, Puerto Rico",Caribbean School
2026,Haley Nash,L/DS,Troy,13,46,0,0,1,0.000,47,11,20,159,0,0,0,0,0,11.0,,
2026,Tinoa Woodward-Hart,DS,Portland,13,46,0,0,4,0.000,16,11,10,116,0,0,0,0,0,11.0,"Los Angeles, Calif.",Venice HS
2026,Hannah Campbell,L/DS,USC Upstate,13,43,1,2,11,-0.091,8,10,7,79,0,0,0,0,0,11.0,"Pickens, S.C.",Pickens HS
2026,Izzy Perkins,L/DS,UNC Asheville,13,43,1,0,5,0.200,40,10,10,158,0,0,0,0,0,11.0,"Muskego, Wis.",St. Thomas Moore
2026,Sydni Poston,L/DS,Tennessee St.,13,43,0,1,1,-1.000,20,11,13,82,0,0,0,0,0,11.0,"Chicago, Ill.",Whitney Young
2026,Sydney Jaynes,L,Tennessee,13,42,0,0,0,--,2,11,9,31,0,0,0,0,0,11.0,"Northfield, Minn.",Northfield HS
2026,Kasey Watkins,OPP,Alcorn,13,39,2,3,16,-0.063,2,9,7,36,0,0,0,0,0,11.0,"Cedar Hill, Texas",Cedar Hill HS
2026,Elisabeth Levick,S,Portland St.,13,33,3,2,8,0.125,109,8,11,39,0,0,0,0,0,11.0,"Hillsboro, Ore.",Glencoe HS
2026,Claire Mo,S,Columbia,12,45,6,3,27,0.111,189,5,9,72,0,0,0,0,3,11.0,"McLean, Va.",Langley
2026,Sarita Pomar,L,Cornell,12,45,1,1,17,0.000,32,10,10,144,0,0,0,0,0,11.0,,
2026,Eliska Vytiskova,S,FGCU,12,40,1,1,8,0.000,186,10,12,68,0,0,0,2,0,11.0,"Ostrava, Czech Republic",Sportovní gymnázium Dany a Emila Zátopkových
2026,Kenzly Foote,L/DS,Troy,12,34,0,0,0,--,1,11,9,18,0,0,0,0,0,11.0,,
2026,Ky Clayton,L/DS,Michigan St.,12,31,0,0,0,--,1,11,6,13,0,0,0,0,0,11.0,,
2026,Sophie Haskell,L/DS,Brown,11,45,0,0,0,--,28,11,15,99,0,0,0,0,0,11.0,,
2026,Caitlin Prior,S,Saint Mary's (CA),11,44,2,2,13,0.000,246,8,20,64,2,0,2,0,0,11.0,"San Diego, Calif.",Academy of Our Lady of Peace
2026,Regan Hill,OPP,William & Mary,11,30,0,0,2,0.000,0,11,8,16,0,0,0,0,0,11.0,"Garnet Valley, Pa.",Garnet Valley
2026,Lillie Meinhart,S,Ohio,11,29,4,1,8,0.375,104,7,6,27,0,0,0,0,1,11.0,"Lascassas, Tenn.",Providence Christian Academy
2026,Savannah Skopal,S,Rice,11,26,4,2,14,0.143,149,6,12,29,2,0,2,0,1,11.0,"Round Rock, Texas",
2026,Stephanie Groswirt,S,Eastern Wash.,11,24,9,3,29,0.207,60,2,2,27,0,0,0,1,0,11.0,"La Verne, Calif.",Bonita
2026,Lauren Ossmann,S,Southeastern La.,11,23,7,0,15,0.467,26,2,5,13,4,0,4,0,0,11.0,"Milwaukee, Wis.",Wisconsin Lutheran HS
2026,Ema Stermenska,S,Rhode Island,10,35,1,0,4,0.250,102,10,3,42,0,0,0,1,0,11.0,"Holíc, Slovakia",Gymnazium Bilikova 24 Bratislava (SIU)
2026,Kelsey Burks,MB,Alcorn,10,20,6,5,18,0.056,2,1,2,7,8,0,8,3,0,11.0,"LaGrange, Ga.",LaGrange HS
2026,Isabelle Northam,L/DS,Fla. Atlantic,9,34,0,0,0,--,23,11,15,117,0,0,0,0,0,11.0,"Thompson's Station, Tenn.",Battle Ground Academy
2026,Eleanor Weeks,OH,Sacramento St.,9,33,0,0,3,0.000,5,11,8,9,0,0,0,0,0,11.0,"Saint Paul, Minn.",
2026,Kinamoni Jerome,S,Navy,9,32,4,2,9,0.222,120,7,15,54,0,0,0,0,1,11.0,"Las Vegas, Nev.",Shadow Ridge
2026,Mirella Rederer,L/DS,New Haven,9,30,1,1,2,0.000,22,10,14,89,0,0,0,1,0,11.0,"Stuttgart, Baden Wuerttemberg, Germany",Wirtemberg Gymnasium
2026,Kyra Hampton,S,Old Dominion,8,18,7,3,16,0.250,65,1,2,17,5,1,4,0,0,11.0,,
2026,Leila Ceaser,OH,Lamar University,8,12,9,4,34,0.147,0,1,0,3,2,0,2,0,0,11.0,"Conroe, Texas",Oak Ridge HS
2026,Ceci Gooch,MB,Georgia,7,12,8,1,19,0.368,0,0,0,3,6,0,6,1,0,11.0,"Dallas, Texas",
2026,Victoria Hill,OH,Memphis,6,24,11,7,41,0.098,1,0,5,38,0,0,0,0,0,11.0,,
2026,Malia Brinkman,RS,ETSU,6,12,8,8,24,0.000,1,0,1,0,6,0,6,0,0,11.0,"Cincinnati, Ohio",
2026,Chloe Moreland,RS,Niagara,6,12,11,6,39,0.128,0,0,1,5,0,0,0,0,0,11.0,"Dublin, Ohio",Bishop Watterson
2026,Iva Popovic,OH,Pepperdine,5,16,5,5,12,0.000,2,6,6,7,0,0,0,0,0,11.0,"Belgrade, Serbia",Architectural Technical
2026,Lucy Haywood,MB,Col. of Charleston,5,10,7,4,24,0.125,0,1,0,7,6,0,6,2,0,11.0,"Nashville, Tenn.",Christ Presbyterian Academy
2026,Brooke Crummel,MB,Fla. Atlantic,4,11,8,2,18,0.333,3,0,3,1,6,0,6,1,0,11.0,"Atlanta, Ga.",West Forsyth
2026,Deanna Dollar,OH,Col. of Charleston,4,11,11,4,43,0.163,0,0,1,7,0,0,0,1,0,11.0,"Burbank, Calif.",Village Christian School
2026,Audrey Hackney,S,Central Mich.,17,51,1,2,9,-0.111,90,9,3,46,1,0,1,0,0,10.5,,
2026,Briana Raney,DS,ULM,16,56,0,0,13,0.000,20,10,21,142,1,0,1,0,0,10.5,"Spring, Texas",Oak Ridge
2026,Zola Zuccolo,S,Idaho,15,57,2,2,20,0.000,272,5,4,65,7,0,7,0,1,10.5,"Beaverton, OR",Jesuit HS
2026,Celeste Uruena Jensen,S,Southern Utah,15,50,9,5,45,0.089,191,1,6,75,1,0,1,0,1,10.5,"Santa Cruz de la Sierra, Bolivia",
2026,Haiti Tautua'a,S,Pittsburgh,15,41,0,0,4,0.000,30,10,4,20,1,0,1,0,0,10.5,"Wai'anae, Hawai'i",Wai'anae HS
2026,Gwenyth Koss,OH,Providence,14,38,1,3,11,-0.182,2,9,12,33,1,0,1,0,0,10.5,,
2026,Macey McCoy,S,South Carolina St.,13,43,7,6,44,0.023,192,3,3,63,1,0,1,0,2,10.5,"Vancouver, WA",Columbia River High School
2026,Mary-Alice Dohmann,OH,McNeese,11,26,6,9,38,-0.079,4,3,5,16,3,0,3,1,0,10.5,"Berwick, La.",Berwick High
2026,Reagan Hamm,S,UT Martin,11,26,8,3,23,0.217,98,1,6,16,3,0,3,0,0,10.5,"Dallas, Texas",Lake Dallas HS
2026,Nathàlia Souza da Silva,OH,UIC,9,16,7,7,29,0.000,1,0,0,3,6,1,5,1,0,10.5,"Novo Hamburgo, Brazil",
2026,Olivia Fenoff,OH,North Ala.,8,13,9,4,37,0.135,1,0,2,5,3,0,3,0,0,10.5,"Lake Mary, Fla.",Lake Mary HS
2026,Ela Shepherd,S,Radford,7,18,7,6,34,0.029,37,2,1,15,3,0,3,0,0,10.5,"Christiansburg, Va.",Christiansburg HS
2026,Aniyah Lewis,OH,Florida A&M,7,16,9,14,49,-0.102,0,0,0,2,3,0,3,0,0,10.5,"Tallahassee, Fla.",
2026,Leah Hampson,OH,Temple,7,15,10,7,37,0.081,1,0,3,5,1,0,1,0,1,10.5,"HOMETOWN
DOWNINGTOWN, PA.",
2026,Heidi Chambers,OH,Marist,7,13,10,2,29,0.276,1,0,3,21,1,0,1,0,0,10.5,"Snohomish, WA",Snohomish High School
2026,Molly Felkins,MB,Oral Roberts,6,14,6,3,24,0.125,0,0,0,3,8,1,7,1,0,10.5,"Spring, TX",
2026,Mano Antiga,OH,Hawaii,5,16,10,6,23,0.174,0,0,2,4,1,0,1,0,0,10.5,"Lublin, Poland",Fr. Jan Twardowski High School
2026,Ashley Dienes,MB,Presbyterian,5,13,5,4,15,0.067,0,0,1,0,9,2,7,1,0,10.5,"Wilson, N.C.",
2026,Sydney Frazier,MB,UTEP,5,12,8,3,16,0.313,0,0,0,3,4,1,3,1,0,10.5,"Atlanta, Georgia",IMG Academy
2026,Mackenzie Moore,OH,Jackson St.,5,10,9,12,43,-0.070,2,0,0,6,3,0,3,1,0,10.5,"Powder Springs, GA",Marietta HS
2026,Elli Strecker,MB,Louisville,5,7,7,3,15,0.267,0,0,0,0,6,1,5,0,0,10.5,"Zionsville, Ind.",
2026,Stella Becker,OH,Hofstra,4,9,10,5,21,0.238,0,0,0,2,1,0,1,0,0,10.5,"Bellmore, NY",Kellenberg
2026,Maddie Snider,RS,Alabama,4,8,10,0,19,0.526,0,0,1,1,1,0,1,0,0,10.5,"Land O' Lakes, Fla.",Sunlake HS
2026,Addison Erb,MB,Eastern Ill.,3,9,8,4,19,0.211,0,0,0,1,5,0,5,1,0,10.5,"Roscoe, Ill.",Hononegah
2026,Rachel Jepsen,MB,BYU,3,9,9,1,15,0.533,1,0,0,1,3,0,3,0,0,10.5,,
2026,Britton Finley,OH,Texas St.,1,5,8,6,33,0.061,0,1,0,1,2,1,1,0,0,10.5,,
2026,Harper Cauley,L/DS,Northwestern St.,20,68,0,4,17,-0.235,4,10,20,101,0,0,0,0,0,10.0,"Ruston, La.",Ruston HS
2026,Eda Yalçinkaya,L,Western Caro.,18,59,0,0,2,0.000,7,10,15,92,0,0,0,0,0,10.0,"Istanbul, Turkey",ISTEK Atanur Oguz HS
2026,Sienna Franks,,Merrimack,18,53,3,1,11,0.182,6,7,20,66,0,0,0,0,0,10.0,"Allen, Texas",Lovejoy High School
2026,Bianca Byerly,DS,Houston Christian,17,68,3,1,25,0.080,46,7,6,277,0,0,0,0,0,10.0,"Houston, Texas",Cy-Fair
2026,Devon Lowe,,Merrimack,17,46,2,3,19,-0.053,121,8,14,56,0,0,0,0,1,10.0,"Burlington, ON",Aldershot High School
2026,Melanie Morris,DS,ETSU,16,66,0,1,7,-0.143,63,10,18,202,0,0,0,0,0,10.0,"Maryville, Tenn.",
2026,Addi Rains,L/DS,Clemson,16,66,1,0,6,0.167,54,9,17,187,0,0,0,0,0,10.0,"Yorktown, Ind.",Yorktown HS
2026,Ioanna Ververaki,L/DS,Saint Peter's,16,54,2,0,8,0.250,41,8,8,139,0,0,0,0,0,10.0,,
2026,Alexa Earle,L/DS,Tarleton St.,16,50,1,0,2,0.500,6,9,12,81,0,0,0,0,0,10.0,"Austin, TX",Lake Travis HS
2026,Ryan Oden,L/DS,Chattanooga,16,48,0,2,5,-0.400,5,10,10,47,0,0,0,0,0,10.0,"Florham Park, N.J.",Mount Saint Mary Academy
2026,Marin Thaxton,DS,Butler,16,37,1,0,3,0.333,3,9,13,29,0,0,0,0,0,10.0,"Chicago, Ill.",Saint Ignatius College Prep
2026,Catherine Hubiak,L/DS,UNC Asheville,16,34,1,1,4,0.000,12,9,11,66,0,0,0,0,0,10.0,"Delray Beach, Fla.",Boca Raton HS
2026,Reese Ampi,DS,Sacramento St.,15,61,0,0,3,0.000,55,10,19,200,0,0,0,0,0,10.0,"Redding, Calif.",
2026,Dakota Mitchell,L,North Texas,15,58,0,0,2,0.000,23,10,15,84,0,0,0,0,0,10.0,"Kalona, Iowa / Mid-Prairie HS",
2026,Anna Bardaro,L/DS,Wisconsin,15,57,2,0,4,0.500,45,8,15,211,0,0,0,0,0,10.0,"Montebelluna, Italy",Licei San Luigi
2026,Hannah Langton,L/DS,Colgate,15,57,0,1,2,-0.500,78,10,22,262,0,0,0,0,0,10.0,"Kingston, Ill.",Genoa-Kingston
2026,Zuzanna Maciejewicz,L,NC State,15,56,1,0,10,0.100,46,9,27,212,0,0,0,0,0,10.0,,
2026,Cambry Saul,DS,SFA,15,56,0,0,3,0.000,23,10,21,69,0,0,0,0,0,10.0,"Waco, Texas",
2026,Mana Kaneko,L,Georgia Tech,15,54,4,2,7,0.286,52,6,10,162,0,0,0,0,0,10.0,"Hiroshima, Japan",Shintoku Girls HS
2026,Arianna Warner Torres,S,UMES,15,54,3,4,16,-0.063,67,7,10,163,0,0,0,0,0,10.0,,
2026,Lilly Holmes,L,Northern Ariz.,15,53,0,1,4,-0.250,24,10,28,165,0,0,0,0,1,10.0,"Parker, Colo.",Legend HS
2026,Gabby Allen,L,Howard,15,51,1,2,6,-0.167,7,9,9,68,0,0,0,0,0,10.0,"Laurel, MD",Reservoir HS
2026,Symone Sims,L/DS,Auburn,15,51,2,2,6,0.000,14,8,20,122,0,0,0,0,0,10.0,,
2026,Lauren Mariscal,L/DS,UT Martin,15,49,0,3,7,-0.429,42,10,13,166,0,0,0,0,0,10.0,"Naperville, Ill.",Neuqua Valley HS
2026,Taylor Mercado,DS,Georgetown,15,48,0,1,4,-0.250,26,10,7,92,0,0,0,0,0,10.0,"Long Beach, Calif.",Long Beach Polytechnic
2026,Bella Bonanno,L/DS,Ole Miss,14,54,0,0,3,0.000,6,10,15,34,0,0,0,0,0,10.0,,
2026,Reese Sheppard,L/DS,Oregon,14,52,0,0,1,0.000,27,10,7,184,0,0,0,0,0,10.0,"Puyallup, Wash.",Puyallup
2026,Madi Benne,L,Arkansas,14,51,1,0,4,0.250,62,9,16,151,0,0,0,0,0,10.0,"Lee's Summit, Mo.",Lee's Summit North HS
2026,Courtney Fitzgerald,DS,Morehead St.,14,50,0,0,1,0.000,39,10,20,177,0,0,0,0,0,10.0,"Cleves, Ohio",Seton HS
2026,Morgan Baldridge,S,Furman,14,49,6,2,16,0.250,190,3,10,81,2,0,2,0,1,10.0,"Brevard, N.C.",Brevard
2026,Lia Schneider,L/DS,Michigan St.,14,49,0,1,6,-0.167,49,10,20,154,0,0,0,0,0,10.0,,
2026,Laurel Barsocchini,L/DS,Long Beach St.,14,48,0,0,2,0.000,3,9,7,34,1,1,0,0,0,10.0,"Westlake Village, Calif.",
2026,Maia Keely Pou,S,Stetson,14,44,1,3,13,-0.154,173,8,9,49,2,0,2,4,0,10.0,,
2026,Madison Brown,S,Miami (OH),14,37,0,2,6,-0.333,127,10,6,66,0,0,0,0,0,10.0,"Noblesville, Ind.",Noblesville High School
2026,Sigrun Jonsdottir,L,Georgia St.,13,52,0,0,2,0.000,54,10,13,174,0,0,0,0,1,10.0,"Húsavík, Iceland",Framhaldskólinn á Húsavík
2026,Kinsley Singleton,L/DS,Oklahoma,13,51,0,0,1,0.000,22,10,21,107,0,0,0,0,1,10.0,"Phoenix, Ariz.",
2026,Avery Booker,OH,George Mason,13,49,0,1,8,-0.125,6,10,28,107,0,0,0,0,1,10.0,"Holly Springs, N.C.",Middle Creek
2026,Camryn Harris,L/DS,New Haven,13,46,0,1,8,-0.125,20,10,23,105,0,0,0,0,1,10.0,"Loveland, Ohio",Milford
2026,Mya Laufiso,L/DS,Utah Tech,13,46,1,2,9,-0.111,49,9,12,175,0,0,0,0,0,10.0,"West Jordan, Utah",Copper Hills HS
2026,Bella Lee,L,Florida,13,45,0,0,2,0.000,18,10,19,95,0,0,0,0,0,10.0,,
2026,Mia Maloney,L/DS,Arkansas St.,13,45,2,2,16,0.000,43,8,14,195,0,0,0,0,0,10.0,"Louisville, Ky.",Holy Cross HS
2026,Alanys Nieves,S,Eastern Ill.,13,45,3,5,15,-0.133,147,6,9,32,2,0,2,0,0,10.0,"Trujillo Alto, Puerto Rico",Colegio Puertorriqueño de Niñas
2026,MaryKate Scheumann,DS,Purdue,13,45,0,0,4,0.000,16,10,18,111,0,0,0,0,0,10.0,,
2026,McKenna Yates,DS,Mississippi St.,13,45,1,0,3,0.333,42,9,11,190,0,0,0,0,0,10.0,,
2026,Lindsey Smith,L,Southern Miss.,13,44,0,2,4,-0.500,4,10,10,75,0,0,0,0,0,10.0,"Madison, Miss.",
2026,Rose Whitemountain,DS,Radford,13,38,0,0,0,--,4,10,9,10,0,0,0,0,0,10.0,"Webster Groves, Mo.",Webster Groves HS
2026,Neenah Burton,L/DS,Prairie View,13,34,0,0,5,0.000,3,10,13,24,0,0,0,0,0,10.0,"Cincinnati, Ohio",
2026,Fuka Sekita,L,Kansas St.,12,45,0,0,3,0.000,61,10,12,153,0,0,0,0,0,10.0,"Hyogo, Japan",Mukogawa Women's University Senior
2026,Lily Wagner,OH,Northwestern,12,22,5,7,32,-0.063,1,5,4,14,0,0,0,1,0,10.0,"Germantown, Wis.",Germantown HS
2026,Ashlyn Aaron,OPP,Weber St.,11,35,4,0,13,0.308,0,0,0,2,10,2,8,0,0,10.0,,
2026,Shannon Dworaczyk,S,Houston,11,31,3,1,13,0.154,200,6,8,49,2,0,2,0,0,10.0,"Magnolia, Texas",Magnolia West HS
2026,Savanna Moore,MB,Tennessee St.,11,20,7,10,33,-0.091,0,0,0,2,5,1,4,1,0,10.0,"Chattanooga, Tenn.",Chattanooga School for Arts and Science
2026,Nehir Erimez,S,Norfolk St.,10,37,6,1,15,0.333,157,4,16,48,0,0,0,0,2,10.0,"Istanbul, Turkey",
2026,Callie Pieper,OH,Portland,10,27,9,6,46,0.065,3,1,6,14,0,0,0,0,0,10.0,"Kaneohe, Hawai’i",‘Iolani School
2026,Leah Burrell,OPP,LMU (CA),10,24,7,5,24,0.083,1,0,0,2,6,0,6,0,0,10.0,"Ajax, Ontario, Canada",J Clarke Richardson
2026,Kiyla Mighty,S,South Carolina St.,9,28,5,0,22,0.227,89,5,6,21,0,0,0,0,0,10.0,"Woodstock, GA",Woodstock High School/Southern
2026,Roe Beland,OH,Stonehill,8,11,9,11,40,-0.050,0,0,0,6,2,0,2,0,1,10.0,,
2026,Lainey Day,MB,Saint Mary's (CA),6,21,9,3,20,0.300,1,0,0,0,2,0,2,0,0,10.0,"Damascus, Ore.",Adrienne C. Nelson
2026,Ellery Singleton,S,Stony Brook,5,20,4,2,10,0.200,56,6,5,14,0,0,0,0,0,10.0,"Menlo Park, Calif.",Woodside
2026,Jenae Mason,OH,Morgan St.,5,12,8,10,28,-0.071,0,0,0,1,2,2,0,0,0,10.0,"Durham, N.C.",Falls Lake High School
2026,Fetia Rovira,MB,Bowling Green,5,11,7,4,26,0.115,0,0,0,2,6,0,6,1,0,10.0,,
2026,Gracie DiNardo,RS,ULM,5,8,8,5,27,0.111,1,0,0,5,4,0,4,0,0,10.0,"Lexington, Ky.",Henry Clay HS
2026,Madi Miles,OH,Illinois,5,8,10,2,20,0.400,0,0,0,4,0,0,0,0,0,10.0,"Fishers, Ind.",
2026,Blair Sitton,MB,Lindenwood,4,12,9,2,14,0.500,0,0,0,0,2,0,2,0,0,10.0,"Farmington, Mo.",Central
2026,Ryleeh Tuaolo,OH,San Jose St.,3,4,7,1,10,0.600,0,1,3,0,3,1,2,0,0,10.0,,
2026,Boden Liljedahl,L/DS,CSU Bakersfield,16,48,0,0,4,0.000,12,9,17,70,1,0,1,0,0,9.5,"Cheyenne, Wyo.",
2026,Lindsey Large,S,James Madison,15,57,1,0,5,0.200,280,8,8,82,1,0,1,0,0,9.5,"Brentwood, Tenn.",Brentwood
2026,Hannah Scott,S,Virginia,13,49,8,2,37,0.162,247,1,9,86,1,0,1,1,0,9.5,"Franklin, Tenn.",Ensworth
2026,Hannah Pearce,OH,Kennesaw St.,11,33,5,7,24,-0.083,2,4,1,20,1,0,1,1,0,9.5,"Tanner Williams, Ala.",Saraland HS
2026,Delaney Lawson,OH,South Alabama,11,17,8,7,47,0.021,1,0,2,7,3,0,3,0,0,9.5,"Fort Wayne, Ind.",
2026,Sophia Gisslen,S,Quinnipiac,9,29,1,3,20,-0.100,235,6,8,56,5,0,5,1,1,9.5,"Fort Wayne, IN",Carroll
2026,Destiny Wiggins,RS,Chattanooga,9,18,8,4,32,0.125,0,0,0,5,3,0,3,0,0,9.5,"Plymouth, Minn.",Maranatha Christian Academy
2026,Audrey Armbruster,S,Clemson,8,26,5,1,10,0.400,74,4,16,42,1,0,1,0,0,9.5,"Cincinnati, Ohio",Mount Notre Dame
2026,Trinity Tatupu,OH,Mercyhurst,8,21,6,8,40,-0.050,3,3,4,19,1,0,1,0,0,9.5,"Wahiawa, Hawaii",Leilehua
2026,Sole Rancy,MB,Niagara,8,19,4,3,17,0.059,1,0,0,5,10,1,9,0,0,9.5,"Columbus, Ohio",
2026,Kya Harris,MB,St. John's (NY),8,13,5,0,12,0.417,0,0,0,0,8,1,7,0,0,9.5,"Atlanta, Ga.",
2026,Eliana Collins,OH,UT Arlington,7,17,8,8,39,0.000,0,0,1,6,3,0,3,2,0,9.5,"Christchurch, New Zealand",
2026,Taylor Clarke,RS,Princeton,7,15,8,8,26,0.000,0,1,2,6,1,0,1,0,0,9.5,"Plano, Texas / Prestonwood Christian",
2026,Danielle Whitmire,S,Penn St.,7,14,2,2,11,0.000,70,4,4,12,7,0,7,0,0,9.5,"Celina, Texas",Walnut Grove
2026,Jessica Kurpeikis,RS,Green Bay,6,12,9,6,22,0.136,0,0,0,1,1,0,1,0,0,9.5,"Chicago, Ill.",Marist High School
2026,Gabrielle Gerry,MB,Northwestern,6,10,6,2,16,0.250,0,0,0,7,6,1,5,0,0,9.5,"Louisville, Ky.",Assumption
2026,Cassandra Rohan,MB,Iona,5,16,6,4,19,0.105,0,0,0,1,7,0,7,0,0,9.5,"Farmingville, NY",Stony Brook School
2026,Marija Tabak,OH,Bowling Green,5,10,8,5,23,0.130,1,0,1,2,3,0,3,0,0,9.5,"Split, Croatia",
2026,Mackenzie Collins,MB,Texas,2,7,6,1,9,0.556,0,0,0,1,7,0,7,4,0,9.5,"Houston, Texas",Shadow Creek
2026,Valerie Brown,L/DS,Northwestern St.,20,72,1,0,11,0.091,9,8,5,116,0,0,0,0,0,9.0,"Crowley, La.",Notre Dame HS
2026,Callie Gardner,L,Austin Peay,19,70,1,0,4,0.250,14,8,16,102,0,0,0,0,0,9.0,"Fort Worth, Texas",VR Eaton High School
2026,Ela Akay,L,NJIT,18,64,1,1,11,0.000,51,8,5,207,0,0,0,0,0,9.0,"Istanbul, Turkey",Sev American College
2026,Karina Diaz,L,Coppin St.,18,58,1,0,6,0.167,8,8,12,68,0,0,0,0,0,9.0,"Caguas, Puerto Rico",Saint Francis School
2026,Sydney Barrett,OH,Dayton,18,54,2,2,12,0.000,4,7,8,15,0,0,0,0,0,9.0,"Maineville, Ohio",Kings
2026,Laney Klika,L,Wofford,17,65,2,0,12,0.167,70,7,7,356,0,0,0,0,0,9.0,"Novelty, Ohio",Gilmour Academy
2026,Maddie Siphakongviseth,L/DS,Robert Morris,17,62,2,0,2,1.000,38,7,23,173,0,0,0,0,0,9.0,"Rochester, N.Y.",Webster-Schroeder
2026,Brooke Briscoe,DS,Davidson,16,61,1,1,8,0.000,46,8,24,207,0,0,0,0,0,9.0,"Versailles, Ohio",
2026,Rya Fingerlin,L/DS,Wyoming,16,61,0,0,1,0.000,57,9,13,178,0,0,0,0,0,9.0,"Parker, Colo.",Lutheran
2026,Kenzie Dyrstad,L/DS,Rutgers,16,59,1,0,3,0.333,51,8,12,227,0,0,0,0,0,9.0,"Papillion, Neb.",Papillion La Vista South
2026,Molly Littlefield,L,Liberty,16,59,1,0,5,0.200,13,8,16,89,0,0,0,1,0,9.0,,
2026,Reese Axness,S,Ball St.,16,58,0,0,6,0.000,303,9,13,117,0,0,0,0,0,9.0,,
2026,Natalie Carlin,L/DS,Fairfield,16,58,0,0,0,--,30,9,10,159,0,0,0,0,0,9.0,"Ashburn, Va.",Riverside
2026,Carley Piercefield,L/DS,Western Mich.,16,58,0,0,4,0.000,47,9,6,202,0,0,0,0,0,9.0,"Ionia, Mich.",
2026,Payton Malinoski,L/DS,New Haven,16,57,1,0,15,0.067,21,8,10,157,0,0,0,0,0,9.0,"Homer Glen, Ill.",Lockport Township
2026,Natalie Peete,L/DS,Saint Mary's (CA),16,55,1,0,4,0.250,14,8,16,81,0,0,0,0,0,9.0,"San Ramon, Calif.",California HS
2026,Destiny Wiggins,L,Queens (NC),16,54,1,1,6,0.000,28,8,14,115,0,0,0,0,0,9.0,"Coral Springs, Fla.",North Broward School
2026,Aylani Correa,L/DS,Air Force,16,53,0,0,0,--,20,9,18,53,0,0,0,0,0,9.0,"Orlando, Fla.",
2026,Hannah Kenny,S,Louisville,16,53,0,0,2,0.000,16,9,20,90,0,0,0,0,0,9.0,"Villa Park, Ill.",
2026,Isabella Del Real,L/DS,Southern Ill.,16,51,1,0,6,0.167,14,8,19,91,0,0,0,0,0,9.0,"Crown Point, Ind.",Crown Point HS
2026,Rylie Hallman,S,LSU New Orleans,16,48,1,0,5,0.200,127,8,17,103,0,0,0,0,0,9.0,"Liberal, Kan.",
2026,Adelynn Legates,S,San Francisco,16,39,1,1,7,0.000,147,8,12,55,0,0,0,0,0,9.0,"Los Altos, Calif.",The Kings Academy
2026,Reagan Turk,L/DS,West Virginia,15,63,0,0,1,0.000,33,9,8,217,0,0,0,0,0,9.0,"Indianapolis, Ind.",Roncalli High School
2026,Macy Kline,L/DS,Green Bay,15,62,1,1,5,0.000,45,8,20,226,0,0,0,0,1,9.0,"Holmen, Wis.",Holmen HS
2026,Kennedy Schmitz,L/DS,Green Bay,15,61,0,0,1,0.000,22,9,28,129,0,0,0,0,0,9.0,"Appleton, Wis.",Fox Valley Lutheran
2026,Olivia Lombardi,L,Fresno St.,15,59,0,0,9,0.000,75,9,6,179,0,0,0,0,0,9.0,"Clive, Iowa",
2026,Olivia Branum,S,North Texas,15,57,0,0,6,0.000,249,9,21,106,0,0,0,0,0,9.0,"Oklahoma City, Okla. / Westmoore HS",
2026,Addison Eastwood,S,Weber St.,15,57,3,2,17,0.059,249,3,12,70,6,0,6,1,0,9.0,,
2026,Zara Stewart,L/DS,San Diego St.,15,55,0,1,4,-0.250,84,9,12,195,0,0,0,0,0,9.0,"Bonita Springs, Fla.",First Baptist Academy
2026,Casey Brower,L/DS,Elon,15,54,0,2,15,-0.133,39,9,20,166,0,0,0,0,0,9.0,"Greenwich, CT",Greenwich Academy
2026,Nora Mannion,L/DS,DePaul,15,53,1,0,6,0.167,50,8,7,173,0,0,0,0,0,9.0,"San Francisco, Calif.",St. Ignatius College Prep
2026,Meredith Martin,L,Michigan,15,53,3,0,5,0.600,59,6,6,235,0,0,0,0,0,9.0,"Northville, Mich.",
2026,Yasemin Narlioglu,L/DS,Oregon St.,15,53,0,0,2,0.000,16,9,8,78,0,0,0,0,0,9.0,"Istanbul, Turkey",Anatolian HS
2026,Jessica Truong,L/DS,Portland St.,15,52,0,0,8,0.000,32,9,7,211,0,0,0,0,0,9.0,"South Jordan, Utah",Bingham HS
2026,Olivia Miller,DS,American,15,51,2,0,10,0.200,17,7,12,65,0,0,0,0,0,9.0,"Louisville, Ky.",Kentucky Country Day
2026,Misu Nguyen,L/DS,UC Riverside,15,49,1,0,3,0.333,43,8,15,154,0,0,0,0,0,9.0,"San Jose, Calif.",Yerba Buena HS
2026,Kaleinani Watson,L/DS,Utah Tech,15,47,3,3,28,0.000,30,6,15,82,0,0,0,0,0,9.0,"Kapolei, Hawai'i",Kamehameha Kaplama HS
2026,Megan Lawson,DS,Kansas City,15,42,0,1,4,-0.250,4,9,14,52,0,0,0,0,0,9.0,"O'Fallon, Mo.",St. Dominic HS
2026,Gracie Armato,S,Pacific,15,33,9,8,37,0.027,0,0,0,14,0,0,0,0,0,9.0,,
2026,Masa Prascevic,S,Akron,14,57,5,3,19,0.105,276,3,16,78,2,0,2,1,1,9.0,"Novi Sad, Serbia","School of economic “Vuk Karadzic"" Stara Pazova"
2026,Dillyn Griffin,L/DS,UC San Diego,14,55,1,0,5,0.200,26,8,9,99,0,0,0,1,0,9.0,"Foothill Ranch, Calif.",Santa Margarita Catholic HS
2026,Paige Sentes,L/DS,CSUN,14,55,1,2,7,-0.143,51,8,18,222,0,0,0,0,1,9.0,"Bakersfield, Calif.",Liberty HS
2026,Jayda Gray,L,Delaware,14,53,0,2,9,-0.222,6,9,18,97,0,0,0,0,0,9.0,"Mechanicsburg, Penn.",
2026,Victoria Hall,S,UIW,14,53,3,0,17,0.176,198,6,9,104,0,0,0,0,0,9.0,,
2026,Jan Marie Duhaylungsod,S,CSUN,14,52,2,0,6,0.333,145,7,13,70,0,0,0,0,0,9.0,"North Las Vegas, Nev.",Rancho HS
2026,Kaitlyn Owens,S,Marist,14,51,0,0,1,0.000,6,9,10,18,0,0,0,0,0,9.0,"Ashburn, VA",Broad Run
2026,Nil Kayaalp,L,Hofstra,14,50,3,0,6,0.500,55,6,3,198,0,0,0,0,0,9.0,"Nilüfer, Bursa, Turkey",Okyanus Koleji
2026,Carly Minatel,L/DS,Samford,14,49,0,1,1,-1.000,5,9,9,34,0,0,0,0,0,9.0,"Indianapolis, Ind.",
2026,Elaina Duong,L/DS,Seattle U,14,48,1,0,2,0.500,5,8,13,68,0,0,0,0,0,9.0,,
2026,Mia Rossman,L,California Baptist,14,48,1,0,2,0.500,4,8,6,75,0,0,0,1,0,9.0,"Redding, California",Foothill High School
2026,Taygan Corstange,L/DS,Wright St.,14,47,1,0,3,0.333,58,8,16,202,0,0,0,0,0,9.0,,
2026,Trinity Ward,L/DS,Kentucky,14,47,0,0,0,--,15,9,10,64,0,0,0,0,0,9.0,"Louisville, Ky.",tiktok
2026,Tomoni Giddings,L/DS,Alcorn,14,46,5,4,35,0.029,27,4,7,161,0,0,0,0,2,9.0,"Dallas, Texas",Cedar Hill HS
2026,Charlotte Gramzow,L,NIU,14,46,0,1,1,-1.000,36,9,14,128,0,0,0,0,0,9.0,"Royal Oak, Mich.",Lutheran Northwest
2026,Grace Ulatowski,OH,Western Ill.,14,46,0,0,4,0.000,25,9,8,104,0,0,0,0,0,9.0,"Lemont, IL",Lemont Township HS
2026,Tenese Buttry,DS,Chicago St.,14,41,0,0,0,--,1,9,4,8,0,0,0,0,0,9.0,"Carmi, Ill.",Maryville High School
2026,Jade Cuya Cobos,S,Jacksonville,14,38,3,1,13,0.154,126,6,7,57,0,0,0,0,0,9.0,"Lima, Peru",Universidad San Martín
2026,Bailey Gohlke,S,ETSU,13,54,3,2,16,0.063,256,6,17,73,0,0,0,0,1,9.0,"Waconia, Minn.",
2026,Anna Marzella,L/DS,FGCU,13,50,2,2,6,0.000,47,7,12,143,0,0,0,0,0,9.0,"Milano, Italy",Liceo Scientifico Sportivo Ettore Conti
2026,Maya Evens,L/DS,Notre Dame,13,48,1,0,2,0.500,46,8,17,215,0,0,0,0,0,9.0,,
2026,Ivy Cooper,L/DS,Virginia Tech,13,47,3,1,16,0.125,35,6,24,224,0,0,0,0,0,9.0,"Port Saint Lucie, Fla.",Fort Pierce Central
2026,Hayden Grimes,L/DS,Colorado St.,13,47,2,0,5,0.400,5,7,11,88,0,0,0,0,0,9.0,"HOMETOWN
ANDALE, KS",
2026,Eva Hurrle,L/DS,DePaul,13,44,0,0,1,0.000,1,9,7,19,0,0,0,0,0,9.0,"Greenwood, Ind.",Roncalli
2026,Noel Perkins,OH,Niagara,13,44,1,0,17,0.059,152,8,6,43,0,0,0,0,0,9.0,"Gahanna, OH",Gahanna Lincoln
2026,Ashley Moreland,L/DS,Niagara,13,43,1,2,23,-0.043,32,8,10,139,0,0,0,0,0,9.0,"Dublin, Ohio",Bishop Watterson
2026,Ryan Leclair,L/DS,Army West Point,13,42,1,0,1,1.000,1,8,9,24,0,0,0,0,0,9.0,"Wahiawa, Hawaii",Leilehua
2026,Milee Jackson,L,Tulsa,13,35,1,0,1,1.000,6,8,7,77,0,0,0,0,0,9.0,"HOMETOWN
TULSA, OKLA.",
2026,Alyah Cadavid,DS,Winthrop,12,49,0,1,6,-0.167,8,9,11,74,0,0,0,0,0,9.0,"Miami, FL",Westminster Christian School
2026,Jonna Spohn,L,Coastal Carolina,12,49,0,1,4,-0.250,40,9,16,210,0,0,0,0,0,9.0,"Lewis Center, Ohio",Olentangy
2026,Lindsay Langner,L/DS,Winthrop,12,45,0,0,3,0.000,17,9,24,83,0,0,0,0,0,9.0,"Sioux Falls, SD",Harrisburg H.S.
2026,Kennedey Whitford,DS,South Dakota St.,12,43,0,0,0,--,12,9,8,55,0,0,0,0,0,9.0,"Solon, Iowa",Solon H.S.
2026,Alexis Jodie,S,Campbell,12,36,6,1,13,0.385,127,3,8,60,0,0,0,1,0,9.0,"Lexington, SC",River Bluff
2026,LK LaMonica,S,Lafayette,12,35,1,5,26,-0.154,148,8,7,52,0,0,0,0,2,9.0,"Acworth, Ga.",Allatoona
2026,Ava Harris,S,Villanova,12,32,1,0,5,0.200,122,8,7,34,0,0,0,2,2,9.0,"Angola, Ind.",Angola
2026,Whitney Woodrow,S,Fordham,12,25,0,0,3,0.000,33,9,9,41,0,0,0,1,0,9.0,"Louisville, Ky.",Assumption
2026,Avri Solik-Fifarek,OH,Grambling,12,23,5,9,34,-0.118,0,4,6,33,0,0,0,0,0,9.0,"Milwaukee, WI",
2026,Sienna Cozza,S,North Carolina,11,36,2,2,5,0.000,151,7,11,50,0,0,0,0,0,9.0,"Mars, Pa.",North Catholic
2026,Arya Jue,L,Yale,11,36,1,1,5,0.000,26,8,7,108,0,0,0,0,0,9.0,"Marietta, Georgia",Laurel Springs School
2026,Genesis Rodriguez,RS,Memphis,11,34,1,2,8,-0.125,13,8,11,69,0,0,0,0,0,9.0,"Cartagena, Colombia",
2026,Oliwia Majtyka,S,Siena,11,32,3,0,17,0.176,108,6,7,43,0,0,0,1,0,9.0,"Wroclaw, Poland",I Liceum Ogólnoksztalcace w Szamotulach (UKS Szamotulanin)
2026,Nyla Hoult,OH,Southern U.,10,18,8,8,23,0.000,3,0,1,2,2,0,2,0,0,9.0,"Jacksonville, Ala.",Jacksonville HS
2026,Ema Djordjevic,RS,UMBC,9,34,0,0,1,0.000,1,9,5,16,0,0,0,0,0,9.0,"Rockville, Md.",Richard Montgomery
2026,Emma Henry,S,Loyola Chicago,9,30,3,2,7,0.143,113,3,8,32,5,1,4,0,0,9.0,"Norman, Okla.",Norman
2026,Alexa Ankerstar,S,UNLV,9,28,5,2,14,0.214,83,2,6,20,4,0,4,0,1,9.0,"Round Rock, Texas",Round Rock HS
2026,Casey McDermott,S,Stonehill,9,23,2,2,7,0.000,90,7,4,37,0,0,0,0,0,9.0,,
2026,Margaret OBrien,OH,Manhattan,9,15,8,8,38,0.000,0,0,0,9,2,0,2,3,0,9.0,"Rockford, IL",Guilford
2026,Brooke Lacewell,OPP,Texas A&M,8,24,4,6,15,-0.133,1,3,5,10,4,0,4,0,0,9.0,"Fort Worth, Texas",
2026,Mya Comer,S,Mercyhurst,8,20,4,0,13,0.308,59,5,2,29,0,0,0,0,2,9.0,"Greensburg, Ind.",Greensburg Community
2026,Abigail Huddleston,MB,A&M-Corpus Christi,8,15,6,9,31,-0.097,2,0,1,3,5,1,4,1,0,9.0,,
2026,Mopelola Ojo,MB,Stony Brook,7,20,6,10,30,-0.133,1,0,1,1,6,0,6,0,0,9.0,"Jenks, Okla.",Jenks
2026,Kayla Kauffman,MB,Northwestern,7,11,5,7,22,-0.091,0,0,0,2,7,1,6,1,0,9.0,"Loveland, Colo.",Thompson Valley
2026,Ava TeStrake,OH,Creighton,6,13,9,6,26,0.115,0,0,1,1,0,0,0,1,0,9.0,"Olathe, Kan.",Olathe West
2026,Senna Roberts-Navarro,OH,Wyoming,6,12,7,6,38,0.026,3,2,3,11,0,0,0,2,0,9.0,"Honolulu, Hawai'i",Iolani School
2026,Kelsey Heffner,MB,Sacramento St.,5,14,7,3,11,0.364,0,0,0,1,3,1,2,0,0,9.0,"Albuquerque, N.M.",
2026,Lindsey Healey,OH,Fairfield,5,13,8,1,25,0.280,0,0,1,3,1,1,0,0,0,9.0,"Bedford, N.H.",Bedford
2026,Kylie Proctor,MB,UC Riverside,5,13,6,2,16,0.250,0,0,0,1,6,0,6,0,0,9.0,"Yucaipa, Calif.",Yucaipa HS
2026,Avery Poulton,OH,Kansas,5,11,7,5,29,0.069,1,0,0,7,4,0,4,1,0,9.0,,
2026,Leni Stanton-Parker,OH,Michigan,5,11,8,5,22,0.136,0,0,1,6,2,0,2,2,0,9.0,Washington D.C.,
2026,Valeria Torres,MB,Central Conn. St.,5,11,6,7,26,-0.038,0,0,0,0,5,1,4,0,0,9.0,,
2026,Kennedy Bullins,MB,North Ala.,5,10,7,2,25,0.200,1,0,0,2,4,0,4,0,0,9.0,"Crawfordsville, Ark.",Marion High School
2026,Mia Crowley,OH,Stonehill,5,9,8,5,22,0.136,0,0,0,0,2,0,2,0,0,9.0,,
2026,Jasmine Oduro,MB,High Point,4,6,7,2,15,0.333,0,0,0,0,4,0,4,0,0,9.0,"Centreville, Va.",Westfield
2026,Addie Lloyd,OH,Georgetown,3,8,7,1,11,0.545,0,0,0,5,4,0,4,0,0,9.0,"Dallas, Texas",Lovejoy High School
2026,Amelia Robinson,MB,Ga. Southern,3,6,8,1,13,0.538,0,0,0,0,2,0,2,1,0,9.0,"Llano, Texas",Llano
2026,Audrey Simpson,MB,Alabama,3,5,7,1,11,0.545,1,0,0,0,4,0,4,0,0,9.0,"Alpharetta, Ga.",Alpharetta HS
2026,Mya Cheatum,OH,UIW,1,3,9,4,21,0.238,2,0,1,3,0,0,0,0,0,9.0,"Leander, Texas",Cedar Park HS
2026,Jordan Hummel,L/DS,Rice,16,59,0,1,3,-0.333,28,8,9,151,1,0,1,0,0,8.5,"Buffalo, NY",
2026,Kaieva Christensen,L,Cal St. Fullerton,16,56,1,1,14,0.000,37,7,19,211,1,0,1,0,0,8.5,"Riverton, Utah",Riverton HS
2026,Ariadna Pereles,L/DS,Eastern Ill.,15,52,2,2,5,0.000,43,6,27,209,1,0,1,0,0,8.5,"Guaynabo, Puerto Rico",Colegio Adianez
2026,Sonja Rundcrantz,S,Hofstra,14,50,0,2,11,-0.182,290,6,14,95,5,0,5,2,0,8.5,"Zurich, Switzerland",Ållebergsgymnasiet (Sweden)
2026,Josephine Hensley,S,Troy,13,45,0,0,3,0.000,195,8,11,77,1,0,1,0,0,8.5,,
2026,Karis Carpenter,L/DS,Texas St.,11,33,6,4,17,0.118,3,1,6,25,3,0,3,0,0,8.5,"La Vernia, Texas",La Vernia HS
2026,Sydney Valentine,OH,Nicholls,9,16,6,9,33,-0.091,0,0,0,2,5,0,5,0,0,8.5,"Anaheim Hills, Calif.",Canyon
2026,Katelyn Davey,RS,Portland St.,8,13,7,3,30,0.133,3,0,0,4,3,0,3,0,0,8.5,"Peoria, Ariz.",Liberty HS
2026,Kennedi Walker,S,Texas Southern,7,20,4,2,11,0.182,84,4,7,31,1,0,1,0,0,8.5,"Houston, Texas",
2026,Lily Lufkin,MB,Bucknell,7,11,7,3,12,0.333,0,0,0,1,3,0,3,0,0,8.5,"Aledo, Tx.",
2026,Sydney Cazimero,MB,Portland,6,17,5,3,12,0.167,1,0,0,0,7,0,7,0,0,8.5,"Mililani, Hawai'i",Kamehameha Schools Kapalama
2026,Naya Salfiti,RS,Yale,6,12,7,3,17,0.235,0,0,2,4,3,0,3,0,0,8.5,"Westlake, Tex.",Liberty Christian
2026,Janiah Robinson,MB,Hampton,5,17,4,4,25,0.000,0,0,0,6,8,1,7,0,0,8.5,"Syracuse, N.Y.",Westhill
2026,Madison DeMink,MH,Gardner-Webb,5,14,5,3,22,0.091,0,0,0,2,6,1,5,0,0,8.5,"Castle Rock, Co.",Valor Christian HS
2026,Samantha Weise,MB,The Citadel,5,11,3,4,13,-0.077,0,0,0,2,7,4,3,0,0,8.5,,
2026,Trabrece Marbley,OH,Winthrop,5,10,8,6,21,0.095,0,0,1,8,1,0,1,0,0,8.5,"Humble, TX",Humble H.S.
2026,Kylie Parker,OH,UC San Diego,5,9,8,6,25,0.080,0,0,0,4,1,0,1,0,0,8.5,"Burbank, Calif.",Harvard Westlake HS
2026,Mackenzie Boyer,MB,North Carolina,4,8,4,3,10,0.100,0,0,0,1,8,1,7,1,0,8.5,"Austin, Texas",Vandegrift
2026,Lily Spark,OH,Eastern Mich.,4,6,7,3,19,0.211,1,0,0,1,2,1,1,0,0,8.5,,
2026,Amanda Busk,OH,Col. of Charleston,2,7,8,1,13,0.538,0,0,0,2,1,0,1,0,0,8.5,"Plymouth Meeting, Pa.",Plymouth Whitemarsh
2026,Morgan Asleson,L/DS,Dayton,18,69,0,0,7,0.000,31,8,8,109,0,0,0,0,0,8.0,"LaGrange, Ill.",Benet Academy
2026,Gabby Baker,L/DS,Lamar University,18,58,0,0,6,0.000,56,8,8,252,0,0,0,0,0,8.0,"Bryan, Texas",Rudder HS
2026,Lexi Grissett,S,IU Indy,17,63,0,0,1,0.000,9,8,21,12,0,0,0,0,0,8.0,"Albany, Ohio",Alexander
2026,Maddie Cugino,L/DS,Ga. Southern,17,60,1,2,5,-0.200,64,7,15,296,0,0,0,0,0,8.0,"Columbus, Ohio",Olentangy Orange
2026,Tayler Ruffin,S,Prairie View,17,56,2,3,16,-0.063,209,5,14,96,2,0,2,0,2,8.0,"Nashville, Tennessee",Goodpasture Christian School
2026,Lucy Rankin,S,Saint Louis,16,68,2,0,4,0.500,24,6,14,95,0,0,0,0,0,8.0,"Prospect, Ky.",IMG Academy
2026,Lara Zigic,L,Saint Louis,16,68,0,0,4,0.000,83,8,18,237,0,0,0,0,0,8.0,"Subotica, Serbia",
2026,Kalliann Cook,L/DS,Oakland,16,61,0,0,13,0.000,68,8,17,250,0,0,0,0,0,8.0,,
2026,Kennedy Cherry,L/DS,Western Ky.,16,60,0,1,7,-0.143,24,8,22,90,0,0,0,0,0,8.0,,
2026,Ainoah Cruz,DS,Missouri,16,59,0,3,15,-0.200,52,8,14,266,0,0,0,0,0,8.0,"Arecibo, Puerto Rico",
2026,Madison Winkler,L/DS,Denver,16,59,3,0,10,0.300,67,5,10,284,0,0,0,0,0,8.0,"Keller, Texas",Keller H.S.
2026,Addie Oeth,S,Wichita St.,16,57,0,0,4,0.000,248,8,24,76,0,0,0,1,0,8.0,"Verona, Wis.",Edgewood HS
2026,Ella Watford,L,Tennessee Tech,16,56,1,2,7,-0.143,33,7,28,186,0,0,0,0,0,8.0,,
2026,Charli Crowson,S,Liberty,16,55,0,2,7,-0.286,245,8,19,97,0,0,0,0,0,8.0,,
2026,Mia Nicklas,DS,UNC Greensboro,16,55,1,0,3,0.333,10,7,12,88,0,0,0,0,0,8.0,"Cartersville, Ga.",Cartersville
2026,Kaelyn Sharp,L/DS,Southeastern La.,16,50,0,1,3,-0.333,10,8,19,49,0,0,0,0,0,8.0,"Covington, La.",Covington HS
2026,Myka Christensen,S,Utah Valley,16,46,0,0,5,0.000,1,8,17,27,0,0,0,0,0,8.0,"Lehi, Utah",Skyridge HS
2026,Samantha Glenn,OH,UT Arlington,15,59,0,1,3,-0.333,52,8,19,263,0,0,0,0,0,8.0,"Grapevine, Texas",Southlake Carroll HS
2026,Kiley Gallagher,L/DS,Oakland,15,57,2,0,2,1.000,11,6,13,87,0,0,0,1,0,8.0,"Clarkston, Mich.",Clarkston High School
2026,Hanna Darvas,S,San Jose St.,15,56,0,2,10,-0.200,243,8,15,109,0,0,0,0,0,8.0,,
2026,Marikate Ritterbusch,L/DS,Villanova,15,56,0,0,3,0.000,19,8,8,52,0,0,0,0,0,8.0,"Palatine, Ill.",Benet Academy
2026,Anaya Cole,L/DS,Buffalo,15,55,2,0,8,0.250,35,6,12,156,0,0,0,0,0,8.0,"Dunedin, New Zealand",Aukland University of Technology
2026,Anna Johannson,L/DS,South Dakota St.,15,54,0,0,0,--,1,8,7,16,0,0,0,0,0,8.0,"Minneapolis, Minn.",IMG Academy
2026,Milan Rex,S,UC Santa Barbara,15,54,0,2,26,-0.077,271,8,24,99,0,0,0,1,3,8.0,"Alexandria, Va.",Alexandria City HS
2026,Marissa Taix,L/DS,South Alabama,15,52,0,0,3,0.000,8,8,13,90,0,0,0,0,0,8.0,"Kenner, La.",
2026,Danica Goch,DS,Valparaiso,15,49,0,0,1,0.000,12,8,7,59,0,0,0,0,0,8.0,,
2026,Isabelle Hoppe,S,Wisconsin,15,49,0,0,1,0.000,10,8,14,29,0,0,0,0,0,8.0,"Gibsonia, Penn.",Pine-Richland High School
2026,Tehani Ulufatu,L/DS,Baylor,15,49,0,0,2,0.000,24,8,13,99,0,0,0,0,0,8.0,,
2026,Sadee Gedse,L/DS,George Washington,15,47,0,0,0,--,3,8,9,50,0,0,0,0,0,8.0,"Alexandria, VA",
2026,Gracie Pynes,DS,Kennesaw St.,15,46,1,0,5,0.200,3,7,11,43,0,0,0,0,0,8.0,"Acworth, Ga.",Allatoona HS
2026,Brooke Kaoui,L/DS,Mercer,15,45,0,1,7,-0.143,6,8,18,39,0,0,0,0,0,8.0,"Mobile, Ala.",Saraland HS
2026,Tinons Munar Galmes,L/DS,Colorado,14,52,0,1,3,-0.333,51,8,21,174,0,0,0,0,0,8.0,,
2026,Kambree Rodriguez,L,Washington St.,14,51,0,1,6,-0.167,39,8,19,194,0,0,0,0,0,8.0,"Syracuse, Utah",Syracuse
2026,Katie Salonga,L/DS,Colorado,14,49,0,0,1,0.000,3,8,13,9,0,0,0,0,0,8.0,,
2026,Alice Volpe,L/DS,TCU,14,49,0,0,1,0.000,50,8,9,195,0,0,0,0,0,8.0,"Cypress, Texas",Bridgeland HS
2026,Annika Kowalski,DS,Marquette,14,47,0,0,0,--,1,8,13,14,0,0,0,0,0,8.0,"Appleton, WI",
2026,Ella Lewis,OH,Arizona St.,14,44,0,0,0,--,1,8,11,9,0,0,0,0,0,8.0,,
2026,Ryelle Rondo,L,South Fla.,14,44,1,0,3,0.333,5,7,6,64,0,0,0,0,0,8.0,"Louisville, Ky.",Kentucky Country Day School
2026,Samantha Nelson,L,Murray St.,14,42,0,0,2,0.000,8,8,3,44,0,0,0,0,0,8.0,"Elizabethtown, Ky.",Central Hardin High School
2026,Ashlyn Aseltine,L/DS,Oral Roberts,14,40,0,0,3,0.000,13,8,7,46,0,0,0,0,0,8.0,"Batavia, IL",
2026,Aliyah Angelici,S,Mercyhurst,14,39,1,0,21,0.048,106,7,13,45,0,0,0,0,0,8.0,"Pittsburgh, Pa.",Upper St. Clair
2026,Juliana Henao,S,Alcorn,14,32,2,1,7,0.143,64,3,3,12,5,1,4,0,0,8.0,"Cali, Colombia",Colegia Comfandi El Prado
2026,Avery Horejsi,L/DS,William & Mary,13,51,1,3,18,-0.111,47,7,29,203,0,0,0,0,0,8.0,"White Lake, Mich.",Walled Lake Central
2026,Lily Hayes,L/DS,Florida,13,46,0,0,3,0.000,39,8,16,187,0,0,0,0,0,8.0,,
2026,Chloe Heimlicher,L/DS,Washington St.,13,46,0,0,0,--,1,8,16,32,0,0,0,0,0,8.0,"Parker, CO",
2026,Makenna Kirlin,S,Lipscomb,13,46,1,2,14,-0.071,18,7,9,88,0,0,0,0,0,8.0,"Cincinnati, Ohio",Loveland
2026,Ryan McAleer,DS,Purdue,13,45,1,1,3,0.000,69,7,11,166,0,0,0,0,0,8.0,,
2026,Brooklyn Stringfellow,L/DS,North Florida,13,45,1,0,1,1.000,1,7,23,13,0,0,0,0,0,8.0,,
2026,Emilee Prochaska,L/DS,LSU,13,44,0,0,0,--,4,8,7,52,0,0,0,0,0,8.0,,
2026,Sarah O'Connor,S,USC Upstate,13,40,4,2,18,0.111,175,2,5,60,4,0,4,0,0,8.0,,
2026,Olivia DeSaro,L/DS,Rider,13,36,0,1,5,-0.200,9,8,14,41,0,0,0,0,0,8.0,"Holland, PA",Council Rock South
2026,Julia Bohlinger,L/DS,North Carolina,12,47,0,0,1,0.000,51,8,13,114,0,0,0,0,0,8.0,"Windsor, Colo.",Windsor
2026,Martyna Lubowicz,S,Ark.-Pine Bluff,12,38,3,3,20,0.000,122,5,16,41,0,0,0,0,0,8.0,"Opole, Poland",
2026,Miya Thomas,L/DS,South Fla.,11,36,2,0,4,0.500,24,6,13,100,0,0,0,0,0,8.0,"Gainesville, Fla",Santa Fe
2026,Miranda Bledsoe,L/DS,Little Rock,11,33,0,0,1,0.000,6,8,10,45,0,0,0,0,0,8.0,"Noblesville, Ind.",Noblesville HS
2026,London King,MB,Ark.-Pine Bluff,11,25,6,0,21,0.286,76,2,1,38,0,0,0,0,0,8.0,"Manvel, TX",
2026,Elise Bocanegra,L/DS,Loyola Maryland,10,35,2,1,4,0.250,4,6,4,44,0,0,0,0,0,8.0,"Chicago, Ill.",Marist
2026,Lauren Latham,S,Kansas St.,10,27,5,1,15,0.267,84,3,9,32,0,0,0,1,0,8.0,"Hot Springs, Ark.",Lakeside
2026,Zora Bello,S,Rice,10,17,3,0,13,0.231,65,2,4,21,5,1,4,2,0,8.0,"Cypress, Texas",
2026,Alyssa Manitzas,L/DS,UTSA,9,36,1,0,1,1.000,33,7,10,101,0,0,0,0,0,8.0,,
2026,Brooke Christoffersen,OH,Idaho St.,9,25,0,0,0,--,0,8,4,4,0,0,0,0,0,8.0,"Alpine, UT",
2026,Silvie Graetzer,MB,Colorado St.,9,18,3,2,7,0.143,0,4,4,3,1,1,0,0,0,8.0,"HOMETOWN
MAHTOMEDI, MINN.",
2026,Jamison Gordon,S,Xavier,8,29,3,0,7,0.429,18,5,4,32,0,0,0,0,0,8.0,"Lexington, Ky.",Frederick Douglass
2026,Taylah Holdem,OH,Michigan St.,8,23,5,2,11,0.273,3,3,11,26,0,0,0,0,0,8.0,,
2026,Natalie Nguyen,S,Georgetown,8,21,6,0,13,0.462,82,2,9,41,0,0,0,1,0,8.0,"Vienna, Va.",Flint Hill
2026,Tea Simic,OH,Alabama,8,16,4,4,15,0.000,2,3,2,16,2,0,2,0,0,8.0,"Valjevo, Serbia",OK Crvena Zvezda
2026,Emma Sorensen,L/DS,Samford,7,25,0,0,0,--,0,8,7,5,0,0,0,0,0,8.0,"Lexington, Ky.",
2026,Pilar Kelley,OH,Penn,7,16,6,4,24,0.083,0,0,0,6,4,0,4,0,0,8.0,"San Francisco, Calif.",University High School
2026,Lyla Buser,RS,Providence,7,14,7,9,33,-0.061,0,0,0,0,2,0,2,1,0,8.0,,
2026,Avery Merritt,OH,Montana,7,14,6,11,39,-0.128,0,0,0,2,4,0,4,2,0,8.0,"Kirkland, Wash.",
2026,Gigi Smith,MB,Louisiana,7,13,3,1,12,0.167,2,0,0,2,7,3,4,0,0,8.0,"Sandy Springs, Ga.",
2026,Charlotte Nowak,OH,Cornell,6,15,7,2,26,0.192,0,1,4,8,0,0,0,0,0,8.0,,
2026,Millie Bauer,MB,Missouri,6,12,7,1,13,0.462,0,0,0,0,2,0,2,0,0,8.0,"Springfield, Mo.",Logan Rogersville
2026,Emma Blankenship,MB,American,5,9,6,1,20,0.250,1,0,0,0,3,1,2,0,0,8.0,"Concord, Ohio",Notre Dame Cathedral Latin
2026,Lauryn Lewis,OH,Penn,4,10,5,5,19,0.000,1,2,0,5,2,0,2,1,0,8.0,"Los Angeles, Calif.",Harvard-Westlake
2026,Elle McCandless,MB,Montana,4,9,5,1,13,0.308,1,0,0,2,6,0,6,0,0,8.0,"Lehi, Utah",
2026,Maggie Kyriakides,OH,Alabama,4,7,8,1,12,0.583,0,0,1,2,0,0,0,0,0,8.0,"Pooler, Ga.",Savannah Christian Preparatory School
2026,Mallory Hartwig,OH,South Dakota St.,3,8,7,4,26,0.115,0,0,0,9,2,0,2,0,0,8.0,"Sauk City, Wis.",Sauk Prairie H.S.
2026,Dakota Elliott,MB,Bradley,3,7,5,1,11,0.364,0,0,0,1,3,3,0,0,0,8.0,,
2026,Aniya Madkin,OH,Florida,3,3,6,4,12,0.167,0,0,0,3,4,0,4,0,0,8.0,,
2026,Mirea Thederahn,OPP,Eastern Ill.,2,6,8,6,45,0.044,0,0,0,3,0,0,0,1,0,8.0,"Friedland, Germany",Montverde Academy (Fla.)
2026,Victoria Trunkl,RS,New Haven,1,4,7,8,33,-0.030,0,0,0,3,1,1,0,0,0,8.0,"Sao Jose Dos Campos, Sau Paulo, Brazil",Objetivo
2026,Megan DePoorter,L,Bradley,17,68,1,0,5,0.200,15,6,12,122,1,0,1,0,0,7.5,,
2026,Skylar Darr,L/DS,North Dakota,15,52,0,0,5,0.000,10,7,9,60,1,0,1,0,0,7.5,"Temecula, Calif.",Vista Murrieta HS
2026,Erin Mims,OH,Mississippi Val.,11,34,2,8,44,-0.136,122,3,8,50,5,0,5,0,2,7.5,"Amarillo, TX",Palo Duro HS
2026,Charlotte Glass,S,Duke,10,24,3,0,6,0.500,5,3,3,0,3,0,3,0,1,7.5,"Boca Raton, Fla.",Saint Andrews School
2026,Gabriela Robinska,OH,Georgia Tech,10,20,6,4,20,0.100,0,0,0,2,3,0,3,0,0,7.5,,
2026,Ela Vlaisavljevic,S,North Dakota,9,20,2,1,9,0.111,51,3,5,13,4,1,3,1,0,7.5,"Maribor, Slovenia",OD Krim
2026,Nina Gannon,MB,Colgate,9,19,5,2,12,0.250,0,0,2,1,4,1,3,0,0,7.5,"Dallas, Texas",Townview TAG
2026,Lora Cole,MB,UNCW,8,18,4,5,20,-0.050,1,0,5,2,7,0,7,3,0,7.5,"Natchitoches, La.",Central
2026,Lia Beverly,MB,Marshall,8,16,4,3,12,0.083,0,0,0,2,6,1,5,0,0,7.5,"New Orleans, La.",Metairie Park Country Day
2026,Maggie Rhew,S,Montana St.,8,16,6,0,14,0.429,72,1,4,24,1,0,1,0,0,7.5,"Agoura Hills, CA",Oaks Christian HS
2026,Cristin Cline,S,Kansas,7,17,5,1,10,0.400,65,2,2,13,1,0,1,0,0,7.5,,
2026,Livia Niu,S,Arkansas,5,9,2,1,6,0.167,36,3,4,16,5,0,5,0,0,7.5,"Salado, Texas",South Florida
2026,Lilly Wagner,S,Stanford,5,9,5,1,12,0.333,45,1,2,12,3,0,3,0,1,7.5,"Delafield, Wis.",Oconomowoc
2026,Morgan Holloman,MB,TCU,5,8,6,0,7,0.857,0,0,0,0,3,0,3,0,0,7.5,"Colorado Springs, Colo.",Pine Creek HS
2026,Bre Morgan,MB,Fla. Atlantic,4,12,2,2,15,0.000,2,0,2,5,9,2,7,2,0,7.5,"Fishers, Ind.",Hamilton Southeastern
2026,Amani Learry,,Le Moyne,4,8,7,3,17,0.235,0,0,0,0,1,0,1,0,0,7.5,"New Windsor, N.Y.",Newburgh Free Academy
2026,Tenley Davis,OH,Loyola Chicago,4,6,7,4,23,0.130,1,0,0,4,1,0,1,1,0,7.5,"Chesterton, Ind.",Chesterton Senior
2026,Amaya Tobias,MB,Oklahoma,3,7,7,3,10,0.400,0,0,0,1,1,0,1,0,0,7.5,"Las Vegas, Nev.",
2026,Alaina Pollard,MB,Oregon,3,6,7,0,10,0.700,0,0,1,0,1,0,1,0,0,7.5,"Frankfort, Ill.",Lincoln-Way East HS
2026,Aidan Conner,MB,Houston,3,5,3,1,12,0.167,0,0,0,1,8,1,7,0,0,7.5,"Cypress, Texas",Bridgeland HS
2026,Elizabeth Hall,DS,Holy Cross,19,73,4,1,15,0.200,81,3,2,215,0,0,0,0,0,7.0,"Winnetka, Ill.",New Trier
2026,Ozge Ozaslan,L,Fordham,18,65,1,0,7,0.143,55,6,17,255,0,0,0,0,0,7.0,"Istanbul, Turkey",Girney College
2026,Ella Maldonado,L,Merrimack,18,62,2,1,13,0.077,43,5,3,206,0,0,0,0,0,7.0,"Merrick, N.Y.",Binghamton University
2026,Gabrielle Moore,,Merrimack,18,53,0,0,1,0.000,4,7,13,12,0,0,0,0,0,7.0,"Mansfield, MA",Mansfield High School
2026,Shaelin White,DS,Sam Houston,17,62,3,0,9,0.333,97,4,6,272,0,0,0,0,0,7.0,"Houston, Texas",Cy Ridge HS
2026,Cassie Thayse,OPP,West Ga.,17,58,0,0,18,0.000,6,7,6,66,0,0,0,0,0,7.0,,
2026,Kamden Schrand,L/DS,Louisville,17,57,0,0,3,0.000,25,7,6,105,0,0,0,0,0,7.0,"Villa Hills, Ky.",
2026,Kyriah Trefren,L,Idaho,17,57,0,1,8,-0.125,42,7,10,130,0,0,0,0,0,7.0,"Simi Valley, CA",Academy of Art University
2026,Hailey Gibbons,DS,N.C. Central,16,63,2,1,20,0.050,29,5,6,98,0,0,0,0,0,7.0,"Pinehurst, N.C.",
2026,Sophie Ledbetter,DS,Ball St.,16,58,0,0,4,0.000,75,7,20,286,0,0,0,0,0,7.0,,
2026,Rylee Nelson,L/DS,Seton Hall,16,58,1,0,2,0.500,60,6,13,179,0,0,0,0,0,7.0,"Mazeppa, Minn.",
2026,Cali Reece,L,Houston,16,57,0,0,0,--,3,7,13,13,0,0,0,0,0,7.0,"Spring, Texas",Grand Oaks HS
2026,Vladana Ristic,L/DS,LSU New Orleans,16,53,0,0,6,0.000,23,7,16,84,0,0,0,0,0,7.0,"Belgrade, Serbia",
2026,Ava Tester,S,Purdue Fort Wayne,16,49,0,0,0,--,2,7,14,20,0,0,0,0,0,7.0,"Fishers, Ind.",Fishers
2026,Semaj Cox,L/DS,East Texas A&M,16,46,0,1,2,-0.500,2,7,10,8,0,0,0,0,0,7.0,"Missouri City, Texas",Elkins HS
2026,Anna Duncan,DS,Manhattan,15,56,1,0,7,0.143,17,6,3,89,0,0,0,1,0,7.0,"Wildwood, MO",St. Joseph's Academy
2026,Lauren Dignan,L,Northwestern,15,55,2,0,4,0.500,20,5,8,217,0,0,0,0,0,7.0,"Tiburon, Calif.",The Branson School
2026,Jordan Dalland,L/DS,South Carolina St.,15,54,2,1,27,0.037,33,5,10,141,0,0,0,0,0,7.0,"Muskego, WI",Whitnall High School
2026,Mattie Casale,DS,Houston,15,50,0,0,3,0.000,39,7,7,180,0,0,0,0,0,7.0,"Wesley Chapel, Fla.",Carrollwood Day School
2026,Shelby Hannah,L/DS,Tennessee Tech,15,48,0,1,4,-0.250,42,7,7,104,0,0,0,0,0,7.0,"Cullman, Ala.",ICL Academy
2026,Kaitlyn Doyle,L/DS,Manhattan,15,45,0,2,7,-0.286,4,7,11,53,0,0,0,0,0,7.0,"Massapequa Park, NY",St. Anthony's
2026,Lucy Dieterlen,L/DS,Prairie View,15,34,1,2,13,-0.077,12,6,12,35,0,0,0,0,0,7.0,"Plano, Texas",Plano East Senior HS
2026,Isabella Ceja,L,UIW,14,55,0,0,4,0.000,3,7,23,106,0,0,0,0,0,7.0,,
2026,Kelsie Gaiter-Davis,DS,Mercyhurst,14,53,2,2,25,0.000,24,5,12,125,0,0,0,0,0,7.0,"Solon, Ohio",Solon
2026,Lauren Lynch,L/DS,San Diego,14,53,0,0,2,0.000,56,7,21,227,0,0,0,0,0,7.0,"Burbank, CA",Sierra Canyon High School
2026,Elif Hurriyet,L/DS,Cal Poly,14,51,2,0,4,0.500,45,5,7,146,0,0,0,0,0,7.0,,
2026,Bella Ekeler,S,Ga. Southern,14,50,0,2,8,-0.250,268,7,15,104,0,0,0,0,0,7.0,,
2026,Cameron McDaniel,L/DS,Central Ark.,14,50,1,0,8,0.125,21,6,15,141,0,0,0,0,0,7.0,"The Woodlands, Texas",The Woodlands HS
2026,Tatawan Vongfak,L,UC Irvine,14,50,0,0,1,0.000,11,7,9,92,0,0,0,0,0,7.0,,
2026,Tinsley Brown,DS,Morehead St.,14,48,0,0,0,--,5,7,12,67,0,0,0,0,0,7.0,"Knoxville, Tenn.",Hardin Valley Academy
2026,Mia Stahler,DS,Ohio St.,14,48,0,0,5,0.000,7,7,11,112,0,0,0,0,0,7.0,,
2026,Malyssa Cawa,DS,Stanford,14,47,0,0,1,0.000,10,7,16,58,0,0,0,0,0,7.0,"San Pedro, Calif.",Mater Dei
2026,Mina Diggs,L/DS,Villanova,14,46,1,0,2,0.500,14,6,5,100,0,0,0,0,0,7.0,"University Heights, Ohio",Gilmour Academy
2026,Aubree Fernandez,L/DS,Campbell,14,46,0,1,3,-0.333,28,7,9,82,0,0,0,0,0,7.0,"Frisco, Texas",Wakeland
2026,Anna McEwen,L/DS,Eastern Ill.,14,43,0,1,3,-0.333,7,7,10,82,0,0,0,0,0,7.0,"Sheldon, Ill.",Milford
2026,Ella Scott,L/DS,Cal Poly,14,42,0,0,0,--,2,7,16,23,0,0,0,0,0,7.0,,
2026,Taylor Crain,L/DS,Baylor,14,39,1,0,1,1.000,2,6,9,14,0,0,0,0,0,7.0,,
2026,Bella Humphrey,L/DS,Ohio St.,14,34,0,0,3,0.000,3,7,21,21,0,0,0,0,0,7.0,,
2026,Jayla Egerton,DS,N.C. Central,13,49,2,1,12,0.083,9,5,11,86,0,0,0,0,0,7.0,"Cary, N.C.",
2026,Kenzie Kucks,L/DS,Lipscomb,13,49,3,0,10,0.300,21,4,15,131,0,0,0,0,0,7.0,"Omaha, Neb.",Millard North
2026,Ellie Pamatat,S,Hofstra,13,48,1,3,18,-0.111,256,5,3,79,2,0,2,1,1,7.0,"Garden City, NY",Garden City
2026,Chloe Hooker,L/DS,Notre Dame,13,47,0,0,1,0.000,5,7,6,84,0,0,0,0,0,7.0,,
2026,Delaney Moon,L/DS,Jacksonville St.,13,47,2,2,7,0.000,28,5,7,134,0,0,0,0,0,7.0,"Plano, Texas",Bishop Lynch
2026,Greta McKee,DS,Wright St.,13,43,2,0,3,0.667,14,5,16,81,0,0,0,0,0,7.0,,
2026,Amanda Mendoza,L,Southern Utah,13,43,0,2,3,-0.667,9,7,13,58,0,0,0,0,0,7.0,"El Paso, Texas",El Paso High School
2026,Aliyah Torres,L/DS,Norfolk St.,13,43,0,0,3,0.000,2,7,8,13,0,0,0,0,1,7.0,"Ewa Beach, Hawaii",
2026,Sadie Gladhill,L/DS,Buffalo,13,41,1,0,2,0.500,15,6,12,79,0,0,0,0,0,7.0,"New Market, Md.",Linganore
2026,Trinity Hamilton,OH,Central Ark.,13,41,0,0,2,0.000,9,7,11,67,0,0,0,0,0,7.0,"Bentonville, Ark.",Bentonville HS
2026,Adriana Medrano,L,West Ga.,13,36,0,0,2,0.000,5,7,4,50,0,0,0,0,0,7.0,,
2026,Keagan St. Junious,L/DS,Texas Southern,13,34,3,0,17,0.176,15,4,10,107,0,0,0,0,0,7.0,"Manvel, Texas",
2026,Carly Allen,L/DS,Rider,13,33,0,0,0,--,1,7,20,40,0,0,0,0,0,7.0,"Buffalo, NY",Sacred Heart Academy
2026,Julia Laidig,DS,Southern Ill.,13,28,1,0,6,0.167,1,6,2,36,0,0,0,0,0,7.0,"Woodstock, Ill.",Woodstock HS
2026,Leighton Hale,L/DS,Houston Christian,12,50,0,2,8,-0.250,4,7,13,108,0,0,0,2,0,7.0,"Kerrville, Texas",Tivy
2026,Lucy Maloney,L,Clemson,12,42,1,0,2,0.500,17,6,23,79,0,0,0,0,0,7.0,"Evergreen Park, Ill.",Mother McAuley HS
2026,Caleigh Ponn,L,Kansas St.,12,42,0,0,0,--,6,7,14,57,0,0,0,0,0,7.0,"Roanoke, Va.",Hidden Valley
2026,Havani Embry,DS,High Point,12,40,1,1,4,0.000,6,6,7,46,0,0,0,0,0,7.0,"Carlsbad, Calif.",Carlsbad
2026,Olivia Siskin,S,Virginia,12,36,3,0,11,0.273,139,4,10,58,0,0,0,0,0,7.0,"Atlanta, Ga.",Pace Academy
2026,Haley Buescher,L/DS,Le Moyne,12,30,2,0,9,0.222,6,5,6,72,0,0,0,0,0,7.0,"Toledo, Ohio",St. Ursula Academy
2026,Zumra Yavuz,S,Saint Peter's,12,21,0,0,9,0.000,88,7,9,44,0,0,0,0,0,7.0,,
2026,Grace Jones,L/DS,Lipscomb,11,42,0,0,2,0.000,38,7,10,132,0,0,0,0,0,7.0,"Cincinnati, Ohio",Seton
2026,Celeste Ocampo,L/DS,Binghamton,11,41,2,0,4,0.500,30,5,8,190,0,0,0,0,0,7.0,"Little Elm, Texas",Leadership Prep
2026,Yuri Park,L,Yale,11,36,0,0,0,--,9,7,13,41,0,0,0,0,0,7.0,"San Diego, Calif.",Rancho Bernardo
2026,Isabella Loeswick,S,Coastal Carolina,11,28,1,2,7,-0.143,150,4,2,41,4,0,4,0,0,7.0,,
2026,Elizabeth Lualemaga,OH,Southern U.,11,20,6,4,27,0.074,0,1,1,15,0,0,0,1,0,7.0,"Henderson, Nev.",Boulder City HS
2026,Katie Barrier,DS,Virginia,10,32,1,0,7,0.143,25,6,12,82,0,0,0,0,0,7.0,"Nashville, Tenn.",Ensworth
2026,Julia Johnson,S,Eastern Mich.,10,22,2,1,9,0.111,63,5,7,22,0,0,0,0,0,7.0,"Champaign, Ill.",St. Thomas More
2026,Camryn Brooks,L/DS,West Florida,9,34,2,1,13,0.077,14,5,3,101,0,0,0,0,0,7.0,"Gulf Breeze, Fla.",Gulf Breeze High School
2026,Kiylah Presley,OH,Arizona St.,9,20,7,8,33,-0.030,2,0,1,3,0,0,0,0,0,7.0,,
2026,Eve McLaury,L/DS,Brown,8,32,2,1,6,0.167,27,5,11,122,0,0,0,0,0,7.0,,
2026,Grace Hargis,S,Queens (NC),8,25,1,1,10,0.000,97,6,10,56,0,0,0,1,0,7.0,"Avon, Ind.",Avon High School
2026,Paige Buzzerio,OH,Navy,8,21,6,3,14,0.214,0,1,5,16,0,0,0,0,0,7.0,"Chino Hills, Calif.",Orange Lutheran
2026,Kinnady Boothe,OH,High Point,8,13,7,6,31,0.032,0,0,0,5,0,0,0,0,0,7.0,"Belews Creek, N.C.",East Forsyth
2026,Hanna Berkefelt,OH,Stony Brook,7,17,7,3,29,0.138,1,0,0,5,0,0,0,0,0,7.0,"Stockholm, Sweden",Allebergsgymnasiet
2026,Gracen Nutt,OH,Lafayette,7,16,1,0,3,0.333,0,6,5,3,0,0,0,1,0,7.0,"Mechanicsburg, Pa.",Mechanicsburg/Shippensburg Univ.
2026,Yagmur Yavuz,OH,DePaul,7,15,5,1,14,0.286,0,0,0,2,4,0,4,0,0,7.0,"Ankara, Turkey",ITU ETA Vakfi Doga Schools
2026,Erin McInnes,OH,Eastern Wash.,7,14,6,2,13,0.308,0,0,0,1,2,0,2,0,0,7.0,"Santa Ana, Calif.",Tustin High '22
2026,Ava Lanzetta,RS,Marist,7,13,5,7,19,-0.105,0,0,0,1,4,0,4,0,0,7.0,"Doylestown, PA",Springside Chestnut Hill Academy
2026,Annabelle Sims,L/DS,Gardner-Webb,6,22,0,0,0,--,3,7,4,5,0,0,0,0,0,7.0,"Castle Rock, Co.",Douglas County HS
2026,Beryn Hyland,RS,Nicholls,6,14,5,5,25,0.000,1,0,0,1,4,0,4,1,0,7.0,"Crawford, Texas",Crawford
2026,Avery Lim,S,Fordham,6,14,0,0,0,--,10,7,2,17,0,0,0,0,0,7.0,"Tempe, Ariz.",Corona del Sol
2026,Jana Cetkovic,MB,California Baptist,6,12,3,5,16,-0.125,1,0,1,1,8,0,8,0,0,7.0,"Podgorica, Montenegro",Blinn College
2026,Mackenzie Palumbo,OH,Navy,6,12,7,4,17,0.176,0,0,0,1,0,0,0,1,0,7.0,"Powell, Ohio",Jerome
2026,Kennedy Cooper,MB,North Texas,6,11,2,2,10,0.000,0,5,4,0,0,0,0,0,0,7.0,"Las Vegas, Nev. / Liberty HS",Saint Louis
2026,Suttyn Harris,OH,Utah,6,11,7,5,17,0.118,0,0,0,1,0,0,0,0,0,7.0,"Inman, Kansas",Inman High School
2026,Keoni Williams,MB,Nebraska,6,10,3,1,10,0.200,1,0,0,0,8,0,8,0,0,7.0,"Fort Worth, Texas",Eagle Mountain
2026,Caroline Smith,OH,Elon,6,8,7,4,18,0.167,0,0,0,1,0,0,0,0,0,7.0,"Jamestown, N.C.",Cornerstone Charter Academy
2026,Madison Curry,OH,N.C. A&T,6,6,5,5,18,0.000,0,0,0,3,2,2,0,0,0,7.0,"Lawrenceville, Ga.",Archer
2026,AaJaylah Zeno,OH,Stony Brook,5,15,5,12,33,-0.212,0,0,0,5,4,0,4,0,0,7.0,"Plano, Texas",Plano West
2026,Lia Henderson,MH,Lehigh,5,13,3,0,11,0.273,0,0,0,0,8,0,8,1,0,7.0,,
2026,Olivia Anderson,S,ULM,5,10,7,1,15,0.400,27,0,6,22,0,0,0,0,0,7.0,"Seminole, Fla.",Indian Rocks Christian
2026,Holland Morris,OH,Evansville,5,7,6,8,24,-0.083,0,0,1,2,2,0,2,0,0,7.0,"Florence, Ky.",
2026,Lexi Shondell,S,App State,4,17,5,0,8,0.625,42,2,4,13,0,0,0,0,0,7.0,"Lafayette, Ind.",McCutcheon
2026,Azra Arslanoglu,OH,Morgan St.,4,14,6,9,31,-0.097,2,0,2,15,1,1,0,0,0,7.0,"Mugla, Turkey",
2026,Sophie Burkey,OH,UAlbany,4,8,6,6,32,0.000,1,1,1,10,0,0,0,1,0,7.0,"Perrysburg, Ohio",Perrysburg
2026,Taylor Wathen,OH,Butler,4,6,7,4,15,0.200,0,0,0,0,0,0,0,0,0,7.0,"Louisville, Ky.",Whitefield Academy
2026,Haidyn Sokoloski,OPP,Wright St.,4,5,7,1,13,0.462,0,0,0,1,0,0,0,0,0,7.0,,
2026,Emily Lisi,RS,Drake,3,5,7,4,27,0.111,0,0,0,2,0,0,0,0,0,7.0,"Wauconda, Ill.",Wauconda
2026,Victoria David,OH,Florida St.,15,58,2,2,11,0.000,22,4,3,74,1,0,1,0,0,6.5,"Rio de Janeiro, Brazil",
2026,Carson Eickenloff,S,Auburn,15,55,2,3,18,-0.056,374,3,5,103,3,0,3,0,1,6.5,,
2026,Kate White,OPP,IU Indy,15,43,3,7,18,-0.222,0,0,0,5,6,1,5,1,0,6.5,"Cincinnati, Ohio",Colerain
2026,Brooke Boyles,OH,St. John's (NY),15,25,5,3,12,0.167,2,1,0,17,1,0,1,0,0,6.5,"Alpharetta, Georgia",
2026,Lucy Mott,S,Boston College,14,35,0,1,9,-0.111,142,6,11,43,1,0,1,0,0,6.5,"Toledo, Ohio",St. Ursula Academy
2026,Anna Jelinek,OH,Long Beach St.,13,48,0,0,5,0.000,63,6,11,150,1,0,1,0,0,6.5,"Lincoln, Neb.",
2026,Clara Christensen,S,Akron,11,37,1,1,9,0.000,224,5,10,53,1,0,1,0,0,6.5,"Gentofte, Denmark",Holte IF | San Jose State
2026,Simone Robinson,S,Florida A&M,10,21,1,1,4,0.000,57,4,5,13,2,1,1,0,0,6.5,"Pearland, Texas",
2026,Marlena Gracia,S,Oregon,10,19,4,0,8,0.500,25,0,0,1,4,1,3,0,0,6.5,"Monroe Township, N.J.",The Ranney School
2026,Riley Taylor,OH,Northern Colo.,10,14,6,4,19,0.105,0,0,0,1,1,0,1,1,0,6.5,"Apex, N.C",Green Level HS
2026,Mia Lee,MB,TCU,9,13,3,3,10,0.000,3,0,0,2,6,1,5,0,0,6.5,"Vineyard, Utah",Mountain View HS
2026,Sarah Hilliard,OH,Bucknell,9,11,6,8,19,-0.105,0,0,1,0,1,0,1,0,0,6.5,"Easton, Mass.",
2026,Emma Faerber,MB,Syracuse,7,15,5,4,15,0.067,0,0,0,1,3,0,3,0,0,6.5,"Wiesbaden, Germany",
2026,Sophia Gilbert,MB,Wichita St.,6,12,5,3,20,0.100,0,0,0,1,2,1,1,2,0,6.5,"Phoenix, Ariz.",Horizon HS
2026,Lilly Abney,OH,NIU,6,9,5,8,22,-0.136,0,0,0,2,2,1,1,0,0,6.5,,
2026,Julia Roncero-Ribas,MB,Southern Utah,5,13,6,8,35,-0.057,0,0,0,4,1,0,1,2,0,6.5,"Barcelona, Spain",Joaquim Blume High School
2026,Burcu Gulomur,MB,Murray St.,5,8,5,3,10,0.200,1,0,0,2,3,0,3,1,0,6.5,"Izmir, Türkiye",Izmir Mavisehir Okyanus Anadolu Lisesi
2026,Libby Tulip,OH,West Florida,4,10,5,5,22,0.000,0,0,0,1,3,0,3,0,0,6.5,"Meridian, Miss.",Lamar High School
2026,Kaitlyn Evans,MB,Houston,3,6,2,5,7,-0.429,0,1,1,2,6,1,5,0,0,6.5,"Dallas, Texas",David Butler HS
2026,Kinslee Carter,MB,Alabama A&M,3,5,3,0,6,0.500,1,0,0,0,6,1,5,3,0,6.5,"Tupelo, Miss.",
2026,Jordyn Johnson,MB,UCLA,3,5,3,2,6,0.167,0,0,0,2,5,2,3,0,0,6.5,"St. Paul, Minn.",DeLaSalle HS
2026,Cora Metcalf,OH,Omaha,2,6,5,1,10,0.400,0,1,1,3,1,0,1,0,0,6.5,"West Fargo, N.D.",Sheyenne
2026,Neeva Gaine,OH,Cal St. Fullerton,2,4,6,2,13,0.308,0,0,0,0,1,0,1,0,0,6.5,"Larkspur, Calif.",Redwood HS
2026,Alexis Ewing,OH,Penn St.,2,2,6,5,19,0.053,0,0,0,2,1,0,1,0,0,6.5,"Bethesda, Md.",Bullis School
2026,Evelyn Jurden,RS,New Hampshire,1,2,5,0,9,0.556,0,0,1,0,2,1,1,0,0,6.5,"Springfield, Va.",West Springfield
2026,Audrey Vielguth,L/DS,Southeastern La.,17,59,2,2,10,0.000,42,4,13,109,0,0,0,1,0,6.0,"Vestavia Hills, Ala.",Vestavia Hills High
2026,Bella Dafforn,L/DS,App State,17,52,0,0,1,0.000,10,6,12,63,0,0,0,0,0,6.0,"Indianapolis, Ind.",Hamilton Southeastern
2026,Emma Duffy,S,Milwaukee,16,63,0,2,8,-0.250,252,6,15,50,0,0,0,1,0,6.0,"Woodland, Mich.",Lakewood
2026,Ada Tamturk,L,Murray St.,16,58,2,0,2,1.000,50,4,8,200,0,0,0,0,0,6.0,"Istanbul, Türkiye",ISTEK Acibadem High School
2026,Madeleine Smotherman,L/DS,Texas Tech,16,56,0,0,4,0.000,13,6,16,112,0,0,0,0,0,6.0,,
2026,Paige Stepaniuk,L/DS,Portland St.,16,54,0,0,1,0.000,20,6,11,88,0,0,0,0,1,6.0,"Ridgefield, Wash.",Ridgefield HS
2026,Violet Poole,DS,Col. of Charleston,16,53,1,0,1,1.000,18,5,8,84,0,0,0,0,0,6.0,"Mount Pleasant, S.C.",Wando
2026,Elizabeth Kenney,S,Merrimack,16,32,1,1,10,0.000,46,5,2,18,0,0,0,0,1,6.0,"Williston Park, N.Y.",Sacred Heart
2026,Emily Keiran,L/DS,Auburn,15,55,1,0,3,0.333,40,5,14,185,0,0,0,0,1,6.0,,
2026,Lindsey Murphy,L/DS,Elon,15,54,0,1,5,-0.200,14,6,9,123,0,0,0,0,0,6.0,"Avon, Ohio",Magnificat
2026,Sadie Warren,L/DS,Utah St.,15,54,0,0,1,0.000,11,6,20,74,0,0,0,0,0,6.0,"Wylie, Texas",Wylie HS
2026,Elaisa Villar,L/DS,NC State,15,53,0,1,3,-0.333,23,6,11,56,0,0,0,0,0,6.0,"Hialeah, Fla.",
2026,Avery Adamski,L,Toledo,15,50,1,1,8,0.000,11,5,21,105,0,0,0,0,0,6.0,"Perrysburg, Ohio",Perrysburg
2026,Penny Kirkham,L/DS,UT Martin,15,50,0,1,4,-0.250,4,6,17,58,0,0,0,0,0,6.0,"Paducah, Ky.",McCracken County HS
2026,Mallorie Meyer,L/DS,Pittsburgh,15,49,0,0,0,--,25,6,7,76,0,0,0,0,0,6.0,"Roca, Neb.",Lincoln East
2026,Camryn Kimes,L/DS,Texas St.,15,43,1,0,2,0.500,6,5,11,51,0,0,0,0,0,6.0,"College Station, Texas",College Station
2026,Luiza Bergamaschi,L/DS,Bryant,15,31,1,3,10,-0.200,0,5,12,7,0,0,0,0,0,6.0,,
2026,Madison Mullins,L/DS,N.C. A&T,14,54,1,1,13,0.000,30,5,9,84,0,0,0,0,0,6.0,"San Francisco, Calif.",Sacred Heart Cathedral
2026,Ava Falduto,L/DS,Penn St.,14,50,0,1,6,-0.167,63,6,12,168,0,0,0,0,1,6.0,"Elmhurst, Ill.",IC Catholic Prep
2026,Lily Hopkins,L/DS,UT Arlington,14,49,1,1,5,0.000,16,5,13,104,0,0,0,0,0,6.0,"Tomball, Texas",Tomball HS / Alabama
2026,Grace Killion,DS,High Point,14,46,0,4,8,-0.500,8,6,15,88,0,0,0,0,1,6.0,"St. Louis, MO",Cor Jesu Academy
2026,Kristyn Membreno,L,Delaware,14,45,1,0,2,0.500,1,5,4,21,0,0,0,0,0,6.0,"Miami, Fla.",
2026,Afton Thomsen,DS,Montana St.,14,44,0,0,2,0.000,4,6,6,60,0,0,0,0,0,6.0,"Parker, CO",Chaparral HS
2026,Reece Mazzier,L/DS,Chicago St.,14,40,2,1,7,0.143,1,4,3,56,0,0,0,0,0,6.0,"Evansville, Ind.",Evansville North High School
2026,Autumn Richardson,L/DS,Delaware St.,14,36,0,2,5,-0.400,5,6,7,38,0,0,0,0,0,6.0,"New Castle, DE",Archmere Academy
2026,Ashlyn Gent,L,Old Dominion,13,49,1,1,4,0.000,41,5,12,123,0,0,0,0,0,6.0,,
2026,Lulu Po'uha,L,BYU,13,48,3,0,6,0.500,55,3,15,138,0,0,0,0,0,6.0,,
2026,Zoey Matias,L,Missouri,13,46,1,1,4,0.000,15,5,7,56,0,0,0,0,0,6.0,,
2026,Mary Neal,DS,Mississippi St.,13,45,0,0,4,0.000,7,6,8,82,0,0,0,0,0,6.0,,
2026,Kinsley Hooper,L/DS,Ark.-Pine Bluff,13,43,1,4,14,-0.214,22,5,4,123,0,0,0,0,0,6.0,"Cypress, TX",
2026,Addy Azavedo,L,Washington,13,42,0,0,0,--,6,6,13,59,0,0,0,0,0,6.0,"Lake Oswego, Ore.",Jesuit
2026,Lily Fenton,S,Notre Dame,13,41,3,0,6,0.500,173,3,16,70,0,0,0,0,1,6.0,,
2026,Alex Fuller,DS,N.C. Central,13,38,0,1,3,-0.333,5,6,12,43,0,0,0,0,0,6.0,"Bahama, N.C.",
2026,Mackenzie Murphy,L/DS,Oral Roberts,13,38,1,0,3,0.333,10,5,12,63,0,0,0,0,0,6.0,"Rocklin, Calif.",Rocklin HS
2026,Jules Hernandez,L,Baylor,12,45,0,0,2,0.000,10,6,6,81,0,0,0,0,0,6.0,,
2026,Lindley Martin,DS,Valparaiso,12,40,0,0,0,--,1,6,8,11,0,0,0,0,0,6.0,,
2026,Maddix Taniguchi,L/DS,Temple,12,40,0,0,1,0.000,12,6,5,18,0,0,0,0,0,6.0,"HOMETOWN
HONOLULU, HAWAII",
2026,Nathalie Tsai,S,Penn,12,40,1,0,7,0.143,130,5,9,43,0,0,0,0,1,6.0,"Atlanta, Ga.",Chamblee
2026,Rylee Busse,L/DS,UAB,12,34,2,0,3,0.667,1,4,6,29,0,0,0,0,0,6.0,"New Braunfels, Texas",Cornerstone Christian HS
2026,Kamryn Utley,S,Miami (OH),12,33,0,0,0,--,65,6,8,28,0,0,0,0,0,6.0,"Indianapolis, Ind.",Cathedral
2026,Olivia Philpot,L,UNC Asheville,12,28,0,1,3,-0.333,16,6,11,55,0,0,0,0,0,6.0,"Woodstock, Ga.",River Ridge HS
2026,Ella Gaona,DS,Wright St.,12,25,0,0,0,--,5,6,2,19,0,0,0,0,0,6.0,,
2026,Margot Manning,S,Texas A&M,11,38,0,0,0,--,2,6,22,15,0,0,0,0,0,6.0,"Houston, Texas",
2026,Ruby McDermott,L/DS,Virginia,11,34,0,0,4,0.000,10,6,11,47,0,0,0,0,1,6.0,"Roswell, Ga.",Blessed Trinity Catholic
2026,Jaci Miyasaki,L/DS,Hawaii,11,32,0,0,0,--,5,6,3,33,0,0,0,0,0,6.0,"Honolulu, O‘ahu",Kalani HS
2026,Keira Garinger,OH,Arkansas St.,11,31,3,1,12,0.167,1,3,3,51,0,0,0,0,0,6.0,"Clarksville, Tenn.",Clarksville HS
2026,Kaylee Finnegan,S,Butler,11,30,2,0,9,0.222,153,4,6,33,0,0,0,0,0,6.0,"Toledo, Ohio",St. Ursula Academy
2026,Kyla Scharfman,DS,Mississippi St.,11,29,0,0,0,--,2,6,6,22,0,0,0,0,0,6.0,,
2026,Skylar Jehlen,S,Le Moyne,11,28,3,2,14,0.071,74,3,6,19,0,0,0,0,0,6.0,"Rochester, N.Y.",Churchville-Chili
2026,Isabella Nieves,,Marshall,11,27,1,0,3,0.333,104,5,3,32,0,0,0,0,0,6.0,"Carolina, Puerto Rico",IMG Academy
2026,Anja Kujundzic,L,Texas,10,36,0,0,0,--,2,6,18,3,0,0,0,0,0,6.0,"Ljig, Serbia",Sport Gymnasium
2026,Zoey Dood,S,Virginia,10,24,2,1,8,0.125,49,2,14,23,4,0,4,0,1,6.0,"Grandville, Mich.",Grandville
2026,Lauryn Wiley,L,Howard,10,22,2,0,4,0.500,1,4,7,11,0,0,0,0,0,6.0,"Pearland, TX",Shadow Creek H.S.
2026,Mari King,OH,Oklahoma,9,34,3,1,4,0.500,0,3,6,15,0,0,0,0,0,6.0,"Jacksonville, Fla.",
2026,Camdynn Gonzalez,S,Virginia Tech,9,30,0,0,5,0.000,118,6,9,29,0,0,0,0,1,6.0,"Mars, PA",North Catholic High School
2026,Piper Willinger,S,Miami (OH),9,25,0,0,2,0.000,58,6,7,19,0,0,0,0,0,6.0,"Houston, Texas",The Hotchkiss School
2026,Reese Stringer,S,Penn,9,24,2,1,5,0.200,69,4,3,21,0,0,0,0,0,6.0,"Manhattan Beach, Calif.",Mira Costa High School
2026,Jordan Turner,S,Memphis,9,21,0,0,1,0.000,49,6,7,23,0,0,0,0,0,6.0,"Wylie, Texas",
2026,Lhogan Wright,OH,East Carolina,9,17,6,2,13,0.308,0,0,0,5,0,0,0,0,0,6.0,"McDonough, Ga.",Eagle's Landing High School
2026,Bryn Lunski,OH,St. Thomas (MN),8,27,0,0,0,--,0,6,9,4,0,0,0,0,0,6.0,,
2026,Alysia Perez,S,Western Ill.,8,19,1,2,9,-0.111,60,5,15,27,0,0,0,0,0,6.0,"Geneseo, IL",Geneseo HS
2026,Katie Funk,MB,New Mexico St.,8,17,5,2,12,0.250,0,0,0,2,2,0,2,1,0,6.0,"Shreveport, La.",Caddo Parish Magnet HS
2026,Kailia Phillips,OH,Norfolk St.,8,12,4,1,14,0.214,0,1,2,2,2,0,2,0,0,6.0,"North Shore, HI.",
2026,Charlotte Arrington,OH,Duquesne,8,10,6,5,23,0.043,1,0,2,4,0,0,0,0,0,6.0,"Leesburg, Va.",Loudoun County
2026,Georgi Stein,OH,Northern Ariz.,8,9,6,5,28,0.036,0,0,1,5,0,0,0,0,0,6.0,"Phoenix, Ariz.",Sunnyslope
2026,Haley Clark,OH,Cornell,7,24,0,0,1,0.000,2,6,4,34,0,0,0,0,0,6.0,"La Cañada, Calif",La Cañada High School
2026,Piper Batie,S,Missouri,7,23,2,3,12,-0.083,91,4,10,16,0,0,0,1,1,6.0,"Bentonville, Ark.",Fayetteville Virtual Academy
2026,Alicia Valladares,L/DS,Saint Peter's,7,20,0,0,0,--,4,6,4,23,0,0,0,0,0,6.0,"Jersey City, NJ",High Tech HS
2026,Courtney Vines,MB,Fairfield,7,18,2,1,10,0.100,0,1,2,1,6,0,6,1,0,6.0,"Floral Park, N.Y.",Floral Park Memorial
2026,Emerson Springs,OH,Bucknell,7,15,4,1,10,0.300,0,2,3,1,0,0,0,0,0,6.0,"Macungie, Pa.",
2026,Hannah Hawkins,S,Eastern Ill.,7,14,4,5,17,-0.059,68,1,3,21,2,0,2,1,1,6.0,"Manson, Wash.",Lone Peak (Utah)
2026,Kennedy Boatman,S,ETSU,6,18,0,0,3,0.000,84,6,7,27,0,0,0,0,0,6.0,"Cypress, Texas",
2026,Izzy Orton,S,SFA,6,15,3,0,7,0.429,32,3,7,12,0,0,0,0,0,6.0,"Hutto, Texas",
2026,Gabby DiVita,OH,Nebraska,6,10,3,2,11,0.091,1,2,3,7,2,0,2,0,0,6.0,"Grosse Pointe Farms, Mich.",Grosse Pointe South
2026,Ashlyn Gualtieri,OH,FDU,6,8,5,5,15,0.000,0,1,0,2,0,0,0,0,0,6.0,"Aston, Pa.",Cardinal O’Hara High School
2026,Lauren Edlund,RS,Northern Ariz.,5,14,3,3,8,0.000,0,0,0,0,6,0,6,0,0,6.0,"Barnwell, Alberta",Vauxhall
2026,Cam Scott,RS,N.C. A&T,5,9,5,1,13,0.308,0,0,2,0,2,0,2,2,0,6.0,"Sophia, NC",Randleman
2026,Allie Abernathy,MB,Columbia,5,8,4,2,9,0.222,0,1,0,2,2,0,2,0,0,6.0,"Charleston, S.C.",Porter-Gaud School
2026,Gabby Flamish,OH,Marist,5,8,5,3,16,0.125,0,0,0,6,2,0,2,1,0,6.0,"Ashburn, VA",Stone Bridge High School
2026,Aileen McAllister,OH,Syracuse,4,12,6,7,25,-0.040,1,0,2,10,0,0,0,0,0,6.0,"Yokosuka, Japan",
2026,Amelia Haggins,OH,Tulane,4,6,5,2,12,0.250,0,0,0,2,2,0,2,0,0,6.0,,
2026,Riley Bethea,MB,Georgia Tech,3,11,5,0,8,0.625,0,0,0,0,1,1,0,0,0,6.0,"Atlanta, Ga.",Union Grove High School
2026,Arissa Carbonara,OH,California,3,10,5,3,25,0.080,0,0,0,0,1,1,0,0,1,6.0,"Cuero, Texas",Cuero High School
2026,Neele'ge' Sims,MB,Missouri St.,3,8,4,3,11,0.091,1,0,0,3,3,1,2,0,0,6.0,"Owosso, Mich.",
2026,Ellery Rees,MB,Butler,3,7,4,0,9,0.444,0,0,0,1,4,0,4,0,0,6.0,"Chicago, Ill.",Mother McAuley
2026,Ryley Boyne,OH,High Point,3,4,6,1,20,0.250,1,0,0,1,0,0,0,0,0,6.0,"Destrehan, La.",Destrehan
2026,Alana Kolb,MB,UIW,3,4,5,0,9,0.556,0,0,0,0,1,1,0,0,0,6.0,"Gulf Breeze, Fla.",Gulf Breeze HS
2026,Camryn Teasley,MB,Queens (NC),2,7,4,1,15,0.200,0,0,0,1,3,1,2,0,1,6.0,"Winter Garden, Fla.",Horizon HS
2026,Cassidy Cage,MB,Mississippi St.,1,3,5,0,13,0.385,0,0,0,2,2,0,2,0,0,6.0,,
2026,Sofia Guerrero-Wilson,RS,Delaware,1,3,5,3,20,0.100,0,0,0,1,2,0,2,0,0,6.0,"Peachtree Corners, Ga.",
2026,Landri Ross,S,North Ala.,1,3,4,1,5,0.600,28,1,3,3,2,0,2,0,0,6.0,"Tallahassee, Fla.",Maclay School
2026,Emerson Boyd,OPP,Bucknell,12,27,1,0,10,0.100,42,3,4,15,3,0,3,0,1,5.5,"Fairview, Tx.",
2026,Nia Damuni,S,Gonzaga,10,29,2,1,9,0.111,118,2,5,31,3,0,3,1,0,5.5,"Providence, Utah",Ridgeline HS
2026,Sarah Barnum,MH,Mercyhurst,10,19,2,2,19,0.000,0,2,2,3,3,0,3,3,0,5.5,"Buffalo, N.Y.",Saint Mary's
2026,Ryann Vik,MB,North Texas,10,19,5,0,13,0.385,1,0,5,4,1,0,1,0,0,5.5,"Richardson, Texas / Pearce HS",
2026,Alexis Anderson,OH,Georgetown,9,15,4,8,39,-0.103,1,1,3,17,1,0,1,1,0,5.5,,
2026,Ellen Hunt,OH,Elon,8,12,4,8,25,-0.160,1,0,1,2,3,0,3,0,0,5.5,,
2026,Amanda Tremeroli,OH,New Mexico,8,12,5,3,29,0.069,0,0,2,3,1,0,1,2,0,5.5,,
2026,Jasmine Calton,MB,Mercer,7,16,3,7,33,-0.121,1,0,0,3,5,0,5,0,0,5.5,"Palm Bay, Fla.",Bayside HS
2026,Morgan Reeves,OH,Hampton,6,16,4,8,33,-0.121,1,0,1,12,3,0,3,1,0,5.5,"Upper Marlboro, MD",St. John’s College High
2026,Valentina Zevallos,MB,Southern Ill.,6,16,2,2,6,0.000,0,0,0,3,6,1,5,0,0,5.5,"Lima, Perú",Colegio Reina De Los Angeles
2026,Kaylie Jensen,MB,FDU,6,14,3,2,17,0.059,1,0,0,1,5,0,5,2,0,5.5,"Highlands Ranch, Colo.",Mountain Vista
2026,Skylar Lambert,OH,East Texas A&M,6,12,4,5,14,-0.071,0,0,0,2,3,0,3,0,0,5.5,"Aledo, Texas",Aledo HS
2026,Ellie Sandoz,MB,Pepperdine,6,12,4,0,10,0.400,0,0,0,0,3,0,3,0,0,5.5,"Hailey, Idaho",Wood River
2026,Charizma Lofton,OH,NIU,6,9,5,3,11,0.182,1,0,0,1,1,0,1,0,0,5.5,"Gainsville, VA",Gainsville
2026,Victoria Kasanganay,MB,Army West Point,5,10,4,4,15,0.000,0,0,0,2,3,0,3,1,0,5.5,"Charlotte, N.C.",Ardrey Kell
2026,Skyler Gates,MB,Virginia,4,11,2,1,2,0.500,0,0,0,2,6,1,5,0,0,5.5,"Uniontown, Pa.",Brownsville Area
2026,Deana Petrov,MB,UCF,4,11,4,0,6,0.667,0,0,0,0,3,0,3,0,0,5.5,"Clearwater, Fla.",Largo
2026,Hailie Vaughn,OH,Notre Dame,4,10,5,4,27,0.037,2,0,0,2,1,0,1,1,0,5.5,,
2026,Vivian Spradlin,RS,Central Ark.,4,9,3,1,6,0.333,0,0,0,1,4,1,3,0,0,5.5,"Bryant, Ark.",Bryant HS
2026,Kamryn Vogt,OPP,UNI,4,9,5,2,10,0.300,0,0,0,0,1,0,1,1,0,5.5,"Waukee, Iowa",Waukee Northwest HS
2026,Reese Diersbock,OH,UC Davis,3,12,5,5,18,0.000,0,0,0,0,1,0,1,0,0,5.5,"Kailua, Hawaii",Le Jardin Academy
2026,Shaelyn Campbell,OH,New Haven,3,9,5,2,13,0.231,0,0,0,0,1,0,1,0,0,5.5,"Austin, Texas",Rouse
2026,Haley Peterson,MB,SFA,3,7,4,1,7,0.429,0,0,0,0,2,1,1,0,0,5.5,"Crowley, Texas",
2026,Lily Barry,L/DS,Dayton,18,67,0,1,4,-0.250,47,5,18,124,0,0,0,0,0,5.0,"Emden, Ill.",University
2026,Maddy Fennessy,L/DS,Merrimack,17,30,0,2,3,-0.667,2,5,14,16,0,0,0,0,0,5.0,"Bedford, N.H.",Bedford High School
2026,Jasmine Ogren,DS,Northern Colo.,16,51,0,0,0,--,9,5,13,78,0,0,0,0,0,5.0,"Greeley, Colo.",Thompson Valley HS
2026,Lauanna Pino,L/DS,Texas Southern,16,45,0,2,15,-0.133,27,5,12,98,0,0,0,0,0,5.0,,
2026,Morgan Madison,L/DS,Baylor,15,54,0,0,3,0.000,47,5,12,202,0,0,0,0,0,5.0,,
2026,Gigi Navarrete,L,Northwestern,15,53,0,0,1,0.000,20,5,15,102,0,0,0,0,0,5.0,"Palos Heights, Ill.",Mother McAuley
2026,Emani Green,DS,Alabama St.,15,49,0,0,7,0.000,4,5,5,68,0,0,0,0,0,5.0,"Madison, Ala.",James Clemens HS
2026,Kenna McClure,L/DS,Utah Valley,15,49,0,0,1,0.000,12,5,15,62,0,0,0,0,0,5.0,"Meridian, Idaho",
2026,Kama Goldstein,DS,Oregon St.,15,47,0,0,3,0.000,6,5,8,44,0,0,0,0,0,5.0,"Honolulu, Hawaii",Kamehameha HS
2026,Kyla Firestone,S,LMU (CA),15,40,1,1,5,0.000,40,4,5,42,0,0,0,0,0,5.0,"Encino, CA",Bishop Alemany High School
2026,Addison Samolinski,L/DS,Central Mich.,15,33,0,1,2,-0.500,10,5,6,37,0,0,0,0,0,5.0,,
2026,Emily Avshalomov,L,Ohio St.,14,56,2,0,13,0.154,52,3,15,218,0,0,0,0,0,5.0,,
2026,Brynn Covell,S,Kentucky,14,47,0,0,0,--,1,5,10,20,0,0,0,0,0,5.0,Junior,Arizona State
2026,Skye Riley,OH,Chicago St.,14,45,1,2,4,-0.250,9,4,8,77,0,0,0,0,0,5.0,"Mesquite, Texas",John Horn High School
2026,Zorana Stankovska,L,Southern Utah,14,43,1,1,4,0.000,25,4,5,89,0,0,0,0,0,5.0,"Skopje, Macedonia",
2026,Kaila Kalama-Bajet,L/DS,Rutgers,14,42,0,0,2,0.000,3,5,8,62,0,0,0,1,0,5.0,"Kaneohe, Hawaii",Moanalua
2026,Leilani-Kai Giusta,OH,Georgia St.,14,40,5,10,37,-0.135,6,0,2,43,0,0,0,0,0,5.0,"Kane’ohe, Hawaii",Moanalua
2026,Maya Reeves,DS,Jackson St.,14,36,2,0,3,0.667,0,3,4,55,0,0,0,0,0,5.0,"Upper Marlboro, MD",St. John's College HS
2026,Ella Kohnen,S,Illinois St.,14,24,0,0,0,--,72,5,11,30,0,0,0,0,0,5.0,"West Bend, Wis.",Slinger HS
2026,Taylor McNear,L/DS,St. Thomas (MN),13,54,0,1,3,-0.333,50,5,19,190,0,0,0,0,0,5.0,,
2026,Alex Bower,S,BYU,13,48,0,4,10,-0.400,254,5,21,60,0,0,0,1,0,5.0,,
2026,Vivian Campbell,S,Illinois,13,39,0,0,0,--,2,5,14,14,0,0,0,0,0,5.0,"Oswego, Ill.",
2026,Lauren Wheeler,S,Campbell,13,38,4,0,11,0.364,145,1,13,67,0,0,0,0,0,5.0,"Olathe, Kan.",St. James Academy
2026,Ana Tobar,L/DS,Jacksonville,13,36,1,0,2,0.500,2,4,4,7,0,0,0,0,0,5.0,"Miami, Fla.",St. Brendan
2026,Maggie Kachmarik,DS,Kent St.,13,32,0,0,2,0.000,8,5,5,45,0,0,0,0,0,5.0,"La Grange, Ill.",Township
2026,Aesha Vogt,DS,Butler,13,28,0,0,0,--,0,5,6,5,0,0,0,0,0,5.0,"West Lafayette, Ind.",Faith Christian
2026,Ramsey Gary,L,Texas,12,45,2,1,6,0.167,55,3,9,163,0,0,0,0,0,5.0,"Pendleton, Ind.",Pendleton Heights
2026,Abigail Schlueter,L,Memphis,12,45,0,1,10,-0.100,36,5,13,160,0,0,0,0,0,5.0,"Rock City, Ill.",
2026,Madison Lansdown,L/DS,Belmont,12,44,0,0,1,0.000,7,5,6,52,0,0,0,0,0,5.0,"Murfreesboro, Tenn.",Siegel HS
2026,Zeynep Palabiyik,L/DS,Minnesota,12,43,0,0,1,0.000,49,5,11,171,0,0,0,0,0,5.0,"HOMETOWN
ISTANBUL, TURKEY",
2026,Eve Roman,L/DS,Binghamton,12,42,0,0,7,0.000,15,5,9,126,0,0,0,0,0,5.0,"Wayne, N.J.",Immaculate Heart Academy
2026,Isabella Charlton,L,Bucknell,12,39,0,2,3,-0.667,6,5,20,50,0,0,0,0,0,5.0,"Daphne, Ala.",
2026,Brie Habeeb,DS,Youngstown St.,12,37,0,0,0,--,11,5,2,63,0,0,0,0,0,5.0,"Independence, Ohio",Gilmour Academy
2026,Madelyn Sipe,DS,Eastern Mich.,12,32,0,0,2,0.000,8,5,11,49,0,0,0,0,0,5.0,,
2026,Eva Vostracka,OPP,San Jose St.,12,23,2,0,2,1.000,1,3,8,5,0,0,0,0,0,5.0,,
2026,Carola Negron Diaz,L/DS,Quinnipiac,11,43,1,2,13,-0.077,29,4,5,104,0,0,0,0,0,5.0,"San Juan, Puerto Rico",Winter Springs
2026,Sydney Bold,L,Princeton,11,41,0,0,2,0.000,52,5,11,133,0,0,0,0,0,5.0,"La Jolla, Calif. / The Bishop's School",
2026,Lindsey Wickersham,L/DS,Southeastern La.,11,36,1,1,3,0.000,12,4,4,61,0,0,0,0,0,5.0,"New Orleans, La.",Mount Carmel Academy
2026,Audrey St.Clair,L/DS,Army West Point,11,34,1,0,2,0.500,7,4,9,31,0,0,0,0,0,5.0,,
2026,Sarah Vellucci,L/DS,Michigan St.,11,33,0,0,0,--,7,5,2,39,0,0,0,0,0,5.0,,
2026,Paige Lehman,L,Arizona St.,11,32,0,0,1,0.000,1,5,2,6,0,0,0,0,0,5.0,,
2026,Taylor Donovan,L,Akron,11,30,0,0,0,--,2,5,2,24,0,0,0,0,0,5.0,"Plainfield, Ind.",Plainfield HS
2026,Emma Frietch,L/DS,Tennessee,11,30,0,0,0,--,0,5,6,13,0,0,0,0,0,5.0,"Cincinnati, Ohio",Saint Ursula Academy
2026,Aubrey Kimball,,Le Moyne,11,30,0,0,4,0.000,3,5,19,64,0,0,0,1,0,5.0,"Greensboro, N.C.",Cornerstone Charter Academy
2026,Meg Jarrett,L,Toledo,11,23,1,0,1,1.000,2,4,11,28,0,0,0,0,0,5.0,"Madison, Ala.",Bob Jones
2026,Reagan Nisbet,DS,Rhode Island,10,30,0,1,4,-0.250,4,5,2,25,0,0,0,0,0,5.0,"Nashville, Tenn.",Harpeth (Northeastern)
2026,Camdyn Stucky,S,Kansas St.,10,28,1,3,12,-0.167,96,3,9,37,2,0,2,0,0,5.0,"Wichita, Kan.",Maize South
2026,Trinidy Tien,L,Cornell,10,25,1,0,7,0.143,4,4,8,40,0,0,0,0,0,5.0,"Lehi, Utah",Lone Peak High School
2026,Agata Makowska,S,UTRGV,10,22,1,0,1,1.000,12,4,1,5,0,0,0,0,0,5.0,"Ponzan, Poland",
2026,Cate Schnell,OH,Northwestern,10,22,4,1,11,0.273,2,0,7,15,2,0,2,0,0,5.0,Oceanside Calif.,Cathedral Catholic
2026,Gwendolyn Hansen,S,Pacific,10,21,0,0,0,--,27,5,5,17,0,0,0,0,0,5.0,,
2026,Taylor Hampton,L/DS,Memphis,10,20,0,1,2,-0.500,1,5,2,24,0,0,0,0,0,5.0,"Cypress, Texas",
2026,Ella Pallagi,S,CSU Bakersfield,9,24,2,2,11,0.000,35,0,6,11,4,2,2,0,0,5.0,"Gilbert, Ariz.",
2026,Harley Greek,S,Baylor,9,20,1,0,3,0.333,57,3,7,17,2,0,2,0,0,5.0,,
2026,Torrin Higginbotham,OH,CSU Bakersfield,9,20,4,3,24,0.042,0,0,1,2,2,0,2,0,0,5.0,"Savannah, Ga.",
2026,Lily Rodgers,OH,North Florida,9,19,5,6,19,-0.053,0,0,2,1,0,0,0,0,0,5.0,,
2026,Mikayla Gray,RS,Cornell,8,21,0,1,11,-0.091,86,5,7,28,0,0,0,0,0,5.0,"Killeen, Texas",Chaparral HS
2026,Hayden Hart,OH,Omaha,8,15,4,9,32,-0.156,1,0,0,7,2,0,2,0,0,5.0,"Omaha, Neb.",Millard West
2026,Kaiulani Sherrow,S,Texas Southern,8,15,2,1,8,0.125,28,3,1,19,0,0,0,0,0,5.0,"Chattanooga, Tenn.",
2026,Evie Naumann,OH,Columbia,7,16,2,3,13,-0.077,5,3,9,11,0,0,0,1,0,5.0,"Austin, Texas",Westlake
2026,Mya Sellers,MB,Fresno St.,7,16,4,2,8,0.250,0,0,1,0,2,0,2,0,0,5.0,"Charlotte, N.C.",
2026,Kalea Norton,S,Michigan St.,7,12,1,2,6,-0.167,40,3,3,9,2,0,2,0,0,5.0,,
2026,Milica Zigic,OH,Grand Canyon,7,12,5,1,15,0.267,0,0,0,1,0,0,0,0,0,5.0,"Belgrade, Serbia",
2026,Makena Gamby,S,Eastern Wash.,6,19,0,0,0,--,0,5,8,2,0,0,0,0,0,5.0,"Vancouver, Wash.",Mountain View
2026,Lily Bosworth,MB,Purdue,6,8,5,0,7,0.714,0,0,0,1,0,0,0,0,0,5.0,,
2026,Karina Barzanova,OPP,LSU New Orleans,5,10,3,4,18,-0.056,1,0,2,2,4,0,4,0,0,5.0,"Sofia, Bulgaria",
2026,Emma Moore,MB,Auburn,5,10,3,2,9,0.111,1,0,0,1,4,0,4,0,0,5.0,,
2026,Selestine Liu Asomua,OH,Binghamton,5,8,3,0,9,0.333,0,1,2,1,2,0,2,1,0,5.0,"Altona, Manitoba",W.C. Miller Collegiate
2026,Elizabeth Sessa,RS,Brown,4,17,3,4,17,-0.059,0,0,0,4,4,0,4,0,0,5.0,,
2026,Simone Heard,OH,Georgia Tech,4,14,5,5,19,0.000,0,0,0,2,0,0,0,0,0,5.0,"Plano, Texas",Plano East High School
2026,Braelynn Brewington,OH,Charleston So.,4,11,5,4,13,0.077,0,0,0,2,0,0,0,0,0,5.0,"Georgetown, SC",Georgetown HS
2026,Martyna Sowiak,MB,Western Ill.,4,10,3,10,19,-0.368,0,0,0,2,4,0,4,0,0,5.0,"Bartlett, IL",Bartlett High
2026,Nikolija Bulatovic,S,Iowa,4,9,3,0,5,0.600,10,1,1,2,2,0,2,0,0,5.0,"Elmwood Park, Ill.",Elmwood Park High School
2026,Rachel Raye Williams,OPP,Purdue,4,8,4,1,16,0.188,0,0,0,3,2,0,2,1,0,5.0,,
2026,Molly Scott Cottrell,RS,UNC Greensboro,4,8,3,1,9,0.222,0,0,1,1,3,1,2,0,0,5.0,"Morehead City, N.C.",West Carteret
2026,Cora Hamilton,MB,USC Upstate,4,7,4,1,18,0.167,0,0,0,3,2,0,2,0,0,5.0,"Enterprise, Fla.",Deland HS
2026,Ziya Sista,MB,Tulane,4,4,3,2,5,0.200,0,0,0,0,2,2,0,0,0,5.0,,
2026,Brooklyn Meyer,MB,South Dakota St.,3,9,4,3,16,0.063,0,0,0,2,2,0,2,0,0,5.0,"Larchwood, Iowa",West Lyon Community School
2026,Nene Hawkins,S,Louisiana,3,7,0,1,2,-0.500,34,4,6,8,2,0,2,0,0,5.0,"Ewa Beach, Hawai'i",
2026,Marly Smith,OH,Villanova,3,6,5,1,11,0.364,0,0,1,5,0,0,0,0,0,5.0,"Manhattan Beach, Calif.",El Segundo
2026,Una Stepic,OH,Southern Ill.,3,5,5,4,21,0.048,0,0,0,1,0,0,0,0,0,5.0,"Kruševac, Serbia",Gimnazija Kruševac
2026,Angelica Gonzalez Maltes,OH,Evansville,3,3,4,4,21,0.000,1,0,0,4,1,1,0,1,0,5.0,"Ponce, Puerto Rico",
2026,Sophia Fallah,MB,West Virginia,2,5,3,0,7,0.429,0,0,0,0,4,0,4,1,0,5.0,"Aachen, Germany",Pascal-Gymnasium Münster
2026,Zoe Behrendt,S,North Carolina,12,45,0,1,6,-0.167,247,4,3,84,1,0,1,2,1,4.5,"Whitefish Bay, Wis.",Whitefish Bay
2026,Desha Van Veldhuizen,S,West Ga.,11,26,0,1,6,-0.167,79,4,4,16,1,0,1,0,0,4.5,,
2026,Lexi Dahl,S,Tulsa,10,32,0,0,4,0.000,46,4,7,31,1,0,1,0,0,4.5,"HOMETOWN
SAN ANTONIO, TEXAS",
2026,Hayden Booth,S,Bradley,10,27,0,0,2,0.000,17,3,4,14,3,0,3,0,1,4.5,,
2026,Reagan Hare,S,Presbyterian,9,16,3,2,6,0.167,28,1,3,13,1,0,1,0,0,4.5,"Charlotte, N.C.",
2026,Ella Swindle,S,Texas,8,20,2,2,6,0.000,18,0,1,1,5,0,5,0,0,4.5,"Columbia, Mo.",Rock Bridge
2026,Ziah Sneva,MB,Eastern Wash.,8,14,2,2,5,0.000,0,0,0,4,3,2,1,0,0,4.5,"Olympia, Wash.",Peninsula HS
2026,Hazel Alevok,MB,UCLA,7,13,3,4,13,-0.077,0,0,0,2,3,0,3,1,0,4.5,"Bradenton, Fla.",IMG Academy
2026,Nadiyyah Northern,MB,Alabama St.,7,13,3,1,15,0.133,0,0,0,3,3,0,3,1,0,4.5,"Pontiac, Mich.",Agua Fria HS (AZ)
2026,Olivia Stringer,OH,Houston,7,11,4,2,9,0.222,0,0,0,2,1,0,1,0,0,4.5,"Lake Jackson, Texas",Brazoswood HS
2026,Sophia Chinetti,RS,Rhode Island,6,17,4,7,25,-0.120,1,0,0,3,1,0,1,1,0,4.5,"Plainfield, Ill.",Benet Academy
2026,Mackenzie Plante,OH,Tennessee,6,14,3,1,9,0.222,1,1,1,3,1,0,1,0,0,4.5,"Dripping Springs, Texas",Dripping Springs HS
2026,Chloe Mittelstadt,OPP,Jacksonville St.,6,13,4,2,13,0.154,0,0,0,4,1,0,1,0,0,4.5,,
2026,Agnes Shakirova,OH,FDU,6,12,4,3,11,0.091,0,0,0,1,1,0,1,0,0,4.5,"Novosibirsk, Russia",Palmetto Ridge High School
2026,Raegan Waller,MB,ETSU,6,12,4,5,17,-0.059,1,0,0,0,1,0,1,2,0,4.5,"Morrow, Ohio",
2026,Jayden Robinson,OH,Nebraska,5,7,3,2,6,0.167,0,0,1,0,3,0,3,0,0,4.5,"Missouri City, Texas",Ridge Point
2026,Belle Groomes,S,San Diego,4,9,2,1,4,0.250,10,2,2,8,1,0,1,0,0,4.5,"Cleveland, OH",Saint Joseph Academy
2026,Elle Lucas,OPP,Northeastern,3,12,4,3,13,0.077,0,0,0,1,1,0,1,0,0,4.5,"Franklin, Tenn.",Centennial
2026,Kendall Williams,MB,Bowling Green,3,10,4,2,12,0.167,0,0,4,2,1,0,1,0,0,4.5,"Grand Blanc, Mich.",
2026,Monyay Crowder,MH,American,3,8,4,4,10,0.000,0,0,0,1,1,0,1,0,0,4.5,"Indianapolis, Ind.",Pike
2026,Katherine Holthaus,MH,South Dakota,3,7,4,4,13,0.000,0,0,0,0,1,0,1,0,0,4.5,,
2026,Hayden Conner,MB,Washington,3,5,3,2,9,0.111,0,0,0,2,3,0,3,0,0,4.5,"Phoenix, Ariz.",Corona Del Sol
2026,Kyla Dunaway,OH,Alabama,3,5,4,1,6,0.500,0,0,0,4,1,0,1,0,0,4.5,"Kimberly, Wisc.",Kimberly HS
2026,Halle Delince,OH,Oklahoma,2,4,4,5,10,-0.100,0,0,0,2,1,0,1,0,0,4.5,"Port Saint Lucie, Fla.",
2026,Katianna Betancur,L/DS,St. John's (NY),17,60,0,1,2,-0.500,8,4,4,84,0,0,0,0,0,4.0,,
2026,Ella Gridley,DS,Pacific,17,52,0,3,6,-0.500,3,4,6,65,0,0,0,0,0,4.0,,
2026,Holland Guilliams,L/DS,Southeast Mo. St.,17,52,0,0,6,0.000,42,4,11,164,0,0,0,0,0,4.0,"Jackson, Mo.",Jackson High School
2026,True Takemoto,DS,San Francisco,17,47,0,0,1,0.000,20,4,8,52,0,0,0,0,0,4.0,"Waipahu, Hawaii",Punahou School
2026,Mallory Merz,S,Chattanooga,17,46,3,5,16,-0.125,168,1,17,70,0,0,0,0,0,4.0,"Melbourne, Fla.",Viera High School
2026,Tameary Wardlaw,L,Morgan St.,16,60,0,1,20,-0.050,34,4,9,101,0,0,0,0,0,4.0,"Miami, Fla.",St. Thomas Aquinas High School
2026,Gabi Maas,L/DS,Wichita St.,16,57,2,1,7,0.143,50,2,7,202,0,0,0,0,1,4.0,"Aurora, Colo.",Cherokee Trail HS
2026,Julia Pfleger,L/DS,Manhattan,16,57,1,0,7,0.143,11,3,5,79,0,0,0,0,0,4.0,"Upper Chichester, PA",Chichester
2026,Talita Goncalves,L/DS,Illinois,16,55,0,1,10,-0.100,54,4,5,222,0,0,0,0,0,4.0,"Rio de Janeiro, Brazil",
2026,Kingsley Minus,S,Tarleton St.,16,53,0,0,14,0.000,234,4,5,93,0,0,0,0,0,4.0,"New Braunfels, TX",New Braunfels HS
2026,Addison Koontz,L,Stonehill,16,48,0,0,0,--,7,4,9,36,0,0,0,0,0,4.0,,
2026,Maile Chan,L/DS,Florida St.,15,57,0,0,3,0.000,23,4,7,143,0,0,0,0,0,4.0,"Portland, Ore.",
2026,Nazare Judd,L/DS,San Diego St.,15,55,1,2,5,-0.200,8,3,4,68,0,0,0,0,0,4.0,"San Diego, Calif.",Point Loma HS
2026,Cora Hokenstad,DS,South Dakota,15,52,0,0,2,0.000,5,4,7,96,0,0,0,0,0,4.0,"Sioux Falls, S.D.",Jefferson HS
2026,Abby Kaminski,DS,Kennesaw St.,15,52,1,2,5,-0.200,5,3,6,42,0,0,0,0,0,4.0,"Indianapolis, Ind.",Franklin Central HS
2026,Journey Nicola,DS,Youngstown St.,15,52,0,0,3,0.000,37,4,10,161,0,0,0,0,0,4.0,"New Concord, Ohio",Meadowbrook
2026,Adrienne Peji,L/DS,Old Dominion,15,52,1,1,4,0.000,19,3,14,114,0,0,0,0,0,4.0,,
2026,Sarah Kempf,S,Butler,15,51,1,0,12,0.083,250,3,10,90,0,0,0,0,0,4.0,"Louisville, Ky.",Sacred Heart Academy
2026,Lacy Marx,L/DS,Ohio,15,49,1,0,2,0.500,18,3,8,83,0,0,0,0,0,4.0,"Evansville, Ind.",Mater Dei H.S.
2026,Trinity Thompson,S,Pittsburgh,15,49,0,0,1,0.000,23,4,4,97,0,0,0,0,0,4.0,"Las Vegas, Nev.",Bishop Gorman
2026,Aaniya Thornton,L/DS,Bethune-Cookman,15,49,0,1,12,-0.083,25,4,9,98,0,0,0,0,0,4.0,"Austin, Tex.",McCallum HS
2026,Alyssa Eimer,L/DS,Santa Clara,15,44,0,0,0,--,1,4,7,2,0,0,0,0,0,4.0,"Roseville, Calif.",Whitney HS
2026,Makaylee Ruiz,L,Wofford,15,44,0,0,1,0.000,8,4,13,22,0,0,0,0,0,4.0,"Ponder, Texas",Ponder
2026,Natalia Pebenito,L/DS,Towson,15,41,0,0,2,0.000,6,4,11,33,0,0,0,0,0,4.0,"Gaithersburg, Md.",Our Lady of Good Counsel H.S.
2026,Audrey Jackson,DS,Indiana,14,51,2,3,10,-0.100,20,2,0,58,0,0,0,0,0,4.0,,
2026,Catie Patterson,DS,Kent St.,14,51,0,0,10,0.000,9,4,8,72,0,0,0,0,0,4.0,"Cuyahoga Falls, Ohio",Woodridge
2026,Peyton Meyer,S,Towson,14,49,3,2,17,0.059,189,1,6,51,0,0,0,0,0,4.0,"Omaha, Neb.",Westside H.S.
2026,Sydney Forcht,L,Mercyhurst,14,47,1,4,25,-0.120,17,3,12,54,0,0,0,0,0,4.0,"Sylvania, Ohio",Notre Dame Academy
2026,Brenna Ginder,L/DS,Arizona,14,46,0,1,5,-0.200,34,4,15,96,0,0,0,0,0,4.0,"Fort Wayne, Ind.",Carroll H.S.
2026,Alexa Flowers,DS,Duquesne,14,43,0,0,0,--,6,4,3,46,0,0,0,0,0,4.0,"Buford, Ga.",Buford
2026,Jenna Werbelow,DS,Idaho St.,14,43,0,0,2,0.000,12,4,7,76,0,0,0,0,0,4.0,"Phoenix, AZ",
2026,Carina Zaldivar,L/DS,Gonzaga,14,42,0,0,1,0.000,16,3,4,45,1,1,0,0,0,4.0,"Upland, Ca.",Rancho Cucamonga HS
2026,Chloe Giehtbrock,S,Pacific,14,40,1,3,7,-0.286,118,3,3,56,0,0,0,0,1,4.0,,
2026,Erin Lehman,L,Charlotte,14,40,0,0,1,0.000,7,4,4,54,0,0,0,0,0,4.0,"Mooresville, N.C.",Cannon School
2026,Declan Eastman,L/DS,Rice,14,35,0,0,0,--,1,4,5,43,0,0,0,0,0,4.0,"Pacific Palisades, California",
2026,Isabella Pedrosa,L/DS,Bethune-Cookman,14,29,0,1,12,-0.083,8,4,3,31,0,0,0,0,0,4.0,"Bayamon, Puerto Rico",
2026,Aven Crosby,L/DS,Northeastern,13,45,0,0,0,--,13,4,7,74,0,0,0,0,0,4.0,"Dallas, Texas",Bishop Lynch
2026,Raegan Burns,L/DS,Tennessee,13,42,0,0,2,0.000,41,4,10,129,0,0,0,0,0,4.0,"Lafayette, Ind.",McCutcheon
2026,Megan Brown,DS,Wofford,13,35,0,0,0,--,2,4,3,6,0,0,0,0,0,4.0,"Charlotte, N.C.",Gaston Day School
2026,Lexi Gin,DS,Penn St.,13,33,0,0,0,--,4,4,6,17,0,0,0,0,0,4.0,"Indianapolis, Ind.",Brebeuf Jesuit Preparatory
2026,Maya Hunt,S,Marshall,13,33,0,0,2,0.000,123,4,6,41,0,0,0,0,0,4.0,"Independence, Ky.",Holy Cross
2026,Madelyn Norton,S,Western Ill.,13,28,0,1,8,-0.125,94,4,6,30,0,0,0,1,0,4.0,"Dike, IA",Dike-New Hartford HS
2026,Reese Teves,L/DS,LIU,12,40,0,1,3,-0.333,32,4,12,109,0,0,0,0,0,4.0,"Waipahu, Hawaii",Punahou
2026,Mia Liberti,DS,Valparaiso,12,36,0,1,2,-0.500,5,4,3,34,0,0,0,0,0,4.0,,
2026,Kennedy Moss,RS,Alabama A&M,12,35,1,0,1,1.000,2,3,8,7,0,0,0,0,0,4.0,"Huntsville, Ala.",
2026,Ellie Watts,OH,Middle Tenn.,12,35,0,0,4,0.000,5,4,8,31,0,0,0,0,0,4.0,"Birmingham, Ala.",Homewood High School
2026,Jillian Bohannon,S,South Carolina,12,30,0,1,3,-0.333,104,4,5,39,0,0,0,0,0,4.0,,
2026,Kylie Wong,L,Marshall,12,23,0,0,0,--,2,4,1,19,0,0,0,0,0,4.0,"Chandler, Ariz.",Washington State
2026,Peyton Cole,L/DS,LSU New Orleans,11,29,0,1,8,-0.125,5,4,5,67,0,0,0,0,1,4.0,"Joshua, Texas",
2026,Jaedyn Houston,DS,UC San Diego,11,28,0,0,1,0.000,4,4,5,17,0,0,0,0,0,4.0,"Newport Beach, Calif.",Orange Lutheran HS
2026,Rosa Smith,S,Stonehill,11,23,1,1,4,0.000,75,3,4,12,0,0,0,1,0,4.0,,
2026,Jaya Rimm,OH,Hampton,11,22,0,0,1,0.000,1,4,3,27,0,0,0,0,0,4.0,"Cypress, Texas",Cypress Woods HS
2026,Bella McGirr,L,Georgetown,10,36,1,0,7,0.143,43,2,4,151,1,1,0,0,0,4.0,"Greenbrae, Calif.",Marin Catholic
2026,Ella Florez,S,Iowa St.,10,34,0,0,3,0.000,135,2,8,58,3,1,2,0,0,4.0,"Shawnee, Kansas",Mill Valley
2026,Maya De Los Reyes,L/DS,William & Mary,10,27,1,0,3,0.333,2,3,5,31,0,0,0,0,0,4.0,"Long Beach, Calif.",Long Beach Poly
2026,Sujeili Mermella,S,UTRGV,10,21,0,0,1,0.000,2,4,8,19,0,0,0,0,0,4.0,"San Antonio, Texas",Antonian Prep
2026,Meredith Reeg,L/DS,Virginia,9,31,1,0,8,0.125,9,3,9,55,0,0,0,0,0,4.0,"Raleigh, N.C.",Cardinal Gibbons
2026,Ava Roddey,S,Wake Forest,9,30,0,0,7,0.000,108,4,2,40,0,0,0,1,0,4.0,"HOMETOWN
GREENVILLE, SC",
2026,Ivy Leuck,S,Creighton,9,21,0,0,3,0.000,62,4,10,17,0,0,0,0,0,4.0,"Omaha, Neb.",Skutt Catholic
2026,Kenrie Pruitt,L/DS,A&M-Corpus Christi,9,16,0,0,1,0.000,1,4,2,6,0,0,0,0,0,4.0,"Forth Worth, TX",Aledo HS
2026,Zoe Rachow,S,Tulane,9,15,0,0,0,--,6,4,10,10,0,0,0,0,0,4.0,,
2026,Jess Barrett,OH,Stonehill,9,13,2,6,20,-0.200,1,2,4,7,0,0,0,0,0,4.0,,
2026,Kendall Eden,L/DS,Ball St.,8,25,0,0,0,--,1,4,4,5,0,0,0,0,0,4.0,,
2026,Martina Capponcelli,S,St. John's (NY),8,21,0,1,2,-0.500,71,4,7,23,0,0,0,0,0,4.0,"Bologna, Italy",
2026,Ingrid Dittmar,S,UAB,8,19,0,1,1,-1.000,57,4,10,24,0,0,0,1,0,4.0,,
2026,Camille McCoy,MB,Wake Forest,8,12,3,5,14,-0.143,0,0,1,2,2,0,2,0,0,4.0,"HOMETOWN
ATLANTA, GA.",
2026,Emily Bobbitt,S,North Carolina,7,19,1,0,3,0.333,82,3,5,32,0,0,0,0,0,4.0,"Clayton, N.C.",Corinth Holders
2026,Shea McElroy,L/DS,Prairie View,7,19,0,0,1,0.000,15,4,6,41,0,0,0,0,0,4.0,,
2026,Ava Reding,S,Iona,7,18,1,0,1,1.000,53,3,3,34,0,0,0,0,0,4.0,"Aledo, TX",Aledo
2026,Jada Johnson,OPP,UC Davis,7,17,4,1,13,0.231,0,0,0,1,0,0,0,0,0,4.0,"Portland, Ore.",Jesuit
2026,Autumn Jordan,OH,North Dakota,7,13,4,2,7,0.286,0,0,1,0,0,0,0,0,0,4.0,"Bentonville, Ark.",Bentonville West HS
2026,Brooklyn Ritter,S,Southeast Mo. St.,7,11,2,1,6,0.167,24,2,0,10,0,0,0,0,0,4.0,"Tinley Park, Ill.",Lincoln Way-East HS
2026,Gabby Reeves,S,Northeastern,6,17,1,0,1,1.000,8,3,2,9,0,0,0,0,0,4.0,"San Antonio, Texas",Antonian College Prep
2026,Eden Harris,OH,Saint Peter's,6,11,3,1,6,0.333,0,1,5,2,0,0,0,0,0,4.0,"Louisville, KY",Assumption HS
2026,Haedyn Crumbley,OH,Gardner-Webb,6,10,3,4,18,-0.056,0,0,0,7,1,1,0,0,0,4.0,"Bishop, Ga.",Morgan County HS
2026,Amber McClain,MB,App State,6,10,3,1,6,0.333,0,0,0,0,1,1,0,0,0,4.0,"Jupiter, Fla.",Winter Park
2026,Kinga Ziolkowska,S,Long Beach St.,6,10,0,0,1,0.000,5,4,0,8,0,0,0,0,0,4.0,"Poznan, Poland",
2026,Riley Parker,S,Delaware St.,5,16,2,0,4,0.500,37,2,6,11,0,0,0,0,0,4.0,"Monroe, NC",Sun Valley HS
2026,Kaia Pixler,S,South Carolina,5,15,0,1,1,-1.000,47,4,2,23,0,0,0,0,0,4.0,Sophomore,Sunnyslope
2026,Ava Lilo,S,Portland,5,12,0,0,0,--,0,4,1,1,0,0,0,0,0,4.0,"Kailua, Hawai'i",Kamehameha Schools Kapalama
2026,Elin Andersson,OH,Coastal Carolina,5,11,3,2,12,0.083,0,0,0,0,2,0,2,0,0,4.0,"Trelleborg, Sweden",ProCivitas Private Gymnasium
2026,Hayden Rodriguez,S,Youngstown St.,5,11,2,0,5,0.400,46,2,3,19,0,0,0,0,0,4.0,"Oregon, Ohio",Clay
2026,Sari Marks,S,Green Bay,5,10,2,5,18,-0.167,8,1,2,4,2,0,2,0,0,4.0,"Sun Prairie, Wis.",Sun Prairie HS
2026,Grace Turrell,,Le Moyne,5,10,3,7,26,-0.154,0,0,2,1,2,0,2,2,0,4.0,"Cicero, N.Y.",Cicero-North Syracuse
2026,Julieta Portillo,OH,VCU,5,9,2,4,18,-0.111,0,0,0,2,3,1,2,0,0,4.0,"Yerba Buena, Argentina",
2026,Izzy Scholvin,S,Texas St.,5,9,0,0,0,--,21,4,0,5,0,0,0,0,0,4.0,"Galena, Ohio",Olentangy Orange
2026,Cali Tierney,OH,Canisius,5,9,4,2,13,0.154,0,0,3,0,0,0,0,0,0,4.0,"Tinley Park, Ill.",Providence Catholic
2026,Meghan Clifford,MB,North Carolina,5,8,2,0,3,0.667,1,0,0,0,4,0,4,2,0,4.0,"Fairport, N.Y.",Fairport
2026,Alara Doganyuz,S,Siena,4,14,1,0,2,0.500,40,3,2,11,0,0,0,0,0,4.0,"Ankara, Turkey",Okyanus Koleji / Oregon State (Karayollari)
2026,Keira Steininger,L/DS,Georgia,4,10,0,0,0,--,0,4,1,3,0,0,0,0,0,4.0,"St. Mary's, Ohio",
2026,Alaina Kraemer,OPP,Illinois St.,4,7,4,2,7,0.286,0,0,1,0,0,0,0,0,0,4.0,"Prairie du Sac, Wis.",Sauk Prairie HS
2026,Tarah Yunes,RS,Southern Miss.,4,7,4,2,13,0.154,0,0,0,1,0,0,0,0,0,4.0,"San Antonio, Texas",
2026,Josephine Seekford,OH,Queens (NC),4,6,1,7,16,-0.375,1,3,3,1,0,0,0,0,0,4.0,"Leesburg, Va.",Loudoun County High School
2026,Addison Guy,MB,Northwestern St.,3,7,3,5,13,-0.154,0,0,0,1,2,0,2,0,0,4.0,"Central, La.",Central HS
2026,Cass Klapp,MB,Utah Tech,3,7,1,1,7,0.000,0,1,3,2,3,1,2,0,0,4.0,"Calgary, Canada",Willow Creek Composite HS
2026,Tarcy Mayah,MB,Oral Roberts,3,7,1,1,4,0.000,1,0,1,1,5,1,4,0,0,4.0,"Katy, TX",
2026,Brooke Naniseni,OH,Toledo,3,7,4,1,9,0.333,0,0,0,0,0,0,0,0,0,4.0,"Mililani, Hawaii",Iolani School
2026,Sophia Christoffers,OH,Binghamton,3,6,4,3,16,0.063,0,0,0,1,0,0,0,0,0,4.0,"Madison, N.J.",Madison
2026,Ella Hope,MB,Arizona St.,3,4,3,1,4,0.500,0,0,0,0,2,0,2,0,0,4.0,,
2026,Megan Dougherty,RS,UT Arlington,3,3,4,4,15,0.000,0,0,0,5,0,0,0,0,0,4.0,"San Clemente, California",San Clemente HS
2026,Lindley Miller,OH,North Carolina,2,7,4,1,7,0.429,0,0,0,1,0,0,0,0,0,4.0,"Cary, N.C.",Green Level
2026,Natalie Carr,OH,Youngstown St.,2,4,4,2,11,0.182,0,0,0,0,0,0,0,0,0,4.0,"Canonsburg, Pa.",Canon-McMillan
2026,Emily Moon,OH,Lamar University,2,2,4,0,7,0.571,0,0,0,1,0,0,0,0,0,4.0,"San Antonio, Texas",St. John Paul Catholic HS
2026,Charlie Meadoweal,S,N.C. A&T,14,56,0,1,24,-0.042,200,3,14,102,1,0,1,1,0,3.5,"Charlotte, N.C.",Palisades
2026,Ava McBride,S,Boston College,14,34,1,1,4,0.000,116,2,11,38,1,0,1,0,1,3.5,"Los Angeles, Calif.",Notre Dame Academy
2026,Kindyl Kilar,OH,FIU,13,28,3,3,21,0.000,3,0,1,25,1,0,1,0,0,3.5,"Whitewater, Wis.",Whitewater
2026,Mina Petrovic,OH,Southeastern La.,12,16,3,4,15,-0.067,1,0,3,4,1,0,1,0,0,3.5,"Belgrade, Serbia",Zemun Gymnasium
2026,Eden Bristow,OH,Stetson,9,20,3,5,18,-0.111,4,0,4,11,1,0,1,0,0,3.5,"Ottawa, ON",St Peter Catholic High School
2026,Claire Morrissey,OH,Missouri,9,20,1,1,4,0.000,2,2,9,18,1,0,1,0,0,3.5,"Wildwood, Mo.",St. Joseph's Academy
2026,Kayla Jones,OH,Alcorn,8,14,2,2,8,0.000,1,0,8,8,3,0,3,1,0,3.5,"Houston, Texas",MacArthur HS
2026,Bryn Janke,S,Ohio,7,19,1,1,4,0.000,38,2,4,10,1,0,1,1,0,3.5,"Westfield, Wis.",Wisconsin Dells
2026,Daelyn Harris,MB,Idaho St.,7,14,3,2,8,0.125,0,0,0,0,1,0,1,0,0,3.5,"Boise, ID",
2026,Alex Richter,OH,Georgia,6,12,3,2,11,0.091,0,0,0,3,1,0,1,0,0,3.5,"Dallas, Texas",
2026,Myla Young,MB,Davidson,6,10,3,0,4,0.750,0,0,0,0,1,0,1,0,0,3.5,"Brooklyn, N.Y.",
2026,Brooke Holman,OH,Colorado St.,6,8,3,4,11,-0.091,0,0,0,1,1,0,1,0,0,3.5,"HOMETOWN
ASPEN, COLO.",
2026,Kennedy Plummer,OH,West Florida,6,7,2,1,5,0.200,0,1,0,1,1,0,1,0,0,3.5,"Mount Juliet, Tenn.",
2026,Ally Bolden,MB,William & Mary,5,10,3,0,9,0.333,0,0,0,1,1,0,1,0,0,3.5,"Phoenix, Ariz.",Arcadia
2026,Sarah Quarells,MB,Temple,4,10,0,2,4,-0.500,0,0,1,1,5,2,3,0,0,3.5,"HOMETOWN
PENSACOLA, FLA.",
2026,Addie Rosales,S,UT Martin,4,10,2,1,7,0.143,47,1,5,8,1,0,1,0,0,3.5,"El Paso, Texas",Loretto Academy
2026,Adrianna Bridges,MB,Miami (FL),4,8,3,3,17,0.000,1,0,0,0,1,0,1,0,0,3.5,"Pembroke Pines, Fla.",Westminster Academy
2026,Allie Dunnion,MB,San Diego,4,7,2,1,5,0.200,0,0,1,0,3,0,3,1,0,3.5,"Phoenix, AZ",Xavier College Preparatory
2026,Szonja Csabai,MB,FDU,4,6,3,1,7,0.286,0,0,0,2,1,0,1,1,0,3.5,"Jászbereny, Hungary",Teleki Blanka Gimnázium
2026,Ava Mathews,RS,Southeast Mo. St.,4,4,2,0,7,0.286,1,0,1,1,3,0,3,0,0,3.5,"Columbia, Ill.",Columbia HS
2026,Lois Hansen,OH,UC Irvine,3,11,3,1,10,0.200,0,0,0,1,1,0,1,0,0,3.5,,
2026,Lucy Gray,OH,Butler,3,9,2,0,9,0.222,0,0,0,3,3,0,3,0,0,3.5,"Milwaukee, Wis.",Rufus King
2026,Kiana Landers,MB,UNI,3,8,1,0,1,1.000,0,2,1,1,1,0,1,0,0,3.5,"Chandler, Ariz.",Queen Creek HS
2026,Heidi Wingate,MB,St. Thomas (MN),3,8,3,2,12,0.083,1,0,0,0,1,0,1,0,0,3.5,,
2026,Olga Musial,RS,Utah,3,5,3,0,6,0.500,0,0,1,1,1,0,1,0,0,3.5,"Boguchwala, Poland",Szkoly Mistrzostwa Sportowego Mielec
2026,Morgan Williams,MB,Purdue,3,5,2,0,2,1.000,0,0,0,0,3,0,3,0,0,3.5,,
2026,Drew Glaser,RS,Valparaiso,2,8,3,3,12,0.000,0,0,0,3,1,0,1,0,0,3.5,,
2026,Courtney Church,OH,Abilene Christian,2,6,3,1,9,0.222,0,0,0,0,1,0,1,0,0,3.5,"Driftwood, Texas",Veritas Academy
2026,Torrey Tkach,MB,Omaha,2,5,2,0,2,1.000,0,0,0,1,3,0,3,0,0,3.5,"Oxford, Miss.",Oxford
2026,Maeve Moonan,MB,Southern Ind.,1,1,3,0,3,1.000,0,0,0,0,1,0,1,0,0,3.5,"Chicago, IL",Mother McAuley Liberal Arts
2026,Lankford Gurner,L,North Ala.,18,40,0,0,0,--,0,3,4,4,0,0,0,0,0,3.0,"Birmingham, Ala.",Vestavia Hills HS
2026,Kati Goba,L/DS,Milwaukee,16,64,3,1,9,0.222,68,0,2,256,0,0,0,0,0,3.0,"Mukwonago, Wis.",Wisconsin Lutheran
2026,Mari Furoyama,L/DS,Rice,16,60,0,0,3,0.000,29,3,11,151,0,0,0,0,0,3.0,"Pearl City, Hawaii",
2026,Ella Vogel,L/DS,Air Force,16,53,0,0,9,0.000,39,3,9,220,0,0,0,0,0,3.0,"Aurora, Colo.",
2026,Allison Berent,DS,Iowa,16,52,0,0,0,--,3,3,4,73,0,0,0,0,0,3.0,"Rochester Hills, Mich.",Notre Dame Prep
2026,Sarah Frazee,L/DS,SMU,15,56,0,0,0,--,12,3,12,94,0,0,0,0,0,3.0,"Gulf Breeze, Fla.",Gulf Breeze HS
2026,Izzy Masten,L/DS,Pittsburgh,15,50,1,1,3,0.000,14,2,2,60,0,0,0,0,0,3.0,"Brownsburg, Indiana",Tri-West HS
2026,Julia Oster,L/DS,Colgate,15,44,0,1,1,-1.000,6,3,8,29,0,0,0,0,0,3.0,"Concord Township, Ohio",Lake Catholic
2026,Kennedy Cummins,L/DS,Seton Hall,15,40,0,0,1,0.000,11,3,6,72,0,0,0,0,0,3.0,"Elkridge, Md.",
2026,Ayana Johnson,DS,Southern U.,15,30,1,1,7,0.000,1,2,8,24,0,0,0,0,0,3.0,"San Diego, Calif.",Torrey Pines HS
2026,Erica Dellesky,S,UT Arlington,14,54,1,0,11,0.091,332,0,5,103,4,0,4,1,3,3.0,"Katy, Texas",Obra D. Tompkins HS / Virginia Tech
2026,Taylor Holly,L,Delaware,14,53,1,0,6,0.167,31,2,1,82,0,0,0,0,0,3.0,"Bear, Del.",
2026,Lauren Konzen,DS,Hofstra,14,48,0,0,2,0.000,9,3,2,91,0,0,0,0,0,3.0,"Bohemia, NY",Connetquot
2026,Gigi Whann,L/DS,Arizona,14,43,0,0,0,--,33,3,5,105,0,0,0,0,0,3.0,"Dallas, Texas",Highland Park H.S.
2026,Reese Bates,DS,San Diego,14,41,0,0,0,--,3,3,10,9,0,0,0,0,0,3.0,"Overland Park, KS",Blue Valley Southwest HS
2026,Eily Painter,L,West Virginia,14,28,0,0,0,--,2,3,0,31,0,0,0,0,0,3.0,"Pottsville, Pa.",Pottsville Area High School
2026,Grace Moss,L/DS,Utah,14,26,0,0,0,--,1,3,1,4,0,0,0,0,0,3.0,"Dana Point, Calif.",Santa Margarita HS
2026,Jordan Baksh,L,VCU,13,47,0,0,1,0.000,13,3,8,65,0,0,0,0,0,3.0,"Cape Coral, Fla.",
2026,Leilani Lopez,L/DS,Hawaii,13,45,0,0,0,--,4,3,16,18,0,0,0,0,0,3.0,"Torrance, Calif.",Redondo Union HS
2026,Alyssa Cadavid,S,Radford,13,43,1,1,13,0.000,141,2,7,53,0,0,0,0,0,3.0,"Miami, Fla.",Westmister Christian School
2026,Emerson Hoyle,L/DS,Florida,13,42,0,0,0,--,3,3,13,15,0,0,0,0,0,3.0,,
2026,Miabella Musignac,L,LIU,13,42,1,2,6,-0.167,15,2,7,49,0,0,0,0,0,3.0,"San Juan, P.R.",Colegio Adianez
2026,Elizabeth McElveen,DS,South Carolina,13,40,0,0,1,0.000,1,3,9,18,0,0,0,0,0,3.0,"Rock Hill, S.C.",Sport and Entertainment Management
2026,Emma DeSensi,L/DS,USC Upstate,13,39,0,0,4,0.000,4,3,7,26,0,0,0,0,0,3.0,"Louisville, Ky.",Assumption HS
2026,Jaiden Mojica,S,Cal St. Fullerton,13,38,1,2,15,-0.067,66,2,14,59,0,0,0,0,0,3.0,"Chula Vista, Calif.",Bonita Vista HS
2026,Aryam Munoz,L/DS,Fresno St.,13,35,0,0,0,--,2,3,8,30,0,0,0,0,0,3.0,"Fresno, Calif.",
2026,Kaylee Piepho,S,Sacramento St.,13,30,1,0,1,1.000,72,2,6,13,0,0,0,0,0,3.0,"Fort Collins, Colo.",
2026,Ava O'Hare,L,Alabama St.,13,26,2,2,7,0.000,3,1,6,27,0,0,0,0,0,3.0,"Tampa, Fla.",Sickles HS
2026,Carly Markham,L/DS,North Carolina,12,45,0,0,2,0.000,16,3,5,58,0,0,0,0,0,3.0,"Apex, N.C.",Apex Friendship
2026,Ashlynn Hawkins,OH,Mississippi Val.,12,40,0,1,14,-0.071,5,3,7,67,0,0,0,0,0,3.0,"Houston, TX",Alief Taylor HS
2026,Emily Kearney,DS,Bucknell,12,36,0,0,1,0.000,3,3,5,26,0,0,0,0,0,3.0,"Oakton, Va.",
2026,Ally Alessio,L/DS,Navy,12,33,0,0,1,0.000,3,3,1,15,0,0,0,0,0,3.0,"Scottsdale, Ariz.",Notre Dame Prep
2026,Anna Melgren,L/DS,Wyoming,12,33,0,0,0,--,7,3,19,25,0,0,0,0,0,3.0,"Friendswood, Texas",Friendswood
2026,Clara Cloninger,DS,East Carolina,12,32,0,0,0,--,2,3,6,14,0,0,0,0,0,3.0,"Cherryville, N.C.",North Myrtle Beach High School
2026,Rachel Megna,L,Tulsa,12,31,0,0,0,--,2,3,3,20,0,0,0,0,0,3.0,"HOMETOWN
EDMOND, OKLA.",
2026,Sophia Verdicchio,L/DS,Presbyterian,12,30,0,1,1,-1.000,3,3,5,14,0,0,0,0,0,3.0,"Raleigh, N.C.",
2026,Claudia Antcliff,L/DS,Idaho St.,12,24,0,1,1,-1.000,2,3,7,34,0,0,0,0,0,3.0,"Zionsville, IN",
2026,Aniya Warren,L/DS,Oklahoma,11,43,1,1,3,0.000,22,2,6,119,0,0,0,0,0,3.0,"Lockport, Ill.",
2026,Julia Angert,DS,Northern Colo.,11,31,0,0,1,0.000,1,3,9,13,0,0,0,0,0,3.0,"Cleveland, Ohio",Saint Joseph Academy
2026,Chloe Brown,DS,Buffalo,11,31,1,0,3,0.333,13,2,10,50,0,0,0,0,0,3.0,"Shaker Heights, Ohio",Shaker Heights
2026,Isabella Camacho,DS,UT Arlington,11,31,0,0,1,0.000,36,3,6,30,0,0,0,0,0,3.0,"Allen, Texas",Lovejoy HS
2026,Milena Lopez,S,Charlotte,11,25,2,0,6,0.333,61,1,0,18,0,0,0,0,0,3.0,"Naples, Fla.",Seacrest Country Day
2026,Tiani Shaw,L/DS,Boston College,11,25,0,0,0,--,5,3,7,4,0,0,0,0,0,3.0,"Manhattan Beach, Calif.",Mater Dei High School
2026,Elsa McDermott,L/DS,Penn,10,32,0,1,1,-1.000,5,3,7,31,0,0,0,0,0,3.0,"Portland, Ore.",Catlin Gabel School
2026,Riley Schmitz,L,Green Bay,10,30,0,0,1,0.000,1,3,6,13,0,0,0,0,0,3.0,"Appleton, Wis.",Fox Valley Lutheran
2026,Maggie Boyd,OH,Texas Tech,10,29,0,1,8,-0.125,7,3,16,37,0,0,0,0,0,3.0,,
2026,Tessa de Albergaria,L/DS,George Washington,10,28,0,0,3,0.000,5,3,6,42,0,0,0,0,0,3.0,"Santa Barbara, CA",
2026,Jocelyn Torres,S,UMES,10,27,0,1,7,-0.143,77,3,5,23,0,0,0,0,1,3.0,"Brookeville, MD",Georgetown Day School
2026,Morgan Begley,L/DS,IU Indy,10,25,1,0,1,1.000,3,2,4,25,0,0,0,0,0,3.0,"Orland Park, Ill.",Carl Sandburg
2026,Abby Jhun,L/DS,Temple,10,24,0,0,0,--,0,3,11,4,0,0,0,0,0,3.0,"HOMETOWN
ROSWELL, GA.",
2026,Ryan Jomo,L/DS,ETSU,10,23,1,0,1,1.000,5,2,2,19,0,0,0,0,0,3.0,"Altamonte Springs, Fla.",
2026,Cecilia Anderson,L/DS,New Hampshire,10,20,0,0,0,--,0,3,2,8,0,0,0,0,0,3.0,"Eau Claire, Wis.",Eau Claire
2026,Anabel Kotzakov,OH,Long Beach St.,10,20,2,9,23,-0.304,1,1,0,0,0,0,0,1,0,3.0,"Costa Mesa, Calif.",
2026,Reese Poerner,OH,Pepperdine,10,20,0,0,0,--,0,3,3,2,0,0,0,0,0,3.0,"Plano, Texas",Plano West
2026,Hailee Collins,S,Chicago St.,10,19,0,0,1,0.000,27,3,1,11,0,0,0,0,0,3.0,"Missouri City, Texas",Lawrence E. Elkins High School
2026,Kayla Zanon,L/DS,Towson,9,33,0,0,1,0.000,17,3,4,89,0,0,0,0,0,3.0,"Doral, Fla.",Divine Savior Academy
2026,Dani Brey,DS,Kansas City,9,27,0,0,0,--,1,3,2,36,0,0,0,0,0,3.0,"Bountiful, Utah",Woods Cross HS
2026,Dylan Gilkey,S,Texas St.,9,25,0,0,3,0.000,115,3,3,19,0,0,0,0,0,3.0,"Cedar Park, Texas",Cedar Park HS
2026,Aly Kirkhoff,L/DS,LSU,9,25,0,0,1,0.000,4,3,10,21,0,0,0,0,0,3.0,,
2026,Devynn Schulze,L,FGCU,9,25,0,0,0,--,2,3,6,9,0,0,0,0,0,3.0,"Wonder Lake, Ill.",Woodstock North HS
2026,Noelle Vanacht,L/DS,Cal Poly,9,24,0,0,0,--,1,3,5,41,0,0,0,0,0,3.0,,
2026,Aliyah Jowers,OH,Abilene Christian,9,23,1,1,4,0.000,1,2,8,6,0,0,0,0,0,3.0,"Abilene, Texas",Wylie HS
2026,Emsley Venard,S,Fla. Atlantic,9,23,0,0,1,0.000,46,3,2,12,0,0,0,0,0,3.0,"Cincinnati, Ohio",Saint Ursula Academy
2026,Molly Penn,DS,UMBC,9,21,0,0,0,--,2,3,5,3,0,0,0,0,0,3.0,"Clarksville, Md.",Mount De Sales
2026,Isabella Ortiz,OH,Coppin St.,9,20,3,5,15,-0.133,0,0,1,6,0,0,0,0,0,3.0,"Fajardo, Puerto Rico",Colegio Catolico Notre Dame
2026,Haumea Marumoto,OH,Long Beach St.,9,10,3,1,10,0.200,0,0,0,0,0,0,0,1,0,3.0,"Honolulu, Hawaii",
2026,Danielle Caligiuri,S,Central Conn. St.,8,26,0,0,2,0.000,25,3,10,14,0,0,0,0,0,3.0,,
2026,Erin Goodson,DS,SFA,8,26,1,1,3,0.000,3,2,1,47,0,0,0,0,0,3.0,"Deer Park, Texas",
2026,Taylor Dunlap,S,CSUN,8,25,1,0,5,0.200,37,2,6,14,0,0,0,0,0,3.0,"Manhattan Beach, Calif.",Mira Costa HS
2026,Juliana Rivera,DS,Youngstown St.,8,25,0,0,0,--,10,3,9,40,0,0,0,0,0,3.0,"Manatí, Puerto Rico",Colegio Adianez
2026,Emma Cugino,L/DS,Texas,8,24,0,0,0,--,2,3,6,27,0,0,0,0,0,3.0,"Galena, Ohio",Olentangy Orange
2026,Stalena Van Deusen,L,Miami (FL),8,23,0,0,0,--,4,3,4,22,0,0,0,0,0,3.0,"West Chester, Pa.",Unionville HS/East Coast Power Volleyball
2026,Lily Nicholson,S,Texas A&M,8,22,3,1,4,0.500,91,0,0,26,0,0,0,0,1,3.0,"McKinney, Texas",
2026,Brooke Wilson,DS,Hofstra,8,22,0,0,0,--,0,3,4,4,0,0,0,0,0,3.0,"Waxhaw, NC",Marvin Ridge
2026,Erin Clark,L/DS,Alabama,8,20,0,0,1,0.000,2,3,6,2,0,0,0,0,0,3.0,"Tempe, Ariz.",Corona Del Sol
2026,Emily Matias,OH,Mercer,8,20,0,0,0,--,0,3,1,5,0,0,0,0,0,3.0,,
2026,Sara Sykes,L/DS,UAB,8,20,0,0,1,0.000,0,3,4,9,0,0,0,0,0,3.0,,
2026,Preslee Thompson,DS,South Alabama,8,19,0,0,0,--,1,3,4,14,0,0,0,0,0,3.0,"Tuscaloosa, Ala.",
2026,DaMya Mann,S,Oklahoma,8,14,0,0,0,--,5,3,6,2,0,0,0,0,0,3.0,"San Antonio, Texas",
2026,Hailey Maes,MB,UConn,8,12,2,3,9,-0.111,0,0,0,3,1,1,0,0,0,3.0,"Whippany, New Jersey",
2026,Sarah Williams,OH,Bucknell,8,10,2,0,4,0.500,0,0,1,2,2,0,2,1,0,3.0,"Safety Harbor, Fla.",
2026,Yuna Yang,S,Brown,7,26,0,0,2,0.000,7,3,3,26,0,0,0,0,0,3.0,,
2026,Megan Phan,S,Brown,7,20,1,1,6,0.000,45,2,1,12,0,0,0,0,0,3.0,,
2026,Maddy Smith,OH,Brown,7,20,0,1,1,-1.000,0,3,1,2,0,0,0,0,0,3.0,"McHenry, Ill.",McHenry
2026,Peyton Carlson,DS,Creighton,7,18,0,0,0,--,0,3,2,3,0,0,0,0,0,3.0,"Waupaca, Wis.",Waupaca
2026,Ellie Adams,OH,Purdue Fort Wayne,7,16,0,0,0,--,3,3,6,6,0,0,0,0,0,3.0,"Mishawaka, Ind.",Mishawaka
2026,Hayden Shanafelt,DS,UC San Diego,7,16,0,0,0,--,1,3,2,1,0,0,0,0,0,3.0,"San Clemente, Calif.",San Clemente HS
2026,Sa'Mya Dorsey,OPP,NC State,7,14,3,0,11,0.273,1,0,0,0,0,0,0,0,0,3.0,"Phoenix, AZ",
2026,Carlyle Johnson,OH,Duke,7,13,3,4,10,-0.100,2,0,1,2,0,0,0,1,0,3.0,"Wichita, Kan.",Wichita Collegiate School
2026,Kaylie Baumgart,MB,Duquesne,7,9,1,2,5,-0.200,0,1,0,1,2,0,2,1,0,3.0,"Pittsburgh, Pa.",Chartiers Valley
2026,Elizabeth Pickett,OH,UTEP,7,8,3,2,10,0.100,0,0,4,2,0,0,0,0,0,3.0,"Fort Worth, Texas",Covenant Classical HS
2026,Ekin Aslanmirza,OH,Houston Christian,6,23,0,1,3,-0.333,0,3,11,31,0,0,0,0,0,3.0,"Istanbul, Turkey",Notre Dame de Sion
2026,Mira Ledermueller,S,Syracuse,6,18,0,0,2,0.000,8,3,7,5,0,0,0,0,0,3.0,"Endorf, Germany",
2026,Ivey Lucas,S,Gardner-Webb,6,16,2,0,7,0.286,39,1,6,13,0,0,0,0,0,3.0,"Poquoson, Va.",Poquoson HS
2026,Lydia Stephens,DS,Eastern Ky.,6,16,1,0,1,1.000,1,2,6,11,0,0,0,0,0,3.0,"Louisville, Ky.",
2026,Larissa Hiemer,S,Stetson,6,15,2,1,7,0.143,25,0,2,13,1,1,0,0,0,3.0,"Halle, Germany",Sportgymnasium Schwerin
2026,Reilly Garrity,S,New Hampshire,6,11,1,2,6,-0.167,24,2,1,7,0,0,0,0,0,3.0,"Chicago, Ill.",Loyola Academy
2026,Kamiera Watkins,OPP,UNLV,6,11,2,0,5,0.400,0,0,0,1,2,0,2,0,0,3.0,"Euless, Texas",Euless Trinity HS
2026,Zedo Yilmaz,OH,American,6,11,1,1,4,0.000,1,2,3,10,0,0,0,0,0,3.0,"Istanbul, Turkey",Kemerburgaz Okyanus
2026,Sophie Butler,MB,Cleveland St.,6,10,2,1,10,0.100,0,0,0,1,2,0,2,2,0,3.0,,
2026,Kate Whiteley,S,Davidson,5,17,0,1,1,-1.000,0,3,1,2,0,0,0,0,0,3.0,"Pacific Palisades, Calif.",
2026,Abby Yoder,S,Ohio St.,5,17,0,0,0,--,2,3,3,4,0,0,0,0,0,3.0,,
2026,Vanessa Washington,MB,Akron,5,14,1,1,6,0.000,0,0,2,1,3,1,2,0,0,3.0,"Marietta, Ga.",Kell HS | North Dakota |
2026,Rhyan Holloway,OH,Alabama A&M,5,13,0,0,0,--,0,3,1,5,0,0,0,0,0,3.0,"Huntsville, Ala.",
2026,Alexis Opland,S,Seton Hall,5,13,1,2,4,-0.250,4,0,2,7,2,2,0,0,0,3.0,"Woodbury, Minn.",
2026,Ana Del Angel Aguilar,S,Fordham,5,12,0,1,1,-1.000,1,3,4,4,0,0,0,0,0,3.0,"The Woodlands, Texas",John Cooper
2026,Miriam Unongo,RS,St. Thomas (MN),5,12,3,3,6,0.000,0,0,0,0,0,0,0,0,0,3.0,,
2026,Rodaina Mohamed,S,LIU,5,11,1,1,5,0.000,13,1,1,4,2,0,2,0,0,3.0,"Cairo, Egypt",El Kodsen International School
2026,Melis Aydin,S,Murray St.,5,9,0,0,1,0.000,6,3,1,12,0,0,0,0,0,3.0,"Istanbul, Türkiye",Ozel Okyanus High School
2026,Langley Griffin,OH,Utah,5,9,0,0,1,0.000,0,3,1,2,0,0,0,0,0,3.0,"Gig Harbor, Wash.",Peninsula HS
2026,Briana Pagan,OH,Howard,5,7,2,4,23,-0.087,0,0,0,1,1,1,0,0,0,3.0,"Dorado, Puerto Rico",IMG Academy
2026,Sarah Bettis,OH,Akron,4,13,3,5,16,-0.125,1,0,1,4,0,0,0,0,0,3.0,"Blissfield, Mich.",Blissfield HS
2026,Aaniyah Kitchen,MB,McNeese,4,10,3,4,15,-0.067,0,0,0,1,0,0,0,0,0,3.0,"Amarillo, Texas",West Plains High
2026,Zoey Vandel,OH,Jacksonville,4,10,3,1,7,0.286,0,0,0,0,0,0,0,1,0,3.0,"Panama City Beach, Fla.",Arnold
2026,Melania Katsitadze,OH,LMU (CA),4,9,3,2,7,0.143,0,0,0,1,0,0,0,0,0,3.0,"Tbilisi, Georgia",LEPL-Tbilisi Public School N161
2026,Camila Torquati,S,Northwestern St.,4,9,0,2,8,-0.250,16,0,0,2,5,1,4,0,0,3.0,,
2026,Jojo Miller,MB,Ohio St.,4,8,2,0,6,0.333,0,0,0,0,2,0,2,1,0,3.0,,
2026,Anna Hanson,OPP,Siena,4,7,2,4,14,-0.143,0,0,0,1,2,0,2,0,0,3.0,"Sonoma, Calif.",Justin-Siena School / Saint Mary's College (Calif.) (Absolute VBC)
2026,Gabby Wold,OH,Holy Cross,4,7,3,4,15,-0.067,0,0,0,2,0,0,0,0,0,3.0,"Hartland, Wis.",Arrowhead
2026,Sarah Hickman,OPP,Stanford,4,4,2,1,4,0.250,0,0,0,0,2,0,2,0,0,3.0,"Houston, Texas",Stratford
2026,Allison Bowser,OH,West Ga.,3,10,0,0,0,--,2,3,4,2,0,0,0,0,0,3.0,,
2026,Hannah Brady,L,Michigan,3,8,0,0,0,--,2,3,3,4,0,0,0,0,0,3.0,"Agoura Hills, Calif.",
2026,Reagan Elizondo,OH,Georgia St.,3,7,2,0,5,0.400,2,1,1,13,0,0,0,0,0,3.0,"Spring Branch, Texas",Cornerstone Christian
2026,Liliana Gegovic,RS,West Florida,3,7,3,4,15,-0.067,0,0,0,2,0,0,0,0,0,3.0,,
2026,Payton Whalen,OH,Florida St.,3,7,3,3,15,0.000,0,0,0,1,0,0,0,0,0,3.0,"Peoria, Arizona",
2026,Charlotte Dudik,OH,SIUE,3,6,3,2,6,0.167,0,0,0,0,0,0,0,0,0,3.0,"Indianapolis, Ind.",
2026,Addy Gaido,OH,Texas,3,6,3,1,9,0.222,0,0,0,1,0,0,0,0,0,3.0,"Georgetown, Texas",Georgetown
2026,Alyssa Hook,OH,USC Upstate,3,6,2,2,15,0.000,0,0,0,3,2,0,2,0,0,3.0,"Boca Raton, Fla.",West Boca Raton HS
2026,Leah Okogbenin,MB,UNC Asheville,3,6,1,0,2,0.500,0,0,0,0,4,0,4,0,0,3.0,"Fort Mill, S.C.",Catawba Ridge HS
2026,Olivia Penske,S,Georgetown,3,6,0,0,0,--,16,3,0,6,0,0,0,0,0,3.0,"Los Angeles, Calif.",Marymount High School
2026,Kaitlyn Sellner,MB,UNI,3,6,2,1,4,0.250,0,0,0,1,2,0,2,0,0,3.0,"Eagan, Minn.",Eagan HS
2026,Olivia Stein,OH,Wichita St.,3,6,3,1,10,0.200,0,0,0,2,0,0,0,0,0,3.0,"Ingalls, Kan.",Ingalls HS
2026,Gabriella Pitcel,MB,Illinois,2,5,1,0,4,0.250,0,0,0,1,4,0,4,0,0,3.0,"Mukwonago, Wis.",
2026,Peri Linterman,MB,James Madison,2,4,3,0,3,1.000,0,0,0,0,0,0,0,0,0,3.0,"Fredericksburg, Va.",Riverbend
2026,Eden Eyassu,L/DS,N.C. A&T,10,27,0,0,1,0.000,5,2,2,23,1,0,1,0,0,2.5,"Romeoville, Ill.",Romeoville
2026,Aurie Duncan,OPP,Gonzaga,10,19,2,1,13,0.077,0,0,1,3,1,0,1,0,0,2.5,"Hamilton, Mont.",Hamilton HS
2026,Lucy McCollum,S,Ball St.,6,11,1,1,7,0.000,24,1,1,9,1,0,1,0,0,2.5,,
2026,Cami Roberts,S,Winthrop,5,13,2,0,14,0.143,75,0,2,12,1,0,1,0,0,2.5,"Myrtle Beach, SC",Socastee
2026,Addison Williams,MB,Fresno St.,5,12,0,0,2,0.000,0,0,0,0,4,1,3,0,0,2.5,"South Lyon, Mich.",
2026,MaryGrace Gonyeau,OH,Virginia,5,10,2,6,16,-0.250,1,0,1,3,1,0,1,0,0,2.5,"Raleigh, N.C.",Cardinal Gibbons
2026,Taylor Johnson,MB,Iowa St.,4,12,1,3,11,-0.182,0,0,0,3,3,0,3,0,0,2.5,"Houston, Texas",Ridge Point
2026,Leah Allen,RS,Niagara,4,8,2,3,10,-0.100,0,0,0,2,1,0,1,0,0,2.5,"Buffalo, NY",Iroquois Senior High
2026,Gizem Eroglu,MB,Kansas City,4,8,1,1,11,0.000,0,0,0,1,3,0,3,0,0,2.5,"Izmir, Turkey",Gelisim Koleji
2026,Allie Grossenbach,OH,Utah,4,7,2,4,9,-0.222,0,0,0,2,1,0,1,0,0,2.5,Herriman,Mountain Ridge High
2026,Cecilia Christy,MB,Elon,4,6,2,2,7,0.000,0,0,1,0,1,0,1,0,0,2.5,"Pittsburgh, Pa.",Mars Area
2026,Pilar Presson,OH,George Washington,4,6,2,0,4,0.500,0,0,0,0,1,0,1,0,0,2.5,"Lansdale, PA",
2026,Berrak Sporeli,MB,Marquette,3,11,2,1,4,0.250,0,0,0,0,1,0,1,0,0,2.5,"Instanbul, Turkey",
2026,Peytyn Pyle,MB,Samford,3,9,2,1,8,0.125,0,0,1,0,1,0,1,0,0,2.5,"Spring, TX",
2026,Callie Funk,MB,Yale,3,8,2,0,2,1.000,0,0,0,0,1,0,1,0,0,2.5,"Katy, Tex.",Obra D. Tompkins
2026,Madi Victoriano,S,Vanderbilt,3,4,1,2,4,-0.250,17,1,0,8,1,0,1,0,0,2.5,,
2026,Ryan Sadler,OH,Kansas,3,3,2,2,5,0.000,0,0,0,0,1,0,1,0,0,2.5,,
2026,Anne Brauckmiller,OH,Southeastern La.,2,6,1,1,8,0.000,1,1,0,4,1,0,1,0,0,2.5,"Goodyear, Ari.",Millennium High
2026,Jaeli Rutledge,MB,Kansas,2,6,1,1,4,0.000,0,0,0,1,3,0,3,0,0,2.5,,
2026,Gabriella Vizek,MB,American,2,6,2,0,3,0.667,0,0,0,0,1,0,1,0,0,2.5,,
2026,Marin Dunaway,OH,Bowling Green,2,5,2,2,7,0.000,0,0,0,0,1,0,1,0,0,2.5,"Pittsburgh, Pa.",
2026,Ella Loges,OH,A&M-Corpus Christi,2,5,2,1,4,0.250,0,0,0,2,1,0,1,0,0,2.5,"Chandler, AZ",Hamilton HS
2026,Ava Olsen,OH,Ga. Southern,2,3,2,1,5,0.200,0,0,0,0,1,0,1,0,0,2.5,"Broomfield, Colo.",Holy Family
2026,Lola Sageer,OH,Pittsburgh,2,3,2,2,6,0.000,1,0,0,2,1,0,1,0,0,2.5,"Syracuse, NY",Liverpool HS
2026,Sophia Loomis,MB,Wright St.,2,2,1,0,2,0.500,0,0,0,0,2,1,1,0,0,2.5,,
2026,Gracison Saylors,MB,Kentucky,1,3,2,2,8,0.000,0,0,0,1,1,0,1,0,0,2.5,"Calhoun, Ga.",Calhoun HS
2026,Lydia Zeng,L/DS,George Washington,17,62,0,0,3,0.000,51,2,2,224,0,0,0,0,1,2.0,"Marietta, GA",
2026,Emma Ortiz,L/DS,East Carolina,17,58,0,0,3,0.000,23,2,2,128,0,0,0,0,0,2.0,"Orlando, Fla.",Winter Park High School
2026,Bella Castro,L/DS,New Mexico St.,17,51,0,0,1,0.000,3,2,1,21,0,0,0,0,0,2.0,"Las Cruces, N.M.",Centennial HS
2026,Savannah Baron,DS,Holy Cross,17,41,1,0,6,0.167,3,1,8,43,0,0,0,0,0,2.0,"San Jose, Calif.",Archbishop Mitty
2026,Sophia Johnson,L/DS,California,16,66,2,0,5,0.400,59,0,0,214,0,0,0,0,0,2.0,"Wayzata, Minn.",Wayzata HS
2026,Cali Foster,L/DS,Western Ky.,16,60,1,0,1,1.000,10,1,7,77,0,0,0,0,0,2.0,,
2026,Claire Jones,DS,SIUE,16,58,1,0,6,0.167,26,1,3,79,0,0,0,0,0,2.0,"Overland Park, Kan.",
2026,Iris Williams,L/DS,App State,16,56,1,0,1,1.000,3,1,13,19,0,0,0,0,0,2.0,"Louisville, Ky.",Assumption
2026,Ceci Bustamante,L/DS,Central Mich.,16,46,0,2,6,-0.333,20,2,7,112,0,0,0,0,0,2.0,"Horizon City, Texas",Eastlake HS
2026,Kiana Souza,L/DS,Lamar University,16,35,0,1,2,-0.500,11,2,11,55,0,0,0,1,0,2.0,"San Antonio, Texas",John M. Harlan HS (Weatherford College)
2026,Emmy Sher,L/DS,Indiana St.,15,60,1,0,5,0.200,50,1,9,180,0,0,0,0,0,2.0,"Lenexa, Kan.",Olathe Northwest
2026,Katelyn Stooksbury,L/DS,Samford,15,60,0,2,4,-0.500,7,2,5,108,0,0,0,0,0,2.0,"Knoxville, TN",
2026,Orian Drore,L/DS,San Jose St.,15,58,2,1,8,0.125,67,0,0,167,0,0,0,0,0,2.0,,
2026,Megan Platt,L/DS,Towson,15,55,1,0,2,0.500,19,1,10,128,0,0,0,0,0,2.0,"Lancaster, Pa.",Lampeter-Strasburg H.S.
2026,Cortni Youngblood,DS,UC Santa Barbara,15,55,2,1,7,0.143,59,0,0,200,0,0,0,0,0,2.0,"Los Angeles, Calif.",Lakewood HS
2026,Julianna Santiago,L/DS,North Florida,15,49,0,1,1,-1.000,11,2,8,74,0,0,0,0,0,2.0,,
2026,McKenna Payne,L,Utah,15,46,0,0,1,0.000,2,2,12,55,0,0,0,0,0,2.0,"Monroe, Mich.",St. Mary Catholic Central HS
2026,Rainey Weidman,L/DS,Central Mich.,15,41,0,0,4,0.000,12,2,9,87,0,0,0,0,0,2.0,,
2026,Molly McCarthy,L/DS,TCU,15,34,0,0,2,0.000,3,2,3,37,0,0,0,0,0,2.0,"Rancho Mirage, Calif.",Palm Desert HS
2026,Bailey Foolkes,L,McNeese,15,28,0,0,0,--,0,2,2,5,0,0,0,0,0,2.0,"Lake Charles, La.",Sam Houston High
2026,Faith Frame,L/DS,Arizona St.,14,52,0,0,0,--,56,2,1,151,0,0,0,0,0,2.0,,
2026,Francesca Popescu,DS,California,14,52,0,0,0,--,6,2,4,72,0,0,0,0,0,2.0,"Johns Creek, Ga.",Lambert HS
2026,Taylor Deckert,L/DS,Southern California,14,49,1,0,4,0.250,35,1,19,167,0,0,0,0,0,2.0,"Manhattan Beach, Calif.",Mira Costa HS
2026,Callie Kieffer,S,Florida St.,14,49,0,0,3,0.000,216,2,12,43,0,0,0,0,3,2.0,"Prosper, Texas",
2026,Molly Beatty,S,Bowling Green,14,38,0,3,14,-0.214,130,2,9,53,0,0,0,0,0,2.0,"Indianapolis, Ind.",
2026,Campbell Love,L,Rice,14,38,0,1,1,-1.000,7,2,6,58,0,0,0,0,0,2.0,"Trophy Club, Texas",
2026,Brinkley Reeves,OH,SFA,14,37,0,0,0,--,1,2,5,5,0,0,0,0,0,2.0,"San Marcos, Texas",
2026,Miray Su Keskin,L,New Hampshire,14,35,1,0,5,0.200,3,1,4,57,0,0,0,0,0,2.0,"Ankara, Turkey",Incek Doga High School
2026,Kelli Ennis,DS,Sacred Heart,14,31,0,0,1,0.000,3,2,8,8,0,0,0,0,0,2.0,"Trumbull, Conn.",St. Joseph
2026,Ella Hemmings,L/DS,LSU,13,53,0,1,1,-1.000,13,2,12,85,0,0,0,0,0,2.0,,
2026,McKenna Brand,L/DS,Oklahoma,13,50,0,0,0,--,10,2,3,64,0,0,0,0,0,2.0,"Lucas, Texas",
2026,Maila Ribeiro,L/DS,Oregon,13,41,0,0,0,--,11,2,7,85,0,0,0,0,0,2.0,"Rio de Janeiro, Brazil",CEL Intercultural
2026,Elouise Czajkowski,L/DS,Xavier,13,39,0,1,3,-0.333,5,2,13,43,0,0,0,0,0,2.0,"Murfreesboro, Tenn.",Siegel
2026,Dila Derendeli,OH,Hampton,13,39,1,1,6,0.000,12,1,2,73,0,0,0,0,0,2.0,"Bursa, Turkey",TED Bursa College
2026,Amiyah Eason,DS,Portland,13,38,0,0,0,--,2,2,5,13,0,0,0,0,0,2.0,"Boring, Ore.",Sam Barlow HS
2026,Taylor Ellis,L/DS,Bethune-Cookman,13,38,2,2,22,0.000,10,0,0,62,0,0,0,0,0,2.0,"Gainesville, Fla.",Gainesville HS
2026,Lianna Ortiz,L,UIC,13,38,0,0,0,--,6,2,10,25,0,0,0,0,0,2.0,"Romeoville, Ill.",Romeoville
2026,Mikayla Porter,S,UCF,13,38,0,1,6,-0.167,21,2,9,26,0,0,0,0,0,2.0,"Deerfield Beach, Fla.",St. Thomas Aquinas
2026,Paisley Douglas,L/DS,Southern California,13,37,0,0,1,0.000,1,2,12,35,0,0,0,0,0,2.0,"Omaha, Neb.",Skutt Catholic HS
2026,Taryn Kirsch,L/DS,Illinois,13,37,0,0,1,0.000,0,2,4,6,0,0,0,0,0,2.0,"Sioux Falls, S.D.",
2026,Kaden Sanders,OH,Norfolk St.,13,37,0,1,6,-0.167,8,2,5,38,0,0,0,0,0,2.0,"Nashville, Tenn.",
2026,McKenna Giles,L/DS,UC Riverside,13,35,2,0,6,0.333,20,0,9,54,0,0,0,0,0,2.0,"Corona, Calif.",Corona Centennial HS
2026,Vitoria Stedile,L/DS,Stetson,13,35,0,1,3,-0.333,11,2,3,56,0,0,0,0,0,2.0,"Curitiba, Brazil",
2026,Evelyn Keefer,L,Western Caro.,13,34,0,0,1,0.000,4,2,9,40,0,0,0,0,0,2.0,"Winder, Ga.",Lanier Christian Academy
2026,Finley Hilliard,L/DS,Chattanooga,13,31,0,0,2,0.000,7,2,6,35,0,0,0,0,0,2.0,"Soddy Daisy, Tenn.",Soddy Daisy High School
2026,Yvette Easton,L,Harvard,12,43,2,0,9,0.222,50,0,0,156,0,0,0,0,0,2.0,"Westwood, Mass.",Westwood High School
2026,Teagan Hogan,L/DS,Virginia,12,43,2,0,15,0.133,36,0,5,67,0,0,0,0,0,2.0,"Raleigh, N.C.",Leesville Road
2026,Kate Thibault,L/DS,Minnesota,12,43,1,0,1,1.000,13,1,4,60,0,0,0,0,0,2.0,"HOMETOWN
WATERTOWN, MINN.",
2026,Italya Carter,S,Tennessee St.,12,37,0,0,11,0.000,30,2,14,46,0,0,0,1,0,2.0,"Avondale, Ariz.",Estrella Foothills
2026,Sofija Djordjevic,L,South Fla.,12,35,0,1,3,-0.333,22,2,7,99,0,0,0,0,0,2.0,"Belgrade, Serbia",
2026,Kayla Baetzel,DS,Troy,12,33,0,0,0,--,10,2,7,29,0,0,0,0,0,2.0,,
2026,Sophie Buysse,DS,UNI,12,31,1,0,2,0.500,0,1,2,12,0,0,0,0,0,2.0,"West Liberty, Iowa",West Liberty HS
2026,Koko Kirsch,DS,Stanford,12,30,0,0,0,--,0,2,6,14,0,0,0,0,0,2.0,"Trabuco Canyon, Calif.",El Toro
2026,Gabrielle Emch,L/DS,Colgate,12,29,0,0,0,--,1,2,1,6,0,0,0,0,0,2.0,"Atlanta, Ga.",Pace Academy
2026,Mya Lei-Butters,L,NJIT,11,35,0,0,3,0.000,14,2,2,51,0,0,0,0,0,2.0,"Ankeny, Iowa",Ankeny Centiennal
2026,Cat Smith,L/DS,Robert Morris,11,34,0,0,1,0.000,2,2,2,31,0,0,0,0,0,2.0,"Moonee Ponds, Australia",Maribyrnong College
2026,Simone Roslon,OH,Stanford,11,32,2,0,2,1.000,4,0,14,39,0,0,0,0,0,2.0,"Hermosa Beach, Calif.",Mira Costa
2026,Ava Roth,L,Arkansas,11,31,0,0,0,--,0,2,11,19,0,0,0,1,0,2.0,"Festus, Mo.",Jefferson HS
2026,Isabella Rodriguez,DS,N.C. Central,11,29,1,0,3,0.333,4,1,1,38,0,0,0,0,0,2.0,"St. Cloud, Fla.",
2026,Kate Martin,OH,UC Santa Barbara,11,28,0,0,2,0.000,8,2,6,26,0,0,0,0,0,2.0,"Mar Vista, Calif.",Marymount HS
2026,Callie Krueger,L/DS,Texas,11,26,0,0,0,--,0,2,2,7,0,0,0,0,0,2.0,"Austin, Texas",Dripping Springs
2026,Savannah Curtis,L,Boston College,11,23,1,0,2,0.500,6,1,6,21,0,0,0,0,0,2.0,"Laguna Niguel, Calif.",Dana Hills
2026,Kaylin Schroeder,S,Eastern Mich.,11,22,2,1,13,0.077,70,0,3,28,0,0,0,0,0,2.0,,
2026,Katherine Eigner,DS,Bowling Green,11,20,0,0,0,--,0,2,3,5,0,0,0,0,0,2.0,,
2026,Jordan Bruckner,L/DS,Loyola Chicago,10,33,1,1,5,0.000,2,1,5,49,0,0,0,0,0,2.0,"Bel Aire, Kan.",East
2026,Selah O'Connor,S,Villanova,10,32,1,2,3,-0.333,130,1,14,38,0,0,0,5,0,2.0,"Litchfield Park, Ariz.",Xavier College Prep
2026,Maren O'Farrell,L/DS,Cal Poly,10,31,0,0,2,0.000,9,2,6,36,0,0,0,0,0,2.0,,
2026,Hailey Botello,L,Grambling,10,28,0,1,3,-0.333,2,2,1,23,0,0,0,0,0,2.0,"Mission, TX",
2026,Jaci Hall,OH,East Carolina,10,27,0,0,0,--,0,2,8,12,0,0,0,0,0,2.0,"San Antonio, Texas",Harlan High School
2026,Vivien Affeldt,L/DS,New Hampshire,10,26,0,0,3,0.000,7,2,3,24,0,0,0,0,0,2.0,"Roseville, Minn.",Minnehaha Academy
2026,Ryan Rusher,OH,Louisiana Tech,10,24,0,0,5,0.000,1,2,6,15,0,0,0,0,0,2.0,"Little Rock, Ark.",Baptist Preparatory HS
2026,Manon Baudrillard,S,Hawaii,10,23,0,0,1,0.000,11,2,2,4,0,0,0,1,1,2.0,"Paris, France",Lycée Polyvalent Bellevue
2026,Brayla Doss,L/DS,Alcorn,10,21,0,0,2,0.000,1,2,2,9,0,0,0,0,0,2.0,"Memphis, Tenn.",MASE-Memphis
2026,Sade Ilawole,S,Indiana,10,21,0,0,0,--,4,2,3,3,0,0,0,0,0,2.0,,
2026,Maddie Kmetz,S,Valparaiso,10,21,0,0,1,0.000,39,2,6,14,0,0,0,0,0,2.0,,
2026,Halle Norvell,S,South Alabama,10,18,0,0,2,0.000,35,2,2,3,0,0,0,0,0,2.0,"London, Ky.",
2026,Ali Natt,L,Boston College,10,15,0,0,1,0.000,0,2,10,9,0,0,0,0,0,2.0,"Fort Lauderdale, Fla.",Pine Crest School
2026,Harper Highfill,L/DS,Southeast Mo. St.,10,14,0,0,4,0.000,4,2,4,6,0,0,0,0,0,2.0,"Wildwood, Mo.",Eureka
2026,Kyndal Ganoe,L,Duke,9,35,0,0,0,--,5,2,3,16,0,0,0,0,0,2.0,"Bardstown, Ky.",Bardstown
2026,Selah Simien,L/DS,Jacksonville,9,31,1,0,2,0.500,12,1,4,48,0,0,0,1,0,2.0,"Lawrence, Kan.",Lawrence
2026,Alisandra Hayes,OH,Wright St.,9,24,0,1,2,-0.500,0,2,10,28,0,0,0,0,0,2.0,,
2026,Natalie Surges,OH,Princeton,9,23,1,3,16,-0.125,1,1,5,23,0,0,0,0,0,2.0,"Brookfield, Wisc. / Brookfield East",
2026,Alaina Walker,S,Morgan St.,9,21,0,0,6,0.000,25,2,1,7,0,0,0,0,0,2.0,"Charlotte, N.C.",Cox Mill High School
2026,Genevieve Harris,S,Texas,9,20,0,0,0,--,46,2,9,19,0,0,0,0,0,2.0,"Raleigh, N.C.",Cardinal Gibbons
2026,Ella Joesting,L/DS,New Mexico,9,20,0,0,0,--,2,2,5,23,0,0,0,0,0,2.0,,
2026,Avery Freeman,DS,Indiana,9,18,0,0,0,--,2,2,6,1,0,0,0,0,0,2.0,,
2026,Alyssandra Ordona,L/DS,Portland St.,9,16,0,0,0,--,0,2,2,5,0,0,0,0,0,2.0,"Vancouver, Wash.",Seton Catholic College Prep
2026,Tess DeZurik,L/DS,Campbell,8,21,0,0,0,--,4,2,3,10,0,0,0,0,0,2.0,"Wake Forest, NC",Falls Lake
2026,Maggie Penn,L/DS,South Carolina,8,21,0,0,0,--,1,2,4,10,0,0,0,0,0,2.0,Freshman,"Creedmoor, North Carolina"
2026,Josie Imes,OH,Alabama,8,19,0,0,1,0.000,1,2,0,7,0,0,0,0,0,2.0,"Zionsville, Ind.",Zionsville Community HS
2026,Jessica Lee,L/DS,Georgetown,8,19,0,1,4,-0.250,5,2,1,20,0,0,0,0,0,2.0,"Ypsilanti, Mich.",Skyline High School
2026,Carol Herrero,OH,Milwaukee,8,18,2,2,23,0.000,3,0,1,10,0,0,0,0,0,2.0,"João Dessoa, Brazil",Colegio Eduardo Gomes
2026,Sofia Hardy,L/DS,Temple,8,17,0,0,0,--,1,1,7,7,1,1,0,0,0,2.0,"HOMETOWN
ASHBURN, VA.",
2026,Naya Martinez,DS,Charleston So.,8,17,0,0,1,0.000,2,2,3,16,0,0,0,0,0,2.0,"Honolulu, HI",Maryknoll HS
2026,Leila Ricks,L/DS,Hampton,8,17,1,0,2,0.500,1,1,3,18,0,0,0,0,0,2.0,"Hampton, Va.",Buchholz HS (FL)
2026,Margarette Vasquez,DS,UMES,8,17,1,0,1,1.000,1,1,2,4,0,0,0,0,0,2.0,"Gaithersburg, MD",Gaithersburg High School
2026,Nika Safavi,OH,California Baptist,8,16,0,1,3,-0.333,0,2,3,7,0,0,0,0,0,2.0,"Tustin, CA",Beckman HS
2026,Jenna Baller,DS,Northern Colo.,7,18,0,0,0,--,2,2,11,17,0,0,0,0,0,2.0,"Parker, Colo.",Chaparral HS
2026,Lucie Smardova,L/DS,West Virginia,7,18,0,0,0,--,6,2,1,14,0,0,0,0,0,2.0,"Brno, Czech Republic",Sportovní gymnázium Ludníka Danka
2026,Mikayla Liljenquist,S,Seattle U,7,16,0,0,1,0.000,34,1,4,13,1,1,0,0,0,2.0,,
2026,Brooklynn Moffitt,L/DS,Jackson St.,7,14,0,0,0,--,1,2,0,13,0,0,0,0,0,2.0,"Waxahachie, Texas",Waxahachie HS
2026,Ava Tiessen-Roodbol,S,Southern Utah,7,14,1,3,6,-0.333,14,1,2,4,0,0,0,0,0,2.0,"Toronto, Canada",Bayview Glen Independent School
2026,Isa Richardson,MB,Abilene Christian,7,11,1,4,10,-0.300,1,0,0,0,2,0,2,0,0,2.0,"Baton Rouge, La.",The Dunham School
2026,Kati Berezowitz,L,Vanderbilt,7,10,0,0,0,--,1,2,2,3,0,0,0,0,0,2.0,,
2026,Addison Townsend,L/DS,Southern California,6,19,0,0,0,--,2,2,3,3,0,0,0,0,0,2.0,"Los Angeles, Calif.",Marymount HS
2026,Bilge Balla,L,North Dakota,6,16,0,0,0,--,1,2,1,13,0,0,0,0,0,2.0,"Istanbul, Turkey",Okyanus College
2026,Maddalena Fiolo,S,VCU,6,16,0,0,0,--,30,1,0,17,2,0,2,0,0,2.0,"Venice, Italy",
2026,Julia Murdy,L/DS,Radford,6,16,1,1,6,0.000,2,1,3,35,0,0,0,0,0,2.0,"Canonsburg, Pa.",Canon-McMillan HS
2026,Anna Jirmasek,DS,Loyola Chicago,6,15,0,1,1,-1.000,0,2,3,17,0,0,0,0,0,2.0,"Independence, Ohio",Independence
2026,Lillian Schultheis,S,Navy,6,14,0,0,0,--,0,2,3,3,0,0,0,0,0,2.0,"Columbus, Ohio",Worthington Kilbourne
2026,Sydney Mercado,L/DS,Georgetown,6,13,0,0,0,--,2,2,4,5,0,0,0,0,0,2.0,"Long Beach, Calif.",Long Beach Polytechnic High School
2026,Cassandra Moeller,OH,Eastern Wash.,6,13,2,1,8,0.125,0,0,0,1,0,0,0,1,0,2.0,"Spokane, Wash.",Mead HS
2026,Maria Cocco-Lambia,,Delaware St.,6,12,1,1,6,0.000,0,1,3,0,0,0,0,2,0,2.0,,
2026,Addie Fielder,S,Liberty,6,9,0,0,0,--,14,2,2,7,0,0,0,0,0,2.0,,
2026,Olivia Filipowski,L/DS,Iona,5,17,1,0,1,1.000,0,1,0,5,0,0,0,0,0,2.0,"Hockessin, DE",Sanford
2026,Nicole Macalintal,L/DS,Fairfield,5,17,0,0,1,0.000,9,2,2,29,0,0,0,0,0,2.0,"San Jose, Calif.",Archbishop Mitty
2026,Ola Matusiak,S,Charleston So.,5,16,2,0,3,0.667,41,0,4,15,0,0,0,0,2,2.0,"Lódz, Poland",XXI B. Prusa HS
2026,Morgin Parsley,S,Oakland,5,15,1,0,3,0.333,38,1,5,9,0,0,0,0,0,2.0,"White Lake, Mich.",Walled Lake Northern High School
2026,Ida Wiszomirska,S,UT Martin,5,14,1,0,6,0.167,78,0,3,9,1,1,0,1,0,2.0,"Warsaw, Poland",Loomis Chaffee HS
2026,Grace Krohn,S,Louisiana Tech,5,13,1,1,4,0.000,32,1,9,15,0,0,0,0,0,2.0,"Cypress, Texas",Cypress Creek HS
2026,Samantha Callahan,S,Cal Poly,5,12,0,1,3,-0.333,48,2,2,16,0,0,0,0,0,2.0,,
2026,Mya Kattula,S,Oakland,5,12,2,2,6,0.000,11,0,1,5,0,0,0,0,0,2.0,"Rochester, Mich.",Notre Dame Prep
2026,Cathy Porter,S,North Dakota St.,5,12,1,0,4,0.250,29,1,3,16,0,0,0,0,0,2.0,,
2026,Hayden Siebenaler,MB,Canisius,5,11,0,2,10,-0.200,0,0,0,1,4,0,4,1,0,2.0,"Perrysburg, Ohio",Perrysburg
2026,Leah White,S,Niagara,5,11,0,0,0,--,0,2,1,3,0,0,0,0,0,2.0,"Ronkonkoma, NY",Connetquot
2026,Naala Kasunga,OPP,East Carolina,5,10,2,1,4,0.250,0,0,0,0,0,0,0,0,0,2.0,"Arlington, Texas",Flower Mound High School
2026,Bella Lineberger,S,Tennessee Tech,5,10,1,0,6,0.167,22,1,0,7,0,0,0,1,0,2.0,,
2026,Ayen Nyuar,MB,LSU New Orleans,5,10,1,2,9,-0.111,0,0,0,1,2,0,2,2,0,2.0,"Sydney, Australia",
2026,Samantha Bailey,OPP,California Baptist,5,9,2,4,10,-0.200,1,0,0,0,0,0,0,0,0,2.0,"Atlanta, GA",North Atlanta HS
2026,Mackenzie Dufner,S,North Dakota,5,9,0,0,0,--,2,2,2,0,0,0,0,0,0,2.0,"Minot, N.D.",Minot HS
2026,Darby Felts,OH,ETSU,5,8,2,2,6,0.000,0,0,1,1,0,0,0,0,0,2.0,"Knoxville, Tenn.",
2026,Jaedyn Riley,S,Colorado St.,5,6,2,0,2,1.000,6,0,0,1,0,0,0,0,0,2.0,"HOMETOWN
OAKDALE, CA",
2026,Hope Wagner,OH,Milwaukee,4,12,1,0,2,0.500,0,0,0,4,2,0,2,0,0,2.0,"Batavia, Ill.",Aurora Christian
2026,Rylie Sengdara,L/DS,San Diego St.,4,10,0,0,0,--,0,2,3,1,0,0,0,0,0,2.0,"Eastvale, Calif.",Eleanor Roosevelt HS
2026,Lauren Janosy,OH,UNC Greensboro,4,9,2,0,3,0.667,0,0,0,1,0,0,0,0,0,2.0,"Chardon, Ohio",Notre Dame Cathedral Latin
2026,Reese Warren,OH,Southern Miss.,4,9,1,3,11,-0.182,0,0,0,1,1,1,0,1,0,2.0,"Panama City, Fla.",
2026,Tewabech Woodson,DS,Memphis,4,9,0,0,0,--,0,2,1,6,0,0,0,0,0,2.0,,
2026,Ioanna Dimitriou,MB,Maryland,4,8,2,1,5,0.200,1,0,0,0,0,0,0,0,0,2.0,"Piraeus, Greece",
2026,MJ Rodriguez,MB,CSUN,4,8,2,0,3,0.667,0,0,0,0,0,0,0,0,0,2.0,,
2026,Gianna Tagoa'i,S,Austin Peay,4,8,1,0,2,0.500,18,1,1,9,0,0,0,0,0,2.0,"Redondo Beach, Calif.",Redondo Union
2026,Gabbi LeBlanc,S,Toledo,4,7,1,0,1,1.000,14,1,4,7,0,0,0,0,0,2.0,"Phoenix, Ariz.",Desert Vista
2026,Laura Rene-Fraser,S,Bryant,4,7,2,0,5,0.400,4,0,0,2,0,0,0,0,0,2.0,,
2026,Riley Schubert,RS,Northwestern St.,4,7,1,2,5,-0.200,0,1,1,1,0,0,0,0,0,2.0,"Covington, La.",Archbishop Hannan HS
2026,Jade Williams,OPP,Tennessee,4,7,2,0,3,0.667,0,0,1,1,0,0,0,0,0,2.0,"Atlanta, Ga.",Woodward Academy
2026,Isabella Fleurima,OH,Alabama A&M,4,5,2,3,14,-0.071,0,0,1,4,0,0,0,0,0,2.0,"Lisle, Ill.",
2026,Camille Morrison,OH,Western Mich.,3,14,0,0,1,0.000,0,2,3,2,0,0,0,0,0,2.0,"Aurora, Ill.",
2026,Hailey Spencer,OH,Weber St.,3,11,2,2,7,0.000,0,0,0,0,0,0,0,0,0,2.0,,
2026,Willow Weninger,RS,Georgia Tech,3,10,2,0,2,1.000,0,0,0,1,0,0,0,0,0,2.0,"Overland Park, KS",Blue Valley Southwest HS
2026,Madison Barrera,MB,Wofford,3,9,1,4,10,-0.300,0,0,0,0,2,0,2,0,0,2.0,"Katy, Texas",Taylor
2026,Erin Kline,S,Mississippi St.,3,9,0,0,5,0.000,52,1,3,11,2,0,2,1,0,2.0,,
2026,Emily Geaquinto,S,Chattanooga,3,7,1,1,7,0.000,3,0,1,4,2,0,2,1,0,2.0,"Boca Raton, Fla.",Saint John Paul II
2026,Nour Elsafy,OH,UIC,3,6,1,2,11,-0.091,0,0,0,12,2,0,2,0,0,2.0,"Cairo, Egypt",Misr Language Schools
2026,Kapri Garnett,OPP,Michigan,3,6,2,0,3,0.667,0,0,0,1,0,0,0,0,0,2.0,"Los Angeles, Calif",
2026,Mary Rindler,OH,Morehead St.,3,5,2,3,9,-0.111,0,0,0,0,0,0,0,0,0,2.0,"New Bremen, Ohio",New Bremen HS
2026,Aaliyah Smith,OH,Rice,3,4,2,1,5,0.200,0,0,0,3,0,0,0,1,0,2.0,"Missouri City, Texas",
2026,Sidney Duncan,MB,Stanford,3,3,1,0,2,0.500,0,0,0,0,2,0,2,0,0,2.0,"San Antonio, Texas",Keystone School
2026,Aubrey Hicks,MB,Marquette,2,8,2,1,4,0.250,0,0,0,1,0,0,0,0,0,2.0,"Menomonee Falls, WI",
2026,Asha King,RS,SFA,2,7,2,1,7,0.143,0,0,0,1,0,0,0,0,0,2.0,"Spring, Texas",
2026,Stella Terpening,MB,Eastern Ky.,2,7,1,0,2,0.500,0,0,0,0,1,1,0,0,0,2.0,"Westfield, Ind.",
2026,Sophie Vienna,S,Syracuse,2,7,0,0,0,--,0,2,4,0,0,0,0,0,0,2.0,"Huntington Beach, CA",
2026,Kyla Bellich,MH,Valparaiso,2,6,1,1,4,0.000,0,0,0,0,2,0,2,0,0,2.0,,
2026,Ihuoma Ozoh,MH,Clemson,2,6,1,2,11,-0.091,0,0,0,0,1,1,0,0,0,2.0,"Haze Crest, Ill.",Homewood-Flossmoor HS
2026,Ava Peters,S,James Madison,2,6,0,0,1,0.000,14,2,3,7,0,0,0,0,0,2.0,"River Falls, Wis.",River Falls
2026,Madison Rich,RS,Utah St.,2,6,2,3,8,-0.125,0,0,0,1,0,0,0,0,0,2.0,,
2026,Taylor Motes,MB,Old Dominion,2,5,2,2,5,0.000,0,0,0,1,0,0,0,0,0,2.0,,
2026,Katelyn Van Kirk,OH,South Dakota St.,2,5,2,1,6,0.167,0,0,0,0,0,0,0,0,0,2.0,"Bozeman, Mont.",Manhattan Christian H.S.
2026,Ashley Go,L,UIW,2,4,0,0,0,--,1,2,1,7,0,0,0,0,0,2.0,"Pflugerville, Texas",Weiss HS
2026,Alden Schwartz,RS,High Point,2,4,1,0,2,0.500,0,0,0,0,2,0,2,0,0,2.0,"Huntersville, N.C.",Bradford Prep
2026,Kennedy Scott,RS,ULM,2,4,1,0,7,0.143,1,0,0,0,1,1,0,0,0,2.0,"Melissa, Texas",Melissa HS
2026,Ava Wysocki,OPP,Illinois,2,4,2,0,3,0.667,0,0,0,0,0,0,0,0,0,2.0,"Kildeer, Ill.",
2026,Emma Elsasser,MH,Texas St.,2,3,1,0,1,1.000,0,0,0,0,2,0,2,0,0,2.0,"Katy, Texas",Tompkins HS
2026,Jocelyn Pargas,OH,Grambling,2,3,2,2,7,0.000,0,0,0,0,0,0,0,0,0,2.0,"Dallas, TX",
2026,Charlotte Pearce,MH,South Alabama,2,3,2,0,9,0.222,0,0,0,1,0,0,0,1,0,2.0,"Saraland, Ala.",
2026,Olivia Stewart,MB,Eastern Mich.,2,3,1,3,11,-0.182,0,0,0,0,2,0,2,0,0,2.0,,
2026,Bennett Trubey,MB,Harvard,2,3,1,2,4,-0.250,0,0,1,0,1,1,0,0,0,2.0,"Dallas, Texas",The Hockaday School
2026,Ella Tiarks,RS,Omaha,1,4,2,1,4,0.250,0,0,0,0,0,0,0,0,0,2.0,"Treynor, Iowa",Treynor
2026,Ava Durgan,MB,San Diego,1,3,2,2,4,0.000,0,0,0,1,0,0,0,0,0,2.0,"Spokane, WA",Mead Senior High School
2026,Nihal Kocakara,OH,FDU,1,2,2,1,7,0.143,0,0,0,1,0,0,0,0,0,2.0,"Istanbul, Turkey",Acibadem Bilim Doga College
2026,Jillian Moonan,MB,Southern Ind.,1,2,2,3,9,-0.111,0,0,0,0,0,0,0,0,0,2.0,"Chicago, IL",Mother McAuley Liberal Arts
2026,Charley Goberville,OH,Georgia St.,1,1,2,2,5,0.000,0,0,1,0,0,0,0,0,0,2.0,"Sarasota, Fla.",IMG Academy
2026,Jade Roth,MH,Lindenwood,6,15,1,2,4,-0.250,0,0,0,1,1,0,1,0,0,1.5,"Farmington, Mo.",Farmington
2026,Madeline Bildeaux,MB,Navy,6,12,0,2,2,-1.000,0,0,0,0,3,0,3,0,0,1.5,"Traverse City, Mich.",Traverse City West
2026,Daniela De Los Santos Castillo,MB,LIU,5,14,1,1,3,0.000,0,0,2,1,1,0,1,0,0,1.5,"Santo Domingo, Dominican Republic",Colegio Los Clavelines
2026,Hailee Garcia,S,Weber St.,5,13,0,0,1,0.000,17,1,0,7,1,0,1,0,0,1.5,,
2026,Dajah Williams,OH,Florida A&M,5,10,1,2,9,-0.111,0,0,0,2,1,0,1,0,1,1.5,"Williamstown, N.J.",
2026,Jacqueline Adair,OH,Western Ill.,5,9,1,4,14,-0.214,0,0,1,4,1,0,1,0,0,1.5,,
2026,Ryan Hicks,S,Duquesne,5,9,0,0,0,--,4,1,1,3,1,0,1,0,0,1.5,"Ashburn, Va.",Broad Run
2026,Mallory Matheny,S,Tennessee,5,9,1,1,4,0.000,13,0,1,2,1,0,1,0,0,1.5,"Columbus, Ohio",Bishop Hartley
2026,Billie Reiter,S,Miami (FL),4,13,0,0,7,0.000,62,1,3,20,1,0,1,0,0,1.5,"Greendale, Wisc.",Greendale HS
2026,Taylor Roloff,OH,Penn,4,12,1,4,9,-0.333,0,0,0,0,1,0,1,0,0,1.5,"Alameda, Calif.",Encinal
2026,Mia Miller,RS,Sacred Heart,4,11,1,2,3,-0.333,0,0,1,1,1,0,1,1,0,1.5,,
2026,Portia Zeidler,MB,Notre Dame,4,10,0,1,5,-0.200,0,0,0,0,3,0,3,0,0,1.5,,
2026,Erin Curtis,OH,North Carolina,4,8,1,0,5,0.200,0,0,0,3,1,0,1,0,0,1.5,"Los Altos, Calif.",Saint Francis
2026,Madison Hewitson,RS,Col. of Charleston,4,7,1,2,6,-0.167,0,0,0,3,1,0,1,0,0,1.5,"Ocala, Fla.",Trinity Catholic
2026,Riley Huff,MB,Jacksonville St.,4,7,1,0,2,0.500,0,0,0,0,1,0,1,0,0,1.5,,
2026,Mia Vukic,,Grand Canyon,3,10,0,1,1,-1.000,0,0,0,1,2,1,1,0,0,1.5,"Belgrade, Serbia",
2026,Natalie Monroe,OH,UNLV,3,6,1,2,5,-0.200,0,0,0,1,1,0,1,1,0,1.5,"Santa Cruz, Calif.",Santa Cruz HS
2026,Alaina Jarrett,MB,Tennessee,3,5,1,1,3,0.000,0,0,0,0,1,0,1,0,0,1.5,"Charleston, S.C.",Academic Magnet High School
2026,Alyssa Kenol,MB,Hofstra,3,5,1,0,4,0.250,0,0,0,0,1,0,1,0,0,1.5,"Elizabeth, NJ",Union Catholic Regional
2026,Cydnee Bryant,MB,Kansas,3,3,1,0,2,0.500,0,0,0,0,1,0,1,0,0,1.5,,
2026,Justina Asamoa,MB,Saint Louis,2,6,0,0,1,0.000,0,0,1,0,2,1,1,0,0,1.5,"Crest Hill, Ill.",Lockport Township
2026,Duda Gomes,OH,South Fla.,2,4,1,1,2,0.000,1,0,0,0,1,0,1,0,0,1.5,"Goiânia, Goiás, Brazil",Colégio NOVA VISÃO de Chopinzinho
2026,Laura Hernandez,MB,Manhattan,2,2,1,3,9,-0.222,0,0,0,0,1,0,1,0,0,1.5,"Callisburg, TX",Callisburg
2026,Camryn Hughes,MB,Loyola Chicago,2,2,1,0,1,1.000,0,0,0,0,1,0,1,0,0,1.5,"Chicago, Ill.",Kenwood
2026,Brianna Holladay,MB,Florida,1,1,1,0,2,0.500,0,0,0,0,1,0,1,0,0,1.5,,
2026,Allison Butrum,L/DS,East Carolina,17,49,0,0,1,0.000,2,1,5,48,0,0,0,0,0,1.0,,
2026,Didar Bulbul,L,Quinnipiac,16,59,1,1,6,0.000,26,0,0,108,0,0,0,0,0,1.0,"Ankara, Turkey",Bilkent Laboratory and International
2026,Tilley Collins,L/DS,Queens (NC),16,59,0,0,4,0.000,36,1,2,111,0,0,0,0,0,1.0,"Statesville, N.C.",North Iredell HS
2026,Claudia Rivera,L/DS,Temple,16,59,1,1,18,0.000,50,0,0,183,0,0,0,0,0,1.0,"HOMETOWN
GUAYNABO, PR",
2026,Dunja Stankovic,DS,UTRGV,16,54,0,0,2,0.000,26,1,11,102,0,0,0,0,0,1.0,"Sremska Mitrovica, Serbia",
2026,Peyton Turner,DS,Illinois St.,16,54,1,0,2,0.500,15,0,1,101,0,0,0,0,0,1.0,"Naperville, Ill.",Benet Academy / UTSA
2026,Payton Evans,S,Akron,15,45,0,2,8,-0.250,149,1,3,44,0,0,0,0,3,1.0,"Cincinnati, Ohio",Mason HS
2026,Emersen Werger,L/DS,Denver,15,40,0,0,0,--,3,1,6,67,0,0,0,0,0,1.0,"Santa Monica, California",Santa Monica H.S.
2026,Aubrey Goode,S,Prairie View,15,34,1,1,8,0.000,76,0,4,31,0,0,0,0,1,1.0,"Austin, Texas",Round Rock HS
2026,Payton Parsons,L/DS,Bellarmine,14,56,0,1,1,-1.000,49,1,2,212,0,0,0,0,0,1.0,"Coxs Creek, KY",Nelson County High School
2026,Lila Bryant,L/DS,UMES,14,45,0,0,4,0.000,8,1,5,73,0,0,0,0,0,1.0,"Chesapeake, VA",
2026,Kathryn O'Toole,DS,South Alabama,14,44,0,0,2,0.000,3,1,4,51,0,0,0,0,0,1.0,"Louisville, Ky.",
2026,Peyton Neal,L/DS,Colorado,14,43,1,0,2,0.500,4,0,0,38,0,0,0,0,0,1.0,,
2026,VB Trost,OH,Liberty,14,41,1,0,2,0.500,0,0,4,5,0,0,0,0,0,1.0,,
2026,Braylin Bosetski,DS,Milwaukee,14,32,0,0,0,--,2,1,3,4,0,0,0,0,0,1.0,"De Pere, Wis.",De Pere
2026,Lainee Mack,S,Col. of Charleston,14,32,1,1,2,0.000,66,0,5,32,0,0,0,0,0,1.0,"Louisville, Ky.",Sacred Heart Academy
2026,Elizabeth Tabeling,DS,Ball St.,14,29,1,0,1,1.000,7,0,2,16,0,0,0,0,0,1.0,,
2026,Dionii Fraga,L/DS,Alabama,13,48,1,0,6,0.167,27,0,0,140,0,0,0,0,0,1.0,"Dinuba, Calif.",Sanger HS
2026,Sarah Mendoza,L,UCF,13,48,0,0,0,--,4,1,6,58,0,0,0,0,0,1.0,"Bedford, Texas",Colleyville Heritage
2026,Maya Joska,S,Arkansas St.,13,41,1,2,6,-0.167,154,0,1,40,0,0,0,0,1,1.0,"Newburgh, Ind.",Castle HS
2026,Elli Kinney,L,Vanderbilt,13,40,1,0,1,1.000,10,0,1,52,0,0,0,0,0,1.0,,
2026,Madi Collins,S,Long Beach St.,13,36,0,0,1,0.000,66,1,0,17,0,0,0,1,0,1.0,"Hermosa Beach, Calif.",
2026,Gemma Morris,DS,Jacksonville St.,13,32,1,0,1,1.000,10,0,0,37,0,0,0,0,0,1.0,,
2026,Keri Leimbach,L/DS,Nebraska,13,26,0,0,0,--,6,1,2,16,0,0,0,0,0,1.0,"Lincoln, Neb.",Lincoln Lutheran
2026,Ava Holtz,DS,Kennesaw St.,13,24,0,0,0,--,1,1,7,4,0,0,0,0,0,1.0,"LaPorte, Ind.",LaPorte HS
2026,Chloe Gilley,L/DS,Indiana St.,12,47,1,0,2,0.500,8,0,1,62,0,0,0,0,0,1.0,"Columbus, Ind.",Columbus East
2026,Julia Rivera,OH,Coastal Carolina,12,43,0,0,0,--,8,1,4,51,0,0,0,0,0,1.0,"Miami, Fla.",Gulliver Prep
2026,Natalie Guerrero,DS,Grand Canyon,12,41,0,0,2,0.000,21,1,9,104,0,0,0,0,0,1.0,"Tolleson, Ariz.",Trivium Preparatory Academy
2026,Taylor Wilson,L,Mississippi Val.,12,40,1,1,28,0.000,7,0,0,72,0,0,0,0,1,1.0,"Frisco, Tx",Panther Creek HS
2026,Eliya Dev,L/DS,Pepperdine,12,36,1,0,1,1.000,0,0,3,5,0,0,0,0,0,1.0,"Bakersfield, Calif.",Liberty
2026,Trinity Gibbs,L/DS,Ark.-Pine Bluff,12,29,0,0,0,--,1,1,2,33,0,0,0,0,0,1.0,"Belleville, IL",Belleville HS
2026,Meg Goodwin,S,Tulsa,12,29,0,0,1,0.000,74,1,5,37,0,0,0,0,1,1.0,"HOMETOWN
TULSA, OKLA.",
2026,Emily Harden,S,Dayton,12,24,1,0,4,0.250,12,0,5,6,0,0,0,0,0,1.0,"Jonesboro, Ga.",Elite Scholars Academy
2026,Camila Adams,DS,Western Ky.,12,22,0,0,1,0.000,1,1,7,2,0,0,0,0,0,1.0,,
2026,Mattea Saunders,L,Wake Forest,11,38,0,0,1,0.000,6,1,3,27,0,0,0,0,0,1.0,"HOMETOWN
PHOENIX, ARIZ.",
2026,Ava-Claire Calais,S,Nicholls,11,35,0,0,0,--,3,1,3,17,0,0,0,0,0,1.0,"Franklin, La.",Central Catholic
2026,Reese Tiesing,DS,Jacksonville St.,11,34,0,0,1,0.000,6,1,22,40,0,0,0,0,0,1.0,,
2026,Kate Vrabel,L/DS,Oakland,11,32,1,0,3,0.333,3,0,9,18,0,0,0,0,0,1.0,"Brownsburg, Ind.",Brownsburg High School
2026,Berkley Bates,L,Central Ark.,11,28,0,0,0,--,0,1,1,2,0,0,0,0,0,1.0,"Bulverde, Texas",Smithson Valley HS
2026,Emelyn Stettin,S,South Fla.,11,26,1,1,5,0.000,59,0,4,19,0,0,0,0,0,1.0,"Elmhurst, Ill.",York Community High School
2026,Sloan Cleveland,L,UNLV,11,24,0,0,0,--,1,1,5,4,0,0,0,0,0,1.0,"Prosper, Texas",Prestonwood Christian Academy
2026,Sasha Godey,S,Georgia Tech,11,23,0,0,0,--,26,1,1,5,0,0,0,0,0,1.0,"Quimper, France",
2026,Drew Leonardis,L/DS,Saint Peter's,11,23,1,0,3,0.333,6,0,0,24,0,0,0,0,0,1.0,"Green Brook, NJ",Hudson Catholic Regional HS
2026,Olivia Durst,L,Miami (FL),11,22,0,0,0,--,8,1,3,18,0,0,0,0,0,1.0,"Brookfield, Wisc.",Divine Savior Holy Angels
2026,Elyannah Sonza,L/DS,Niagara,10,30,0,0,6,0.000,0,1,2,12,0,0,0,0,0,1.0,,
2026,Taylor Pratt,L/DS,Sacred Heart,10,29,0,0,0,--,1,1,6,6,0,0,0,0,0,1.0,"Kaneohe, Hawaii",Le Jardin Academy
2026,Alivia Brown,DS,Bowling Green,10,28,0,1,5,-0.200,6,1,5,38,0,0,0,0,0,1.0,"Temperance, Mich.",
2026,Kayla O'Brien,L,Liberty,10,23,0,0,0,--,1,1,2,19,0,0,0,0,0,1.0,,
2026,Sakura Codling,L/DS,UCLA,10,21,0,0,0,--,0,1,2,11,0,0,0,0,0,1.0,"Cincinnati, Ohio",Seton HS
2026,Carly Greskovics,L,Michigan,10,21,0,0,0,--,5,1,1,20,0,0,0,0,0,1.0,"Manhattan Beach, Calif.",
2026,Tyler Adams,L/DS,Rider,10,18,0,0,2,0.000,5,1,10,11,0,0,0,0,0,1.0,"Wilmington, DE",Ursuline Academy
2026,Lily Mae Buerkle,S,Washington,10,15,0,1,1,-1.000,19,1,2,5,0,0,0,0,0,1.0,"Portland, Ore.",McDaniel
2026,Addison Fowler,DS,Robert Morris,9,30,0,0,0,--,2,1,6,12,0,0,0,0,0,1.0,"Zelienople, Pa.",Seneca Valley
2026,Kadie Cardozo,L/DS,Gardner-Webb,9,27,0,0,0,--,0,1,2,1,0,0,0,0,0,1.0,"Woodbridge, Va.",Colonial Forge HS
2026,Sydney Black,DS,UTSA,9,20,0,1,3,-0.333,2,1,2,44,0,0,0,0,0,1.0,,
2026,Alivia Proctor,DS,UMES,9,20,1,0,1,1.000,0,0,0,14,0,0,0,0,0,1.0,"Phoenix, AZ",Mountain Pointe High School
2026,Sienna Foster,DS,Purdue,9,18,0,0,0,--,1,1,3,17,0,0,0,0,0,1.0,,
2026,Clara Garcia,L/DS,Seattle U,9,18,0,0,0,--,3,1,2,12,0,0,0,0,0,1.0,,
2026,Karina Smith,L/DS,Nicholls,9,17,0,0,0,--,0,1,2,5,0,0,0,0,0,1.0,"Cypress, Texas",Cy-Fair
2026,Pierson Smith,S,Abilene Christian,9,17,0,1,1,-1.000,21,1,4,9,0,0,0,0,0,1.0,"Choctaw, Okla.",Community Christian School
2026,Shiloh Clayton,L/DS,St. John's (NY),9,15,0,0,0,--,1,1,0,10,0,0,0,0,0,1.0,"Atlanta, Ga.",
2026,Aly Cox,S,Oregon St.,9,15,1,1,3,0.000,31,0,4,5,0,0,0,0,0,1.0,"Boise, Idaho",Timberline HS
2026,Teagan Brandsma,OH,Belmont,8,20,1,1,4,0.000,0,0,0,3,0,0,0,0,0,1.0,"Parker, Colo.",Lutheran HS
2026,Madison Cigna,L/DS,Stony Brook,8,20,0,1,2,-0.500,1,1,2,12,0,0,0,0,0,1.0,"Pittsburgh, Pa.",Oakland Catholic
2026,Jaci Moore,S,Alabama St.,8,19,0,0,7,0.000,44,1,1,18,0,0,0,0,0,1.0,"Fort Worth, Tex.",All Saints Episcopal
2026,Mckenna Reynolds,S,George Mason,8,18,0,0,1,0.000,0,1,3,2,0,0,0,0,0,1.0,"Glastonbury, Conn.",Glastonbury
2026,Isabella Suhy,L/DS,UConn,8,18,0,0,0,--,0,1,3,5,0,0,0,0,0,1.0,"Toledo, OH",Saint Ursula Academy
2026,Caroline Curran,L/DS,Ohio,8,17,0,0,0,--,4,1,2,5,0,0,0,0,0,1.0,"Wexford, Pa.",North Allegheny
2026,Brielle Ellis,L/DS,USC Upstate,8,17,1,1,6,0.000,0,0,6,21,0,0,0,0,0,1.0,"Cary, N.C.",Green Hope HS
2026,Libby Gee-Weiler,L/DS,Arkansas St.,8,17,0,0,1,0.000,4,1,3,25,0,0,0,0,0,1.0,"McCordsville, Ind.",Mt. Vernon HS
2026,Julia Owens,S,Omaha,8,17,0,0,0,--,7,1,5,17,0,0,0,0,0,1.0,"Tempe, Ariz.",Corona del Sol
2026,Presley Thompson,L/DS,UCLA,8,17,0,0,0,--,3,1,2,10,0,0,0,0,0,1.0,"San Diego, Calif.",La Costa Canyon HS
2026,Bloom Princell,S,UNC Greensboro,8,16,0,0,0,--,6,1,5,7,0,0,0,0,0,1.0,"Cornelius, N.C.",William Amos Hough
2026,Bjanka Stojanovic,OPP,Towson,8,14,1,3,6,-0.333,0,0,0,1,0,0,0,0,0,1.0,"Subotica, Serbia",Subotica Gymnasium
2026,Madi Kraft,L/DS,Minnesota,7,21,0,0,0,--,0,1,4,1,0,0,0,0,0,1.0,"HOMETOWN
EAGAN, MINN.",
2026,Caroline Holdsworth,L/DS,Cornell,7,20,0,0,0,--,0,1,6,24,0,0,0,0,0,1.0,,
2026,Caylan Russ,L,Florida St.,7,19,0,0,3,0.000,1,1,2,18,0,0,0,0,0,1.0,"Winter Garden, Fla.",
2026,Aliyah Pooler,RS,Alabama St.,7,16,0,0,1,0.000,0,1,3,11,0,0,0,0,0,1.0,"Birmingham, Ala.",Hoover HS
2026,Isabel Morales,L/DS,Georgia St.,7,14,0,0,0,--,3,1,1,3,0,0,0,0,0,1.0,"South Riding, Va.",Freedom
2026,Elma Bajraktarevic,S,Washington St.,7,13,0,0,1,0.000,2,1,1,4,0,0,0,0,0,1.0,,
2026,Keely McMahon-Regan,S,Duquesne,7,13,0,0,0,--,0,1,4,0,0,0,0,0,0,1.0,"Wexford, Pa.",North Allegheny
2026,Eva Goodson,S,App State,7,12,0,2,5,-0.400,6,1,1,1,0,0,0,0,0,1.0,"Tallahassee, Fla.",Lawton Chiles
2026,Avery Power,DS,Mississippi St.,7,12,0,0,0,--,1,1,1,3,0,0,0,0,0,1.0,,
2026,Brenna Corbin,L/DS,James Madison,7,11,0,0,0,--,1,1,1,1,0,0,0,0,0,1.0,"Winchester, Va.",James Wood
2026,Abi Banitt,DS,North Dakota St.,7,10,0,0,0,--,0,1,2,2,0,0,0,0,0,1.0,,
2026,Melis Ozipek,OH,Northwestern St.,7,10,0,0,0,--,0,1,2,2,0,0,0,0,0,1.0,"Izmir, Türkiye",Izmir Private Turkish College
2026,Hailey Hilsabeck,OH,Penn,6,20,0,0,2,0.000,1,0,0,27,1,1,0,0,0,1.0,"Lafayette, Calif.",Head-Royce School
2026,Ellie Moore,S,SMU,6,18,0,0,0,--,4,1,1,2,0,0,0,0,0,1.0,,
2026,Caroline Fruge,L,Tennessee Tech,6,16,1,0,2,0.500,1,0,4,17,0,0,0,0,0,1.0,,
2026,Emory Guderian,L/DS,Northern Ky.,6,15,1,0,3,0.333,0,0,1,16,0,0,0,0,0,1.0,"Fort Wayne, Ind.",Carroll HS
2026,Avery Sands,DS,Missouri St.,6,15,0,0,1,0.000,3,1,2,18,0,0,0,0,0,1.0,,
2026,Rana Yamada,L,South Fla.,6,14,1,0,1,1.000,9,0,3,16,0,0,0,0,0,1.0,"Yokohama, Japan",Kawasaki Tachibana High School
2026,Ava Gibbs,L/DS,Utah St.,6,13,0,0,0,--,0,1,2,3,0,0,0,0,0,1.0,,
2026,Alexa Ham,OH,Nevada,6,13,0,0,0,--,0,1,1,0,0,0,0,0,0,1.0,"Las Vegas, Nev.",Bishop Gorman High School
2026,Reese Hone,DS,Boise St.,6,13,0,0,0,--,0,1,4,8,0,0,0,0,0,1.0,"Idaho Falls, Idaho",Thunder Ridge HS
2026,Kelly McAuley,OH,Ohio St.,6,13,1,1,5,0.000,0,0,1,11,0,0,0,0,0,1.0,,
2026,Ziva Labinjan,S,Arizona St.,6,12,0,0,0,--,24,1,3,6,0,0,0,0,1,1.0,,
2026,Jenna DeLaMater,L,Rutgers,6,11,0,0,0,--,0,1,0,3,0,0,0,0,0,1.0,"Cabot, Ark.",Cabot
2026,Lyrique Alteus,MB,Hampton,6,10,0,3,8,-0.375,0,0,0,1,2,0,2,0,1,1.0,"Lumberton, N.J.",Rancocas Valley Regional High
2026,Ma'kayla Coats,RS,Alcorn,6,10,1,1,7,0.000,0,0,4,5,0,0,0,0,0,1.0,"Ann Arbor, Mich.",Pioneer HS
2026,Brookelyn Hatton,L/DS,Arizona,6,10,1,0,1,1.000,0,0,2,6,0,0,0,0,0,1.0,"Overland Park, Kan.",Blue Valley West H.S.
2026,Jayla Jackson,OH,Abilene Christian,6,10,1,2,7,-0.143,0,0,3,0,0,0,0,0,0,1.0,"Prosper, Texas",Prosper HS
2026,Olivia Klimis,S,Florida,6,10,0,0,0,--,0,1,2,3,0,0,0,0,0,1.0,,
2026,Alana Surigao,,Le Moyne,6,10,1,0,1,1.000,0,0,1,0,0,0,0,0,0,1.0,"Wilmington, N.C.",Homeschooled
2026,Mia Gold,OH,Boston College,6,9,1,1,5,0.000,0,0,0,5,0,0,0,0,0,1.0,"Miami, Fla.",Pine Crest Fort Lauderdale
2026,Isabelle Bardin,S,Purdue,6,8,1,1,4,0.000,9,0,0,4,0,0,0,0,0,1.0,,
2026,Michelle Eburuoh,MB,Villanova,6,8,1,1,3,0.000,0,0,0,0,0,0,0,2,0,1.0,"Newtown Square, Pa.",Cardinal O'Hara
2026,Chidera Okocha,MB,Alabama St.,6,8,1,2,6,-0.167,0,0,0,0,0,0,0,0,0,1.0,"Medford, N.Y.",Longwood HS
2026,Ava Jurevicius,DS,Penn St.,6,7,0,0,0,--,0,1,3,1,0,0,0,0,0,1.0,"Lincoln, Neb.",Lincoln Lutheran
2026,Brianna Martin,L/DS,Gonzaga,5,19,0,0,0,--,0,1,2,2,0,0,0,0,0,1.0,"Prosper, Texas",Prosper HS
2026,Sarah Tate,OH,Loyola Maryland,5,17,0,0,0,--,0,1,3,1,0,0,0,0,0,1.0,"State College, Pa.",State College Area
2026,Kiara Copeland,DS,Rhode Island,5,16,1,0,2,0.500,0,0,0,7,0,0,0,0,0,1.0,"Norwalk, Conn.",Green's Farm Academy
2026,Audrey Cook,S,Grand Canyon,5,15,0,0,1,0.000,0,1,2,16,0,0,0,0,0,1.0,"Houston, Texas",Stratford
2026,Alexa Stutzman,L,George Mason,5,15,1,0,1,1.000,0,0,7,7,0,0,0,0,0,1.0,"Bloomsburg, Pa.",Williamsville East
2026,Audrey Schabes,S,Sacred Heart,5,14,0,0,1,0.000,4,1,2,0,0,0,0,0,0,1.0,,
2026,Deren Cukur,S,Colgate,5,13,0,0,0,--,43,1,5,18,0,0,0,0,0,1.0,"Izmir, Turkey",Irmak Schools
2026,Morgen Durgens,S,Southern Miss.,5,13,0,0,2,0.000,16,1,3,14,0,0,0,0,0,1.0,"League City, Texas",
2026,Liahnna Orange,S,New Haven,5,13,0,0,0,--,0,1,1,2,0,0,0,0,0,1.0,"Linden, N.J.",Mother Seton
2026,Emma Cook,MB,UCF,5,12,1,2,10,-0.100,0,0,0,0,0,0,0,0,0,1.0,"Fernandina Beach, Fla.",Yulee
2026,Adriana Jeanpierre,S,Mississippi St.,5,11,0,0,0,--,24,1,1,16,0,0,0,0,0,1.0,,
2026,Lexee Salas,S,UTEP,5,11,0,0,0,--,0,1,3,3,0,0,0,0,0,1.0,"El Paso, Texas",Americas HS
2026,Mia Silva,L/DS,SMU,5,11,0,1,1,-1.000,1,1,3,4,0,0,0,0,0,1.0,"San Antonio, Texas",Antonian College Prep HS
2026,Lia Skufca,S,Princeton,5,11,0,0,0,--,6,1,2,1,0,0,0,0,1,1.0,"Charlotte, N.C. / Myers Park",
2026,Danielle Wheat,S,Western Caro.,5,11,0,0,0,--,0,1,3,1,0,0,0,0,0,1.0,"Mount Olive, Ala.",Homeschooled
2026,Avery Boehm,OH,Saint Louis,5,10,1,4,8,-0.375,0,0,0,0,0,0,0,0,1,1.0,"Belleville, Ill.",Mascoutah High School
2026,Morgan Duse-anthony,S,High Point,5,10,0,1,1,-1.000,16,1,2,5,0,0,0,0,0,1.0,"Oceanside, Calif.",Mission Vista
2026,Lauren Fick,OH,New Haven,5,10,0,0,1,0.000,0,1,0,2,0,0,0,0,0,1.0,"Lakeville, Minn.",Rosemount
2026,Edyta Waclawczyk,OH,Bowling Green,5,10,0,2,5,-0.400,1,1,1,5,0,0,0,0,0,1.0,"Katowice, Poland",
2026,Chandler Carter,L,Kansas St.,5,9,0,0,0,--,0,1,2,2,0,0,0,0,0,1.0,"Spring, Texas",Klein Collins
2026,Maya Flemister,MB,Arizona,5,9,0,1,4,-0.250,0,0,0,0,2,0,2,0,0,1.0,"Centennial, Colo.",Arapahoe H.S.
2026,Simona Ivanova,MB,San Francisco,5,9,0,0,1,0.000,0,0,0,1,2,0,2,0,0,1.0,"Sofia, Bulgaria",Vasil Levski
2026,Erin Robbins,MB,Mercyhurst,5,9,0,0,1,0.000,0,1,2,0,0,0,0,0,0,1.0,"Davenport, Iowa",Assumption
2026,Logan Hart,MB,Southern U.,5,8,1,0,5,0.200,0,0,0,0,0,0,0,0,0,1.0,"Cypress, Texas",Cypress Ranch HS
2026,Malayna Syverson,OH,North Dakota St.,5,8,0,0,1,0.000,0,0,0,0,1,1,0,0,0,1.0,,
2026,Devin Hicks,S,West Ga.,5,7,0,0,0,--,5,1,3,1,0,0,0,0,0,1.0,"Temecula, Calif.",Chaparral HS
2026,Briana Tuten,OH,Saint Peter's,5,7,0,1,5,-0.200,1,1,3,3,0,0,0,0,0,1.0,"Savannah, GA",St. Vincent's Academy
2026,Eva Erzen,OH,West Ga.,5,6,1,0,7,0.143,0,0,0,2,0,0,0,0,0,1.0,"Kranj, Slovenia",
2026,Mary Kate Bradley,S,Fairfield,4,15,0,0,0,--,24,1,1,5,0,0,0,0,0,1.0,"Winnetka, Ill.",Loyola Academy
2026,Ava Ewald,S,Oral Roberts,4,13,0,0,4,0.000,42,1,3,19,0,0,0,0,0,1.0,"Tulsa, OK",
2026,Jnireah Henry,L/DS,Ark.-Pine Bluff,4,13,0,0,4,0.000,9,1,4,28,0,0,0,0,0,1.0,"Richardson, TX",Berkner HS
2026,Sierra Evans,MB,Ohio,4,12,1,0,5,0.200,0,0,0,0,0,0,0,0,0,1.0,"Silver Spring, Md.",John F. Kennedy
2026,Quinnlin Hickman,OH,Northeastern,4,11,1,1,3,0.000,0,0,0,0,0,0,0,0,0,1.0,"Houston, Texas",Carnegie Vanguard
2026,Anna Kraemer,OPP,Lindenwood,4,11,1,1,7,0.000,0,0,0,0,0,0,0,0,0,1.0,"Wildwood, Mo.",Lafayette
2026,Hailey McFadden,MB,NC State,4,11,1,0,2,0.500,0,0,0,1,0,0,0,0,0,1.0,"Denver, NC",
2026,Lexie Stotenbur,S,Mercer,4,11,0,0,0,--,5,1,2,1,0,0,0,0,0,1.0,"Grand Rapids, Mich.",Forest Hills Northern High School
2026,Riley McCaughey,S,South Fla.,4,10,0,0,0,--,0,1,3,1,0,0,0,0,0,1.0,"Jupiter, Fla.",The Benjamin School
2026,Sarah Odell,OH,Sam Houston,4,10,1,1,3,0.000,0,0,1,2,0,0,0,0,0,1.0,,
2026,Sydney Bates,S,Col. of Charleston,4,9,1,0,1,1.000,22,0,0,11,0,0,0,0,0,1.0,"Portage, Mich.",Portage Northern
2026,Mimi Harris,S,Tennessee St.,4,9,0,0,0,--,3,1,3,2,0,0,0,0,0,1.0,"Laveen, Arizona",Mountain Pointe
2026,Reese Kincaid,OH,Winthrop,4,9,0,0,0,--,0,1,0,2,0,0,0,0,0,1.0,"Portland, OR",Adrienne C. Nelson H.S.
2026,Madison Smith,L,Illinois St.,4,9,0,0,0,--,1,1,0,2,0,0,0,0,0,1.0,"St. Louis, Mo.",St. Joseph's Academy
2026,Sadie Swift,MB,North Carolina,4,9,1,0,1,1.000,0,0,1,0,0,0,0,1,0,1.0,"Austin, Texas",Stephen F. Austin
2026,Riley Ellison,DS,Queens (NC),4,7,0,0,0,--,0,1,0,2,0,0,0,0,0,1.0,"Georgetown, Ky.",Great Crossing HS
2026,Nichole Kelly,MB,FIU,4,7,1,0,1,1.000,0,0,1,0,0,0,0,0,0,1.0,"Palm Harbor, Fla.",Calvary Christian
2026,Mina Gunes,OH,Ohio St.,4,6,1,2,5,-0.200,0,0,0,0,0,0,0,0,0,1.0,,
2026,Aiden Lightburn,MB,NIU,4,6,1,0,1,1.000,0,0,0,0,0,0,0,0,0,1.0,"Saint Lucie, Fla",Saint Lucie West Centennial
2026,Ivy Maxwell,S,Alabama A&M,4,6,0,0,0,--,8,1,2,0,0,0,0,0,0,1.0,"Houston, Texas",
2026,Lainey Waser,MH,Troy,4,6,1,0,1,1.000,0,0,0,0,0,0,0,0,0,1.0,,
2026,Florence Campeau,S,San Jose St.,4,5,0,0,1,0.000,4,1,5,0,0,0,0,0,0,1.0,,
2026,Ella Treasure,MB,New Hampshire,4,5,1,1,5,0.000,0,0,0,1,0,0,0,0,0,1.0,"Pittsford, N.Y.",Pittsford Sutherland
2026,Ruby Klusman,OH,Akron,3,10,0,0,0,--,0,1,1,0,0,0,0,0,0,1.0,"Cincinnati, Ohio",Mercy McAuley HS | Morehead State
2026,A'Miyrie Anderson,MB,Sam Houston,3,9,0,2,3,-0.667,0,0,0,0,2,0,2,0,0,1.0,"Cypress, Texas",Cy Ranch HS
2026,Hallee Heath,MB,Boise St.,3,9,1,0,2,0.500,0,0,0,0,0,0,0,0,0,1.0,"St. George, Utah",Desert Hills HS
2026,Jillian Neal,OH,Arizona St.,3,9,0,1,3,-0.333,2,1,3,2,0,0,0,1,0,1.0,,
2026,Ava Smith,,Middle Tenn.,3,9,1,0,1,1.000,0,0,0,0,0,0,0,1,0,1.0,"Temecula, Calif.",Great Oak High School
2026,Sophie Taylor,OH,Ole Miss,3,9,1,0,4,0.250,0,0,0,1,0,0,0,1,0,1.0,,
2026,Halle Bills,OH,Baylor,3,8,1,3,9,-0.222,0,0,0,2,0,0,0,0,0,1.0,,
2026,Kailyn Greene- Gordon,OPP,Notre Dame,3,8,0,1,4,-0.250,0,0,0,0,2,0,2,0,0,1.0,,
2026,Sadie Lupton,,Le Moyne,3,8,0,0,0,--,0,1,4,2,0,0,0,0,0,1.0,"Napanee, Ontario",Napanee District Secondary School
2026,Ahnika Smith,DS,UC San Diego,3,8,0,0,0,--,0,1,4,3,0,0,0,0,0,1.0,"Manhattan Beach, Calif.",Mater Dei HS
2026,Andi Spies,S,Cincinnati,3,8,1,1,4,0.000,31,0,1,13,0,0,0,0,0,1.0,,
2026,Lauren Young,S,Marquette,3,8,0,0,0,--,3,1,0,0,0,0,0,0,0,1.0,"Delaware, OH",
2026,Sidney Burley,DS,Kentucky,3,7,0,0,0,--,1,1,2,12,0,0,0,0,0,1.0,"Prior Lake, Minn.",tiktok
2026,Kendra Howse,MB,West Florida,3,7,1,0,3,0.333,0,0,0,1,0,0,0,0,0,1.0,"Rockford, Ill.",Guilford High School
2026,Kiera King,L/DS,Air Force,3,7,0,0,0,--,0,1,1,0,0,0,0,0,0,1.0,"Palos Heights, Ill",
2026,Mia Mendoza,S,New Mexico St.,3,7,0,0,0,--,0,1,0,0,0,0,0,0,0,1.0,"Los Lunas, N.M.",Los Lunas HS
2026,Ella Nigl,OH,Bradley,3,7,1,0,3,0.333,0,0,0,1,0,0,0,0,0,1.0,,
2026,Mia Radeff,OH,Notre Dame,3,7,1,4,12,-0.250,0,0,2,4,0,0,0,0,0,1.0,,
2026,Amyri Robinson,OPP,CSU Bakersfield,3,7,1,1,4,0.000,0,0,0,0,0,0,0,0,0,1.0,"Gonzales, La.",
2026,Olivia Wayne,MH,Duke,3,7,1,1,6,0.000,0,0,3,0,0,0,0,0,0,1.0,"Dallas, Texas",The Hockaday School
2026,Maddy Joswick,L,Washington St.,3,6,0,0,0,--,0,1,0,1,0,0,0,0,0,1.0,,
2026,Sarina Notaro,L,Mercyhurst,3,6,0,0,0,--,0,1,1,4,0,0,0,0,0,1.0,"Lancaster, N.Y.",St. Mary's
2026,Kelsey Perry,MB,Florida St.,3,6,1,1,6,0.000,0,0,0,0,0,0,0,0,0,1.0,"Frisco, Texas",
2026,Julia Dickeson,MB,Washington St.,3,5,1,0,1,1.000,0,0,0,1,0,0,0,0,0,1.0,,
2026,Mia Gonzalez,S,FIU,3,5,1,0,1,1.000,3,0,1,0,0,0,0,0,0,1.0,"Homestead, Fla.",John A. Ferguson
2026,Camryn Kanell,MB,Elon,3,5,1,0,1,1.000,0,0,0,1,0,0,0,0,0,1.0,"Delray Beach, Fla.",Calvary Christian Academy
2026,Sage Meidroth,L/DS,DePaul,3,5,0,0,0,--,0,1,0,0,0,0,0,0,0,1.0,"Manhattan Beach, Calif.",Mira Costa
2026,Taylor Reid,MB,ULM,3,5,1,3,4,-0.500,0,0,2,1,0,0,0,0,0,1.0,"Gainesville, Ga.",Gainesville HS
2026,Brooklyn Tealer,OH,Southern California,3,5,0,2,7,-0.286,0,1,1,2,0,0,0,0,0,1.0,"Gainesville, Fla.",Gainesville HS
2026,Brooke Thuss,MB,Queens (NC),3,4,1,2,6,-0.167,0,0,0,0,0,0,0,1,0,1.0,"Mobile, Ala.",St. Paul's School
2026,De’Nyla Harlan,OH,Alcorn,3,3,1,0,2,0.500,0,0,1,1,0,0,0,0,0,1.0,,
2026,Chiara Mearelli,MB,Grambling,3,3,0,0,2,0.000,0,0,0,1,2,0,2,0,0,1.0,"Rome, Italy",
2026,Milica Peci,MB,UT Arlington,3,3,0,0,0,--,0,0,0,1,2,0,2,0,0,1.0,"Namur, Belgium",Saint Jean Baptiste / Odessa College / Indian Hills CC
2026,Keira Rosenmarkle,RS,Liberty,3,3,1,3,6,-0.333,0,0,0,0,0,0,0,0,0,1.0,,
2026,Jana Thymes,MB,Liberty,3,3,1,0,3,0.333,0,0,0,0,0,0,0,0,0,1.0,,
2026,Karissa Chase,OPP,Missouri St.,2,7,1,1,3,0.000,0,0,0,0,0,0,0,0,0,1.0,"Carl Junction, Mo.",
2026,Kacey Kazmierski,S,North Florida,2,6,1,0,1,1.000,0,0,0,0,0,0,0,0,0,1.0,,
2026,Kate Mobley,OH,Wichita St.,2,6,1,1,5,0.000,0,0,0,1,0,0,0,0,0,1.0,"Tucson, Ariz.",Salpointe Catholic HS
2026,Marianna Rivera,MB,North Dakota,2,6,1,0,1,1.000,0,0,0,0,0,0,0,0,0,1.0,"Williamston, Mich.",Williamston HS
2026,Mariana Simao,MB,LMU (CA),2,6,1,1,3,0.000,1,0,0,0,0,0,0,0,0,1.0,"Belo Horizonte, Brazil",Colégio Anglo Americano
2026,London Armstrong,RS,Utah Valley,2,5,1,0,1,1.000,0,0,0,1,0,0,0,0,0,1.0,"Meridian, Idaho",Rocky Mountain HS
2026,Megan Ingersoll,OH,Michigan,2,5,1,1,4,0.000,0,0,0,0,0,0,0,0,0,1.0,"Birmingham, Ala.",
2026,Vivian Jones,OH,Bowling Green,2,5,1,1,2,0.000,0,0,0,0,0,0,0,0,0,1.0,"Brighton, Mich.",
2026,Kennedy McCants,MB,Purdue Fort Wayne,2,5,1,0,1,1.000,0,0,0,0,0,0,0,1,0,1.0,"North Augusta, S.C.",North Augusta
2026,Runa Redse-Arset,S,Binghamton,2,5,0,0,0,--,2,1,0,3,0,0,0,0,0,1.0,"Ulsteinvik, Norway",Ulstein Vidaregåande Skule
2026,Makena Rumple,MH,Iowa,2,5,0,1,2,-0.500,0,0,0,1,2,0,2,0,0,1.0,"Mesa, Ariz.",Mesa
2026,Selah Wadsworth,OH,UC Santa Barbara,2,5,1,1,3,0.000,0,0,0,0,0,0,0,0,0,1.0,"Scottsdale, Ariz.",Scottsdale Christian Academy
2026,Allie Wuestenfeld,DS,Ball St.,2,5,0,0,0,--,0,1,1,2,0,0,0,0,0,1.0,"Joliet, IL",Joliet Catholic Academy
2026,Ella Broadhead,MH,Troy,2,4,1,0,1,1.000,0,0,0,0,0,0,0,0,0,1.0,,
2026,Allie Collins,MB,North Dakota St.,2,4,1,0,2,0.500,0,0,0,0,0,0,0,0,0,1.0,,
2026,Amelia Dugger,MB,South Dakota,2,4,1,0,1,1.000,0,0,0,0,0,0,0,0,0,1.0,"Decorah, Iowa",Decorah HS
2026,Kylie Griffin,RS,Duquesne,2,4,1,0,3,0.333,0,0,0,0,0,0,0,0,0,1.0,"Modesto, Calif.",Thomas Downey
2026,Aryn Heeke,DS,North Dakota St.,2,4,0,0,0,--,0,1,1,0,0,0,0,0,0,1.0,,
2026,Kaitlyn Hutchins,OH,Northern Colo.,2,4,0,0,0,--,0,1,1,0,0,0,0,0,0,1.0,"Belton, Texas",Lake Belton HS
2026,Maille Malone,OH,Niagara,2,4,1,1,3,0.000,0,0,0,0,0,0,0,0,0,1.0,"Mililani, HI",Millani
2026,Atlyn Proctor,OH,Old Dominion,2,4,1,2,6,-0.167,0,0,0,0,0,0,0,0,0,1.0,,
2026,Ava Wilkerson,MB,Houston,2,4,1,0,1,1.000,0,0,0,0,0,0,0,0,0,1.0,"Hillsborough, N.C.",Orange HS
2026,Brenna Rowland,MB,Colorado St.,2,3,0,0,4,0.000,0,0,0,0,2,0,2,1,0,1.0,"HOMETOWN
SCOTTSDALE, ARIZ.",
2026,Martina Villani,S,LSU,2,3,0,0,1,0.000,10,0,0,0,2,0,2,0,0,1.0,,
2026,Lauren DeOrio,MB,USC Upstate,2,2,1,0,3,0.333,0,0,0,0,0,0,0,0,0,1.0,"Orlando, Fla.",Boone HS
2026,Jordyn Gray,OH,Louisville,2,2,1,0,4,0.250,0,0,0,1,0,0,0,0,0,1.0,"Charlotte, N.C.",
2026,Lauren Harden,OH,Florida,2,2,1,0,4,0.250,0,0,0,1,0,0,0,0,0,1.0,,
2026,Ella McDonald,MB,Rider,2,2,0,2,2,-1.000,0,0,0,1,1,1,0,0,0,1.0,"Knoxville, TN",Bearden
2026,Ava Turlais,MB,Drake,2,2,1,0,2,0.500,0,0,0,0,0,0,0,0,0,1.0,"Oak Creek, Wis.",Oak Creek
2026,Fiona Turnbull,MB,Georgetown,2,2,0,1,7,-0.143,0,0,1,0,2,0,2,0,0,1.0,"Geneva, Ill.",Geneva Community High School
2026,Milica Vidacic,OPP,Florida,2,2,1,2,7,-0.143,0,0,0,1,0,0,0,0,0,1.0,,
2026,Madison MacKaig,S,NJIT,1,4,0,1,2,-0.500,23,1,0,11,0,0,0,0,0,1.0,"Syracuse, N.Y.",Charles W. Baker
2026,B'Lise Bradley,MB,James Madison,1,3,0,0,1,0.000,0,0,0,0,2,0,2,0,0,1.0,"Shaker Heights, Ohio",Shaker Heights High School
2026,Abby MacMillan,OH,Old Dominion,1,3,0,0,0,--,0,1,1,0,0,0,0,0,0,1.0,,
2026,Aubrey Acheson,L/DS,Tarleton St.,1,2,0,0,0,--,0,1,0,3,0,0,0,0,0,1.0,"Georgetown, TX",Brentwood Christian School
2026,Laci Schoen,OH,Tarleton St.,1,2,1,3,7,-0.286,0,0,0,0,0,0,0,0,0,1.0,"Houston, TX",Episcopal HS
2026,Malayna Boyles,OH,Cincinnati,1,1,1,0,4,0.250,0,0,0,0,0,0,0,0,0,1.0,,
2026,Madi Gravlee,OH,Florida,1,1,1,1,3,0.000,0,0,1,2,0,0,0,0,0,1.0,,
2026,Jolene Green Ewen,MB,Montana St.,1,1,1,1,3,0.000,0,0,0,0,0,0,0,0,0,1.0,"Centreville, VA",Westfield HS
2026,Abby Little,OH,Colorado St.,1,1,1,0,1,1.000,0,0,0,0,0,0,0,0,0,1.0,"HOMETOWN
BILLINGS, MT",
2026,Logan McGinnis,OH,UTSA,1,1,1,0,1,1.000,0,0,0,0,0,0,0,0,0,1.0,,
2026,Kimanni Rugley,MB,Winthrop,1,1,1,0,1,1.000,0,0,0,0,0,0,0,0,0,1.0,"Pearland, TX",Pearland HS
2026,Joy Udoye,OH,Stanford,1,1,1,0,2,0.500,0,0,0,0,0,0,0,0,0,1.0,"Cedar Park, Texas",Cedar Park
2026,Jordyn Wacaster,L/DS,East Texas A&M,13,28,0,0,3,0.000,2,0,3,28,1,0,1,0,0,0.5,"Wylie, Texas",Wylie East HS
2026,Logan Cary,S,San Diego St.,7,17,0,1,2,-0.500,30,0,3,13,1,0,1,0,0,0.5,"Highlands Ranch, Colo.",Rock Canyon HS
2026,Izzy Jeffery,MB,UC Riverside,5,11,0,2,5,-0.400,0,0,1,1,1,0,1,0,0,0.5,"Carson, Calif.",The Archer School for Girls
2026,Sophi Randall,S,Illinois,5,10,0,0,0,--,8,0,0,1,1,0,1,0,0,0.5,"Dell Rapids, S.D.",
2026,Teya Yeomans,OH,Montana St.,5,7,0,0,2,0.000,0,0,0,0,1,0,1,0,0,0.5,"Mancos, CO",Mancos HS
2026,Nevaeh Smith,MB,Sam Houston,4,10,0,0,0,--,0,0,0,0,1,0,1,0,0,0.5,"San Antonio, Texas",O'Connor HS
2026,Emily Erwin,OPP,Northern Ky.,4,9,0,0,3,0.000,0,0,0,1,1,0,1,0,0,0.5,"Georgetown, Ky.",Great Crossing HS
2026,Makayla Batten,MB,Temple,3,8,0,0,0,--,0,0,0,0,1,0,1,0,0,0.5,"HOMETOWN
AUDUBON, PA.",
2026,Nya Browne,MB,Austin Peay,3,6,0,1,1,-1.000,0,0,0,0,1,0,1,0,0,0.5,"Nashville, Tenn.",Hume-Fogg HS
2026,Nicole Mauser,OPP,Florida St.,3,6,0,1,3,-0.333,0,0,0,0,1,0,1,0,0,0.5,Dallas Texas,
2026,Maggie McCarroll,S,Arkansas,3,6,0,0,0,--,3,0,1,0,1,0,1,0,0,0.5,"Austin, Texas",Austin HS
2026,Nicole Milosevic,OH,California,2,6,0,0,0,--,0,0,0,0,1,0,1,0,0,0.5,"Toronto, Ontario",Colegio Atlantico
2026,Morelia Lorenzo Diaz,L/DS,Texas Southern,2,4,0,0,0,--,0,0,0,1,1,0,1,0,0,0.5,,
2026,Cy Rae Campbell,OH,Northern Colo.,2,4,0,0,0,--,0,0,0,0,1,0,1,0,0,0.5,"Olathe, Kan.",Heritage Christian Academy
2026,Eden Roethel,MB,Arkansas St.,2,2,0,0,2,0.000,0,0,0,0,1,0,1,0,0,0.5,"West Bend, Wisc.",Living Word Lutheran HS
2026,Kensley Hennessy,MB,Colorado,1,1,0,0,0,--,0,0,0,0,1,0,1,0,0,0.5,,
2026,Avery Gaume,L/DS,Iona,17,60,0,1,8,-0.125,37,0,3,256,0,0,0,0,0,0.0,"Buffalo, NY",Sweet Home
2026,Siena MacCudden,L/DS,California,16,66,0,2,3,-0.667,7,0,6,91,0,0,0,0,0,0.0,"Nashotah, Wisc.",Arrowhead Union HS
2026,Ella Burd,L,UNC Greensboro,16,59,0,0,1,0.000,7,0,0,79,0,0,0,0,0,0.0,"Lakeland, Tenn.",Lakeland Prep
2026,Juliet Galla,L/DS,UAB,16,55,0,0,1,0.000,12,0,0,54,0,0,0,0,0,0.0,,
2026,Caroline Farthing,L/DS,App State,16,43,0,2,2,-1.000,4,0,0,51,0,0,0,0,0,0.0,,
2026,Molly Chappell,L/DS,Alabama A&M,15,56,0,0,3,0.000,23,0,0,66,0,0,0,0,0,0.0,"Daytona Beach, Fla.",
2026,Reese Wilburn,S,TCU,15,46,0,0,0,--,140,0,1,41,0,0,0,0,1,0.0,"Bryant, Ark.",Bryant HS
2026,Devyn Masi,L,California Baptist,15,45,0,0,4,0.000,12,0,4,46,0,0,0,0,0,0.0,"Long Beach, CA",Valley Christian HS
2026,Lily-Rose Pichon,L/DS,UTEP,14,56,0,1,7,-0.143,39,0,3,152,0,0,0,1,0,0.0,"Saint-Saturnin, France",Lycee David d'Angers
2026,Addi Applegate,L/DS,Texas A&M,14,52,0,0,2,0.000,10,0,2,58,0,0,0,0,1,0.0,"Yorktown, Ind.",
2026,Jocelyn Nathan,L/DS,Penn St.,14,50,0,0,2,0.000,9,0,1,58,0,0,0,0,0,0.0,"Wilmington, Del.",Wilmington Friends School
2026,Emma Nash,L/DS,Omaha,14,49,0,0,0,--,11,0,0,43,0,0,0,0,0,0.0,"Overland Park, Kan.",Saint Thomas Aquinas
2026,Reagan Williams,L/DS,Weber St.,14,43,0,0,0,--,2,0,0,33,0,0,0,0,0,0.0,,
2026,Reese Moore,L/DS,UCF,14,40,0,0,0,--,3,0,8,24,0,0,0,0,0,0.0,"Franklin, Tenn.",Franklin
2026,Mahealani Ikei,L/DS,Utah Tech,14,39,0,0,0,--,0,0,2,0,0,0,0,0,0,0.0,"Scottsdale, Ariz.",Saguaro HS
2026,Aubry Dowling,L,Evansville,14,32,0,0,0,--,0,0,3,15,0,0,0,0,0,0.0,"Greenfield, Ind.",
2026,Kylee Gilbert,L/DS,Saint Peter's,14,30,0,0,1,0.000,8,0,2,35,0,0,0,0,0,0.0,"Savannah, GA",Richmond Hill HS
2026,Sarah Galligan,L/DS,Omaha,13,48,0,0,2,0.000,11,0,0,88,0,0,0,0,0,0.0,"Omaha, Neb.",Elkhorn South
2026,Lauren Sandvold,L,A&M-Corpus Christi,13,39,0,0,3,0.000,9,0,0,55,0,0,0,0,0,0.0,"Cedar Falls, IA",Cedar Falls HS
2026,Cami Zajac,L/DS,Le Moyne,13,31,0,0,4,0.000,3,0,2,30,0,0,0,0,0,0.0,"Syracuse, N.Y.",West Genesee
2026,Finley Schelhaas,L/DS,Drake,13,25,0,0,0,--,2,0,4,10,0,0,0,0,0,0.0,"Urbandale, Iowa",Des Moines Christian
2026,Ella McAllister,L/DS,UMBC,12,48,0,0,1,0.000,8,0,0,53,0,0,0,0,0,0.0,"Marshall, Mich.",Marshall / Lipscomb
2026,Karlie Lane,L,Western Ill.,12,36,0,0,1,0.000,23,0,4,71,0,0,0,0,0,0.0,"Arnold, MO",St. Pius X HS
2026,Kayla Hostetler,L/DS,Cincinnati,12,31,0,0,0,--,4,0,0,33,0,0,0,0,0,0.0,,
2026,Addie Canady,L/DS,Maryland,12,29,0,0,1,0.000,2,0,4,25,0,0,0,0,0,0.0,"Morrisville, NC",
2026,Kendall Hickey,L/DS,Ohio,12,29,0,0,2,0.000,4,0,1,28,0,0,0,0,0,0.0,"Fishers, Ind.",Heritage Christian
2026,Carla Mercado,L/DS,Notre Dame,12,25,0,0,0,--,3,0,2,23,0,0,0,0,0,0.0,,
2026,Daniella Suarez,OH,Fairfield,11,38,0,0,0,--,1,0,0,9,0,0,0,0,0,0.0,"Derwood, Md.",Academy of the Holy Cross
2026,Rylan Miller,L/DS,Georgia,11,36,0,0,0,--,5,0,0,48,0,0,0,0,0,0.0,"Palm Coast, Fla.",
2026,Laela Burgess,S,UC Davis,11,33,0,0,3,0.000,10,0,6,10,0,0,0,0,1,0.0,"San Luis Obispo, Calif.",San Luis Obispo
2026,Alexis Gardner,L/DS,Green Bay,11,33,0,0,0,--,6,0,0,42,0,0,0,0,0,0.0,"Mukwonago, Wis.",Mukwonago HS
2026,Alayna Austin,,Grand Canyon,11,32,0,0,1,0.000,0,0,4,32,0,0,0,0,0,0.0,"Mesa, Ariz.",Mountain View
2026,Abigail Bartolo,DS,Cleveland St.,11,32,0,0,3,0.000,9,0,0,33,0,0,0,0,0,0.0,,
2026,Taylor Sass,OH,Austin Peay,11,31,0,0,1,0.000,0,0,0,1,0,0,0,0,0,0.0,"Tampa, Fla.",H. B. Plant HS
2026,Ava Ledebuhr,L/DS,Cincinnati,11,30,0,0,0,--,4,0,1,58,0,0,0,0,0,0.0,,
2026,Meghan Touhey,L,VCU,11,29,0,0,0,--,3,0,1,7,0,0,0,0,0,0.0,"Spring City, Pa.",
2026,Xanthe Ocampo,L/DS,Portland St.,11,25,0,0,1,0.000,8,0,1,32,0,0,0,0,1,0.0,"Roseville, Calif.",West Park HS
2026,Madeline Metcalf,L/DS,Temple,11,24,0,0,0,--,0,0,1,25,0,0,0,0,0,0.0,,
2026,Kaia Thiele,S,UNLV,11,24,0,0,6,0.000,54,0,2,25,0,0,0,1,0,0.0,"San Antonio, Texas",Cornerstone Christian
2026,Alyce Donoghue,L/DS,Duke,10,38,0,0,1,0.000,9,0,0,62,0,0,0,0,0,0.0,,
2026,Kami Dyrstad,L/DS,Rutgers,10,33,0,0,0,--,4,0,1,18,0,0,0,0,0,0.0,"Papillion, Neb.",Papillion La Vista South
2026,Lauren Van Wie,L/DS,Penn,10,28,0,0,2,0.000,4,0,3,40,0,0,0,0,0,0.0,"Peachtree Corners, Ga.",Wesleyan School
2026,Grace Thrower,OH,Duke,10,25,0,0,0,--,0,0,4,1,0,0,0,0,0,0.0,"Manhattan Beach, Calif.",Harvard-Westlake
2026,Athena Tsalapatanis,DS,Saint Louis,10,23,0,0,0,--,1,0,3,6,0,0,0,0,0,0.0,"Des Plaines, Ill.",Maine South
2026,Mia Duong,L/DS,Jacksonville St.,10,22,0,0,0,--,1,0,1,9,0,0,0,0,0,0.0,,
2026,Eliza Covrig,L,Chicago St.,10,21,0,0,1,0.000,2,0,0,6,0,0,0,0,0,0.0,,
2026,Molly Thompson,L/DS,Lehigh,10,20,0,0,0,--,0,0,1,12,0,0,0,0,0,0.0,,
2026,Raegan Richardson,OH,CSUN,9,29,0,1,5,-0.200,0,0,0,26,0,0,0,0,0,0.0,"Gilbert, Ariz.",Hamilton HS
2026,Joy Houdre,L/DS,Iona,9,25,0,0,1,0.000,2,0,3,49,0,0,0,0,0,0.0,"Greenwich, CT",Greenwich
2026,Maria Clara Andrade,OH,Hampton,9,23,0,0,3,0.000,4,0,0,55,0,0,0,0,0,0.0,"Parana, Brazil",Colegio Objetivo
2026,Cansu Kornosor,L/DS,Rhode Island,9,22,0,0,0,--,2,0,1,11,0,0,0,0,0,0.0,"Bursa, Turkey","Robert College, Istanbul (Chattanooga)"
2026,Kenzie Cogan,L/DS,Illinois,9,21,0,0,0,--,0,0,2,4,0,0,0,0,0,0.0,"Cincinnati, Ohio",
2026,Summer Hodge,L/DS,Lehigh,9,20,0,0,0,--,0,0,1,6,0,0,0,0,0,0.0,,
2026,Alex McGillivray,L,Maryland,9,19,0,0,0,--,0,0,0,13,0,0,0,0,0,0.0,"Solana Beach, CA",
2026,Alleigh Dutton,L/DS,Rutgers,9,18,0,0,0,--,1,0,0,14,0,0,0,0,0,0.0,"Lafayette, Ind.",McCutcheon
2026,Sydney Raszewski,L/DS,Colgate,9,16,0,0,2,0.000,0,0,2,5,0,0,0,0,0,0.0,"Corona Del Mar, Calif.",Mater Dei
2026,Katie Smith,L,New Hampshire,9,13,0,0,0,--,0,0,0,2,0,0,0,0,0,0.0,"Indianapolis, Ind.",Roncalli High School
2026,Tiffany Helmer,L/DS,Furman,9,12,0,0,0,--,1,0,2,8,0,0,0,0,0,0.0,"Greenville, S.C.",St. Joseph’s Catholic School
2026,Laila Mossey,DS,Cleveland St.,8,28,0,1,2,-0.500,1,0,1,37,0,0,0,0,0,0.0,,
2026,Jaylen Clark,L/DS,TCU,8,24,0,0,0,--,5,0,1,14,0,0,0,0,0,0.0,"Manhattan Beach, Calif.",Mira Costa HS
2026,Sophia Del Valle,L/DS,St. Thomas (MN),8,23,0,0,0,--,0,0,0,1,0,0,0,0,0,0.0,"Canton, GA",
2026,Mila Mijailovic,OH,Yale,8,22,0,0,1,0.000,1,0,5,21,0,0,0,0,0,0.0,"Los Angeles, CA",Campbell Hall
2026,Kahea Moriwaki,L/DS,Hawaii,8,22,0,0,0,--,3,0,2,25,0,0,0,0,0,0.0,"Mililani, O‘ahu",Punahou School
2026,Ava Norris,L/DS,Fla. Atlantic,8,21,0,0,0,--,0,0,4,2,0,0,0,0,0,0.0,"Louisville, Ky.",Sacred Heart Academy
2026,Zeynep Özer,L/DS,ETSU,8,21,0,0,0,--,2,0,0,14,0,0,0,0,0,0.0,"Adana, Türkiye",
2026,Lauren White,S,IU Indy,8,20,0,1,3,-0.333,2,0,5,2,0,0,0,0,0,0.0,"Cincinnati, Ohio",Colerain
2026,Annette Lee,L/DS,Army West Point,8,19,0,1,1,-1.000,1,0,5,15,0,0,0,0,0,0.0,"Temecula, Calif.",Great Oak
2026,Suzie Ponce,L/DS,CSUN,8,19,0,0,0,--,0,0,4,9,0,0,0,0,0,0.0,"Manhattan Beach, Calif.",Saint Joseph HS
2026,Norah Campbell,DS,Morehead St.,8,17,0,0,0,--,1,0,3,13,0,0,0,0,0,0.0,"Seymour, Ind.",Seymour HS
2026,Reese Naeve,OH,Iowa St.,8,17,0,0,1,0.000,0,0,0,7,0,0,0,0,0,0.0,"Iowa City, Iowa",Iowa City Regina
2026,Addison Saunders,L/DS,Marshall,8,16,0,0,0,--,0,0,1,12,0,0,0,0,0,0.0,"Charlotte, N.C.",Butler High School
2026,Alyssa Young,L,North Texas,8,16,0,0,0,--,2,0,3,0,0,0,0,0,0,0.0,"Overland Park, Kan. / Blue Valley West HS",
2026,Ria Furuta,L/DS,Miami (OH),8,15,0,0,3,0.000,1,0,2,9,0,0,0,0,0,0.0,"Union, Ky.",Larry A. Ryle
2026,Brooke Kamelchuk,,FDU,8,15,0,0,1,0.000,8,0,3,13,0,0,0,0,0,0.0,"Calgary, Alberta, Canada",National Sport School
2026,Bailey Keusch,DS,Murray St.,8,15,0,0,1,0.000,1,0,0,11,0,0,0,0,0,0.0,"Huntingburg, Ind.",Southridge High School
2026,Hailey Newell,S,Santa Clara,8,14,0,0,0,--,3,0,1,0,0,0,0,0,0,0.0,"San Jose, Calif.",Valley Christian HS
2026,Kennedy Tinch,DS,Morehead St.,8,14,0,0,0,--,4,0,7,14,0,0,0,0,0,0.0,"Fishers, Ind.",Fishers HS
2026,Haydin Froehlich,S,North Florida,8,13,0,0,1,0.000,16,0,0,7,0,0,0,0,0,0.0,,
2026,Isabella Rasi,S,Pepperdine,8,13,0,0,0,--,2,0,1,1,0,0,0,0,1,0.0,"Loomis, Calif.",Del Oro
2026,Kamden Mitchell,S,Oregon,8,12,0,0,0,--,11,0,0,5,0,0,0,0,0,0.0,"Corvallis, Ore.",Crescent Valley HS
2026,Danielle Wallace,L/DS,Elon,8,12,0,0,0,--,0,0,2,10,0,0,0,0,0,0.0,,
2026,Ava Wang,L/DS,Columbia,8,12,0,0,0,--,0,0,1,0,0,0,0,0,0,0.0,"Los Altos, Calif.",Menlo School
2026,Abby Lesagonicz,OH,Oregon St.,8,11,0,0,3,0.000,1,0,3,4,0,0,0,1,0,0.0,"San Diego, Calif.",Rancho Bernardo HS
2026,Mackenzie Krzus,S,George Washington,8,10,0,0,0,--,6,0,2,3,0,0,0,0,0,0.0,"Northbrook, IL",
2026,Addyson McArthur,OH,Utah Tech,8,10,0,1,2,-0.500,0,0,3,4,0,0,0,0,0,0.0,"Colorado Springs, Colo.",Discovery Canyon HS
2026,Neela Feliberty,L/DS,LIU,7,21,0,0,0,--,2,0,0,4,0,0,0,0,0,0.0,"Vega Baja, P.R.",Colegio Adianez
2026,Taly Acherboim,L,CSU Bakersfield,7,19,0,0,0,--,4,0,2,12,0,0,0,0,0,0.0,"Sao Paulo, Brazil",
2026,Luca Bredenberg,DS,Lipscomb,7,19,0,0,0,--,0,0,1,5,0,0,0,0,0,0.0,"Chanhassen, Minn.",Southwest Christian High School
2026,Kenya Prescott,L/DS,North Dakota,7,19,0,0,0,--,4,0,0,25,0,0,0,0,0,0.0,"Carroll, Iowa",Kuemper Catholic HS
2026,Greta Shadewald,S,Lindenwood,7,19,0,0,1,0.000,18,0,3,3,0,0,0,0,0,0.0,"Prairie du Sac, Wis.",Sauk Prairie
2026,Ava Pratt,OH,Northwestern,7,17,0,0,0,--,1,0,0,12,0,0,0,0,0,0.0,"Glenview, Ill.",Glenbrook South HS
2026,Amanda Saeger,S,DePaul,7,17,0,1,4,-0.250,53,0,1,25,0,0,0,0,0,0.0,"San Diego, Calif.",Cathedral Catholic
2026,Vitoria Belfort,L,Georgia Tech,7,15,0,0,0,--,0,0,2,2,0,0,0,0,0,0.0,"Parkland, Fla.",
2026,Chloe Fisher,S,Lehigh,7,15,0,0,1,0.000,6,0,1,3,0,0,0,0,0,0.0,,
2026,Jelena Jevtic,L,FDU,7,15,0,0,0,--,0,0,4,5,0,0,0,0,0,0.0,"Arlington Heights, Ill.",Rolling Meadows
2026,Lizzy Robinson,L/DS,Oregon,7,15,0,0,0,--,1,0,1,4,0,0,0,0,0,0.0,"Corona Del Mar, Calif.",Mater Dei HS
2026,Megan Smith,OH,South Alabama,7,14,0,0,3,0.000,0,0,0,4,0,0,0,0,0,0.0,"Conway, Ark.",
2026,Alessia Bracchi,MB,Stetson,7,13,0,2,10,-0.200,0,0,0,2,0,0,0,0,0,0.0,"Paderno Franciacorta, Brescia, Italy",IIS Astolfo Lunardi
2026,Brea Martin,L/DS,Wichita St.,7,13,0,0,0,--,1,0,0,5,0,0,0,0,0,0.0,"Wichita, Kan.",Bishop Carroll HS
2026,Aubree Mon,S,Delaware St.,7,13,0,0,0,--,2,0,0,1,0,0,0,0,0,0.0,"Cherry Hill, NJ",Cherry Hill HS
2026,Jaelyn Stewart,DS,UMES,7,13,0,0,0,--,1,0,1,2,0,0,0,0,0,0.0,"Crofton, MD",Crofton High School
2026,Elsi Karjanlahti,L/DS,Louisville,7,12,0,0,0,--,0,0,2,2,0,0,0,0,0,0.0,"Seinäjoki, Finland",
2026,Quinn Swofford,L,Tulsa,7,12,0,0,0,--,0,0,0,4,0,0,0,0,0,0.0,"HOMETOWN
BRANSON, MO.",
2026,Halle Walker,S,Montana,7,12,0,0,1,0.000,1,0,2,2,0,0,0,0,0,0.0,"Twin Falls, Idaho",
2026,Sophie Jones,L/DS,Stetson,7,11,0,0,0,--,0,0,1,0,0,0,0,0,0,0.0,"DeLand, Fla.",DeLand High School
2026,Ksenija Krunic,L/DS,FIU,7,10,0,0,0,--,1,0,0,7,0,0,0,0,0,0.0,"Podgorica, Montenegro","Secondary School ""Slobodan Škerovic"" Gymnasium"
2026,Asya Akbulut,S,Portland St.,7,9,0,0,1,0.000,26,0,0,11,0,0,0,0,0,0.0,"Ankara, Turkey",Mimar Sinan Fine Arts
2026,J'nyah Odom,MB,Ark.-Pine Bluff,7,9,0,1,3,-0.333,2,0,2,1,0,0,0,0,0,0.0,"Sparks, NV",
2026,Kaitlyn Bodnar,S,Northwestern,7,8,0,0,0,--,16,0,1,3,0,0,0,2,0,0.0,"Omaha, Neb.",Duchesne Academy of the Sacred Heart
2026,Lola Buck-Taylor,L/DS,Villanova,6,25,0,0,0,--,14,0,0,50,0,0,0,0,0,0.0,"Tampa, Fla.",E Pasco High
2026,Danit Cohen,S,Middle Tenn.,6,16,0,1,4,-0.250,41,0,4,12,0,0,0,0,0,0.0,"Los Angeles, Calif.",Chaminade College Prep
2026,Haylee Wenner,L/DS,Marist,6,16,0,0,0,--,0,0,2,1,0,0,0,0,0,0.0,"Massillon, OH",Jackson
2026,Rileigh Butler,L/DS,Ole Miss,6,15,0,0,0,--,1,0,1,2,0,0,0,0,0,0.0,,
2026,Ameena Campbell,OH,Texas St.,6,14,0,2,3,-0.667,0,0,0,6,0,0,0,0,0,0.0,"Lawndale, Calif.",Mira Costa HS
2026,Ella Guilfoy,L/DS,Western Mich.,6,14,0,0,0,--,2,0,1,5,0,0,0,0,0,0.0,"Indianapolis, Ind.",
2026,Morgan Stitzer,L/DS,UT Arlington,6,14,0,0,0,--,0,0,2,3,0,0,0,0,0,0.0,"Broomfield, Colorado",Stargate Charter School
2026,Gianna Bender,L/DS,San Diego St.,6,13,0,0,1,0.000,0,0,1,4,0,0,0,0,0,0.0,"Hudsonville, Mich.",Hudsonville HS
2026,Sophie Bridges,L/DS,Air Force,6,13,0,1,1,-1.000,0,0,3,12,0,0,0,0,0,0.0,"Prosper, Texas",
2026,Evelina Gerogianni,S,North Florida,6,13,0,0,0,--,5,0,2,4,0,0,0,0,0,0.0,,
2026,Kalli Lipo,L/DS,San Diego,6,13,0,0,0,--,0,0,0,6,0,0,0,0,0,0.0,"Phoenix, AZ",Desert Vista High School
2026,Bethanie Wu,S,Yale,6,12,0,0,0,--,32,0,1,6,0,0,0,0,0,0.0,"Fairview, TX",Lovejoy
2026,Mackenzie Higgins,L/DS,SIUE,6,11,0,0,1,0.000,2,0,3,12,0,0,0,0,0,0.0,"Mason, Ohio",
2026,Georgia Lee,S,Minnesota,6,11,0,0,0,--,7,0,2,3,0,0,0,0,0,0.0,"HOMETOWN
PHOENIX, ARIZ.",
2026,Brooklyn Vigil,DS,Louisiana,6,10,0,0,0,--,1,0,2,3,0,0,0,0,0,0.0,"San Antonio, Texas",
2026,Layna Waselewsky,L,Iowa St.,6,10,0,0,0,--,0,0,0,3,0,0,0,0,0,0.0,"Ada, Mich.",Forest Hills Eastern
2026,Dixie Gayden,S,Charlotte,6,9,0,0,0,--,5,0,0,2,0,0,0,0,0,0.0,"Dallas, Texas",Ursuline Academy
2026,Kaylen Rush,L,Missouri,6,9,0,0,0,--,1,0,0,0,0,0,0,0,0,0.0,"Columbia, Mo.",Rock Bridge
2026,Taylor Porter,L,Vanderbilt,6,7,0,0,0,--,0,0,0,5,0,0,0,0,0,0.0,,
2026,Izzy Meneses,DS,New Mexico St.,5,19,0,0,0,--,0,0,0,0,0,0,0,0,0,0.0,"El Paso, Texas",Montwood HS
2026,Allison Barrick,OH,Lipscomb,5,18,0,2,3,-0.667,0,0,0,13,0,0,0,0,0,0.0,"Cincinnati, Ohio",Cincinnati Hills Christian Academy
2026,Jordan Lucas,L,George Mason,5,18,0,0,1,0.000,1,0,0,3,0,0,0,0,0,0.0,"Pembroke, Va.",Giles
2026,Stephani Winzeler,L,Purdue Fort Wayne,5,16,0,0,0,--,1,0,1,14,0,0,0,0,0,0.0,"Toledo, Ohio",Whitmer
2026,Shalena Queen Howse,L/DS,Syracuse,5,15,0,0,1,0.000,2,0,0,13,0,0,0,0,0,0.0,,
2026,Anna Smith,L/DS,Syracuse,5,15,0,0,0,--,0,0,4,3,0,0,0,0,0,0.0,"Charleston, SC",
2026,Ellie Burr,L,Illinois St.,5,14,0,0,0,--,0,0,0,9,0,0,0,0,0,0.0,"Encinitas, Calif.",San Dieguito Academy
2026,Marnie Ursem,MB,Hawaii,5,13,0,0,4,0.000,0,0,0,0,0,0,0,0,0,0.0,"Orewa, Auckland, New Zealand",Orewa College
2026,Zoe Ziegler,OH,New Mexico St.,5,13,0,0,0,--,0,0,0,2,0,0,0,0,0,0.0,"Westminster, Calif.",Mission Academy HS
2026,Molly Berezowitz,DS,Kentucky,5,12,0,0,0,--,0,0,2,0,0,0,0,0,0,0.0,"Burlington, Wisc.",Marquette
2026,Brooke Dawson,DS,Troy,5,12,0,0,0,--,0,0,0,1,0,0,0,0,0,0.0,,
2026,Kate Ewing,MB,Northeastern,5,12,0,1,1,-1.000,0,0,1,1,0,0,0,0,0,0.0,"Darien, Conn.",Greens Farms Academy
2026,Katie Paez,L,North Dakota,5,12,0,0,1,0.000,7,0,0,11,0,0,0,0,0,0.0,"Las Vegas, Nev.",Bishop Gorman HS
2026,Graylinn Serge,L/DS,UNC Greensboro,5,12,0,0,0,--,0,0,0,3,0,0,0,0,0,0.0,"Hillsborough, N.C.",Cedar Ridge
2026,Kaylee Smith,S,Little Rock,5,12,0,0,0,--,28,0,3,15,0,0,0,0,1,0.0,"Little Rock, Ark.",Mount Saint Mary
2026,Kaylee Tingey,L,BYU,5,12,0,0,0,--,0,0,0,3,0,0,0,0,0,0.0,,
2026,Peyton Garrick,L/DS,Davidson,5,11,0,0,0,--,0,0,0,3,0,0,0,0,0,0.0,"Naples, Fla.",
2026,Maria Insana,DS,Miami (OH),5,11,0,0,0,--,2,0,0,17,0,0,0,0,0,0.0,"Chagrin Falls, Ohio",Kenston
2026,Trixie McMillin,L,Michigan,5,11,0,0,0,--,0,0,0,0,0,0,0,0,0,0.0,"Redondo Beach, Calif.",
2026,Gianna Mora,S,Bethune-Cookman,5,11,0,0,1,0.000,4,0,1,6,0,0,0,0,0,0.0,"Orlando, Fla.",Lake Nona HS
2026,Nalani Muniz,S,Pepperdine,5,11,0,0,2,0.000,7,0,1,1,0,0,0,0,0,0.0,"San Diego, Calif.",The Bishop's School
2026,Marina Pezelj,OH,Pittsburgh,5,11,0,0,0,--,0,0,1,8,0,0,0,0,0,0.0,Monaco,Lycée Polyvalent Bellevue Toulouse
2026,Olivia Swenson,OH,Minnesota,5,10,0,0,0,--,0,0,0,0,0,0,0,0,0,0.0,"HOMETOWN
MINNETONKA, MINN.",
2026,Ava Wallis,S,Alabama,5,10,0,0,0,--,0,0,3,1,0,0,0,0,0,0.0,"Winter Park, Fla.",Lake Highland Prep
2026,Madelyn Lincicum,MB,Kennesaw St.,5,9,0,0,0,--,0,0,0,0,0,0,0,0,0,0.0,"Evans, Ga.",Greenbrier HS
2026,Jayden Mathis,S,South Carolina St.,5,9,0,0,2,0.000,0,0,2,7,0,0,0,0,0,0.0,"Rock Hill, SC",Northwestern High School
2026,Addison Stanley,L,Lamar University,5,7,0,0,0,--,0,0,0,0,0,0,0,0,0,0.0,"Dickinson, Texas",Dickinson HS
2026,Milly Wolf,S,Boston College,5,7,0,0,0,--,5,0,0,2,0,0,0,0,0,0.0,"Allentown, Penn.",Allentown Central Catholic
2026,Sariyah Glanton,MB,Cleveland St.,5,6,0,0,1,0.000,0,0,0,1,0,0,0,0,0,0.0,,
2026,Molly Urban,L/DS,Louisville,5,6,0,0,0,--,0,0,1,0,0,0,0,0,0,0.0,"Martinsville, Ind.",
2026,Kennedy Glasgow,L/DS,Indiana St.,4,15,0,0,0,--,0,0,6,5,0,0,0,0,0,0.0,"Lawrence, Kan.",Lawrence
2026,Madeline van Brederode,L/DS,Brown,4,14,0,0,0,--,0,0,0,1,0,0,0,0,0,0.0,,
2026,Charlotte Routh,MB,Lipscomb,4,13,0,1,1,-1.000,0,0,1,0,0,0,0,0,0,0.0,"Columbus, Ohio",Worthington Kilbourne
2026,Ella Paniagua,OH,Fairfield,4,12,0,2,6,-0.333,0,0,0,2,0,0,0,0,0,0.0,"Orange County, Calif.",Rosary Academy
2026,Danielle Tansey,L/DS,Georgia Tech,4,12,0,0,0,--,0,0,0,0,0,0,0,0,0,0.0,"Belle Harbor, NY",Sacred Heart Academy
2026,Adalynn Bollinger,L/DS,George Mason,4,11,0,0,0,--,0,0,0,4,0,0,0,0,0,0.0,,
2026,Megan Weldon,OH,Providence,4,11,0,0,2,0.000,0,0,1,3,0,0,0,0,0,0.0,,
2026,Ellie White,S,Michigan,4,11,0,0,0,--,19,0,5,12,0,0,0,0,0,0.0,"Orland Park, Ill.",
2026,Brynn Zastrow,L,IU Indy,4,11,0,0,0,--,0,0,1,0,0,0,0,0,0,0.0,"Fishers, Ind.",Fishers
2026,Lauryn Allen,OH,Lehigh,4,10,0,0,0,--,0,0,0,0,0,0,0,0,0,0.0,,
2026,Ana Garza,OH,Houston Christian,4,10,0,1,2,-0.500,0,0,0,5,0,0,0,0,0,0.0,"Alvin, Texas",Alvin
2026,Savannah Walker,OPP,Santa Clara,4,10,0,0,0,--,0,0,0,0,0,0,0,0,0,0.0,"Fort Wayne, Ind.",Homestead HS
2026,Dakota Arnette,OH,Lehigh,4,9,0,0,0,--,0,0,0,0,0,0,0,0,0,0.0,,
2026,Amelia Colon,L/DS,ULM,4,9,0,1,2,-0.500,1,0,7,19,0,0,0,0,0,0.0,"Land O'Lakes, Fla.",Land O'Lakes HS
2026,Lainey Green,S,Northern Ky.,4,9,0,0,0,--,1,0,0,0,0,0,0,0,0,0.0,"Homer Glen, Ill.",Lockport Township HS
2026,Kat Lutz,L/DS,UCLA,4,9,0,0,0,--,0,0,0,5,0,0,0,0,0,0.0,"Del Mar, Calif.",Torrey Pines HS
2026,Jaidynn Perkins-Martin,OH,Yale,4,9,0,0,0,--,0,0,0,0,0,0,0,0,0,0.0,"Birmingham, Alabama",Ramsay
2026,Annika Sokol,S,Maryland,4,9,0,0,0,--,2,0,0,0,0,0,0,0,0,0.0,"Roxborough Park, CO",
2026,Madison Wood,L,Cornell,4,9,0,0,0,--,0,0,2,1,0,0,0,0,0,0.0,"Manhattan Beach, Calif.",Mira Costa HS
2026,Jasmine Daniels,S,Morehead St.,4,8,0,0,0,--,4,0,1,0,0,0,0,0,0,0.0,"Fishers, Ind.",Southeastern HS
2026,Sydney Floyd,S,South Carolina,4,8,0,0,0,--,21,0,4,6,0,0,0,0,0,0.0,"Manhattan Beach, Calif.",Advertising
2026,Isabelle Jackson,S,Robert Morris,4,8,0,0,0,--,8,0,1,5,0,0,0,0,0,0.0,"Westfield, Ind.",Westfield
2026,Krista Kostoff,MB,Jacksonville St.,4,8,0,0,0,--,0,0,0,1,0,0,0,0,0,0.0,,
2026,Kylee McCoy,MB,Tulsa,4,8,0,0,0,--,0,0,0,0,0,0,0,0,0,0.0,"HOMETOWN
ROYSE CITY, TEXAS",
2026,Maggie Michaels,DS,UNI,4,8,0,0,0,--,0,0,0,0,0,0,0,0,0,0.0,"Bloomington, Ill.",Normal Community HS
2026,Jo Moffitt,S,Lamar University,4,8,0,0,0,--,19,0,3,3,0,0,0,0,0,0.0,"Lubbock, Texas",Amarillo HS
2026,Ema Thompson,S,CSU Bakersfield,4,8,0,0,0,--,0,0,0,2,0,0,0,0,0,0.0,"Layton, Utah",
2026,Sophia Towle,RS,Colgate,4,8,0,5,5,-1.000,0,0,0,1,0,0,0,0,0,0.0,"San Diego, Calif.",Cathedral Catholic
2026,Reese Watters,OPP,North Texas,4,8,0,2,4,-0.500,0,0,0,0,0,0,0,0,0,0.0,"Greenbrier, Ark. / Greenbrier HS",Arkansas State
2026,Megan Hunter,S,UMBC,4,7,0,0,0,--,12,0,1,3,0,0,0,0,0,0.0,"Toronto, Ont.",Markville Secondary
2026,Camryn Ketron,DS,Mercyhurst,4,7,0,0,0,--,0,0,1,0,0,0,0,0,0,0.0,"Wintersville, Ohio",Indian Creek
2026,Megan Oppegard,OH,UNC Asheville,4,7,0,0,0,--,0,0,4,3,0,0,0,0,0,0.0,"Durham, N.C.",Cardinal Gibbons HS
2026,Michal Benaim,S,Buffalo,4,6,0,0,0,--,8,0,0,0,0,0,0,0,0,0.0,"Ness Ziona, Israel",Hof Hasharon
2026,McKenzie Berg,OH,TCU,4,6,0,0,1,0.000,0,0,3,0,0,0,0,0,0,0.0,"Midlothian, Texas",Midlothian HS
2026,Jessica Drapp,L/DS,Louisville,4,6,0,0,0,--,0,0,1,1,0,0,0,0,0,0.0,"Cincinnati, Ohio",
2026,Victoria Kurilov,MB,Green Bay,4,6,0,1,1,-1.000,0,0,0,0,0,0,0,0,0,0.0,"Shoreview, Minn.",Mounds View HS
2026,Emilia Powderly,S,Holy Cross,4,6,0,0,0,--,7,0,1,3,0,0,0,0,0,0.0,"Newton, Mass.",Newton Country Day
2026,Heidi Devers,L/DS,Kansas,4,5,0,0,0,--,1,0,2,3,0,0,0,0,0,0.0,,
2026,Katie Raymer,L/DS,LSU,4,5,0,0,0,--,0,0,2,0,0,0,0,0,0,0.0,,
2026,Nula Anderson,OH,West Virginia,4,4,0,3,6,-0.500,0,0,0,0,0,0,0,0,0,0.0,"Bozeman, Mont.",Bozeman High School
2026,Sydney Crowder,S,Georgia St.,4,4,0,0,2,0.000,5,0,0,5,0,0,0,0,0,0.0,"Sherwood, Ark.",Central
2026,Emma Gardner,OPP,Long Beach St.,4,4,0,0,1,0.000,0,0,0,0,0,0,0,0,0,0.0,"Edmond, Okla.",
2026,Gracie Griffin,OH,Brown,3,12,0,0,0,--,0,0,0,0,0,0,0,0,0,0.0,,
2026,Reagan Hanfelt,MB,Iowa St.,3,12,0,0,0,--,1,0,3,2,0,0,0,0,0,0.0,"Ankeny, Iowa",Ankeny
2026,Hallie Hendrickx,L/DS,Lipscomb,3,12,0,0,0,--,0,0,0,0,0,0,0,0,0,0.0,"Hudson, Ohio",Cuyahoga Valley Christian Academy
2026,Haley Holbert,S,Coppin St.,3,12,0,0,0,--,0,0,0,0,0,0,0,0,0,0.0,"Apex, N.C.",Athens Drive Magnet HS
2026,Frankie Jones,MB,Brown,3,12,0,0,0,--,0,0,0,0,0,0,0,0,0,0.0,,
2026,Morgan Sanders,RS,Brown,3,12,0,0,0,--,0,0,0,0,0,0,0,0,0,0.0,,
2026,Elle Weaver,OH,Brown,3,12,0,0,0,--,0,0,0,0,0,0,0,0,0,0.0,,
2026,Brooklyn Cole,MB,Ohio,3,11,0,0,0,--,0,0,0,0,0,0,0,0,0,0.0,"Winfield, W. Va.",Winfield H.S.
2026,Xalia King,L/DS,Presbyterian,3,11,0,0,0,--,0,0,3,1,0,0,0,0,0,0.0,"Las Vegas, Nev.",
2026,Samantha Alberghini,MB,Sacred Heart,3,10,0,0,0,--,0,0,0,0,0,0,0,0,0,0.0,"Guilford, Conn.",Guilford
2026,Alyssa Forelli,S,NC State,3,10,0,0,0,--,2,0,0,1,0,0,0,0,0,0.0,"Phoenix, AZ",
2026,Sibana González Acevedo,OH,LIU,3,10,0,0,0,--,0,0,0,0,0,0,0,0,0,0.0,"Princeton Junction, N.J.",West Windsor-Plainsboro South
2026,Mia Hood,MB,Georgia Tech,3,10,0,0,0,--,0,0,0,0,0,0,0,0,0,0.0,"Roswell, Ga.",Michigan State
2026,Laurna Kerr,L/DS,NC State,3,10,0,0,0,--,0,0,1,0,0,0,0,0,0,0.0,"Raleigh, NC",
2026,Riley Messenger,DS,Western Mich.,3,10,0,0,0,--,0,0,1,0,0,0,0,0,0,0.0,"Portage, Mich.",
2026,Autumn Tombline,S,Rhode Island,3,10,0,1,1,-1.000,0,0,0,0,0,0,0,0,0,0.0,"Stamford, Conn.",Rye Country Day
2026,Nika Zupanic,L/DS,Grand Canyon,3,10,0,0,0,--,0,0,0,0,0,0,0,0,0,0.0,"Osijek, Croatia",
2026,Baylee Doolan,L/DS,Navy,3,9,0,0,0,--,1,0,0,7,0,0,0,0,0,0.0,"Hagerstown, Md.",North Hagerstown
2026,Regan Haverstock,S,Loyola Maryland,3,9,0,0,0,--,0,0,0,0,0,0,0,0,0,0.0,"Greensboro, N.C.",Grimsley
2026,Paige Hawkinson,S,North Texas,3,9,0,0,0,--,18,0,0,1,0,0,0,0,1,0.0,"Frisco, Texas / Reedy HS",
2026,Tracey Hemelings,S,Mercer,3,9,0,0,0,--,0,0,0,0,0,0,0,0,0,0.0,"Pajottegem, Belgium",Het College Vilvoorde
2026,Aubree Hummel,L/DS,SIUE,3,9,0,0,0,--,0,0,0,7,0,0,0,0,0,0.0,"Lutz, Fla.",
2026,Addie Kannegeisser,MB,UC Irvine,3,9,0,0,2,0.000,0,0,0,0,0,0,0,1,0,0.0,,
2026,Anna Ligart,RS,LIU,3,9,0,0,0,--,0,0,0,0,0,0,0,0,0,0.0,"Gogollo, Hungary",Godolloi Reformatus Liceum
2026,Mia Polloi,MB,Eastern Wash.,3,9,0,0,0,--,0,0,0,0,0,0,0,0,0,0.0,"Hilo, Hawaii",Kamehameha Schools Hawai’i
2026,Faith Rabb-Patterson,MB,UC Davis,3,9,0,0,1,0.000,0,0,0,0,0,0,0,0,0,0.0,"Sacramento, Calif.",Christian Brothers
2026,Logan Strong,DS,Grand Canyon,3,9,0,0,0,--,0,0,0,0,0,0,0,0,0,0.0,"Ontario, Canada",Davenport (TX)
2026,Audrey Terry,DS,Sam Houston,3,9,0,0,0,--,0,0,0,0,0,0,0,0,0,0.0,"Spring, Texas",Grand Oaks HS
2026,Ece Yildiz,L/DS,Virginia Tech,3,9,0,0,0,--,0,0,0,3,0,0,0,0,0,0.0,"Istanbul, Turkey",Kemerburgaz Okyanus Koleji Anadolu Lisesi
2026,Adriana Aquino,DS,Holy Cross,3,8,0,0,0,--,0,0,2,0,0,0,0,0,0,0.0,"Weston, Fla.",Hopkinton (Mass.)
2026,Ava Bassett,MB,Campbell,3,8,0,0,0,--,0,0,0,0,0,0,0,0,0,0.0,"Newnan, Ga.",Heritage
2026,Ashlynn Berns,S,NJIT,3,8,0,0,0,--,0,0,1,0,0,0,0,0,0,0.0,"Union, NJ",Union
2026,Addison Coady,MB,Southern California,3,8,0,0,0,--,0,0,1,0,0,0,0,0,0,0.0,"Newport Beach, Calif.",Mater Dei HS
2026,Kiya Colvin,MH,Bethune-Cookman,3,8,0,0,1,0.000,0,0,0,0,0,0,0,0,0,0.0,"Owasso, Okla.",Owasso HS
2026,Elena Dragani,S,Wake Forest,3,8,0,0,0,--,1,0,1,0,0,0,0,0,0,0.0,"HOMETOWN
BROOKFIELD, WIS.",
2026,Julia Grace,L/DS,Xavier,3,8,0,0,0,--,0,0,2,7,0,0,0,0,0,0.0,"Villa Hills, Ky.",Notre Dame Academy
2026,Maia Greer,OH,Bethune-Cookman,3,8,0,0,0,--,0,0,0,0,0,0,0,0,0,0.0,"Henderson, Nev.",
2026,Caroline Huseman,OH,Yale,3,8,0,1,4,-0.250,0,0,1,0,0,0,0,0,0,0.0,"Fort Worth, Tex.",Trinity Valley School
2026,Cara Lehmitz,OH,Yale,3,8,0,0,1,0.000,0,0,0,0,0,0,0,0,0,0.0,"Greenwich, Conn.",Greenwich Country Day School
2026,Kanani Magee,RS,East Carolina,3,8,0,1,1,-1.000,0,0,0,1,0,0,0,0,0,0.0,"Atlanta, Ga.",Westlake High School
2026,Jordan Northcutt,OH,New Haven,3,8,0,0,0,--,0,0,0,0,0,0,0,0,0,0.0,"Weatherford, Texas",Weatherford
2026,Bella Rittenberg,RS,Penn,3,8,0,0,1,0.000,0,0,0,0,0,0,0,0,0,0.0,"Fallbrook, Calif.",Chaparral
2026,Gabby Seeds,S,UNC Greensboro,3,8,0,0,0,--,10,0,0,1,0,0,0,0,0,0.0,"Plano, Texas",Plano West Senior
2026,Ellie Smith,S,NIU,3,8,0,0,1,0.000,16,0,0,2,0,0,0,0,0,0.0,"Vero Beach, Fla.",Vero Beach
2026,Alice Vigano,OH,Pepperdine,3,8,0,0,0,--,0,0,0,0,0,0,0,0,0,0.0,"Lake Como, Italy",Liceo Paolo Giovio
2026,Makenzie Wingett,OH,Lehigh,3,8,0,0,1,0.000,0,0,0,1,0,0,0,0,0,0.0,,
2026,Taylor Bruce,OPP,Georgia,3,7,0,0,0,--,0,0,0,1,0,0,0,0,0,0.0,"Cary, N.C.",
2026,Emily Cook,L/DS,Bellarmine,3,7,0,0,1,0.000,0,0,0,0,0,0,0,0,1,0.0,"Floyds Knobs, IN",Floyd Central High Shool
2026,Elissa Furlan,OH,Eastern Ky.,3,7,0,0,3,0.000,0,0,0,1,0,0,0,0,0,0.0,"Spring Grove, Ill.",
2026,Patrycja Labucka,RS,South Dakota St.,3,7,0,0,2,0.000,0,0,0,1,0,0,0,0,0,0.0,"Poswietne, Poland",Florida Southwestern State
2026,Jaylyn Lynch,DS,Northern Colo.,3,7,0,0,0,--,0,0,4,1,0,0,0,0,0,0.0,"Sterling, Colo.",Merino HS
2026,Arianna Muoneke,OH,Georgia,3,7,0,1,3,-0.333,0,0,0,0,0,0,0,0,0,0.0,"Cypress, Texas",
2026,Gianna Perez,L/DS,LMU (CA),3,7,0,0,0,--,0,0,0,0,0,0,0,0,0,0.0,"Glendora, CA",Glendora High School
2026,Sophia Pheney,S,Presbyterian,3,7,0,0,0,--,0,0,1,0,0,0,0,0,0,0.0,"Charleston, S.C.",
2026,Brynn Ressler,L/DS,Lafayette,3,7,0,0,0,--,0,0,0,2,0,0,0,0,0,0.0,"Colorado Springs, Colo.",Cheyenne Mountain
2026,Selin Sakiroglu,OH,Jacksonville St.,3,7,0,0,0,--,0,0,0,0,0,0,0,0,0,0.0,,
2026,Brooke Stauffer,S,Utah Valley,3,7,0,0,0,--,0,0,0,0,0,0,0,0,0,0.0,"Cottonwood Heights, Utah",Corner Canyon HS
2026,Maria Stirbu,S,California,3,7,0,0,0,--,1,0,0,1,0,0,0,0,0,0.0,"Bucharest, Romania",Spark School
2026,Eva Swenson,S,Green Bay,3,7,0,0,0,--,0,0,0,0,0,0,0,0,0,0.0,"Minnetonka, Minn.",Wayzata HS
2026,Nevaeh Tien,S,Cornell,3,7,0,0,0,--,2,0,1,1,0,0,0,0,0,0.0,,
2026,Mia Alomia,MB,Pacific,3,6,0,0,4,0.000,0,0,0,0,0,0,0,0,0,0.0,,
2026,Jordyn Anderson,S,Kent St.,3,6,0,0,3,0.000,13,0,3,2,0,0,0,0,0,0.0,"Ludington, Mich.",Ludington
2026,Emily Bruss,S,Northern Colo.,3,6,0,0,0,--,0,0,1,1,0,0,0,0,0,0.0,"Suamico, Wis.",Luxemburg Casco HS
2026,Kyla Coolman,S,Eastern Ill.,3,6,0,0,0,--,0,0,1,1,0,0,0,0,0,0.0,"South Bend, Ind.",Penn
2026,Lilia Duczek,MB,Towson,3,6,0,0,0,--,0,0,2,0,0,0,0,0,0,0.0,"Magdalenka, Poland",Maria Konopnicka
2026,Maris Grant,S,UNCW,3,6,0,0,0,--,0,0,0,0,0,0,0,0,0,0.0,"Wilmington, N.C.",Coastal Christian
2026,Ava Johnson,L/DS,Texas Tech,3,6,0,0,0,--,0,0,0,0,0,0,0,0,0,0.0,"Coleraine, Minn.",Greenway
2026,Aubrey Jordan,OH,Gardner-Webb,3,6,0,0,0,--,1,0,0,0,0,0,0,0,0,0.0,"Efland, N.C.",Orange HS
2026,Ellie Kleven,S,Mercyhurst,3,6,0,0,0,--,2,0,1,0,0,0,0,0,0,0.0,"Anchorage, Alaska",South Anchorage
2026,Neely Leathers,S,Air Force,3,6,0,0,0,--,4,0,0,1,0,0,0,0,0,0.0,"Olathe, Kan.",
2026,Lexie Richards,S,American,3,6,0,0,0,--,6,0,0,2,0,0,0,0,0,0.0,"Carlsbad, Calif.",San Dieguito
2026,Sophie Sosa,MB,Southern Miss.,3,6,0,2,4,-0.500,0,0,0,1,0,0,0,0,0,0.0,"Madison, Miss.",
2026,Tobey Allen,S,Houston Christian,3,5,0,0,0,--,0,0,0,0,0,0,0,0,0,0.0,"Yucaipa, California",Yucaipa
2026,Cam Berger,S,Michigan St.,3,5,0,0,0,--,2,0,1,1,0,0,0,0,0,0.0,,
2026,Bryah Breaux,OPP,Kentucky,3,5,0,0,1,0.000,0,0,0,0,0,0,0,0,0,0.0,"Baltimore, Md.",Garrison Forest HS
2026,Izzie Delacher,S,Western Ky.,3,5,0,0,0,--,1,0,0,0,0,0,0,0,0,0.0,,
2026,Lily Eigner,OH,Holy Cross,3,5,0,2,2,-1.000,0,0,1,1,0,0,0,0,0,0.0,"Edina, Minn.",Benilde St. Margaret's
2026,Madison Evans,S,Siena,3,5,0,0,0,--,1,0,0,0,0,0,0,0,0,0.0,"South Jordan, UT",Bingham (Club V Volleyball)
2026,Layla Haritatos,DS,North Dakota St.,3,5,0,0,0,--,0,0,0,0,0,0,0,0,0,0.0,,
2026,Addison Kersting,S,Troy,3,5,0,0,0,--,3,0,1,3,0,0,0,0,0,0.0,,
2026,Bianca Kisur,OH,Houston Christian,3,5,0,0,0,--,0,0,0,0,0,0,0,0,0,0.0,"Saenz Pena, Chaco, Argentina",Hogar de Bethania
2026,Haven Rich,OH,Montana St.,3,5,0,0,0,--,0,0,0,1,0,0,0,0,0,0.0,"Visalia, CA",Exeter Union HS
2026,Ella Smith,MB,Washington St.,3,5,0,0,2,0.000,0,0,0,0,0,0,0,0,0,0.0,"Blooming Prairie, Minn.",Blooming Prairie HS
2026,Elyse VanLandingham,L/DS,UMBC,3,5,0,0,0,--,0,0,0,0,0,0,0,0,0,0.0,"Gaithersburg, Md.",Quince Orchard
2026,DyYanna Wade,OH,UT Martin,3,5,0,0,3,0.000,0,0,0,0,0,0,0,0,0,0.0,"Greensboro, NC",Western Guilford HS
2026,Kayla Edginton,OH,Cincinnati,3,4,0,0,2,0.000,0,0,0,0,0,0,0,0,0,0.0,,
2026,Raegan Ramirez,DS,UTSA,3,4,0,0,0,--,0,0,1,1,0,0,0,0,0,0.0,,
2026,Mallory Reynolds,S,Northern Ariz.,3,4,0,0,0,--,5,0,0,3,0,0,0,0,0,0.0,"Airdrie, Alberta, Canada",Croxford
2026,Tally Grissom,L/DS,West Virginia,3,3,0,0,0,--,0,0,1,1,0,0,0,0,0,0.0,"Flower Mound, Texas",Liberty Christian High School
2026,RaeAnna Knapp,L/DS,Denver,3,3,0,0,0,--,0,0,0,0,0,0,0,0,0,0.0,"San Jose, California",Abraham Lincoln H.S.
2026,Bellamy Parker,OH,Tulane,3,3,0,0,0,--,0,0,1,2,0,0,0,0,0,0.0,,
2026,Jordin Southall,OH,Vanderbilt,3,3,0,2,3,-0.667,0,0,0,2,0,0,0,0,0,0.0,,
2026,Avery Vogt,S,Drake,3,3,0,0,0,--,3,0,0,0,0,0,0,0,0,0.0,"Waukee, Iowa",Waukee Northwest
2026,Preslie Yates,MB,Long Beach St.,3,3,0,0,1,0.000,0,0,0,0,0,0,0,0,0,0.0,"Berkeley, Calif.",
2026,Milani Billings,L/DS,Saint Mary's (CA),2,10,0,0,0,--,0,0,0,0,0,0,0,0,0,0.0,"Miramar, Fla.",Sagemont
2026,Tallulah Carney,OPP,Saint Mary's (CA),2,10,0,0,0,--,0,0,0,0,0,0,0,0,0,0.0,"Knoxville, Tenn.",Webb School
2026,Kiana Johnson,L/DS,Saint Mary's (CA),2,10,0,0,0,--,0,0,0,0,0,0,0,0,0,0.0,"Portland, Ore.",Jesuit
2026,Amanda Prior,OH,Saint Mary's (CA),2,10,0,0,0,--,0,0,0,0,0,0,0,0,0,0.0,"San Diego, Calif.",Academy of Our Lady of Peace
2026,Cyniya Stewart,MB,Sacramento St.,2,10,0,0,0,--,0,0,0,0,0,0,0,0,0,0.0,"Berkeley, Calif.",
2026,Erikah Buff,OH,Northeastern,2,9,0,0,0,--,0,0,0,0,0,0,0,0,0,0.0,"Ponte Vedra Beach, Fla.",Ponte Vedra
2026,Alex Fowler,OH,Belmont,2,9,0,0,0,--,0,0,0,0,0,0,0,0,0,0.0,"Knoxville, Tenn.",Knoxville Catholic HS
2026,Lilly Guinane,L/DS,Fairfield,2,9,0,0,0,--,0,0,0,0,0,0,0,0,0,0.0,"Orange County, Calif.",Tesoro
2026,Nicole Jacobs,MB,Sacred Heart,2,9,0,0,0,--,0,0,0,0,0,0,0,0,0,0.0,,
2026,Madison Jones,MB,St. Thomas (MN),2,9,0,0,0,--,0,0,0,0,0,0,0,0,0,0.0,,
2026,Sophie LaSala,OH,Northeastern,2,9,0,0,0,--,0,0,0,0,0,0,0,0,0,0.0,"San Diego, Calif.",Cathedral Catholic HS
2026,Abigail Li,S,Georgia Tech,2,9,0,0,0,--,0,0,0,0,0,0,0,0,0,0.0,,
2026,Keyaira Limuel-Washington,MB,Fairfield,2,9,0,0,0,--,0,0,0,0,0,0,0,0,0,0.0,"Bastrop, Texas",Bastrop
2026,Addison Menefee,OH,St. Thomas (MN),2,9,0,0,0,--,0,0,0,0,0,0,0,0,0,0.0,,
2026,Amelia Moro,MB,Sacred Heart,2,9,0,0,0,--,0,0,0,0,0,0,0,0,0,0.0,,
2026,Addison Murphy,L/DS,Sacred Heart,2,9,0,0,0,--,0,0,0,0,0,0,0,0,0,0.0,"Hudson, Mass.",Hudson
2026,Jane Nelson,OH,Northeastern,2,9,0,0,0,--,0,0,0,0,0,0,0,0,0,0.0,"West Chester, Pa.",Bayard Rustin
2026,Campbell Onell,MB,Belmont,2,9,0,0,0,--,0,0,0,0,0,0,0,0,0,0.0,"De Pere, Wis.",Luxemburg-Casco HS
2026,Jessica Parker,S,Rhode Island,2,9,0,0,0,--,0,0,0,0,0,0,0,0,0,0.0,"Saint Charles, Ill.",St. Charles North (Elon)
2026,Michon Sailors,MB,Fresno St.,2,9,0,0,0,--,0,0,0,0,0,0,0,0,0,0.0,"Laramie, Wyo.",
2026,Kennedy Seputis,L/DS,IU Indy,2,9,0,0,0,--,0,0,0,0,0,0,0,0,0,0.0,"Springboro, Ohio",Springboro
2026,Anna Supe,OH,Belmont,2,9,0,0,0,--,0,0,0,0,0,0,0,0,0,0.0,"Indianapolis, Ind.",Park Tudor School
2026,Ella Thorson,S,St. Thomas (MN),2,9,0,0,0,--,0,0,0,0,0,0,0,0,0,0.0,,
2026,Jess Watanabe,L,Fresno St.,2,9,0,0,0,--,0,0,0,0,0,0,0,0,0,0.0,"Palo Alto, Calif.",
2026,Sophie Wischmeier,OH,IU Indy,2,9,0,0,0,--,0,0,0,0,0,0,0,0,0,0.0,"Brownstown, Ind.",Brownstown Central
2026,Zehra Yilmaz,MB,Northeastern,2,9,0,0,0,--,0,0,0,0,0,0,0,0,0,0.0,"Istanbul, Turkey",Hasan Ferruh Ozgen
2026,London Adkins,MB,UCF,2,8,0,0,0,--,0,0,0,0,0,0,0,0,0,0.0,"Ocoee, Fla.",Lake Brantley
2026,Chloe Albiez,OH,UCF,2,8,0,0,0,--,0,0,0,0,0,0,0,0,0,0.0,"Weaverville, Calif.",Trinity
2026,Sydnie Broom,MB,Middle Tenn.,2,8,0,0,0,--,0,0,0,0,0,0,0,0,0,0.0,"Birmingham, Ala.",Hoover High School
2026,Elena Dibbs-Frantz,OH,UCF,2,8,0,0,0,--,0,0,0,0,0,0,0,0,0,0.0,"Tampa, Fla.",Carrollwood Day
2026,Valyn Donahoo,OH,Lindenwood,2,8,0,0,0,--,0,0,0,0,0,0,0,0,0,0.0,"Norman, Okla.",Norman North
2026,Olivia Elliott,RS,Mercer,2,8,0,0,0,--,0,0,0,0,0,0,0,0,0,0.0,"Warsaw, Ind.",Calvary Christian School
2026,Keilee Eskelsen,OH,Idaho St.,2,8,0,0,0,--,0,0,0,0,0,0,0,0,0,0.0,"Spokane, WA",
2026,Emma Johnson,OH,Lindenwood,2,8,0,0,0,--,0,0,0,0,0,0,0,0,0,0.0,"Breese, Ill.",Mater Dei
2026,Tessa Jones,MB,Ole Miss,2,8,0,0,0,--,0,0,0,0,0,0,0,0,0,0.0,,
2026,Ansley Keel,OH,Loyola Maryland,2,8,0,0,0,--,0,0,0,0,0,0,0,0,0,0.0,"Charlotte, N.C.",Community School of Davidson
2026,Abby Kim,OH,Loyola Maryland,2,8,0,0,0,--,0,0,0,0,0,0,0,0,0,0.0,"Berkeley Heights, N.J.",Governor Livingston
2026,Shannon Monahan,OH,Lindenwood,2,8,0,0,0,--,0,0,0,0,0,0,0,0,0,0.0,"Champaign, Ill.",St. Thomas More
2026,Caroline Moore,OPP,Oakland,2,8,0,0,0,--,0,0,0,0,0,0,0,0,0,0.0,"Cincinnati, Ohio",Mercy McAuley High School
2026,Coco Natarajan,S,Ole Miss,2,8,0,0,0,--,0,0,0,0,0,0,0,0,0,0.0,,
2026,Ava Pitzer,OPP,Charleston So.,2,8,0,0,0,--,0,0,0,0,0,0,0,0,0,0.0,"Peterstown, WV",James Monroe HS
2026,Katelyn Sentous,MB,UC Davis,2,8,0,0,0,--,0,0,0,0,0,0,0,0,0,0.0,"San Jose, Calif.",Archbishop Mitty
2026,Tori Staples,MB,Lindenwood,2,8,0,0,0,--,0,0,0,0,0,0,0,0,0,0.0,"Tucson, Ariz.",Catalina Foothills
2026,Trinniti Stevens,MB,Middle Tenn.,2,8,0,0,0,--,0,0,0,0,0,0,0,0,0,0.0,"Overland Park, Kan.",Bishop Miege High School
2026,Shylah Swope,S,William & Mary,2,8,0,1,2,-0.500,49,0,3,23,0,0,0,0,0,0.0,"Reston, Va.",Herndon
2026,Sydney VanCott,OH,Mercer,2,8,0,0,0,--,0,0,0,0,0,0,0,0,0,0.0,"Miramar, Fla.",Saint Thomas Aquinas HS
2026,Madison Wehr,S,Middle Tenn.,2,8,0,0,0,--,0,0,0,0,0,0,0,0,0,0.0,"Orlando, Fla.",Olympia High School
2026,Audrey Antinone,S,New Haven,2,7,0,0,0,--,0,0,0,0,0,0,0,0,0,0.0,"Grapevine, Texas",Grapevine
2026,Ashley Artura,S,Campbell,2,7,0,0,0,--,0,0,0,0,0,0,0,0,0,0.0,"Upland, Calif.",Alta Loma
2026,Aylin Baran,OH,UNC Greensboro,2,7,0,2,3,-0.667,0,0,1,0,0,0,0,0,0,0.0,"Istanbul, Turkey",Istanbul Köy Hizmetleri Anatolian
2026,Lelaini Diggs,OH,Delaware St.,2,7,0,0,0,--,0,0,0,0,0,0,0,0,0,0.0,"St. Petersburg, Fla.",St. Petersburg
2026,Audrey Ellis,OH,Cleveland St.,2,7,0,0,0,--,1,0,0,8,0,0,0,0,0,0.0,,
2026,Kole Fluckiger,OH,New Haven,2,7,0,0,0,--,0,0,0,0,0,0,0,0,0,0.0,"Chandler, Ariz.",Basha
2026,Fallon Humphries,OH,North Florida,2,7,0,0,0,--,0,0,1,0,0,0,0,0,0,0.0,,
2026,Grace Jackson,MB,Pepperdine,2,7,0,0,0,--,0,0,0,0,0,0,0,0,0,0.0,"Ladera Ranch, Calif.",Santa Margarita Catholic
2026,Jenniya Lane,RS,Penn,2,7,0,1,4,-0.250,0,0,0,0,0,0,0,0,0,0.0,"Houston, Texas",Episcopal
2026,Simone Lawson,S,Navy,2,7,0,0,0,--,0,0,0,0,0,0,0,0,0,0.0,"Richmind, Va.",Patrick Henry
2026,Sullivan Leonard,MB,Pepperdine,2,7,0,0,0,--,0,0,0,0,0,0,0,0,0,0.0,"Charleston, S.C.",Bishop England
2026,Emma Logsdon,MB,New Haven,2,7,0,0,0,--,0,0,0,0,0,0,0,0,0,0.0,"Frisco, Texas",Lone Star
2026,Mira McCool,MB,Rutgers,2,7,0,0,0,--,0,0,0,0,0,0,0,0,0,0.0,"Homewood, Ala.",Homewood
2026,Claire McNeal,OH,Pepperdine,2,7,0,0,0,--,0,0,0,0,0,0,0,0,0,0.0,"Scottsdale, Ariz.",Chaparral
2026,Aaliyah Mixon,OH,Jacksonville,2,7,0,0,0,--,0,0,0,0,0,0,0,0,0,0.0,"Dallas, Texas",Allen
2026,Nicole Neal,OH,Navy,2,7,0,0,0,--,0,0,0,0,0,0,0,0,0,0.0,"Fort Lauderdale, Fla.",Montgomery Blair
2026,Melanie Pinales,MB,East Carolina,2,7,0,0,0,--,0,0,0,0,0,0,0,0,0,0.0,"Toms River, N.J.",Toms River High School South
2026,Cayla Prohaska,OH,Campbell,2,7,0,0,0,--,0,0,0,0,0,0,0,0,0,0.0,"Palos Heights, Ill.",Mother McAuley
2026,Ali Wiest,OH,Grand Canyon,2,7,0,0,0,--,0,0,0,0,0,0,0,0,0,0.0,"Peoria, Ariz.",Sandra Day O' Connor
2026,Anna Adcock,MB,Wofford,2,6,0,0,0,--,0,0,0,0,0,0,0,0,0,0.0,"Lutz, Fla.",Steinbrenner
2026,Opeoluwa Aladetimi,OH,Temple,2,6,0,0,0,--,0,0,0,0,0,0,0,0,0,0.0,,
2026,Erin Armstrong,MB,Norfolk St.,2,6,0,0,0,--,0,0,0,0,0,0,0,0,0,0.0,"Detroit, Mich.",
2026,Sarah Brodner,OH,Virginia,2,6,0,0,0,--,0,0,0,0,0,0,0,0,0,0.0,"Jupiter, Fla.",Jupiter
2026,Sylvia Bunde,L/DS,Princeton,2,6,0,0,0,--,0,0,0,1,0,0,0,0,0,0.0,"Leawood, Kan. / Shawnee Mission East",
2026,Amari Chaney,S,Norfolk St.,2,6,0,0,0,--,1,0,0,0,0,0,0,0,0,0.0,"Chesapeake, Va.",
2026,Ramsey Chastain,S,Wofford,2,6,0,0,0,--,1,0,0,0,0,0,0,0,0,0.0,"Pauline, S.C.",Dorman
2026,Ellie Chu,S,Providence,2,6,0,0,0,--,0,0,1,0,0,0,0,0,0,0.0,,
2026,Ellis Crawford,MB,Maryland,2,6,0,0,0,--,0,0,0,0,0,0,0,0,0,0.0,"Marietta, GA",
2026,Tierney Ervin,DS,Seattle U,2,6,0,0,0,--,0,0,0,0,0,0,0,0,0,0.0,,
2026,IvyAnn Feay,MB,Colgate,2,6,0,0,0,--,0,0,0,0,0,0,0,0,0,0.0,,
2026,Olivia Foye,L,Princeton,2,6,0,0,0,--,0,0,0,0,0,0,0,0,0,0.0,"Huntington Beach, Calif. / Huntington Beach",
2026,Nicki Gaito,DS,Princeton,2,6,0,0,0,--,0,0,0,0,0,0,0,0,0,0.0,,
2026,Julia Gojcaj,S,Dartmouth,2,6,0,0,0,--,0,0,1,4,0,0,0,0,0,0.0,,
2026,Miranda Holincheck,L/DS,Southern Miss.,2,6,0,0,0,--,0,0,0,1,0,0,0,0,0,0.0,"Covington, La.",
2026,Kelsey Holmes,RS,Providence,2,6,0,0,0,--,1,0,0,0,0,0,0,0,0,0.0,,
2026,Macy Humble,DS,Missouri St.,2,6,0,0,0,--,0,0,1,1,0,0,0,0,0,0.0,"Ozark, Mo.",
2026,Alyssa Konrad,L/DS,Wisconsin,2,6,0,0,0,--,0,0,2,1,0,0,0,0,0,0.0,"Madison, Wis.",Vel Phillips Memorial High School
2026,Tulasi Nalluri,L/DS,William & Mary,2,6,0,0,0,--,0,0,1,3,0,0,0,0,0,0.0,"Sunnyvale, Calif.",Redwood
2026,Emmy Nicholas,L,New Mexico St.,2,6,0,0,0,--,0,0,0,0,0,0,0,0,0,0.0,"Fulshear, Texas",Jordan HS
2026,Annemarie O'Gara,OPP,California,2,6,0,0,1,0.000,0,0,0,0,0,0,0,0,0,0.0,"Phoenix, Ariz.",Xavier College Preparatory
2026,Abigail Schoene,S,Baylor,2,6,0,0,1,0.000,4,0,0,3,0,0,0,0,0,0.0,,
2026,Lily Smith,MB,Temple,2,6,0,0,0,--,0,0,0,0,0,0,0,0,0,0.0,"HOMETOWN
MADISON, WISC.",
2026,Nikki Tawil,S,Maryland,2,6,0,0,0,--,0,0,0,0,0,0,0,0,0,0.0,"Burbank, CA",
2026,Allison Tredwell,S,Princeton,2,6,0,0,0,--,0,0,0,0,0,0,0,0,0,0.0,"Frisco, Texas / Frisco Liberty",
2026,Jazlyn Vasquez,L/DS,New Mexico St.,2,6,0,0,0,--,0,0,0,0,0,0,0,0,0,0.0,"Las Cruces, N.M.",Centennial HS
2026,Sofia Vega,OH,Temple,2,6,0,0,0,--,0,0,0,0,0,0,0,0,0,0.0,,
2026,Avery Webb,L/DS,Virginia Tech,2,6,0,0,0,--,0,0,0,0,0,0,0,0,0,0.0,"Saint Johns, Fla.",Ponte Vedra High School
2026,Payton Askelsen,DS,UNI,2,5,0,0,0,--,0,0,0,1,0,0,0,0,0,0.0,"Cambridge, Iowa",Ballard HS
2026,Eden Bower,OH,Auburn,2,5,0,1,1,-1.000,0,0,0,0,0,0,0,0,0,0.0,,
2026,Anna Cassidy,MB,Purdue Fort Wayne,2,5,0,0,2,0.000,0,0,0,0,0,0,0,0,0,0.0,"Mentor, Ohio",Mentor
2026,Sydney Crowley,L,Toledo,2,5,0,0,0,--,1,0,1,0,0,0,0,0,0,0.0,"Cincinnati, Ohio",Seton
2026,Nola Duncan,OH,Towson,2,5,0,0,0,--,0,0,0,0,0,0,0,0,0,0.0,"West Orange, N.J.",West Orange H.S.
2026,Emily Ernst,S,Marist,2,5,0,0,0,--,1,0,0,5,0,0,0,0,0,0.0,"Algonquin, IL",Huntley High School
2026,Luca Fickell,S,Indiana,2,5,0,0,0,--,0,0,0,1,0,0,0,0,0,0.0,,
2026,Ella Gizmunt,OH,Merrimack,2,5,0,0,0,--,0,0,0,0,0,0,0,0,0,0.0,"Lynnfield, Mass.",Lynnfield
2026,Lauranta iyalekhue,MB,San Diego St.,2,5,0,1,2,-0.500,0,0,0,0,0,0,0,0,0,0.0,"Yonkers, N.Y.",Yonkers HS
2026,Caitlin Johnson,MB,Santa Clara,2,5,0,0,0,--,0,0,0,0,0,0,0,0,0,0.0,"South Riding, Va.",Freedom HS
2026,Jaden Jones,MB,Michigan,2,5,0,1,1,-1.000,0,0,0,0,0,0,0,0,0,0.0,"Tampa, Fla.",
2026,Jadyn Kennedy,L,Toledo,2,5,0,0,0,--,0,0,1,0,0,0,0,0,0,0.0,"Oregon, Ohio",Clay
2026,Alex Klukvin,L,Kansas St.,2,5,0,0,0,--,0,0,1,0,0,0,0,0,0,0.0,"Olathe, Kan.",Olathe Northwest
2026,Spyridoula Komini,OH,Indiana,2,5,0,0,0,--,0,0,0,0,0,0,0,0,0,0.0,,
2026,Ava Lambert,L,Florida St.,2,5,0,0,0,--,0,0,0,0,0,0,0,0,0,0.0,"Scottsdale, Arizona",
2026,Tatum Lane,S,San Diego,2,5,0,0,0,--,0,0,1,0,0,0,0,0,0,0.0,"San Pedro, CA",Palos Verdes High School
2026,Avery LaPlaca,,Pacific,2,5,0,1,1,-1.000,0,0,0,0,0,0,0,0,0,0.0,,
2026,Emily Lavin,OH,Iowa,2,5,0,0,0,--,0,0,0,1,0,0,0,0,0,0.0,"Brookfield, Wis.",Brookfield Central
2026,Gracyn Marshall,L/DS,West Florida,2,5,0,0,0,--,0,0,0,0,0,0,0,0,0,0.0,"High Springs, Fla.",Santa Fe High School
2026,Lucy Monahan,MB,Toledo,2,5,0,0,0,--,0,0,0,0,0,0,0,0,0,0.0,"Lambertville, Mich.",Bedford Senior
2026,Ryan Murphy,S,Florida St.,2,5,0,0,0,--,1,0,0,0,0,0,0,0,0,0.0,"Ponte Vedra Beach, Florida",
2026,Sanja Popovic,MB,UNLV,2,5,0,0,0,--,0,0,0,0,0,0,0,0,0,0.0,"Belgrade, Serbia",
2026,Anna Ptacin,MB,Indiana St.,2,5,0,0,0,--,0,0,0,0,0,0,0,0,0,0.0,"Roscoe, Ill.",Hononegah
2026,Aviya Russo,OH,Texas Tech,2,5,0,0,0,--,0,0,1,0,0,0,0,0,0,0.0,,
2026,Catharina Scorza,OH,FGCU,2,5,0,0,0,--,0,0,0,0,0,0,0,0,0,0.0,"Rio de Janeiro, Brazil",
2026,Katherine Thompson,L,South Dakota,2,5,0,0,0,--,0,0,1,0,0,0,0,0,0,0.0,"Pewaukee, Wis.",Arrowhead Union HS
2026,Mila Vlahović,OH,Creighton,2,5,0,1,1,-1.000,0,0,0,0,0,0,0,0,0,0.0,"Ghent, Belgium",
2026,Ella Ward,DS,Southern Miss.,2,5,0,0,0,--,0,0,0,4,0,0,0,0,0,0.0,"Little Rock, Ark.",
2026,Sydni Weber,L/DS,Indiana St.,2,5,0,0,0,--,0,0,0,2,0,0,0,0,0,0.0,"Terre Haute, Ind.",Terre Haute South
2026,Chloe Allcroft,MB,Boston College,2,4,0,0,0,--,0,0,0,0,0,0,0,0,0,0.0,"Mill Valley, Calif.",Marin Catholic High School
2026,Taliah Benson,OH,Le Moyne,2,4,0,0,0,--,0,0,0,0,0,0,0,0,0,0.0,,
2026,Madelyn Blakey,RS,Holy Cross,2,4,0,0,2,0.000,0,0,0,0,0,0,0,0,0,0.0,"Lexington, Ky.",Lafayette Senior
2026,Taylor Bonner-Williams,OH,Houston Christian,2,4,0,0,0,--,0,0,0,1,0,0,0,0,0,0.0,"Rosharon, Texas",Iowa Colony
2026,Britt Carlson,OPP,Arizona,2,4,0,1,1,-1.000,0,0,0,0,0,0,0,0,0,0.0,"Woodbury, Minn.",East Ridge H.S.
2026,Gabby Dean,MB,Illinois,2,4,0,0,1,0.000,0,0,0,0,0,0,0,0,0,0.0,"Columbus, Ind.",
2026,Hayley Dionis,L/DS,Furman,2,4,0,0,0,--,0,0,2,2,0,0,0,0,0,0.0,"Greenwich, Conn.",Greenwich
2026,Devin Dzienny,L/DS,Illinois,2,4,0,0,0,--,0,0,1,0,0,0,0,0,0,0.0,"Oregon, Ohio",
2026,Maria Eduarda Oliveira da Silva Frizzo,OH,Western Ill.,2,4,0,0,0,--,0,0,0,0,0,0,0,0,0,0.0,,
2026,Morgan Fowler,L/DS,Tennessee St.,2,4,0,0,0,--,0,0,0,2,0,0,0,0,0,0.0,"St. Louis, Mo.",Cardinal Ritter College Prep
2026,Grace Fredrick,S,BYU,2,4,0,0,0,--,1,0,1,0,0,0,0,0,0,0.0,,
2026,Chloe Garcia,S,Fla. Atlantic,2,4,0,0,0,--,0,0,0,0,0,0,0,0,0,0.0,"Miami, Fla.",Westminster Christian
2026,Ryan Gorski,OH,DePaul,2,4,0,0,0,--,0,0,0,0,0,0,0,0,0,0.0,"Scotch Plains, N.J.",Union Catholic Regional
2026,Bridget Gould,OPP,Oregon St.,2,4,0,1,2,-0.500,0,0,1,1,0,0,0,0,0,0.0,"North Bend, Ore.",Marshfield
2026,Luisa Juncu,OH,DePaul,2,4,0,0,1,0.000,0,0,0,0,0,0,0,0,0,0.0,"Brescia, Italy",
2026,Desiree Kepler,L/DS,Ark.-Pine Bluff,2,4,0,0,0,--,0,0,0,0,0,0,0,0,0,0.0,"College Corner, OH",
2026,Cate Legel,OH,South Dakota,2,4,0,0,0,--,0,0,0,1,0,0,0,0,0,0.0,"Sioux Falls, S.D.",Sioux Falls Washington
2026,Sonja Meyer,RS,Siena,2,4,0,0,1,0.000,0,0,0,0,0,0,0,0,0,0.0,"Oak Hill, VA",Flint Hill (Paramount VBC)
2026,Quincy Moran,OH,Eastern Wash.,2,4,0,0,0,--,0,0,0,0,0,0,0,0,0,0.0,"Bothell, Wash.",North Creek High
2026,Allyson Orth,S,Army West Point,2,4,0,0,0,--,1,0,0,0,0,0,0,0,0,0.0,"Wichita, Kan.",Bishop Carroll Catholic
2026,Cate Palmi,OH,South Fla.,2,4,0,0,0,--,0,0,0,1,0,0,0,0,0,0.0,"Saint Cloud, Fla.",Osceola High School
2026,Caroline Prihoda,S,Kentucky,2,4,0,0,0,--,0,0,1,0,0,0,0,0,0,0.0,"The Woodlands, Texas",tiktok
2026,Carly Ries,OH,South Dakota,2,4,0,0,1,0.000,0,0,0,0,0,0,0,0,0,0.0,"Norfolk, Neb.",Norfolk HS
2026,Peyton Sasse,MB,Marshall,2,4,0,0,0,--,0,0,0,0,0,0,0,0,0,0.0,"Beason, Ill.",Lincoln Community HS
2026,Vallane Sneva,OH,Marist,2,4,0,0,0,--,0,0,0,0,0,0,0,0,0,0.0,"Gig Harbor, WA",Pennisula High School
2026,Sophia Stalcup,OPP,Villanova,2,4,0,1,2,-0.500,0,0,0,0,0,0,0,0,0,0.0,"Trabuco Canyon, Calif.",Santa Margarita Catholic
2026,Alana Whitfield,L/DS,Michigan St.,2,4,0,0,0,--,0,0,1,0,0,0,0,0,0,0.0,,
2026,Reesa Zimmerman,OH,Miami (OH),2,4,0,0,0,--,0,0,0,0,0,0,0,0,0,0.0,"Batesville, Ind.",Batesville High School
2026,Elizabeth Decker,RS,UConn,2,3,0,0,0,--,0,0,0,0,0,0,0,0,0,0.0,"Ponte Vedra, Florida",Ponte Vedra
2026,Nikki Ott,L/DS,Colorado,2,3,0,0,0,--,0,0,1,0,0,0,0,0,0,0.0,,
2026,Emerson Spiesz,L/DS,USC Upstate,2,3,0,0,0,--,0,0,0,1,0,0,0,0,0,0.0,,
2026,Elena Baic,S,Southern California,2,2,0,0,0,--,0,0,0,0,0,0,0,0,0,0.0,"Subotica, Serbia",LOTTO Chemik Police
2026,Olivia Brown,DS,Louisiana,2,2,0,0,0,--,0,0,0,0,0,0,0,0,0,0.0,"Flower Mound, Texas",
2026,Chloe Cline,MB,Evansville,2,2,0,0,5,0.000,0,0,0,0,0,0,0,0,0,0.0,"Bettendorf, Iowa",
2026,Taryn DeWese,S,Vanderbilt,2,2,0,0,1,0.000,3,0,0,0,0,0,0,0,0,0.0,,
2026,Ashlee Gnau,L/DS,Youngstown St.,2,2,0,0,0,--,0,0,0,2,0,0,0,0,0,0.0,"Northville, Mich.",Northville
2026,Addison Haberthy,S,Xavier,2,2,0,0,0,--,1,0,0,0,0,0,0,0,0,0.0,,
2026,Kennedy Jones,MB,UAB,2,2,0,0,0,--,0,0,0,0,0,0,0,0,0,0.0,,
2026,Sabrina Jones,MB,Nevada,2,2,0,0,0,--,0,0,0,0,0,0,0,0,0,0.0,"Carson City, Nev.",Bishop Manogue Catholic HS
2026,Hailey Laffond,MB,Drake,2,2,0,0,0,--,0,0,1,0,0,0,0,0,0,0.0,"Eden Prairie, Minn.",Eden Prairie
2026,Kayla Ostrander,DS,Eastern Mich.,2,2,0,0,0,--,0,0,0,1,0,0,0,0,0,0.0,,
2026,Hadley Porter,DS,Ga. Southern,2,2,0,0,0,--,0,0,0,1,0,0,0,0,0,0.0,"Olathe, Kan.",Blue Valley Southwest
2026,Larsen Terrill,S,Wright St.,2,2,0,0,0,--,3,0,1,4,0,0,0,0,0,0.0,,
2026,Eliana Whittaker,S,High Point,2,2,0,0,0,--,1,0,1,0,0,0,0,0,0,0.0,"Harrisburg, N.C.",Hickory Ridge
2026,Angela Zhang,S,New Mexico,2,2,0,0,1,0.000,7,0,2,2,0,0,0,0,0,0.0,,
2026,Aman Agoot,MB,Tennessee Tech,1,5,0,0,0,--,0,0,0,0,0,0,0,0,0,0.0,,
2026,Jasmine Allen,OH,UTRGV,1,5,0,0,0,--,0,0,0,0,0,0,0,0,0,0.0,"DeSoto, Texas",Judge Barefoot Sanders Law Magnet
2026,Maddie Angel,L/DS,UTSA,1,5,0,0,0,--,0,0,0,0,0,0,0,0,0,0.0,,
2026,Vicky Antia,OH,Missouri St.,1,5,0,0,0,--,0,0,0,0,0,0,0,0,0,0.0,,
2026,Ava Archibald,OH,New Mexico St.,1,5,0,0,0,--,0,0,0,0,0,0,0,0,0,0.0,"Scottsdale, Ariz.",Desert Mountain HS
2026,Isa Bento,L,UTRGV,1,5,0,0,0,--,0,0,0,0,0,0,0,0,0,0.0,"Belo Horizonte, Brazil",
2026,Giana Brown,MB,East Texas A&M,1,5,0,0,0,--,0,0,0,0,0,0,0,0,0,0.0,"San Antonio, Texas",Brennan HS
2026,Katie Byergo,MB,Iowa St.,1,5,0,0,0,--,0,0,0,0,0,0,0,0,0,0.0,"Chesterfield, Mo.",Parkway West
2026,Caroline Cannon,MB,Wofford,1,5,0,0,0,--,0,0,0,0,0,0,0,0,0,0.0,"Dallas, Texas",Highland Park
2026,Baileigh Carlsen,DS,Iowa St.,1,5,0,0,0,--,0,0,0,0,0,0,0,0,0,0.0,"Ankeny, Iowa",Ankeny
2026,Rania Chimonides,MB,California,1,5,0,0,0,--,0,0,0,0,0,0,0,0,0,0.0,"Nicosia, Cyprus",Acropolis HS/UNC Wilmington
2026,Emma Clawson,OH,New Mexico St.,1,5,0,0,0,--,0,0,0,0,0,0,0,0,0,0.0,"Shallowater, Texas",Shallowater HS
2026,Keniya Cleveland,MB,CSUN,1,5,0,0,0,--,0,0,0,0,0,0,0,0,0,0.0,"Bellflower, Calif.",Mayfair HS
2026,Riley Copenhaver,OPP,Duke,1,5,0,0,0,--,0,0,0,0,0,0,0,0,0,0.0,"Brighton, Mich.",Brighton
2026,Lillian Davidson,OH,East Texas A&M,1,5,0,0,0,--,0,0,0,0,0,0,0,0,0,0.0,"Holden, Massachusetts",Wachusett Regional High School
2026,Brielle Gengelbach,MB,Missouri St.,1,5,0,0,0,--,0,0,0,0,0,0,0,0,0,0.0,,
2026,Isabella Gibbons,S,Samford,1,5,0,0,0,--,0,0,0,0,0,0,0,0,0,0.0,"Wheaton, IL",
2026,Rylee Giesen,OH,CSUN,1,5,0,0,1,0.000,0,0,0,0,0,0,0,0,0,0.0,"Santa Cruz, Calif.",Scotts Valley HS
2026,Annalise Grant,L/DS,Iowa St.,1,5,0,0,0,--,0,0,0,0,0,0,0,0,0,0.0,"West Des Moines, Iowa",Dowling Catholic
2026,Ema Grubanov,OH,Rutgers,1,5,0,0,0,--,0,0,0,0,0,0,0,0,0,0.0,"Zrenjanin, Serbia",Zrenjanin Gymnasium
2026,Kiera Hagler,MB,Syracuse,1,5,0,0,0,--,0,0,0,0,0,0,0,0,0,0.0,"Calera, AL",
2026,Ambri Hanohano,S,Nevada,1,5,0,0,0,--,0,0,0,0,0,0,0,0,0,0.0,"Honolulu, Hawaii",'Iolani School
2026,Cam Herman,OH,Bellarmine,1,5,0,0,0,--,0,0,0,0,0,0,0,0,0,0.0,"Howell, MI",Hartland
2026,Morgan Inemer,OH,George Mason,1,5,0,0,0,--,0,0,0,0,0,0,0,0,0,0.0,"Trophy Club, Texas",Liberty Christian Argyle
2026,Lauren Ingram,OH,Duke,1,5,0,0,0,--,0,0,0,0,0,0,0,0,0,0.0,"Dallas, Texas",The Hockaday School
2026,Taliah Lee,OH,Weber St.,1,5,0,0,0,--,0,0,0,0,0,0,0,0,0,0.0,"Provo, Utah",Timpview
2026,Sara Lozano,OH,Duke,1,5,0,0,0,--,0,0,0,0,0,0,0,0,0,0.0,"Luquillo, Puerto Rico",IMG Academy
2026,Morgan Martin,DS,Providence,1,5,0,0,0,--,0,0,0,0,0,0,0,0,0,0.0,"Lancaster, Pa.",Conestoga Valley
2026,Beatriz Matos,MB,UNC Greensboro,1,5,0,0,0,--,0,0,0,0,0,0,0,0,0,0.0,"Deerfield Beach, Fla.",Cardinal Gibbons
2026,Maris Mauzey,OPP,Weber St.,1,5,0,0,0,--,0,0,0,0,0,0,0,0,0,0.0,,
2026,Emily Melton,S,Eastern Ky.,1,5,0,0,0,--,0,0,0,0,0,0,0,0,0,0.0,"Campbellsville, Ky.",
2026,Mikayla Middleton,MB,Norfolk St.,1,5,0,0,0,--,0,0,0,0,0,0,0,0,0,0.0,"Roswell, Ga.",
2026,Amanda Mikuzis,MB,LMU (CA),1,5,0,0,0,--,0,0,0,0,0,0,0,0,0,0.0,"Glenview, IL",Glenbrook South High School
2026,Allison Mimbs,OH,Sacramento St.,1,5,0,0,0,--,0,0,0,0,0,0,0,0,0,0.0,"Chico, Calif.",
2026,Haylee Munsey,MB,Radford,1,5,0,0,0,--,0,0,0,0,0,0,0,0,0,0.0,"Knoxville, Tenn.",Knoxville Catholic
2026,Laila N'Diaye,MB,Chattanooga,1,5,0,0,0,--,0,0,0,0,0,0,0,0,0,0.0,"Orlando, Fla.",Lake Brantley High School
2026,Hanna Nemeth,OH,Morgan St.,1,5,0,0,0,--,0,0,0,0,0,0,0,0,0,0.0,"Budapest, Hungary",
2026,Kendall Newbold,OPP,North Florida,1,5,0,0,0,--,0,0,0,0,0,0,0,0,0,0.0,,
2026,Josie Nichols,OH,Eastern Ky.,1,5,0,0,0,--,0,0,0,0,0,0,0,0,0,0.0,"Loveland, Ohio",
2026,Sarah Noto,RS,Tennessee Tech,1,5,0,0,0,--,0,0,0,0,0,0,0,0,0,0.0,,
2026,Camryn Overton,OH,St. Thomas (MN),1,5,0,0,0,--,0,0,0,0,0,0,0,0,0,0.0,,
2026,Addison Putt,DS,Bellarmine,1,5,0,0,0,--,0,0,0,0,0,0,0,0,0,0.0,"Fisherville, KY",Assumption High School
2026,Sophia Richardson,MB,Eastern Ky.,1,5,0,0,0,--,0,0,0,0,0,0,0,0,0,0.0,"Cincinnati, Ohio",
2026,Shylah Totten,MB,UTRGV,1,5,0,0,0,--,0,0,0,0,0,0,0,0,0,0.0,"Chesapeake, Va.",Oscar Smith High School
2026,Sarah Turner,MB,Bellarmine,1,5,0,0,0,--,0,0,0,0,0,0,0,0,0,0.0,"Charlotte, NC",Lake Norman Charter High School
2026,Cassie Verley,OH,Presbyterian,1,5,0,0,0,--,0,0,0,0,0,0,0,0,0,0.0,,
2026,Bella Wynja,MB,Bellarmine,1,5,0,0,0,--,0,0,0,0,0,0,0,0,0,0.0,"Indianapolis, IN",Heritage Christian School
2026,Nadine Zech,OH,UTRGV,1,5,0,0,0,--,0,0,0,0,0,0,0,0,0,0.0,"Gardone Riviera, Italy",Scienze Motorie Bio Sanitario
2026,Alex Acevedo,OH,Minnesota,1,4,0,0,0,--,0,0,0,0,0,0,0,0,0,0.0,"HOMETOWN
NAMPA, IDAHO",
2026,Stella Adeyemi,OH,Notre Dame,1,4,0,0,0,--,0,0,0,0,0,0,0,0,0,0.0,,
2026,Taylor Bahnub,MH,Texas Tech,1,4,0,0,0,--,0,0,0,0,0,0,0,0,0,0.0,"Dublin, Ohio",
2026,Tatiana Besu,MH,Gardner-Webb,1,4,0,0,0,--,0,0,0,0,0,0,0,0,0,0.0,"Miramar, Fla.",West Broward HS
2026,Bennett Boulo,S,Southern Miss.,1,4,0,0,0,--,0,0,0,0,0,0,0,0,0,0.0,"Mobile, Ala.",
2026,Olivia Brewster,MB,Lafayette,1,4,0,0,0,--,0,0,0,0,0,0,0,0,0,0.0,"San Rafael, Calif.",Terra Linda
2026,Caroline Brubaker,MB,Lafayette,1,4,0,0,0,--,0,0,0,0,0,0,0,0,0,0.0,"Morristown, N.J.",West Morris Mendham
2026,Madison Bryant,MB,Central Ark.,1,4,0,0,0,--,0,0,0,0,0,0,0,0,0,0.0,,
2026,Sydney Buchanan,OH,East Carolina,1,4,0,0,0,--,0,0,0,0,0,0,0,0,0,0.0,"Frankfort, Ill.",Mother McAuley High School
2026,Madison Burr,MB,South Dakota St.,1,4,0,0,0,--,0,0,0,0,0,0,0,0,0,0.0,"Goodhue, Minn.",Cannon Falls H.S.
2026,Cayleigh Cervenka,MB,Air Force,1,4,0,0,0,--,0,0,0,0,0,0,0,0,0,0.0,"San Antonio, Texas",
2026,Isabel Clark,OH,Indiana,1,4,0,0,0,--,0,0,0,0,0,0,0,0,0,0.0,,
2026,Lauryn Coleman,OPP,Santa Clara,1,4,0,0,0,--,0,0,0,0,0,0,0,0,0,0.0,Seattle,Lakeside HS
2026,Alyssa Dampier,MB,Southern Miss.,1,4,0,0,0,--,0,0,0,0,0,0,0,0,0,0.0,"Ridgeland, Miss.",
2026,Cambel Drapeau,MB,Creighton,1,4,0,0,0,--,0,0,0,0,0,0,0,0,0,0.0,"Dubuque, Iowa",Dubuque Senior
2026,Caroline Ellis,OH,Ole Miss,1,4,0,0,0,--,0,0,0,0,0,0,0,0,0,0.0,,
2026,Reagan Engler,MB,Texas Tech,1,4,0,0,0,--,0,0,0,0,0,0,0,0,0,0.0,,
2026,Allysa Fausett,S,Texas Tech,1,4,0,0,0,--,0,0,0,0,0,0,0,0,0,0.0,,
2026,Mariah Gaines,OH,Toledo,1,4,0,0,0,--,0,0,0,0,0,0,0,0,0,0.0,"Cincinnati, Ohio",Roger Bacon
2026,Victoria Gao,L/DS,Columbia,1,4,0,0,0,--,0,0,0,0,0,0,0,0,0,0.0,"Seattle, Wash.",Lakeside School
2026,Stephanie Gonzalez,S,San Diego St.,1,4,0,0,0,--,0,0,0,0,0,0,0,0,0,0.0,"Temecula, Calif.",Temecula Valley HS
2026,Alyssa Gumbel,OH,Purdue Fort Wayne,1,4,0,0,0,--,0,0,0,0,0,0,0,0,0,0.0,"Fort Wayne, Ind.",Bellmont
2026,Emma Gutke,MB,Auburn,1,4,0,0,0,--,0,0,0,0,0,0,0,0,0,0.0,,
2026,Abigail Henson,OH,Davidson,1,4,0,0,0,--,0,0,0,0,0,0,0,0,0,0.0,,
2026,Ellie Hepler,DS,Indiana,1,4,0,0,0,--,0,0,0,0,0,0,0,0,0,0.0,,
2026,Elena Hernandez,DS,Pacific,1,4,0,0,0,--,0,0,0,0,0,0,0,0,0,0.0,,
2026,Madalin Hersman,L/DS,Dartmouth,1,4,0,0,0,--,0,0,0,0,0,0,0,0,0,0.0,,
2026,Kendall Hopewell,OH,Northern Ky.,1,4,0,0,0,--,0,0,0,0,0,0,0,0,0,0.0,"Grand Rapids, Mich.",Forest Hills Northern HS
2026,Brooksie Isham,OH,Air Force,1,4,0,0,0,--,0,0,0,0,0,0,0,0,0,0.0,"Salem, Ore.",
2026,Emerson Jones,MB,Air Force,1,4,0,0,0,--,0,0,0,0,0,0,0,0,0,0.0,"Frisco, Texas",
2026,Rowan Kage,L/DS,West Florida,1,4,0,0,0,--,0,0,0,0,0,0,0,0,0,0.0,"Gainesville, Fla.",Gainesville High School
2026,Kaiya Kearney,OH,Santa Clara,1,4,0,0,0,--,0,0,0,0,0,0,0,0,0,0.0,Phoenix,Sandra Day O'Connor HS
2026,Eva Krakowski,MB,Wichita St.,1,4,0,0,0,--,0,0,0,0,0,0,0,0,0,0.0,"Roselle, Ill.",James B. Conant HS
2026,Kambri Kuhni,MB,Utah Valley,1,4,0,0,0,--,0,0,0,0,0,0,0,0,0,0.0,"Orem, Utah",Orem HS
2026,Sydney Lafferty,MB,SFA,1,4,0,0,0,--,0,0,0,0,0,0,0,0,0,0.0,"Rockwall, Texas",
2026,Ava Lange,OH,Notre Dame,1,4,0,0,0,--,0,0,0,0,0,0,0,0,0,0.0,,
2026,Anna Leahy,OPP,Air Force,1,4,0,0,0,--,0,0,0,0,0,0,0,0,0,0.0,"Charlotte, N.C.",
2026,Dylann Loggins,MB,Indiana St.,1,4,0,0,0,--,0,0,0,0,0,0,0,0,0,0.0,"Elliott City, Md.",Howard
2026,Tristen Lujan,MB,Santa Clara,1,4,0,0,0,--,0,0,0,0,0,0,0,0,0,0.0,"Santa Fe, N.M.",Albuquerque Academy
2026,Ania Magier,MB,Bowling Green,1,4,0,0,0,--,0,0,0,0,0,0,0,0,0,0.0,"London, Ontario",
2026,Kylie Miller,MB,Indiana St.,1,4,0,0,0,--,0,0,0,0,0,0,0,0,0,0.0,"Medford, Ore.",North Medford
2026,Calissa Minatee,MB,Minnesota,1,4,0,0,0,--,0,0,0,0,0,0,0,0,0,0.0,"HOMETOWN
KANSAS CITY, MO.",
2026,Jenna Morris,MB,Air Force,1,4,0,0,0,--,0,0,0,0,0,0,0,0,0,0.0,"Seneca, S.C.",
2026,Jasmine Okeoma,MB,Auburn,1,4,0,0,0,--,0,0,0,0,0,0,0,0,0,0.0,,
2026,Chierika Okororie,MB,Auburn,1,4,0,0,0,--,0,0,0,0,0,0,0,0,0,0.0,,
2026,Kamree Orizotti,S,Towson,1,4,0,0,0,--,0,0,0,0,0,0,0,0,0,0.0,"Salem, Ore.",South Salem H.S.
2026,Abbigale Parr,S,Central Ark.,1,4,0,0,0,--,0,0,0,0,0,0,0,0,0,0.0,"North Richland Hills, Texas",Birdville HS
2026,Veronica Patti,MB,Quinnipiac,1,4,0,0,0,--,0,0,0,0,0,0,0,0,0,0.0,"Roverto, Italy",Licei Le Filandiere
2026,Katherine Picozzi,S,Mercyhurst,1,4,0,0,0,--,0,0,0,0,0,0,0,0,0,0.0,"Collegeville, Pa.",Lansdale Catholic
2026,Amelia Porisch,OH,Air Force,1,4,0,0,0,--,0,0,0,0,0,0,0,0,0,0.0,"Saint Ansgar, Iowa",
2026,Garrah Prox,OH,Abilene Christian,1,4,0,0,0,--,0,0,0,0,0,0,0,0,0,0.0,"Kaufman, Texas",Kaufman HS
2026,Kadi Pynchon,L/DS,Lafayette,1,4,0,0,0,--,0,0,0,0,0,0,0,0,0,0.0,"Falls Church, Va.",Flint Hill
2026,Leilani Ramos,S,Western Caro.,1,4,0,0,0,--,0,0,0,0,0,0,0,0,0,0.0,"Jupiter, Fla.",Jupiter Christian HS
2026,Maria Rawlek,MB,Lafayette,1,4,0,0,0,--,0,0,0,0,0,0,0,0,0,0.0,"Calgary, Canada",Saint Mary's
2026,Hannah Rider,L,Canisius,1,4,0,0,0,--,0,0,0,0,0,0,0,0,0,0.0,"College Grove, Tenn.",Page
2026,Annika Roberson,OPP,Dartmouth,1,4,0,0,0,--,0,0,0,0,0,0,0,0,0,0.0,,
2026,Brooke Rooney,L/DS,Gardner-Webb,1,4,0,0,0,--,0,0,0,0,0,0,0,0,0,0.0,"Bloomsbury, N.J.",Phillipsburg HS
2026,Kathryn Schuele,S,East Carolina,1,4,0,0,0,--,0,0,0,0,0,0,0,0,0,0.0,,
2026,Aliah Snider,S,Wichita St.,1,4,0,0,0,--,0,0,0,0,0,0,0,0,0,0.0,"Parker, Colo.",Chaparral HS
2026,Angelique St. Laurent,RS,Davidson,1,4,0,0,0,--,0,0,0,0,0,0,0,0,0,0.0,,
2026,Perry Stevenson,OH,Canisius,1,4,0,0,0,--,0,0,0,0,0,0,0,0,0,0.0,"Millersville, Md.",Severna Park
2026,Mila Stojakovic,OH,Pacific,1,4,0,0,0,--,0,0,0,0,0,0,0,0,0,0.0,,
2026,Ava Theiller,OH,FGCU,1,4,0,0,0,--,0,0,0,0,0,0,0,0,0,0.0,"West Chester, Pa.",Bayard Rustin HS
2026,Sophia Thornburg,OH,Notre Dame,1,4,0,0,0,--,0,0,0,0,0,0,0,0,0,0.0,,
2026,Makiaya Turner,OH,Bowling Green,1,4,0,0,0,--,0,0,0,0,0,0,0,0,0,0.0,"Pickerington, Ohio",
2026,Martha Turnure,S,Gardner-Webb,1,4,0,0,0,--,0,0,0,0,0,0,0,0,0,0.0,"Acworth, Ga.",North Cobb Christian School
2026,Evelyn Udezue,MB,Wyoming,1,4,0,0,0,--,0,0,0,0,0,0,0,0,0,0.0,"Laramie, Wyo.",Brighton
2026,Olivia Van Kooten,L,Canisius,1,4,0,0,0,--,0,0,0,0,0,0,0,0,0,0.0,"Glenview, Ill.",Glenbrook South
2026,Ava Vickers,MB,Indiana,1,4,0,0,0,--,0,0,0,0,0,0,0,0,0,0.0,,
2026,Danyele Wallace,MB,McNeese,1,4,0,0,0,--,0,0,0,0,0,0,0,0,0,0.0,"Lake Charles, La.",Barbe High
2026,Hunter West,L,Grand Canyon,1,4,0,0,0,--,0,0,0,0,0,0,0,0,0,0.0,"Wausa, Neb.",Wausa
2026,Addy Wiese,L/DS,San Diego,1,4,0,0,0,--,0,0,0,0,0,0,0,0,0,0.0,"Wildwood, MO",Lafayette High School
2026,Sophia Zanca,MB,Dartmouth,1,4,0,0,0,--,0,0,0,0,0,0,0,0,0,0.0,,
2026,Ambryn Aanonsen,RS,Green Bay,1,3,0,0,0,--,0,0,0,0,0,0,0,0,0,0.0,"Jackson, Wis.",Kettle Moraine Lutheran
2026,Emilia Arvidson,OPP,George Washington,1,3,0,0,0,--,0,0,0,0,0,0,0,0,0,0.0,"Orebro, Sweden",
2026,Amirra Bailey,OPP,Louisville,1,3,0,0,0,--,0,0,0,0,0,0,0,0,0,0.0,"Bowling Green, Ky.",
2026,Brooklyn Bailey,MB,Memphis,1,3,0,0,0,--,0,0,0,0,0,0,0,0,0,0.0,"Highland Park, Texas",
2026,Avery Bain,OH,Miami (FL),1,3,0,0,0,--,0,0,0,0,0,0,0,0,0,0.0,"Pittsburgh, Pa.",Burrell
2026,Ellie Barker,OH,Butler,1,3,0,0,0,--,0,0,0,0,0,0,0,0,0,0.0,"Mahomet, Ill.",Mahomet-Seymour
2026,Simone Baskin,MB,Miami (FL),1,3,0,0,0,--,0,0,0,0,0,0,0,0,0,0.0,"Austin, Texas",James Bowie HS
2026,Milan Bayless,OH,Colgate,1,3,0,0,0,--,0,0,0,0,0,0,0,0,0,0.0,"San Diego, Calif.",Cathedral Catholic
2026,Sirma Bayrakci,S,FDU,1,3,0,0,0,--,0,0,0,0,0,0,0,0,0,0.0,"Istanbul, Turkey",Birey College
2026,Addy Benefield,OH,Washington,1,3,0,0,0,--,0,0,0,0,0,0,0,0,0,0.0,"Redondo Beach, Calif.",Redondo Union
2026,Arden Billingsley,S,DePaul,1,3,0,0,0,--,0,0,0,0,0,0,0,0,0,0.0,"Fairfield, Calif.",Rodriguez
2026,Brianna Blair,MB,Robert Morris,1,3,0,0,0,--,0,0,0,0,0,0,0,0,0,0.0,"Toledo, Ohio",Whitmer
2026,Za'Niya Boyles,OH,Memphis,1,3,0,0,0,--,0,0,0,0,0,0,0,0,0,0.0,"Columbia, S.C.",
2026,Jentle Brannon,MB,UMES,1,3,0,0,0,--,0,0,0,0,0,0,0,0,0,0.0,"Lancaster, CA",
2026,Sydney Breon,L/DS,UCLA,1,3,0,0,0,--,0,0,0,0,0,0,0,0,0,0.0,"Dallas, Texas",Highland Park HS
2026,Avery Bryan,MB,Bucknell,1,3,0,0,0,--,0,0,0,0,0,0,0,0,0,0.0,"Tewksbury, NJ",
2026,Mia Carrasco,OPP,Austin Peay,1,3,0,0,0,--,0,0,0,0,0,0,0,0,0,0.0,"El Paso, Texas",Eastlake High School
2026,Laurel Cassidy,L/DS,LSU,1,3,0,0,0,--,0,0,0,0,0,0,0,0,0,0.0,,
2026,Alina Cebotari,OH,FIU,1,3,0,0,0,--,0,0,0,0,0,0,0,0,0,0.0,"Chisinau, Moldova","Liceul Teoretic ""Gheorghe Marinescu"""
2026,Lauren Cortina,L/DS,UCLA,1,3,0,0,0,--,0,0,0,0,0,0,0,0,0,0.0,"Kenilworth, Ill.",New Trier HS
2026,Sophie Crawford,S,Miami (OH),1,3,0,0,0,--,0,0,0,0,0,0,0,0,0,0.0,"Kalamazoo, Mich.",Gull Lake High School
2026,Autumn Culbreath,S,South Carolina St.,1,3,0,0,0,--,0,0,0,0,0,0,0,0,0,0.0,"Atlanta, GA",Westlake High School
2026,Shea Davis,L/DS,Arizona,1,3,0,0,0,--,0,0,0,0,0,0,0,0,0,0.0,"Elkhart, Ind.",Concord H.S.
2026,Harmoni Dobbins,MB,Houston,1,3,0,1,1,-1.000,0,0,0,0,0,0,0,0,0,0.0,"Ellenwood, Ga.",Deerfield Academy
2026,Lauren Dow,S,Col. of Charleston,1,3,0,0,0,--,0,0,0,0,0,0,0,0,0,0.0,"Pickens, S.C.",Pickens
2026,Bella Ehrlich,MB,Boston College,1,3,0,0,0,--,0,0,0,0,0,0,0,0,0,0.0,"San Ramon, Calif",Carondelet High School
2026,Morgan Engel,S,North Dakota St.,1,3,0,0,0,--,0,0,0,0,0,0,0,0,0,0.0,,
2026,Gracie Eybel,MB,Army West Point,1,3,0,0,0,--,0,0,0,0,0,0,0,0,0,0.0,"Louisville, Ky.",Sacred Heart Academy
2026,Victoria Filippova,RS,Army West Point,1,3,0,0,0,--,0,0,0,0,0,0,0,0,0,0.0,"Sherwood Forest, Calif.",Bishop Alemany
2026,Jill Frye,MH,Siena,1,3,0,0,0,--,0,0,0,0,0,0,0,0,0,0.0,"Shoreline, WA",Shorewood (Washington Volleyball Academy)
2026,Laura Fuehrer,OH,UMBC,1,3,0,0,0,--,0,0,0,0,0,0,0,0,0,0.0,"Bay Village, Ohio",Bay
2026,Haiden Fuhrmann,OH,Binghamton,1,3,0,0,0,--,0,0,0,0,0,0,0,0,0,0.0,"Berkeley Heights, N.J.",Union Catholic Regional
2026,Ava Gaspard,RS,Binghamton,1,3,0,0,0,--,0,0,0,0,0,0,0,0,0,0.0,"Westfield, N.J.",Westfield
2026,Maci Gerboth,MB,Marshall,1,3,0,0,0,--,0,0,0,0,0,0,0,0,0,0.0,"Columbus, Ohio",Olentangy Orange High School
2026,Brooke Gilmour,MB,SMU,1,3,0,0,0,--,0,0,0,0,0,0,0,0,0,0.0,"Westlake Village, Calif.",Oaks Christian School
2026,Simone Grieser,S,A&M-Corpus Christi,1,3,0,0,0,--,0,0,0,0,0,0,0,0,0,0.0,"Woodville, WA",North Creek HS
2026,Caroline Hanner,OH,Robert Morris,1,3,0,0,0,--,0,0,0,0,0,0,0,0,0,0.0,"Dover, Ohio",Dover
2026,Charli Harvin,MB,Prairie View,1,3,0,0,0,--,0,0,0,0,0,0,0,0,0,0.0,"San Antonio, Texas",Judson HS
2026,Janyah Henderson,MB,Memphis,1,3,0,0,0,--,0,0,0,0,0,0,0,0,0,0.0,"Houston, Texas",
2026,Layla Hoying,OH,Ohio St.,1,3,0,0,0,--,0,0,0,0,0,0,0,0,0,0.0,,
2026,Jada James,OH,UMBC,1,3,0,0,0,--,0,0,0,0,0,0,0,0,0,0.0,"Frankfort, Ill.",Lincoln-Way East
2026,Ava Jo Berry,L,Washington,1,3,0,0,0,--,0,0,0,0,0,0,0,0,0,0.0,"Wenatchee, Wash.",Wenatchee
2026,Isabella Johnson,RS,Fla. Atlantic,1,3,0,0,0,--,0,0,0,0,0,0,0,0,0,0.0,"Montverde, Fla.",Windermere Prep
2026,Lauren Johnson,MB,Washington St.,1,3,0,0,0,--,0,0,0,0,0,0,0,0,0,0.0,"Fort Collins, Colo.",Fort Collins
2026,Akire Jones,MH,VCU,1,3,0,0,0,--,0,0,0,0,0,0,0,0,0,0.0,"Round Rock, Texas",
2026,Madisyn Jones,L,Howard,1,3,0,0,0,--,0,0,0,0,0,0,0,0,0,0.0,"Bridgeville, PA",South Fayette HS
2026,Reyna Jones,MB,Army West Point,1,3,0,0,0,--,0,0,0,0,0,0,0,0,0,0.0,"Chandler, Ariz.",Arizona College Prep
2026,Karli Jordan,OH,Duquesne,1,3,0,0,0,--,0,0,0,0,0,0,0,0,0,0.0,"Frisco, Texas",Frisco
2026,Mikayla Keefer,MB,Marist,1,3,0,0,0,--,0,0,0,0,0,0,0,0,0,0.0,"Ypsilanti, MI",Huron High School
2026,Calli Kenny,S,Bucknell,1,3,0,0,0,--,0,0,0,0,0,0,0,0,0,0.0,"Villa Park, Ill.",
2026,Natasha Kidd,OH,North Dakota St.,1,3,0,0,0,--,0,0,0,0,0,0,0,0,0,0.0,,
2026,Isabella Knoernschild,L,Arkansas,1,3,0,0,0,--,0,0,0,0,0,0,0,0,0,0.0,,
2026,Karla Kosutic,MB,Southern Utah,1,3,0,0,0,--,0,0,0,0,0,0,0,0,0,0.0,"Valpovo, Croatia",Gimnazija Osijek
2026,Juliana Laguado Raigosa,OH,Little Rock,1,3,0,0,0,--,0,0,0,0,0,0,0,0,0,0.0,,
2026,Olivia Liermann,OH,Montana,1,3,0,0,0,--,0,0,0,0,0,0,0,0,0,0.0,"Coeur D'Alene, Idaho",
2026,Valentina Lopez Moya,MB,Hofstra,1,3,0,0,0,--,0,0,0,0,0,0,0,0,0,0.0,"Santa Lucía, San Juan Province, Argentina",Colegio Santa Rosa de Lima
2026,Mia Lundberg,OH,Utah Tech,1,3,0,0,0,--,0,0,1,0,0,0,0,0,0,0.0,"Templeton, Calif.",Carlsbad HS
2026,Meki Maile,S,Portland,1,3,0,0,0,--,0,0,0,0,0,0,0,0,0,0.0,"Menlo Park, Calif.",Menlo Atherton HS
2026,Makenzie Malloy,OPP,Winthrop,1,3,0,0,0,--,0,0,0,0,0,0,0,0,0,0.0,"Dacula, GA",Mill Creek H.S.
2026,Ava Martin,MB,Utah St.,1,3,0,0,0,--,0,0,0,0,0,0,0,0,0,0.0,"Twin Falls, Idaho",Twin Falls HS
2026,Jules Mason,S,Le Moyne,1,3,0,0,0,--,0,0,0,0,0,0,0,0,0,0.0,"San Diego, Calif.",The Bishop's School
2026,Colbie McKenna,OH,Michigan St.,1,3,0,0,0,--,0,0,0,0,0,0,0,0,0,0.0,,
2026,Aubrey Moore,S,Boston College,1,3,0,0,0,--,0,0,0,0,0,0,0,0,0,0.0,"Darien, Conn.",Darien
2026,Mickhaila Murray,OH,Temple,1,3,0,0,0,--,0,0,0,0,0,0,0,0,0,0.0,"HOMETOWN
MANASSAS, VA.",
2026,Ashton Nelson,OH,UCLA,1,3,0,0,0,--,0,0,0,0,0,0,0,0,0,0.0,"San Clemente, Calif.",San Clemente HS
2026,Taylor Neuenschwander,MB,Green Bay,1,3,0,0,0,--,0,0,0,0,0,0,0,0,0,0.0,"Green Bay, Wis.",Bay Port Hs
2026,Shae Pearson,MB,Marshall,1,3,0,0,0,--,0,0,0,0,0,0,0,0,0,0.0,"St. Charles, Mo.",Francis Howell Central
2026,Lexi Pendleton,S,Memphis,1,3,0,0,0,--,0,0,0,0,0,0,0,0,0,0.0,"Memphis, Tenn.",
2026,Brooklyn Pierce,MB,Montana,1,3,0,0,0,--,0,0,0,0,0,0,0,0,0,0.0,"Billings, Mont.",
2026,Josephine Portela,MB,Portland,1,3,0,0,0,--,0,0,0,0,0,0,0,0,0,0.0,,
2026,Justice Rachal,OH,Sam Houston,1,3,0,0,0,--,0,0,0,0,0,0,0,0,0,0.0,,
2026,Drianyeliz Ramos Cora,MB,Houston Christian,1,3,0,0,0,--,0,0,0,0,0,0,0,0,0,0.0,,
2026,Soleil Rancourt,OPP,Buffalo,1,3,0,0,0,--,0,0,0,0,0,0,0,0,0,0.0,"Bristow, Va.",Patriot
2026,Margot Randall,MB,Villanova,1,3,0,0,0,--,0,0,0,0,0,0,0,0,0,0.0,"Leawood, Kan.",St. Teresa's Academy
2026,Jaeda Rawls-Fletcher,MB,A&M-Corpus Christi,1,3,0,0,0,--,0,0,0,0,0,0,0,0,0,0.0,,
2026,Leah Robinson,OH,Houston,1,3,0,0,0,--,0,0,0,0,0,0,0,0,0,0.0,"Kansas City, Mo.",St. James Academy
2026,Grace Ryland,DS,Montana,1,3,0,0,0,--,0,0,0,0,0,0,0,0,0,0.0,"North Platte, Neb.",
2026,Victoria Sanchez,S,UIW,1,3,0,0,2,0.000,13,0,0,7,0,0,0,0,0,0.0,"San Antonio, Texas",Brennan HS
2026,Victoria Shupe,L/DS,SMU,1,3,0,0,0,--,0,0,0,0,0,0,0,0,0,0.0,"Spring, Texas",Fort Bend Christian Academy
2026,Jordyn Smith,MB,A&M-Corpus Christi,1,3,0,0,0,--,0,0,0,0,0,0,0,0,0,0.0,"Miami, FL",Monsignor Edward Pace
2026,Kenzie Smith,MH,Little Rock,1,3,0,0,0,--,0,0,0,0,0,0,0,0,0,0.0,"Yorktown, Va.",Grafton HS
2026,Dafne Sosa,L/DS,Southern Ill.,1,3,0,0,0,--,0,0,0,0,0,0,0,0,0,0.0,"Las Vegas, Nev.",Centennial HS
2026,Rian Stephan,OH,Washington,1,3,0,0,0,--,0,0,0,0,0,0,0,0,0,0.0,"Lynden, Wash.",Lynden H.S.
2026,Maddy Stewart,S,American,1,3,0,0,0,--,0,0,1,1,0,0,0,0,0,0.0,"Annapolis, Md.",Broadneck
2026,Morgan Stewart,OH,DePaul,1,3,0,0,0,--,0,0,0,0,0,0,0,0,0,0.0,"Two Rivers, Wis.",Green Bay Southwest
2026,Lauren Stiles,MH,Siena,1,3,0,0,0,--,0,0,0,0,0,0,0,0,0,0.0,"Lake Mary, FL",Lake Mary / Queens (N.C.) (Top Select Volleyball Academy)
2026,Sharide Sykes,S,Alabama St.,1,3,0,0,0,--,0,0,0,0,0,0,0,0,0,0.0,"McDonough, Ga.",Eagle's Landing
2026,Nathalie Tulumaris,L,NIU,1,3,0,0,0,--,0,0,0,0,0,0,0,0,0,0.0,"Nashville, Tenn.",Brentwood
2026,Lael Valdez,MB,South Carolina St.,1,3,0,0,0,--,0,0,0,0,0,0,0,0,0,0.0,"Fort Mill, SC",Nation Ford High School
2026,Antonia Vasquez,L/DS,Hampton,1,3,0,0,0,--,0,0,0,0,0,0,0,0,0,0.0,,
2026,Kyndall Williams,OH,Hampton,1,3,0,0,0,--,0,0,0,0,0,0,0,0,0,0.0,"Reminderville, OH",Hawken Upper School
2026,Jovana Zelenovic,OH,Miami (FL),1,3,0,0,0,--,0,0,0,0,0,0,0,0,0,0.0,"Novi Sad, Serbia",OK Železnicar
2026,Blaykli Bobik,OH,TCU,1,2,0,1,2,-0.500,0,0,0,2,0,0,0,0,0,0.0,"Queen Creek, Ariz.",Queen Creek HS
2026,Abigail Buckner,L/DS,UConn,1,2,0,0,0,--,0,0,0,0,0,0,0,0,0,0.0,"Menomonee Falls, Wisconsin",Divine Savior Holy Angels
2026,Courtney Burgess,S,Virginia Tech,1,2,0,0,0,--,8,0,0,0,0,0,0,0,0,0.0,"Columbia, S.C.",Gray Collegiate Academy
2026,Nicole Cornell,S,Harvard,1,2,0,0,0,--,1,0,0,1,0,0,0,0,0,0.0,"Lucas, Texas",Lovejoy
2026,Megan Evans,OH,UConn,1,2,0,0,0,--,0,0,0,0,0,0,0,0,0,0.0,"Marlton, New Jersey",Paul VI
2026,Anna Herman,MB,UConn,1,2,0,0,0,--,0,0,0,0,0,0,0,0,0,0.0,"Vincennes, IN",Vincennes Rivet
2026,Shaylee Howard,MB,Alabama A&M,1,2,0,0,0,--,0,0,0,0,0,0,0,0,0,0.0,"Betonville, Ark.",
2026,Leila Paraoan,OH,Tarleton St.,1,2,0,1,2,-0.500,0,0,0,0,0,0,0,0,0,0.0,"Kapolei, HI",Kapolei HS
2026,Audrey Asleson,S,Colorado,1,1,0,0,0,--,1,0,0,0,0,0,0,0,0,0.0,,
2026,Mikaela Brennan,OH,Fordham,1,1,0,0,0,--,0,0,0,0,0,0,0,0,0,0.0,"Laguna Niguel, Calif.",JSerra Catholic
2026,Thea Carter,MB,Rice,1,1,0,0,0,--,0,0,0,0,0,0,0,0,0,0.0,"San Antonio, Texas",
2026,Teodora Cickovic,MB,Murray St.,1,1,0,1,1,-1.000,0,0,0,0,0,0,0,0,0,0.0,"Banja Luka, Bosnia and Herzegovina",High School of Economics
2026,Alicia Guo,OH,Harvard,1,1,0,0,0,--,0,0,0,1,0,0,0,0,0,0.0,"Southborough, Mass.",Groton School
2026,Caitlyn Hollinquest,OH,Alabama A&M,1,1,0,0,0,--,0,0,1,1,0,0,0,0,0,0.0,,
2026,Julia Horan,MB,Cincinnati,1,1,0,0,1,0.000,0,0,0,0,0,0,0,0,0,0.0,,
2026,Dylan Hoskins,L/DS,Florida A&M,1,1,0,1,2,-0.500,0,0,0,0,0,0,0,0,0,0.0,"Houston, Texas",
2026,Kamryn Jackson,RS,N.C. A&T,1,1,0,0,0,--,0,0,0,0,0,0,0,0,0,0.0,"Oklahoma City, Okla.",Deer Creek
2026,Marie Jones,OH,Mississippi St.,1,1,0,2,3,-0.667,0,0,0,0,0,0,0,0,0,0.0,,
2026,Makayla Keibler,MB,Youngstown St.,1,1,0,0,0,--,0,0,0,0,0,0,0,0,0,0.0,"Pittsburgh, Pa.",Kiski Area
2026,Ipek Kusoglu,OH,Kansas City,1,1,0,0,0,--,0,0,0,0,0,0,0,0,0,0.0,"Izmir, Turkey",Gelisim Koleji
2026,Amanda Mack,OH,Holy Cross,1,1,0,0,0,--,0,0,0,0,0,0,0,0,0,0.0,"Bradenton, Fla.",IMG Academy
2026,Elliott Mickelberry,MB,Cincinnati,1,1,0,0,0,--,0,0,1,0,0,0,0,0,0,0.0,,
2026,Viena Moliis,OH,New Mexico,1,1,0,0,0,--,0,0,0,0,0,0,0,0,0,0.0,,
2026,Jadyn Molina,OH,UIW,1,1,0,0,1,0.000,0,0,0,0,0,0,0,0,0,0.0,,
2026,Teagan Ng,OH,Youngstown St.,1,1,0,0,0,--,0,0,0,0,0,0,0,0,0,0.0,"Sunbury, Ohio",Big Walnut
2026,Nil Ozer,MB,UAlbany,1,1,0,0,0,--,0,0,0,0,0,0,0,0,0,0.0,"Istanbul, Turkey",Okyanus
2026,Zaria Queen,OPP,Stanford,1,1,0,0,0,--,0,0,1,1,0,0,0,0,0,0.0,"Honolulu, Hawaii",Moanalua
2026,Sammie Sabra,OH,The Citadel,1,1,0,1,6,-0.167,0,0,0,1,0,0,0,0,0,0.0,,
2026,Greta Schlichter,L/DS,Iowa,1,1,0,0,0,--,0,0,0,0,0,0,0,0,0,0.0,"Lathen, Germany",Schul-Und Leistungssportzentrum
2026,Nadi'ya Shelby,OH,Florida,1,1,0,1,5,-0.200,0,0,0,0,0,0,0,0,0,0.0,,
2026,Tatum Tindall,MB,Kansas St.,1,1,0,0,0,--,0,0,0,0,0,0,0,0,0,0.0,"Manhattan, Kan.",Manhattan
2026,Sophie Twigg,L,McNeese,1,1,0,0,0,--,0,0,0,0,0,0,0,0,0,0.0,"Sylvania, Ohio",Bowling Green Senior High
2026,Josie Valgus,S,TCU,1,1,0,1,1,-1.000,1,0,0,0,0,0,0,0,0,0.0,"Chapel Hill, N.C.",Seaforth HS
2026,Morgan Van Wie,S,Wisconsin,1,1,0,0,0,--,0,0,0,1,0,0,0,0,0,0.0,"Waunakee, Wis.",Waunakee High School
2026,Auna Wiegand,MB,Delaware,1,1,0,1,1,-1.000,0,0,0,0,0,0,0,0,0,0.0,"Frisco, Texas",
