Season,Player,Team
2026,Allie Sweet,UNC Greensboro
2026,Kalista Lukovich,Eastern Wash.
2026,Mallory Reck,Marist
2026,Kennedy Louisell,James Madison
2026,Riley Rosneck,Purdue Fort Wayne
2026,Jurnee Robinson,LSU
2026,Claire Wagstaff,Gonzaga
2026,Olivia Babcock,Pittsburgh
2026,Sylvie Zgonc,South Dakota St.
2026,Suli Davis,SMU
2026,Carola Tesoro,St. John's (NY)
2026,Emersen Schrom,Duquesne
2026,Maria Tabacuks,LMU (CA)
2026,Antonie Kelnárová,Saint Mary's (CA)
2026,Morgan Hayes,Santa Clara
2026,Chloe Smith,Wofford
2026,Jenna Legault,Fresno St.
2026,Carson Tyler,Marquette
2026,Sarah Wadsworth,UNC Asheville
2026,Akira Burt,Georgia St.
2026,Alayna Pierce,Tennessee Tech
2026,Lauren Hubert,Sacred Heart
2026,Kiera Hamilton,George Mason
2026,Gabrielle Gilbert,Norfolk St.
2026,Ellie Rink,Saint Louis
2026,Kyleene Filimaua,Florida St.
2026,Simone Searles,Duquesne
2026,Audrey Ross,Boston College
2026,Gracie Furlong,Bradley
2026,Victoria Marthaler,Sacramento St.
2026,Emma Sorensen,Holy Cross
2026,Hanah Stoddard,Northern Ariz.
2026,Ava Helming,Valparaiso
2026,Kiana Greer,Idaho
2026,Chloe Monson,Sam Houston
2026,Bianna Muoneke,Georgia
2026,Ksenia Rakhmanchik,Baylor
2026,Ariana Brown,East Texas A&M
2026,Cassidy Hartman,UNI
2026,Lily Dykstra,UNI
2026,Molly McCluskey,UC San Diego
2026,Ana Burilovic,Colorado
2026,Taylor Stanley,Kansas
2026,Mary Claire Deacy,Siena
2026,Abby Zimmerman,California
2026,Sydney Jones,Houston
2026,Kaili Doctor,North Florida
2026,Ema Petkovic,UTRGV
2026,Paige Thies,Nevada
2026,Ally Cordes,Samford
2026,Becca Kelley,TCU
2026,Reagan Nelson,Southeast Mo. St.
2026,Lauren MacKellar,New Haven
2026,Izzy Castelloe,Furman
2026,Brooklyn DeLeye,Kentucky
2026,Ella Sanders,Stony Brook
2026,Ashby Willis,Southern Ind.
2026,Brynn Minter,Charleston So.
2026,Ellie Pate,East Carolina
2026,Bella Hutchens,App State
2026,Trinity Rye,Purdue Fort Wayne
2026,Lauren Decker,Robert Morris
2026,Elena Garcia-Guerrios,Davidson
2026,Ella Demetrician,Michigan
2026,Cate Shanahan,Santa Clara
2026,Lejla Hadžiredžepovic,St. John's (NY)
2026,Elsie Sanchez,Northwestern St.
2026,Jordyn Gove,Valparaiso
2026,Ryanne Wattree,Kansas City
2026,Chloe Chicoine,Louisville
2026,Sophia Henry,Middle Tenn.
2026,Petra Fritz,San Francisco
2026,Diane Pichelman,Green Bay
2026,Nia Thompson,George Mason
2026,LaDonna Trantham,Florida A&M
2026,Alida Bennour,Georgia Tech
2026,Reese Ricketts,North Ala.
2026,Nina Horning,West Virginia
2026,Bradley Brown,Wofford
2026,Molly Creech,Miami (OH)
2026,Kaitlin Curran,Bryant
2026,Mckenna Wucherer,Minnesota
2026,Kamryn Gibadlo,Utah
2026,Avery Fearnley,Little Rock
2026,Nicole Schuetz,LMU (CA)
2026,Tyne Ross,N.C. A&T
2026,Michaela Dlouhá,Middle Tenn.
2026,Maddie Smith,Marshall
2026,Haley Patterson,Kennesaw St.
2026,Rayishon Jackman,Alabama A&M
2026,Kylie Surratt,Youngstown St.
2026,Suelen Lima,CSU Bakersfield
2026,Bailey Sinish,IU Indy
2026,Charlotte Moriarty,Xavier
2026,Abbie Hagedorn,Sacred Heart
2026,Isabella Umpierre,UC Davis
2026,Sadie McAda,Southern Miss.
2026,Leyna Nguyen,Loyola Chicago
2026,Ashby Zubchevich,Duke
2026,Campbell McKinnon,Villanova
2026,Kyra McKelvey,Southeastern La.
2026,Abbie Tuyo,Jacksonville
2026,Paityn Chapman,Illinois
2026,Olivia Nzioki,Northwestern St.
2026,Sydney Whitfield,Florida A&M
2026,Jillian Tippmann,IU Indy
2026,AC Froehlich,Oregon St.
2026,Reagan Barth,Ga. Southern
2026,Ireland McNees,UC San Diego
2026,Sydnee Peterson,Rice
2026,Paige Bennett,Winthrop
2026,Evan Hendrix,TCU
2026,Armie Hall,LSU New Orleans
2026,Brooke McCall,West Ga.
2026,Caitlyn Little,Memphis
2026,Kamryn Hunt,Dayton
2026,Nataly Moravec,Duke
2026,Summer Kohler,USC Upstate
2026,Sidney Hamaker,Long Beach St.
2026,Avah Armour,UCF
2026,Kennedy Martin,Penn St.
2026,Alayna Tessena,Northern Colo.
2026,Lana Sesar,FIU
2026,Gabi Martinez,UC Santa Barbara
2026,Ally Chandler,UC Davis
2026,Leilani Lawrence,Old Dominion
2026,Julia Leonardo,Iona
2026,Beatriz Braga,Hofstra
2026,Emilee Hill,Eastern Ky.
2026,Basia Latos,UNLV
2026,Aaliyah Mitchell,Delaware St.
2026,Makayla Bays,ETSU
2026,Sophia Johnson,Georgia St.
2026,Sara Bowcutt,Texas Tech
2026,Belle Patrick,Auburn
2026,Kaira Knox,Western Ky.
2026,Delaney Gash,Akron
2026,Britni Silver,NC State
2026,Rose Moore,Weber St.
2026,Hannah Gonzalez,Abilene Christian
2026,Lucy Arndt,Southeast Mo. St.
2026,Sami Blackett,Utah St.
2026,Una Vajagic,Arizona St.
2026,Cherisse Atilano,Coppin St.
2026,Lara Matta,Mercer
2026,Maja Malinowska,Lamar University
2026,Kalyssa Blackshear,Louisville
2026,Anastasija Bozic,Bowling Green
2026,Hannah Whittingstall,Iowa
2026,Samantha Loyd,Stonehill
2026,Annalise Patchett,Western Mich.
2026,Mara Stiglic,Northwestern
2026,Ava Smith,Ball St.
2026,Addison Massey,Kansas St.
2026,Addison Burke,Eastern Ky.
2026,Tiana Owens,Colgate
2026,Tatum Sharp,Western Caro.
2026,Ella Schabort,San Diego St.
2026,Kendall Timme,DePaul
2026,Liv Mogridge,Iowa
2026,Valiree Schmus,West Ga.
2026,Avery Hobson,Bowling Green
2026,Martina Franco,UTRGV
2026,Pinar Erol,UAlbany
2026,Brooke Hibino,UC Davis
2026,Kamille Gibson,Houston
2026,Cameron Lanier,Elon
2026,Anya Schmidt,St. Thomas (MN)
2026,Jorda Crook,Ole Miss
2026,Johanna Franzen,Fordham
2026,Kendall Lanclos,UNC Greensboro
2026,Sara van Gisteren,LIU
2026,Noemie Glover,Arizona St.
2026,Jahniya Jackson,North Texas
2026,Talia Emmen,N.C. Central
2026,Karis Chatfield,ETSU
2026,Jaida Harris,UNLV
2026,Emma Converse,New Hampshire
2026,Jaidyn Jager,Indiana
2026,Joelie Spelts,Montana St.
2026,Tea Kalajdzic,Saint Louis
2026,Starr Williams,Grand Canyon
2026,Kierstyn Barton,San Diego
2026,Avery Koonsen,SFA
2026,Sydney Bryant,UTSA
2026,Viktoria Dimitrova,Binghamton
2026,Panna Ratkai,Hawaii
2026,Anna Logan Gillens,Delaware
2026,Katherine Holtman,SFA
2026,Kaylen Hines,Alabama St.
2026,Olivia Keckler,Central Conn. St.
2026,Aniya Hall,ULM
2026,Zoe Zudans,Western Caro.
2026,Jaydin Watts,Idaho St.
2026,Hope Briggs,Jackson St.
2026,Lauren Medeck,South Dakota
2026,Delanie Grevengoed,App State
2026,Nisaan Martinez,Lamar University
2026,Emma Fredrick,Cal Poly
2026,Mamie Krubally,Fairfield
2026,Mia Reese,UAB
2026,Hollan Everett,Morehead St.
2026,Gillian Walton,Northern Colo.
2026,Kennedy Vaughn,UAB
2026,Hailey Brockway,CSUN
2026,Ariyana Johnson,Davidson
2026,Susanna Beretti,Lindenwood
2026,Dakota Spurrier,North Florida
2026,Farrah Eike,Navy
2026,Beka Pfefferkorn,Ga. Southern
2026,Elise Sterling,American
2026,Cymarah Gordon,Michigan
2026,Torrey Stafford,Texas
2026,Lindsey Mangelson,Mississippi St.
2026,Katy Barger,Houston Christian
2026,McKenzie Moeller,Southern Ill.
2026,Taryn Roberts,Radford
2026,Molly Reck,Oakland
2026,Luvina Oguntimehin,UTEP
2026,Gabrielle Clinkscale,Middle Tenn.
2026,Faith Young,Western Ky.
2026,Ivey Stocks,Northern Ky.
2026,Katie Kopshever,Eastern Ill.
2026,Chloe Pravednikov,Pepperdine
2026,Curry Kendall,Indiana St.
2026,Salme Hollas,American
2026,Emma Bortolotti,Fairfield
2026,Lisa Melenciano,Drake
2026,Hannah Jones,Ohio St.
2026,Lara Maric,Omaha
2026,Naomy Govou,Ohio St.
2026,Gerren Tomlin,Alabama A&M
2026,Ryleigh Whitekettle,Wake Forest
2026,Hannah Dobbs,UMBC
2026,Bella Wood,Sam Houston
2026,Kyndal Stowers,Texas A&M
2026,Nayeli Ti'a,Iowa St.
2026,Emma Norris,Queens (NC)
2026,Emma McCartney,Campbell
2026,Sarina Galyean,Gardner-Webb
2026,Nayeli Gonzalez,Iowa St.
2026,Anne Makowski,Murray St.
2026,Maggie Uhwat,Valparaiso
2026,Jillian Huckabey,FIU
2026,Maggie Lightheart,New Mexico St.
2026,Addie Brookbank,UNC Asheville
2026,Liv Hosford,Oakland
2026,Maya Bukovcan,High Point
2026,Paige Overcash,Liberty
2026,Chloe Meester,Louisville
2026,Auma Mbeche-Odhiambo,Lafayette
2026,Cambria Gaier,South Alabama
2026,Kendall Beshear,Cal Poly
2026,Paula Tomasa,South Fla.
2026,Carley Wright,Southern Ind.
2026,Ella Durham,Lipscomb
2026,Lauren Jansen,North Dakota St.
2026,Laney Daniell,Liberty
2026,Layla Austin,San Diego St.
2026,Cara Richter,Rhode Island
2026,Sydney Dreves,Boise St.
2026,Evyn Snook,UT Arlington
2026,Emma Rowell,Northeastern
2026,Cortnee Smith,Oral Roberts
2026,Sawyer Thomsen,California
2026,Caroline Noonan,Col. of Charleston
2026,Dara Obeid,Omaha
2026,Rilynn Finley,Missouri St.
2026,Katariina Korhonen,San Francisco
2026,Ella Piskorz,Pepperdine
2026,Manoela Forlin,Buffalo
2026,Shalyn Bell,N.C. Central
2026,Olivia Burrage,Kennesaw St.
2026,Audrey Flanagan,Wisconsin
2026,Marianna Singletary,UCLA
2026,Anna Rice,Towson
2026,Ella Swansiger,Southern Ill.
2026,Layne Dent,Saint Mary's (CA)
2026,Jada Williams,Morgan St.
2026,Maggie Beauer,Pepperdine
2026,Claire Little Chambers,BYU
2026,Taylor Cripe,Central Mich.
2026,Kitana Tuufuli,UIW
2026,Shayla Meyer,Ole Miss
2026,Riley Imamura,Dartmouth
2026,Abby Cunningham,ULM
2026,Julia Shepherd,Mercyhurst
2026,Dylann Garner,North Ala.
2026,Halle Jameson,Colorado St.
2026,Karli Heidemann,Montana St.
2026,Sydney Borowy,UConn
2026,Anika Groom,Clemson
2026,Loryn Helgesen,Utah
2026,Sydney Nolan,Cincinnati
2026,Trinity Shadd-Ceres,Creighton
2026,Olivia Borgman,South Carolina
2026,Kalina Calvillo,Troy
2026,Ayden Ames,Creighton
2026,Sydney Bray,Northern Ky.
2026,Eve Wilson,Colorado St.
2026,Brooke Bentke,Texas St.
2026,Addy Tindall,Purdue
2026,Sarah Bumstead,Marist
2026,Mackenzi Davis,UTEP
2026,Karli Molnau,Bowling Green
2026,Isabela Tavares-Salomon,DePaul
2026,Brenna Kauffeld,Belmont
2026,Isabella Bullington,Northwestern
2026,Zori Brown,Dartmouth
2026,Alaleh Tolliver,Oklahoma
2026,Simona Mateska,Washington
2026,Malena Benz,Austin Peay
2026,Emma Closurdo,Eastern Ky.
2026,Khenedi Guest,Temple
2026,Jordyn Harvey,Stanford
2026,Samantha Wunsch,Vanderbilt
2026,Alaya Rhodes,Bethune-Cookman
2026,Natalie Bland,Bellarmine
2026,Valentina Vaulet,Oregon
2026,Chidera Ozoh,Akron
2026,Gigi Greenlee,Northern Ariz.
2026,Lauryn Mack,Tulane
2026,Kera Arrington,Nicholls
2026,Malia Romes,Rutgers
2026,Olivia Hummel,Temple
2026,Azlynn Tittmann,Boise St.
2026,Bryn VanVleet,Cleveland St.
2026,Dalayla Blackwell,South Alabama
2026,Morgan Gaerte,Kentucky
2026,Cari Spears,Texas
2026,Lauren Wallace,Austin Peay
2026,Ashley Herman,New Mexico St.
2026,Emma Barnett,Marshall
2026,Nana Asiata,Utah Tech
2026,Tessa Treanor,Utah Tech
2026,Faith Venable,Omaha
2026,Racquel Frazier,Hampton
2026,Kamryn Chaney,Florida
2026,Aspyn Reed,Eastern Wash.
2026,Nicole Zake,Pacific
2026,Harper Murray,Nebraska
2026,Josie Noble,Milwaukee
2026,Kira Holland,Indiana St.
2026,Reese Animashaun,Vanderbilt
2026,Kennedi Rogers,Tennessee
2026,Taylor Boice,UC Irvine
2026,Grace-Blythe Cornett,West Ga.
2026,Aulie Huff,East Carolina
2026,Tess Fuqua,New Mexico St.
2026,Taylor Woods,Louisiana Tech
2026,Courtney Williams,Presbyterian
2026,Jaylyn Tuiasosopo,Jacksonville
2026,Hannah Klein,South Dakota St.
2026,Jill Hanson,Tulsa
2026,Mady Yaden,Bellarmine
2026,Lyric Jordan,Grambling
2026,Gabrielle Wire,Siena
2026,Mina Stanojevic,New Mexico
2026,Constanza Perez Sain,Hofstra
2026,Lyla Fisher,Evansville
2026,Kendall Hastings,Boise St.
2026,Rachel Grier,New Hampshire
2026,Quincey Coyle,Northern Ariz.
2026,Lyla Stewart,Wake Forest
2026,Chloe Parker,Bradley
2026,Annie Eschenbach,Milwaukee
2026,Jenna Otts,Liberty
2026,Kat Teepe,Holy Cross
2026,Alex Myers,Ga. Southern
2026,Kenna Buchanan,A&M-Corpus Christi
2026,Lizzy Andrew,Stanford
2026,Cayla Cogan,George Washington
2026,Kacie Moore,Furman
2026,Beatrice Ciccarelli,Marshall
2026,Camryn McMinn,UT Arlington
2026,Emry Brown,Kansas City
2026,Autumn Bax,Lindenwood
2026,Morgan Crawford,Loyola Maryland
2026,Ciara Cunningham,Oral Roberts
2026,Kamryn Lee-Caracci,Georgetown
2026,Arianna Blohm,North Dakota St.
2026,Élodie Lalonde,High Point
2026,Jaelynn Kohli,New Mexico St.
2026,Paige Lauterwasser,Wyoming
2026,Summer Snead,Northern Colo.
2026,Alyssa Aguayo,Illinois
2026,Allana Archie,Houston Christian
2026,Audrey Brcka,William & Mary
2026,Jordin Glass,Chattanooga
2026,Kynli Kirkendoll,Chattanooga
2026,Emma Neukirchen,San Francisco
2026,Emma McHatten,Presbyterian
2026,Andi Jackson,Nebraska
2026,Laura Perugini Bieleski,Georgia Tech
2026,Alicia Thibodeau,Denver
2026,Taly Cloyd,Austin Peay
2026,Phoebe Reyes Fortunato,North Ala.
2026,Helena Einarsdottir,UConn
2026,Faith Burch,Charleston So.
2026,Giulia Ragusa,Quinnipiac
2026,Ava Henry,McNeese
2026,Anna Barr,West Virginia
2026,Maggie Kalisz,Samford
2026,Kiernan Stamey,Syracuse
2026,Layla Olatunde,Bryant
2026,Nicole Okojie,Austin Peay
2026,Maja Daca,UConn
2026,Connore' Siler-Nixon,UNC Greensboro
2026,Olivia Hart,Fla. Atlantic
2026,Favor Anyanwu,SMU
2026,Gillian Koning,Green Bay
2026,Imani Howell,Rutgers
2026,Delaney Russell,Montana
2026,Emma Isroff,Canisius
2026,Magda Kobaidze,Georgia Tech
2026,Kalli Jioshvili Ravva,Ohio St.
2026,Ava Bogan,Cornell
2026,Ema Uskokovic,UTEP
2026,Courtney Grayson,UConn
2026,Ashley Li,California
2026,Amelia Nott,Morehead St.
2026,Tyra McKinnie,Louisiana Tech
2026,Elizabeth Layson,Queens (NC)
2026,Olivia Ruy,Utah St.
2026,Parker Duncan,Arkansas
2026,Macie Potter,Radford
2026,Wren Jones,Evansville
2026,Mia Walsh,Idaho St.
2026,Alyssa Todd,Abilene Christian
2026,Sophie Diouf,UT Martin
2026,Noemi Despaigne,Houston
2026,Chelsea Gilmore,App State
2026,Noa Kamphuis,Lafayette
2026,Gabby Weihe,Western Mich.
2026,Cari Bohm,California
2026,Gabi Zachariasen,South Dakota
2026,Ava Leahy,South Carolina
2026,Ella Boersema,Indiana
2026,Ella Warrick,Morehead St.
2026,Charlotte Vinson,Dayton
2026,Jamia Johnson,Denver
2026,Kyleigh Moore,Norfolk St.
2026,Sidney Shaffer,Bucknell
2026,Kalaweloilehua Chock,Portland
2026,Sofia Locadia,Charlotte
2026,Blaire Bayless,Pittsburgh
2026,Zoe John,North Dakota St.
2026,Mya Ayro,Wright St.
2026,Lydia Pate,UNC Asheville
2026,Riley Samuel,George Washington
2026,Mercedez Brown,Kent St.
2026,Carly O'Brien,Liberty
2026,Ziya Munyer,Weber St.
2026,Bailey Blair,Ohio
2026,Alysa Walker,Air Force
2026,Hannah Gardner,Missouri St.
2026,Nemo Beach,San Diego
2026,Addy Frye,Stonehill
2026,Joya Euhus,Houston Christian
2026,Nadia Wasilewski,UNCW
2026,Sereniti Johnson,Southern U.
2026,Onita Davis,Tarleton St.
2026,Julija Grubisic Cabo,FGCU
2026,Jocelyn Hammerstrand,Merrimack
2026,Brianna Miller,Siena
2026,Alivia Skidmore,Western Ky.
2026,Lauren Ortwerth,Lindenwood
2026,Katie Scherer,Loyola Chicago
2026,Ava Hoying,Northern Ky.
2026,Maddie Anspaugh,Clemson
2026,Mila Samardzija,FDU
2026,Bella Risling,Cal St. Fullerton
2026,Taylor Treahy,Oregon St.
2026,Elli Mortensen,BYU
2026,Samantha Mosley,East Texas A&M
2026,Iyonna Sherwood,Prairie View
2026,Ava Tilden,Xavier
2026,Sofia Moss,Florida St.
2026,Nadiya Johnson,Baylor
2026,Meile Songaila,Davidson
2026,Grace Fiaseu,Air Force
2026,Destiny Ndam-Simpson,Arizona
2026,Reilly Zegunis,Wright St.
2026,Jenna Garner,Penn
2026,Emma Colombari,UIC
2026,Addison Cunnagin,Radford
2026,Alanna Bankston,Michigan St.
2026,Gigi Artiles,Georgia
2026,Fisayo Afonja,Brown
2026,Alyssa Boyte,Little Rock
2026,Daria Safian,Seton Hall
2026,Skylar George,Rutgers
2026,Reese Wuebker,Virginia
2026,Ivanna Luna,Coppin St.
2026,Rachel Reininger,The Citadel
2026,Maddie Wilson,Wichita St.
2026,McKenzie Jones,Wichita St.
2026,Dionna Mitchell,Georgetown
2026,Keira Hornung,Robert Morris
2026,Chelsea Butler,Sam Houston
2026,Michaela Panekova,Morgan St.
2026,Julianna Bryant,UTRGV
2026,Erin McMullen,Belmont
2026,Paige Felder,Missouri
2026,Addison France,New Mexico
2026,D'Mya Hill,Prairie View
2026,Callie DeSchryver,Queens (NC)
2026,Izzy Swiercz,Western Mich.
2026,Ruth Ziegler,Illinois St.
2026,Kaitlin Whitlock,Arkansas St.
2026,Tekoa Barnes,Oklahoma
2026,Emily Sawyer,Rhode Island
2026,Ella Parker,Milwaukee
2026,Hazel Slusher,Samford
2026,Sequoia Layne,Fla. Atlantic
2026,Hailey Campagna,Buffalo
2026,Maju Hildebrand,FGCU
2026,Kylie Kleckner,Washington
2026,Safi Hampton,North Carolina
2026,Hannah Jackson,Bryant
2026,Amber Craig,Northwestern St.
2026,Kayden Cupid,Coppin St.
2026,Alia Schoonover,Ohio St.
2026,Abigail Mullen,Southern California
2026,London Wijay,Southern California
2026,Sydney Strenger,Lipscomb
2026,Gracie Rose,Chattanooga
2026,Kayla Wilson,McNeese
2026,Joselynn Sanjurjo,Mercer
2026,Londyn Stone,Duquesne
2026,Christiana Greene,Temple
2026,Jordan Smith,NC State
2026,Berkeley Ploder,Georgetown
2026,Sjakkie Donkers,Oregon
2026,Audrey Berkebile,Tennessee Tech
2026,Nenu Kpea,Florida St.
2026,Kekua Richards,Colorado St.
2026,Jazen Debina,Cleveland St.
2026,Kennedy Jones,Army West Point
2026,Ava Brown,Maryland
2026,Zariah Winton,N.C. A&T
2026,Ava Grevengoed,NIU
2026,Reese Ptacek,Kansas
2026,Nina Boledovicova,VCU
2026,Laney Hennessee,Alabama
2026,Audrey Hudson,Eastern Ky.
2026,Ella Schuetz,Milwaukee
2026,Farah Farooq,Florida A&M
2026,Julia Blyashov,Stanford
2026,Ruth Martinez,Miami (FL)
2026,Taylor de Boer,Illinois
2026,Ryan Scheu,Evansville
2026,Tiffany Snook,Ball St.
2026,Maya Witherspoon,Vanderbilt
2026,LaNeah Lara,Tarleton St.
2026,Lauren Perry,UTEP
2026,Raegan Durbin,Butler
2026,Sahra Ozbiltekin,Quinnipiac
2026,Addison Buckner,Howard
2026,Alysia Fingall,Lehigh
2026,Alanah Clemente,Oregon
2026,Anna Bacchin,CSU Bakersfield
2026,Andrea Brewer,UC Riverside
2026,Taina Kaauwai,Portland
2026,Sophia Wendlick,UC Santa Barbara
2026,Cree Hollier,Austin Peay
2026,Sofia Shine,Cal St. Fullerton
2026,Jordyn Waite-Ward,CSU Bakersfield
2026,Rylee Heinz,Wyoming
2026,Natalie Slusher,Eastern Mich.
2026,Veronica Kjaer Sorensen,Gonzaga
2026,Ava Nepkin,Loyola Maryland
2026,Addie Norman,James Madison
2026,Miliana Sylvester,Hawaii
2026,Maija Howse,Washington
2026,Sa'Myah Medford,Houston Christian
2026,Eloise Brandewie,Creighton
2026,Ashley Geluck,Lindenwood
2026,Prinzez Zeck,American
2026,Sofia Rossi,Harvard
2026,Madison Triplett,UC Irvine
2026,Brooke Harwood,UCLA
2026,Thalia Yancey,Delaware
2026,Tali Hakas,Hawaii
2026,Claudia Llamas,UMBC
2026,Aislin Oldach,Fairfield
2026,Gabbie Maldonado,McNeese
2026,Campbell Robinson,UAlbany
2026,Kayla Ozanich,Toledo
2026,Sophia Adkins,Providence
2026,Abbey Hayes,Creighton
2026,Sidney Sprada,Dayton
2026,Layla Todd,Robert Morris
2026,Ixchel Kiahuitl Lopez Sanchez,FDU
2026,Victoria Tupy,Campbell
2026,Olivia Vance,Tulsa
2026,Kensley Haneline,USC Upstate
2026,Hannah Sanders,Delaware St.
2026,Lauren Wilson,Akron
2026,Elia Dinsmore,Texas Tech
2026,Maddy McGath,West Virginia
2026,Kinsley Young,TCU
2026,Campbell Paris,Northwestern
2026,Reagan Miller,New Mexico
2026,Mackenzie Parsons,Cornell
2026,Valeria Pagan Munoz,Saint Peter's
2026,KK Green,Holy Cross
2026,Marley Alefaio,New Haven
2026,Natalia Newsome,SMU
2026,Elaina Murphy,UNCW
2026,Jade Epps,DePaul
2026,Miley Thunstrom,Utah Valley
2026,Julia Gnida,Col. of Charleston
2026,Sophia Wolfson,Brown
2026,Lauren Greeny,Montana St.
2026,Hailey Clifton,UNC Greensboro
2026,Gabi Peter,UIC
2026,Samantha Shelton,Seton Hall
2026,Layne Graffice,Youngstown St.
2026,Zenai Jethroe,Howard
2026,Whitney Lauenstein,Penn St.
2026,Nina Scrucca,Cincinnati
2026,Kennedy Crayton,Temple
2026,Eleftheria Baxa,California Baptist
2026,Elly Stewart,Southern Miss.
2026,Olivia Westfort,William & Mary
2026,Kenadii Winfrey,Northwestern St.
2026,Marae Reilly,Marshall
2026,Skyler Gartin,Sacramento St.
2026,Morgan Reese,Colgate
2026,Elisa Maggi,Old Dominion
2026,Eva Travis,Wisconsin
2026,Bernardita Aguilar,Mississippi St.
2026,Makayla Meister,UAB
2026,An de Hamer,North Dakota
2026,Anna Sewell,Elon
2026,Hallie Steponaitis,Iowa
2026,Olivia Lasee,Lehigh
2026,Alivia Eikenberg,Portland St.
2026,Olivia Neumann,Green Bay
2026,Elise Marchal,South Carolina
2026,Katie Sowko,Wright St.
2026,Carmen Waye,Michigan St.
2026,Mary Healy,Washington St.
2026,Shelby Ignash,Texas Tech
2026,Lillian Croshaw,North Texas
2026,Tori Otter,Providence
2026,Asia Murray,Delaware
2026,Sydney Helmers,Notre Dame
2026,Ava Poinsett,Yale
2026,Azra Eriç,Eastern Mich.
2026,Lillian Frias,Oakland
2026,Mckenna Shotwell,Merrimack
2026,Ava Siefke,Toledo
2026,Ema Torres,NJIT
2026,Kai Bailey,East Carolina
2026,Kayla Murdoch,Cal Poly
2026,Addie Schmotzer,St. Thomas (MN)
2026,Alondra Villanueva,Seton Hall
2026,Anna Hoffmayer,North Ala.
2026,Logan King,Florida
2026,Nalanie Neal,California Baptist
2026,Jordyn Milhouse,Tennessee Tech
2026,Chase Lemming,Butler
2026,Eva Dittmar,South Alabama
2026,Hanna Kaczynska,Manhattan
2026,Sam Hoppes,Boston College
2026,Carlie Cisneros,Arizona
2026,Riley Tucker,Tulane
2026,Mae Kordas,Notre Dame
2026,Laura Piva,LSU New Orleans
2026,Jalia Dublin,Delaware St.
2026,Luci Lippelgoos,The Citadel
2026,Chelsea Williams,Miami (OH)
2026,Maya Coblentz-Brown,Binghamton
2026,Elle McCreery,Dartmouth
2026,Devyn Lewis,Arkansas St.
2026,Tatum Clay,ULM
2026,Ashlyn Anderson,Kennesaw St.
2026,Jessica Costlow,Toledo
2026,Natalie Ring,Texas A&M
2026,Eliza McKnight,Western Ky.
2026,Ellie Gustafson,St. Thomas (MN)
2026,Chloe List,Tulane
2026,Maya Schirmer,Nicholls
2026,Tamia Maddox,Saint Louis
2026,Sophie Robinson,SIUE
2026,Anaya Thrower,Saint Mary's (CA)
2026,Lilliana Montes,North Dakota
2026,Cameron Lloyd,Bucknell
2026,Rose Mahin,Ohio
2026,Alyssa Dinh,Tarleton St.
2026,Sabine Wenzel,East Texas A&M
2026,Chiara Fabbrini,FIU
2026,Sophia McKenzie,Jackson St.
2026,Julia Jozefov,Cleveland St.
2026,Sydney Bell,Buffalo
2026,Katie Pahl,NIU
2026,Malinah Purcell-Telefoni,Towson
2026,Lolo Lambert,Louisiana
2026,Ufuoma Omene,Lehigh
2026,Ava Stratton,Youngstown St.
2026,Taryn Morris,Texas A&M
2026,Mary Massias,Lehigh
2026,Claire Evans,Jacksonville St.
2026,Makena Parthen,Col. of Charleston
2026,Auburn Tomkinson,UC Santa Barbara
2026,Sydney Reese,Utah Tech
2026,Angeles Alderete,East Carolina
2026,Josie Blazina,Montana
2026,Sanaa Williams,Wake Forest
2026,Cayla Payne,Colorado
2026,Autumn Flynn,NIU
2026,Jalyn Stout,Tennessee
2026,Karolina T. Rodriguez Mendez,Saint Peter's
2026,Brooke Bultema,Louisville
2026,Kenna McKenzie,Texas Tech
2026,Marion Haskell,Bucknell
2026,Beatrice Gennari,Northeastern
2026,Ellie Siskin,Penn
2026,Lameen Mambu,Purdue
2026,Lacey Murphy,Holy Cross
2026,Sophie Danielson,Idaho
2026,Kristina Starostenko,Illinois
2026,Jalyn Gibson,TCU
2026,Quinn Anderson,Stony Brook
2026,Mary Herman,Bellarmine
2026,Courtney Graham,UNCW
2026,Marisa Nakata,Cal St. Fullerton
2026,Ella Chaney,Central Ark.
2026,Elena Maynulet,Columbia
2026,Gabriela Machin Borges,Dayton
2026,Lovina Teel,Little Rock
2026,Trinity Sheridan,West Virginia
2026,Gabby Tuiaana,Col. of Charleston
2026,Martina Diana,DePaul
2026,Zuzana Kosikova,San Jose St.
2026,Sophia Minlend,Quinnipiac
2026,Avery Burks,Tulane
2026,Peyton Slone,Gardner-Webb
2026,Alyssa Flack,Oklahoma
2026,Torre Kildow,Ohio
2026,Marin Johnson,Southeast Mo. St.
2026,Ksenija Tomic,Iowa
2026,Lyndi Wolf,Akron
2026,Kennedy Pike,SIUE
2026,Lexi Weinberg,Missouri St.
2026,Karielys Melendez,UMES
2026,Mia Tvrdy,Southern California
2026,Ayanna Watson,Pittsburgh
2026,Asia Harvey,Miami (FL)
2026,Ali Farquhar,Harvard
2026,Katie Schulz,Grand Canyon
2026,Madison Long,Nevada
2026,Ceci Vance,South Carolina
2026,Lizzie Carr,Kentucky
2026,Isabella Ruether,Troy
2026,Alec Rothe,Florida
2026,Harlan Wyche,Fairfield
2026,Shelby Zanders,Jackson St.
2026,Aubrey Bellus,Grand Canyon
2026,Jordyn Sims,The Citadel
2026,India Bennett,Texas St.
2026,Katerina Pappa,Hampton
2026,Zada Sanger,Penn
2026,Tereza Motalova,NJIT
2026,Makenzie Jackson,Saint Mary's (CA)
2026,Natalie Vance,Southern Ill.
2026,Kendall White,St. John's (NY)
2026,Elizabeth Aylward,ETSU
2026,Ayen Nhial,James Madison
2026,Lily Dwinell,Colorado
2026,Ellen Gundlach,Navy
2026,Albertine van der Goot,UNC Asheville
2026,Aubrey Hatch,Radford
2026,Asia Belli,Quinnipiac
2026,Lauren Coyne,Miami (OH)
2026,Lauren Battle,Texas Southern
2026,Letizia Galli,VCU
2026,Hatteras Welker,Coastal Carolina
2026,Chelsea Thorpe,North Carolina
2026,Logan Henderson,Marshall
2026,Stella Smith,Kansas City
2026,Kayla Patel,Denver
2026,Emma Winter,Wyoming
2026,Adeline Goedheer,Bradley
2026,Grace Nelson,Kansas
2026,Kennedy Adair,Western Ill.
2026,Rylan Jones,Alcorn
2026,Avery Wilks,Mercer
2026,Reese Hazelton,Virginia Tech
2026,Cecily Waynar,Bowling Green
2026,Moriah Johnson,Bethune-Cookman
2026,Tatiana Turgeon,CSUN
2026,Agata Zwierzynska,N.C. A&T
2026,Julia Amorim,Hofstra
2026,Adell Murray,Penn
2026,Beatriz Piaia,Southern Ill.
2026,Zoe Humphrey,Georgia Tech
2026,Eliana Urzua,UCLA
2026,Laurece Abraham,Yale
2026,Brookelyn Talmadge,Bryant
2026,Avery White,Wofford
2026,Victoria Pruvost,Saint Peter's
2026,Manaia Ogbechie,Nebraska
2026,Kirsten Fish,Green Bay
2026,Margo Kemp,Xavier
2026,Kaleigh Palmer,Alabama
2026,Sarah Schnell,Louisiana
2026,Nikola Gamlin,Sacramento St.
2026,Ashlynn Axtell,Troy
2026,Iyonnie Sanford,Florida A&M
2026,Rachel McCollum,UAB
2026,Elise Ward,Butler
2026,Willow Watson,Portland St.
2026,Clara Briley,Charlotte
2026,Peyton McKee,Texas St.
2026,Karis Willow,Rutgers
2026,Cayenne Ceman,Northeastern
2026,Julia Hunt,Washington
2026,Tatum Holderied,Fordham
2026,Aniah Bass,N.C. Central
2026,Olivia Cohee,Wichita St.
2026,Tamara Kisic,UIC
2026,Taeley Mahler,Eastern Mich.
2026,Mariah Mott,Southern U.
2026,Grace Havlicek,Auburn
2026,Carly Sciborski,American
2026,Anna Hartman,Fla. Atlantic
2026,Eva Rohrbach,Maryland
2026,Alana Marrs,Oregon St.
2026,Chloee Leslie,Seattle U
2026,Caroline Kahle,SFA
2026,Koen Makaula,Idaho
2026,Brooklyn Palmer,Mercer
2026,Aspen Maxwell,Rutgers
2026,Jenna Cubbage,Wichita St.
2026,Audrey Geer,Ball St.
2026,Ellee McIntosh,North Dakota
2026,Amya Jennings,Alabama A&M
2026,Jessica Pickett,Valparaiso
2026,Juliette Myrick,Army West Point
2026,Sydney Schnichels,Michigan
2026,Vanessa Eregie,UIW
2026,Wiktoria Jakubik,Tennessee St.
2026,Sophia Krichev,UT Arlington
2026,Anisa Dorlouis,Presbyterian
2026,Rayah Howell,UMES
2026,Campbell Hague,Tulsa
2026,Gabrielle Hairston,Louisiana Tech
2026,Sarah Sullivan,Idaho
2026,Sila Yildiz,Quinnipiac
2026,Grace Hill,Lamar University
2026,Taylor Pagan,Towson
2026,Sasha Cohen,UCF
2026,Gabby Hill,High Point
2026,Grace Heaney,Purdue
2026,Bridget Woodruff,Fordham
2026,Avery Thaler,Abilene Christian
2026,Alexis Rodriguez,George Washington
2026,Aubrey Easterwood,Providence
2026,Morgan Graves,San Jose St.
2026,Carys Sanabria,Alabama A&M
2026,Josie Foster,New Haven
2026,Kylee Richey,Lindenwood
2026,Mina Olgar,Georgia St.
2026,Mia Weaver,Kansas City
2026,Haley Trosky,Eastern Mich.
2026,Andrea Diaz Dominguez,Stetson
2026,Maria Afonso,Hofstra
2026,Connie Kofoed,Belmont
2026,Haley Mullaney,East Texas A&M
2026,Chloe' Bell,St. John's (NY)
2026,Duura Kpea,Delaware St.
2026,Delaney Ewing,Florida St.
2026,Taylor Lewis,Villanova
2026,Marlee Lightsey,Army West Point
2026,Lucia Heid,Northern Ky.
2026,Hadlee Welch,Abilene Christian
2026,Bella Nunez,Grand Canyon
2026,Chloe Judd,Missouri St.
2026,Brianna Hamilton,Samford
2026,Addison Collum,Arkansas St.
2026,Abby Harrell,Villanova
2026,Madison Natori Rice-Locket,Tarleton St.
2026,Whitney Dewicki,Washington St.
2026,Naomi White,Washington St.
2026,Lakin Laurendine,Arkansas
2026,Deviana Walker,Coppin St.
2026,Kaitlyn Taylor,Bucknell
2026,Katherine Arnason,William & Mary
2026,Nadia Miller,Kent St.
2026,Catherine Rucker,Elon
2026,Julie Nzambele,Col. of Charleston
2026,Tani Juric,Marquette
2026,Zoe Gillen-Malveaux,Duke
2026,Claire Mrukowski,Jacksonville
2026,Gracie Campbell,East Texas A&M
2026,Kelly Kinney,Minnesota
2026,Hannah Crowe,UTEP
2026,Lily Burnett,Murray St.
2026,Zoe McDonald,Butler
2026,Carly Mueller,UT Martin
2026,Molly Cravens,SFA
2026,Alyssa Irwin,Clemson
2026,Brielle Rueckert,Utah Valley
2026,Rayne Williams,FIU
2026,Asia Thigpen,Kentucky
2026,Camryn Jeffery,LSU
2026,Madison Frank,Tarleton St.
2026,Alaina Lester,Southeast Mo. St.
2026,Jaslyn Reed,Middle Tenn.
2026,Teraya Sigler,Nebraska
2026,Emily Warmenhoven,Belmont
2026,Claire Van Den Herik,Loyola Chicago
2026,Reagan Bedell,North Texas
2026,Sophie Catalano,Toledo
2026,Victoria Davis,Baylor
2026,Morgan Bode,South Dakota
2026,Haley Kerstetter,Penn
2026,Jordyn Aeschliman,Akron
2026,Jada Ingram,UNLV
2026,Maddie Rink,Northern Colo.
2026,Elli Tufto,Montana St.
2026,Grace O'Reilly,Missouri
2026,Ashlyn Cobb,Western Caro.
2026,Ashlyn Seay,Rice
2026,Natalie Arnold,Wofford
2026,Stephanie Gutierrez,Rice
2026,Ella Schomer,Oakland
2026,Helen Wilford,Bowling Green
2026,Calissa Allison,UIW
2026,Ava Harrington,Princeton
2026,Damisi Osibodu,Stony Brook
2026,Annamaria Ramos,Air Force
2026,Dalia Vîrlan,Oregon
2026,Karlotta Kattai,Niagara
2026,Sidney Gray,Eastern Wash.
2026,Sediong Scott,East Texas A&M
2026,Ava Galvan,Saint Mary's (CA)
2026,Ceren Sert,Nevada
2026,Ashtan Dodson,Furman
2026,Natalie Robinson,Rutgers
2026,Katie Powers,Manhattan
2026,Taray Tela,Oregon St.
2026,Sierra Pertzborn,Toledo
2026,Anzley Rinard,Coastal Carolina
2026,Brooke Hardy,BYU
2026,Ryleigh Patterson,Harvard
2026,Addyson Butts,Robert Morris
2026,Molly Malone,Marist
2026,Valencia Wilder,Prairie View
2026,Alyvia Watkins,Utah Valley
2026,Aubrey Beaver,Abilene Christian
2026,Mina Benucci,UAlbany
2026,Mariia Nikol Dvornikova,Pepperdine
2026,Julia Lenik,Canisius
2026,Lexie Carlson,Weber St.
2026,Cadence Nichols,UNC Asheville
2026,Rheanna Deen-Jackson,UNLV
2026,Madison Buckley,Ball St.
2026,Kiley Devery,Fresno St.
2026,Cat Young,Villanova
2026,Azavia Thomas,Jacksonville St.
2026,Gabi Placide,SMU
2026,OMONIGHO PRINCESS ATAMAH,Utah
2026,Avery Hamlin,Duke
2026,Betsy Goodenow,Yale
2026,Alexis Bull,Eastern Ky.
2026,Bliss Beck,Drake
2026,Buse Tinaz,Iona
2026,Matthea Dalton,Drake
2026,Rosa Vesty,Iowa
2026,Talia Francom,NC State
2026,Bianca Garibaldi,Georgia Tech
2026,Katherine McGregor,Georgetown
2026,Jaida Sione,Cornell
2026,Sophia Davis,ETSU
2026,Maezi Snyder,Murray St.
2026,Lou Johnson,App State
2026,Kenzie Behl,ULM
2026,Sam Vanda,UNCW
2026,Lynney Tarnow,Wisconsin
2026,Kennedy Osunsanmi,Arizona
2026,Natasha Casey,UCF
2026,Destiny Walker,Virginia Tech
2026,Mia Fox,New Mexico St.
2026,Harper Holden,Nicholls
2026,Zahahrah Edwards-Wyllie,Nicholls
2026,Logan Grevengoed,Illinois St.
2026,Iye Okolo,CSUN
2026,Nikola Jaroszewicz,Hampton
2026,Maggie Li,UCLA
2026,Caroline Smith,Drake
2026,Olivia Gardner,Ohio
2026,McKenzie Laubach,Evansville
2026,Kenya Lucas,Grambling
2026,Melia Johnson,Ole Miss
2026,Romani Thurman,Arkansas
2026,Adalynn Ginley,Kent St.
2026,Arissa Smith,Rice
2026,Kiki Horne,UCF
2026,Audrey Heiring,California Baptist
2026,Jaya Moore,Temple
2026,Madison Smith,Nicholls
2026,Lauren Dreves,Auburn
2026,Kalia Alvarado,Bryant
2026,Gianna Blair,ETSU
2026,Logan Carr,Middle Tenn.
2026,Gwen Crull,Ball St.
2026,Tatum Johnson,Texas Tech
2026,Leah McDonald,North Florida
2026,Anastasija Ivkovic,Auburn
2026,Addy Brus,South Fla.
2026,Mya Allen,Alabama
2026,Aries Fontaine,NJIT
2026,Mya Plemons,Purdue Fort Wayne
2026,Carly Slusser,Butler
2026,Tatum Mason,A&M-Corpus Christi
2026,Amina Ndiaye,Wake Forest
2026,Yarimar Francis Garay,North Florida
2026,Bailey Higgins,Florida St.
2026,Sophia Schweikert,Jacksonville St.
2026,Emma Tallman,North Dakota St.
2026,Francesca Pierdonati,Binghamton
2026,Emily Fowler,Virginia
2026,Erin McNair,Princeton
2026,Meredith Brown,George Mason
2026,KJ Johnson,Rhode Island
2026,Alexa Strandberg,South Alabama
2026,Avary DeBlieck,Loyola Chicago
2026,Luye Marquez-Moreno,Fla. Atlantic
2026,Caroline Buffum,Navy
2026,Tennille Gonder,Weber St.
2026,Sofia Zabjek,Colorado St.
2026,Meredith Reisman,Presbyterian
2026,Irelynd Lorenzen,Pepperdine
2026,Julia Porath,Pacific
2026,Molly Welge,Marquette
2026,Hayley Ogden,Michigan St.
2026,Mia Molnar,Sacramento St.
2026,Brooke Doherty,App State
2026,Kamryn Behrns,Drake
2026,Leah Freesemann,Campbell
2026,Roslyn Guerra,Mercyhurst
2026,Zora Hardison,Michigan St.
2026,Isabella Mishler,Virginia Tech
2026,Sydney Bryant,Maryland
2026,Karolina Staniszewska,Michigan St.
2026,Breannah Peterson,Tarleton St.
2026,Elise Hart,Denver
2026,Gretchen Sigman,Texas Tech
2026,Anna Wilson,James Madison
2026,Magi Milicevic,Binghamton
2026,Cullen Winter,Central Conn. St.
2026,Quinn Yenshaw,New Haven
2026,Ella Stowell,Colorado St.
2026,Madi Maxwell,Long Beach St.
2026,Abana Teran,Eastern Ill.
2026,Haley Glunz,Arkansas St.
2026,Eliza Sharp,Texas A&M
2026,Kayla Jansen,Saint Louis
2026,Carmel Vares,Iowa
2026,Morgan Campbell,Delaware
2026,Keondreya Granberry,Indiana
2026,Kyanna Creecy,SFA
2026,Megan Fitch,Texas A&M
2026,Macie Smith,West Virginia
2026,Sophia Groom,NC State
2026,Taelyn Bentley,San Diego St.
2026,Gabrielle Nichols,Penn St.
2026,Sam Bowron,Ga. Southern
2026,Jayda Hutchins,UMES
2026,Bella Correia,LIU
2026,Jordan Robertson,Duquesne
2026,Cale Torgerson,Utah Tech
2026,Kenna Harris,South Carolina St.
2026,Hanley Schmidt,Central Conn. St.
2026,Madison Corf,Omaha
2026,Teagan Melton,Seattle U
2026,Olivia Kwiatkowski,Troy
2026,Diana Wells,Southern Miss.
2026,Samantha Kranzler,Western Caro.
2026,Abby Bailey,Southeastern La.
2026,Lauren Buchanan,Jacksonville St.
2026,Kate Mansfield,Auburn
2026,Abby Morreale,Manhattan
2026,Malaysia Shaw,UMES
2026,Sarah Gooch,South Alabama
2026,Jillian Ferrill,Illinois St.
2026,Tien Murray,USC Upstate
2026,Leah Coleman,Southern Ind.
2026,Jackie Taylor,North Carolina
2026,Katherine Ferng,Iona
2026,Ava Carney,Mercyhurst
2026,Adee Butler,Seattle U
2026,Miona Dimitric,Purdue Fort Wayne
2026,Ayanna Pierre Louis,Stony Brook
2026,Olivia Gloeckner,Utah Valley
2026,Haley Herndon,Stonehill
2026,Addyson Smock,UAB
2026,Georgia Bresnahan,SIUE
2026,Emily Waddell,Ohio
2026,Camryn Wise,Ball St.
2026,Keonahi'ilani Solaita,Sacramento St.
2026,Courtney Carter,Alcorn
2026,Rylah Robinson,Rider
2026,Aubrey Anders,Colgate
2026,Tia Schultz,Robert Morris
2026,Annika Brooks,Sam Houston
2026,Abby McClain,Idaho St.
2026,Gianna Bogan,UC Davis
2026,Loredana Fouonji,North Texas
2026,Amber Watson,Furman
2026,Iva Sucurovic,Oregon
2026,Kaia Castle,Texas A&M
2026,Kaleigh Meritt,Dayton
2026,Natalie Hughes,Coastal Carolina
2026,Isabella Arroyave,UTSA
2026,Gia Rivera,UC San Diego
2026,Maui Robins,Portland
2026,Caitlyn Flees,Eastern Ky.
2026,Maria Nix,Butler
2026,Addison Achilles,North Texas
2026,Grace Flanagan,Santa Clara
2026,Madison McLin,Tulane
2026,Eva Rovello,Coppin St.
2026,Terasita Caldwell,Prairie View
2026,Anya Santrac,LMU (CA)
2026,Justine Puig,Lafayette
2026,Sophia Kuyn,Fordham
2026,Audrey Nelson,South Dakota
2026,Destini Pickett,Towson
2026,Arianna Mongare,Memphis
2026,Ryann Knuth,San Diego
2026,Henley Anderson,Texas
2026,Nyakuak Lual,LSU New Orleans
2026,Cheyenne Green,Oregon St.
2026,Sofia Grimm,UIW
2026,Reece Rhoads,Winthrop
2026,Kayla Nwabueze,Harvard
2026,Grace Troxell,ULM
2026,Bria Carlisle,Eastern Wash.
2026,Kate Rush,Western Ky.
2026,Emma Bednarek,Charleston So.
2026,Anja Kelly,Rider
2026,Gillian Grace Wolf,Northwestern St.
2026,Judith Bolomboy,Eastern Wash.
2026,Bella Cherry,Little Rock
2026,Mairen Mannon,Bradley
2026,Emma McDermott,UC Santa Barbara
2026,Devyn Wiest,Utah
2026,Jessica Jones,LSU
2026,Ally Saleh,A&M-Corpus Christi
2026,Corinne Knapp,Indiana St.
2026,Mariam Mushkudiani,Charlotte
2026,Renee Jones,Arizona
2026,Zaria Thornton,LMU (CA)
2026,Lily Lott,UAlbany
2026,Chyler Martin,UT Martin
2026,Allie Ferrin,Idaho
2026,Elsie Afful,Loyola Maryland
2026,Natalie Luscomb,Lehigh
2026,Valentina Meirelles,Northeastern
2026,Abby Toeniskoetter,FGCU
2026,Brenna Storz,Central Mich.
2026,Eva Smith,Missouri
2026,Kellen Dorotik,Rice
2026,Aleksandra Stojanovic,LMU (CA)
2026,Isabelle Elliott,UNI
2026,Fallyn Blotzer,CSUN
2026,Teagan Pocius,William & Mary
2026,Sydney Robinson,Tennessee St.
2026,Kylie Rodriguez,Louisiana Tech
2026,Addison Baglio,Saint Peter's
2026,Reagan McGivern,Villanova
2026,JeriLynn Koehler,Cleveland St.
2026,Emma Schelah,Old Dominion
2026,Amanda Loschen,South Dakota
2026,BayLea Sparks,San Diego
2026,Lauryn Bowie,Virginia
2026,Payton Lee,Niagara
2026,Bailey Warren,Baylor
2026,Hannah Redrow,Missouri St.
2026,Alessia Zampieri,FDU
2026,Caroline Tredwell,UTSA
2026,Madison Johnson,UC San Diego
2026,Aiyana Harris,Western Caro.
2026,Rachel Purser,Hawaii
2026,Kryssa Moerman,Washington St.
2026,Chloe Johnson,Long Beach St.
2026,Malia Pilimai,Nevada
2026,Jordan Henderson,SFA
2026,Laynie Smith,North Carolina
2026,Aniya Clinton,Arizona St.
2026,Hana Aiana,UT Arlington
2026,Learden Lee,San Jose St.
2026,Tessa Schouten,San Diego St.
2026,Julia Headley,Colgate
2026,Abigail Cresse,Dayton
2026,Elise Hani,Oklahoma
2026,Maggie Seymour,Siena
2026,Ashlyn Gamble,Tennessee Tech
2026,Mila Micunovic,Fordham
2026,Megan Cooley,Louisiana Tech
2026,Taya Nordmann,Jacksonville St.
2026,Joaneliz Maisonet,NJIT
2026,Allison Dzieciuch,Santa Clara
2026,McKinzee Haas,Central Ark.
2026,Elena Hoecke,Minnesota
2026,Alexa Watts,Murray St.
2026,Alexandra Schultz,Elon
2026,Ledisi Kpea,UTSA
2026,Jenna Meitzler,Iowa
2026,Layla Collins,Liberty
2026,Oliwia Caputa,Illinois St.
2026,Catherine Flaharty,Xavier
2026,Julia Yurkovich,Presbyterian
2026,Caroline Berlekamp,Elon
2026,Breonna Goss,Duke
2026,Clara Vorel,Towson
2026,Libby Ashline,Fla. Atlantic
2026,Isabella Sangha,Notre Dame
2026,Brynn Smith,Northeastern
2026,Kelsey Justman,Green Bay
2026,Nayella George,Chicago St.
2026,Ashanti Butler,Ark.-Pine Bluff
2026,Teagan Sychterz,Winthrop
2026,Jetta Brenning,Saint Louis
2026,Avery Gottschalk,Northern Ariz.
2026,Emma Francesconi,Manhattan
2026,Zeynep Belgutay,UC Riverside
2026,Mia Mattingly,Mercyhurst
2026,Kendal Murphy,Long Beach St.
2026,Ella Chapman,UCF
2026,Lily Gervase,Alabama
2026,Julia Bazylevych,CSUN
2026,Maeve Bailey,San Francisco
2026,Ava Houston,Texas Southern
2026,Jenna Hunt,George Mason
2026,Ava Utterback,UCLA
2026,Alexys James,Howard
2026,Ashtyn Sims,Princeton
2026,Amanda Hardt,Memphis
2026,Landry Braziel,UTEP
2026,Sophia Nagy,Fairfield
2026,Addie Lowe,Loyola Maryland
2026,Jenna Hanes,Michigan
2026,Sara Snowbarger,Indiana
2026,Amelia Hansen,Boise St.
2026,Maggie Dostic,Tennessee
2026,Carley Butler,Oklahoma
2026,Leylah Duran,CSU Bakersfield
2026,Reese Biesemeyer,Portland St.
2026,Korina Barber,Youngstown St.
2026,Jillian Gregory,Illinois St.
2026,Lolo Fonua,San Jose St.
2026,Elle Holley,Brown
2026,Charlotte Bell,Wofford
2026,Faith Roulston,Sam Houston
2026,Hannah Hass,Cal St. Fullerton
2026,Hannah Kos,Canisius
2026,Emma Blaine,Tulsa
2026,Elena Vukmanov,Chattanooga
2026,Sydney Pierce,Montana
2026,Eliot Diehl Palmer,Portland
2026,Caelyn Dumas,Marist
2026,Tamilore Afolalu,Merrimack
2026,Ashley Theiss,Kennesaw St.
2026,Sophia Vella,Montana
2026,Amani Hawkins,South Carolina St.
2026,Grace Albaugh,Georgetown
2026,Leah Ford,Southern California
2026,Decelise Champion,Wisconsin
2026,Annelie Wilson,Idaho St.
2026,Allyson Rouse,N.C. Central
2026,Kennedy Jones,SFA
2026,Gaby Zovko,UNCW
2026,Aubrey Judd,Southern Miss.
2026,Noella Obi,Mississippi St.
2026,Natalie Harris,UMBC
2026,Delaney Hanowell,West Florida
2026,Mia Jurkovic,Western Mich.
2026,Mia Clyburn,Seton Hall
2026,Brenna Coffman,Portland St.
2026,Kaitlyn Aleshire,A&M-Corpus Christi
2026,Addison Walker,Chattanooga
2026,Isabella Ocampo,Tulsa
2026,Ella Scott,Indiana St.
2026,Tori Harper,Georgia
2026,Ally Tribe,UTSA
2026,Taylor Walsh,Gonzaga
2026,Aubrey Wilson,Morgan St.
2026,Keira Beverly,Southeastern La.
2026,Aubrey Goodere,Grand Canyon
2026,Breanna Ginley,Central Conn. St.
2026,Erika Smith,Bellarmine
2026,Talea Mitchell,Clemson
2026,Katie Boney,Western Caro.
2026,Abby Reck,Illinois St.
2026,Kendall Minta,Coppin St.
2026,Abigail Knight,Wright St.
2026,Julie Arias,Georgia St.
2026,Caroline Franklin,Gardner-Webb
2026,Sawyer Jones,Butler
2026,Savannah Gogel,Evansville
2026,Parker Featherstone,Jackson St.
2026,Kinley Elms,Lamar University
2026,Kaleigh Williams,Bethune-Cookman
2026,Adeline Hundl,Virginia Tech
2026,Sophia Callahan,BYU
2026,Teodora Stamenkovic,St. John's (NY)
2026,Olivia Edlund,North Dakota
2026,Destiny McKenzie,Lafayette
2026,Molly Rohde,Rider
2026,Shaylee Dahle,Utah Tech
2026,Audrey Kocon,St. Thomas (MN)
2026,Skylar Brady,Kansas St.
2026,Haley Melby,Maryland
2026,Raegan Richardson,App State
2026,Trinity Woods,Marist
2026,Haley Yount,Jacksonville
2026,Rylea Alvin,NIU
2026,Sophia Spivey,USC Upstate
2026,Charlotte Kelly,Cal Poly
2026,Brooklyn Fuchs,Lipscomb
2026,Kelli Jo Burgess,BYU
2026,Reagan Ennist,Virginia
2026,Virginia Adriano,Nebraska
2026,Milan Cannon,Charlotte
2026,Michelle Parker,Army West Point
2026,Karly Bonaventure,Nevada
2026,Jada Aksu,Lafayette
2026,Abby Nicholson,Syracuse
2026,Adonia Faumuina,Southern California
2026,Ally Panzloff,Brown
2026,Nya Bunton,Texas
2026,Katie Gielas,FGCU
2026,Eliana Tia,Washington St.
2026,Mija Bendziute,UCLA
2026,Emma Brewer,San Diego
2026,Mckenzie Mitchell,Nicholls
2026,Jenna Kolosta,North Ala.
2026,Tara Greenberry,Houston
2026,Paulina Agudelo Marin,Southern U.
2026,Maddie Lambers,Campbell
2026,Breanna McMillan,Campbell
2026,Audrey Nuckols,CSUN
2026,Luca Radnai,N.C. A&T
2026,Aisha Aiono,Kansas
2026,Hailey Heytvelt,Campbell
2026,Bella DiBuono,Purdue Fort Wayne
2026,Nicanora Clarke,George Washington
2026,Ngodoo Harris,Davidson
2026,Sophia Marini,Western Caro.
2026,Meghan Scholz,San Diego
2026,Mia Rojas-Avila,LIU
2026,Cassidy Pratley,Western Mich.
2026,Mora Pampin,South Fla.
2026,Emery DeJong,California Baptist
2026,Lara Del Core,VCU
2026,Laney Wilson,Northern Ariz.
2026,Defne Yanik,CSU Bakersfield
2026,Ashley West,Utah
2026,Jocelyn Jourdan,North Texas
2026,Macie Moreland,Kent St.
2026,Lilly Merk,Toledo
2026,Chloe Kelly,Villanova
2026,Tamia Coleman,Florida A&M
2026,Kari Smith,Iona
2026,Janie Deapen,Army West Point
2026,Samia Sayd,Gardner-Webb
2026,Maryn Bixby,UNI
2026,Megan Deveaux,Gonzaga
2026,Sanaa Donaie,LSU
2026,Morgan Creer,Little Rock
2026,Sarahya College,Holy Cross
2026,Chloe Abuto,Rhode Island
2026,Natalie Moore,Southern Utah
2026,Duru Gökçen,Maryland
2026,Greer Chambless,Auburn
2026,Maddy Gladson,UT Martin
2026,McKinley Boehm,Xavier
2026,Jillian Gibbons,UIC
2026,Emily Williams,Louisiana
2026,Lexi Guinn,Lipscomb
2026,Maya Banks,Southern Utah
2026,Kumara Flanagain,West Florida
2026,Dynasty Andrews,UMES
2026,Addison Freeland,High Point
2026,Anna Bjork,Notre Dame
2026,Rebecca Ring,NC State
2026,Ashlee Markert,Western Ill.
2026,Laci Bohannan,Arkansas
2026,Brooke Larsen,South Dakota St.
2026,Ella Grace Holloway,James Madison
2026,Charlee Solomon,Tulane
2026,Yazmyn Billings,George Washington
2026,Vienna Elliott,SIUE
2026,Alexia Cornea,Columbia
2026,Sara Dasic,Marist
2026,Ana Toumazatos,James Madison
2026,Katelynn Field,Utah
2026,Ainsley Driska,Southeastern La.
2026,Aisha Keric,High Point
2026,Grace Agolli,California
2026,Addison Krieger,Jacksonville
2026,Janie Stinchcomb,Samford
2026,Addison Koppelman,Cleveland St.
2026,Lydia Johnson,Michigan
2026,Amanda Stephens,IU Indy
2026,Alizabeth Jacobsen,Omaha
2026,Jenna Walters,Missouri St.
2026,Mallory Bohl,Loyola Chicago
2026,Gabby Babinski,Ga. Southern
2026,Giselle Paedon,Boise St.
2026,Nerea Alvarez-Jorge,Northern Colo.
2026,Anika Prisby,Idaho
2026,Vanessa Zussino,Pacific
2026,Taylor Timko,Mercer
2026,Vanessa Imoh,Kent St.
2026,Mikala Sampson,N.C. A&T
2026,Lina Merz,Clemson
2026,Lauren Perugini,North Dakota
2026,Maegan Mills,Tulsa
2026,Ava Napierski,Utah St.
2026,KeAra Bowen,Winthrop
2026,Cherrish Robinson,Alabama A&M
2026,Elizabeth Miller,The Citadel
2026,Madison Loiselle,Seton Hall
2026,Geovanna Gonçalves Rocha,Hofstra
2026,Breklyn Pulling,Cal Poly
2026,Sara Garcia,LIU
2026,Giselle Little,Winthrop
2026,Mariah Sanabia,Loyola Maryland
2026,Chloe Macias,IU Indy
2026,Addy Thorington,Wyoming
2026,Iyanna Garvin,South Fla.
2026,Kimani Johnson,Missouri
2026,Greyson Button,Central Ark.
2026,Emily Breazeale,West Florida
2026,Dillia Lowry,Charleston So.
2026,Bella Mathis,UC Santa Barbara
2026,Mija Sagadin Pristovnik,Murray St.
2026,Nicole Osborne,Gardner-Webb
2026,Nicole Feliciano,UC Irvine
2026,Delaney Steers,NIU
2026,Katie Noschang,Northern Ky.
2026,Brooklyn Briscoe,Florida
2026,Maddie Finnegan,Abilene Christian
2026,Jaya Johnson,Creighton
2026,Kennady Martindale,Central Ark.
2026,Maja Bochenek,Radford
2026,Audrey Atwood,Southern Utah
2026,Lily Mueller,Indiana St.
2026,Lauren Dale,Bradley
2026,Amelia Wass de Czege,South Fla.
2026,Frances Torres,Virginia Tech
2026,Victoria Gray,Indiana
2026,Ryla Jones,Penn St.
2026,Shelby Burriss,Princeton
2026,Anna Claire Brown,Lipscomb
2026,Ava Robart,Indiana St.
2026,Raissa Antonio,Sacred Heart
2026,Ki'ra Wright,South Carolina St.
2026,Olivia Maulding,New Hampshire
2026,Abisola Adebayo,Buffalo
2026,Masina Ogbechie,Harvard
2026,Robyn Ward,UIC
2026,Bella Breuer,California Baptist
2026,Selena Leban,Florida
2026,Brooklyn Washington,Fresno St.
2026,Havyn Rolle,Rhode Island
2026,Ava Nakai,Utah St.
2026,Mya White,Bellarmine
2026,Bridget Malone,North Carolina
2026,Leila Ballard,Northern Colo.
2026,Memphis Burnett,UC Irvine
2026,Shea Dupuis,Providence
2026,Charlee Lepp,Sacramento St.
2026,Maaike Heilig,Pittsburgh
2026,Yasmeen Muhammad,LIU
2026,Sofia Hechavarria,Sacred Heart
2026,Andrea Simovski,Cincinnati
2026,Grace Jamison,Lafayette
2026,Julianne Lee,New Hampshire
2026,Caelyn Emmerling,Texas St.
2026,Ashlyn Philpot,Illinois
2026,Jaidyn Hartsfield,Ole Miss
2026,Malaya Balina-Ayers,Houston Christian
2026,Lyric Edwards,Alabama St.
2026,Maddie Herman,Eastern Mich.
2026,Amalia Simmons,Rice
2026,Ava Hewitt,San Jose St.
2026,Katy Wessels,Washington
2026,Pola Bujnarowska,Long Beach St.
2026,Jaela Auguste,Wisconsin
2026,Kaelynn Ashley,Austin Peay
2026,Ashley Repetti,Portland St.
2026,Becca Wight,Virginia
2026,Martina Gonzalo Cortes,NJIT
2026,Pam McCune,Iowa St.
2026,Tennyson Gorman,Furman
2026,Julia Whaley,Saint Peter's
2026,Maya Stillwell,Northwestern
2026,Malia Tanksley,UC Riverside
2026,Brooklynne Brass,Maryland
2026,Addison Engel,Alabama
2026,Calea Bush,Arkansas St.
2026,Kate Hansen,Purdue
2026,Charlotte Thompson,App State
2026,Rachelle Reed,Sam Houston
2026,Adeline Sirbu,Pacific
2026,Jayden Eaker,Georgia St.
2026,Tristen Raymond,Pepperdine
2026,Leah Richmond,Western Mich.
2026,Angela Marchetto,FDU
2026,Journey Tucker,Arizona
2026,Jayda Redd,Delaware
2026,Maryn Hall,Portland St.
2026,Hannah Parant,Alabama
2026,Kendal Kemp,Georgia
2026,Giada Ianuale,Fordham
2026,Ella Sinai,Temple
2026,Andee May,Fresno St.
2026,Ava Berry,Norfolk St.
2026,Lyric Berry,Providence
2026,Cameron Reese,The Citadel
2026,Kennedy Washington,Kentucky
2026,Alison Goldberg,Siena
2026,Teagan Jaynes,Montana St.
2026,Emily Helmers,Canisius
2026,Raechelle Dykstra,Gonzaga
2026,Dayion Johnson,Howard
2026,Hailey Goebel,Denver
2026,Kate Prior,BYU
2026,Amaya Robinson,Alabama St.
2026,Ruby Jensen,Wyoming
2026,Graci Littlejohn,Chicago St.
2026,Aubrie Walker,Mississippi Val.
2026,Taylor Wooten,Mississippi Val.
2026,Chelsea Sutton,Tennessee
2026,Kayla Balfour,Stetson
2026,Amaris Marks,Grambling
2026,Denitsa Angelova,Miami (FL)
2026,Lauren Larkin,Missouri
2026,Doga Diraz,Siena
2026,Reagan Hope,Long Beach St.
2026,Elli Esko,Montana St.
2026,Chloe Anderson,Southern Ill.
2026,Bella Lipski,Milwaukee
2026,Soukeyna Diouf,UTRGV
2026,Isabella Beatty,Idaho St.
2026,Emma Hanson,Eastern Ill.
2026,Remy Catojo,High Point
2026,Daaliyah Kemp,Iowa St.
2026,Brooke Jenkins,Fresno St.
2026,Addy Cook,Utah St.
2026,Ipar Kurt,Stanford
2026,Izzy Busignani,Cincinnati
2026,Maria Drapp,Bradley
2026,Evalyn Medaris,Utah Valley
2026,Jordyn Moore,Colgate
2026,Siena Morgan,Navy
2026,Kaylin Daniels,Northeastern
2026,Lexi Jones,Seattle U
2026,Elena Kovacevic,Charlotte
2026,Sydney Jordan,Colorado
2026,Parys Taylor,Cal St. Fullerton
2026,Marlee Ervin,Louisiana
2026,Ashlyn Paymal,Creighton
2026,Gracie Brown,Southeastern La.
2026,Nevaeh Hays,App State
2026,Sydnee Peters,Loyola Maryland
2026,Sara Marinkovic,Charlotte
2026,Gigi Mason,UTSA
2026,Haleina Bowers,North Florida
2026,Ryleigh Davis,Jackson St.
2026,Ece Senyapici,Michigan
2026,Renata Montini,Sacred Heart
2026,Ceren Durak,Murray St.
2026,Rylee Key,UT Martin
2026,Lorena Keselj,Little Rock
2026,Addison Makun,Louisville
2026,Alexa Hernandez,Green Bay
2026,Allie Caldwell,UC Davis
2026,Reese Robins,TCU
2026,Alex Beauchamp,UIW
2026,Kaylee Parker,Memphis
2026,Nia Curry,Coppin St.
2026,Alissa Grant,UMBC
2026,Milena Cetkovic,West Ga.
2026,Brittney Daphnis,Presbyterian
2026,Sadie Snyder,Boise St.
2026,Taelyn Graham,South Carolina St.
2026,Hadley Hardersen,Indiana St.
2026,Zoey Burgess,Arizona St.
2026,Reagan Fox,Kansas St.
2026,Alyssa Cerovac,Cleveland St.
2026,Keila Gabriel,Syracuse
2026,Addy Franz,Sacred Heart
2026,Anna Flores,California
2026,Maddy Kirmer,West Ga.
2026,Aniyah Davis,Drake
2026,Kayla Birmingham,Green Bay
2026,Sofia Torcello,Stetson
2026,Molly Newton,Sacred Heart
2026,Anna Alexander,Saint Louis
2026,Grace Hannam,UNI
2026,Maggie Larsen,Weber St.
2026,Stephanie Eroh,Bucknell
2026,Emma Pastusic,The Citadel
2026,Nina Mitchell,Chicago St.
2026,Ellah Derrer,Kansas St.
2026,Vittoria Tonelli,Quinnipiac
2026,Grace Purichia,IU Indy
2026,Alexis Badu,George Washington
2026,Khylie Remmenga,Oral Roberts
2026,Clara Vondran,NC State
2026,Emma Parks,Marquette
2026,Emma Williams,Syracuse
2026,Raegan Lantz,Miami (OH)
2026,Naomi Watson,Boston College
2026,Sofija Marjanovic,Boston College
2026,Marisa Michaelis,South Dakota St.
2026,Ana Stojicic,Oral Roberts
2026,Nina Gavin,Bryant
2026,Jordyn Hughes,UConn
2026,Aleki Alexander,Arkansas
2026,Ryan Williams,LSU New Orleans
2026,Ezzie Thompson,Iona
2026,Morgynne McQueen,Texas Southern
2026,Avery Jones,Columbia
2026,Corrine Blackburn,Army West Point
2026,Gabrielle Washington,Tennessee St.
2026,Anna Rita,Coastal Carolina
2026,Lily Bannister,UNC Asheville
2026,Isis Castille,Norfolk St.
2026,Elle Patterson,IU Indy
2026,Maria Brun,Colorado St.
2026,Morgan Wingo,N.C. Central
2026,Mackenzie Nettles,Southern Ind.
2026,Isabella Andrews,Texas St.
2026,Ava Brickner,Idaho St.
2026,Camila Soto,FGCU
2026,Kathryn Adler,Jacksonville
2026,Maddie Steele,Valparaiso
2026,Madeleine Miller,New Mexico
2026,Lillian Campbell,Hampton
2026,Camryn McCollum,Chicago St.
2026,Mia Compas,Davidson
2026,Reese Dunkle,Boston College
2026,Karsu Bayraktar,Stetson
2026,Scholar Bates,Alabama A&M
2026,Reagan Sharp,Wyoming
2026,Savannah Page,USC Upstate
2026,Lillie Johnson,Southern Miss.
2026,Abbey Emch,Pittsburgh
2026,Lucia Barroso,UC San Diego
2026,Alexis Roberson,Houston
2026,Gracie Cagle,Montana
2026,Ava DeGuzman,FDU
2026,Maya Van Heyst,Fla. Atlantic
2026,Jacqui McClain,Tarleton St.
2026,Kennedy Wagner,Clemson
2026,Cherlin Antonio,Bradley
2026,Hanna Vorhies,Pacific
2026,Mia Starr,UC Davis
2026,Alea Goolsby,Iowa St.
2026,Logan Lindsay,UNLV
2026,Haley Burgdorf,Penn St.
2026,Georgia Haynes,Western Ill.
2026,Hailey McEllrath,Seattle U
2026,Rachel Ogunleye,Vanderbilt
2026,Katelynn Rottman,Niagara
2026,Anna Powell,Ga. Southern
2026,Alexia Smollen,Belmont
2026,Daniele Clewis,Gonzaga
2026,Isabela Haggard,Baylor
2026,Evi Priniotaki,Towson
2026,Ava Drye,Towson
2026,Rihianna Brown,Grambling
2026,Maeli Cormier,Hawaii
2026,Skylar Greene,Penn
2026,Karli Glover,Ark.-Pine Bluff
2026,Sonja Danilovic,Miami (FL)
2026,Katelyn Cook,Fairfield
2026,Kaeden Foxx,Eastern Ill.
2026,Reilly Kurth,St. Thomas (MN)
2026,Aniyah Moore,Mississippi Val.
2026,Taylor Miller,Marist
2026,Taylor Mendez,Wofford
2026,Samara Coleman,LSU
2026,Paloma Routaboul,Mississippi St.
2026,Reese Weinert,Boise St.
2026,Kirra Musgrove,Texas A&M
2026,Hokulani Perez,San Francisco
2026,Kayla Knowles,Ga. Southern
2026,Bailey Burgess,Chattanooga
2026,Ryen Smith,Southern Utah
2026,Jalynn Brown,UMBC
2026,Kiera Vazquez,Gardner-Webb
2026,Aaliyah Snead,UTRGV
2026,Alexandria Arrington,Southern Ill.
2026,Kaitlyn Hoelker,Southern Utah
2026,Dior Charles,Purdue
2026,Chichi Nnaji,Notre Dame
2026,Mazi Smith,UT Arlington
2026,Haley Robinson,Wright St.
2026,Layla Smith,Arkansas
2026,Allison Risley,Northern Ky.
2026,Macy Hatkevich,Xavier
2026,Katarina Kosic,Portland St.
2026,Annie Gilmore,CSUN
2026,Macey Hughes,Grand Canyon
2026,Annabelle De Jager,San Diego St.
2026,Sally Marong,North Dakota
2026,Skylar Jackson,Yale
2026,Talya Sampson,West Florida
2026,Hadley Burger,A&M-Corpus Christi
2026,Lilly Mullholand,Central Mich.
2026,Catherine Burke,Wake Forest
2026,Ashley Euston,Texas St.
2026,Sophie Ocampo,Troy
2026,Nayelis Cabello,Louisville
2026,Carrington Cook,Prairie View
2026,Sonja Laaksonen,Western Ky.
2026,Grace Kreutz,Miami (OH)
2026,Teodora Kričković,Indiana
2026,Jayla David,Jackson St.
2026,Naima Foster,San Jose St.
2026,Kelsey Schenck,Lipscomb
2026,Caroline Lang,Virginia
2026,Sam McMillan,American
2026,Tatiana Robinson,San Jose St.
2026,Charlotte Gravlee,Columbia
2026,Laura Eichert,Oregon
2026,Sarah Carnathan,Central Ark.
2026,Isabelle Brown,Morgan St.
2026,Maddie Mitchell,Buffalo
2026,Gracie Mann,Southeastern La.
2026,Carly Gilk,Minnesota
2026,Maddie LaFata,Dartmouth
2026,Aysa Thomas,Southern Ind.
2026,Sariah Johnson,UC Riverside
2026,Hayley Schaaf,Northwestern
2026,Georgia Murphy,Holy Cross
2026,Naomi Cole,Queens (NC)
2026,Ekwe Anwah,East Carolina
2026,Anaiya Campbell,California Baptist
2026,Isabelle Henry,Youngstown St.
2026,Mallory Jenkins,Tennessee Tech
2026,Isabele Filardo,Coastal Carolina
2026,Kennedy Horn,Seton Hall
2026,Layni Tobias,Queens (NC)
2026,Delfina Schuh,LMU (CA)
2026,Johanna Groger,Lafayette
2026,Chloe Wilmot,Duquesne
2026,Amanda Otten,Bowling Green
2026,Erin Debiec,Colorado St.
2026,Chloe Hansen,Utah Valley
2026,Sophie Scott,Utah St.
2026,Angelique Pena,Grambling
2026,Mirjam Karoliine Kask,West Virginia
2026,Lindsey Henry,Louisiana
2026,Kyla Harris,Holy Cross
2026,Gabriella Gelfound,George Mason
2026,Teodora Skocajic,FIU
2026,Ceylin Kuyan,Missouri
2026,Evelyn Brenton,New Hampshire
2026,Lilli Saldivar,New Mexico St.
2026,Parker LaFontaine,Gardner-Webb
2026,Emilia Linden,Southern Utah
2026,Sydney Davis,South Carolina
2026,Gabrielle Semona,Xavier
2026,Nicole Sargent,Central Ark.
2026,Makeda Edwards,Alabama St.
2026,Jaylynn McNeill,Alcorn
2026,Abby Pekrul,UC Irvine
2026,Cam Bolane,Yale
2026,Alyssa Worden,Georgia
2026,Mia Izzo,Merrimack
2026,Morgan Kealy,St. Thomas (MN)
2026,Harley Krause,Louisiana
2026,Ines Losada,Colorado
2026,Sarah Shaw,Brown
2026,Aniston Cochran,West Florida
2026,Mikala Young,Oklahoma
2026,Maddie Determan,SIUE
2026,Deniz Dakak,American
2026,Charlie Fuerbringer,Wisconsin
2026,Stacia Barker,Weber St.
2026,Ellen Zapp,Oakland
2026,Logan Bell,Kansas
2026,Avery Maddux,Navy
2026,Melanie Tilles,Davidson
2026,Branwyn Lupton,Le Moyne
2026,Taylor Harvey,Texas
2026,Jessica Bates,UC Irvine
2026,Dawn Moore,Memphis
2026,Devon DeNecochea,San Jose St.
2026,Mesaiya Bettis,Iowa St.
2026,Emily McKee,William & Mary
2026,Nikita Clausen,Gonzaga
2026,Tori Bonacci,Rider
2026,Helena Vukovic,Col. of Charleston
2026,Claire Logeais,South Dakota St.
2026,Charlotte Goldfeder,Colgate
2026,Kaitlyn Oxceus,Merrimack
2026,Tre'Niya Miller,Morgan St.
2026,Lydia Michelin,Miami (OH)
2026,Ella Lomigora,Arizona St.
2026,Abby Farrell,Stonehill
2026,Madison Pulsipher,UC Riverside
2026,Dominika Kasinska,VCU
2026,Ligia Williams,Cincinnati
2026,Abby Markworth,George Washington
2026,Rita Benidio,Old Dominion
2026,Lauren Lewis,UNCW
2026,Wrigley Takats,Youngstown St.
2026,Riley Resmer,Harvard
2026,Noelle Aprati,Akron
2026,Kaci Johnson,Lindenwood
2026,Jenna Kitchens,Charleston So.
2026,Sarah Pfiffner,North Dakota St.
2026,Kadence Goolsby,Niagara
2026,Makenzie Miller,Evansville
2026,Karlyn Frazier,Central Ark.
2026,Lilly Roach,UIW
2026,Kayla Dunlap,Vanderbilt
2026,Emma DiRocco,Old Dominion
2026,Selana Morales,Texas Southern
2026,Haidyn Carter,Morehead St.
2026,Brooke Forkum,Troy
2026,Taylor Parks,Florida
2026,Pamela De Jesus Tejedor,Coppin St.
2026,J'La Sparks,Saint Louis
2026,Maddie Carnes,Bellarmine
2026,Vanessa Shevchenko,Stetson
2026,Alaina Armstrong,Idaho
2026,Kyler Birkelbach,Long Beach St.
2026,Casi Doll,UC Riverside
2026,Amanda Santos Juliao,Delaware St.
2026,Anika Ivester,SIUE
2026,Laila Ivey,South Fla.
2026,Kaylee Paulson,Montana
2026,Caydence Doolan,Marquette
2026,Bri Zimmerman,Western Mich.
2026,Lelia Fitz,Stetson
2026,Lea Gage,Radford
2026,Hannah Beauford,SMU
2026,Audrey Hollis,Washington St.
2026,Reagan Chisholm,Norfolk St.
2026,Lexie Mason,Florida St.
2026,Jolene Oddo,Tennessee
2026,Alli Farmer,Canisius
2026,Ryleigh Short,Sacred Heart
2026,Nathalia Morais,Morgan St.
2026,Braelynn Reese,Southern U.
2026,Eva Long,NC State
2026,Shay McMillen,Drake
2026,Quinci Thomas,Xavier
2026,Annalyse Shimada,Utah Tech
2026,Cristin Webb,Alcorn
2026,Milla Lugo,Gardner-Webb
2026,Ellie Ocampo,Davidson
2026,Caroline Kerr,Tennessee
2026,Selin Aslayan,Santa Clara
2026,Enisilina Savelio,Houston Christian
2026,Ania Anderson,LSU New Orleans
2026,Kiran Rio,Cornell
2026,Emersyn Reiter,Charleston So.
2026,Emilia Kouri,Western Ill.
2026,Chiara Gennari,Akron
2026,Uliana Yastrub,New Mexico
2026,Ashley Miller,Presbyterian
2026,Stella Labrecque,Colgate
2026,Rori Gray,Coppin St.
2026,Lucy Kay,Belmont
2026,Isabel Ostvig,UMBC
2026,Hillary Estes,Western Ill.
2026,Sonia Okpara,Air Force
2026,Lauren Schneider,Clemson
2026,Kennedy Simon,Air Force
2026,Alison Coy,Austin Peay
2026,Katherine Sandt,Clemson
2026,Kamryn Itzen,FIU
2026,Peyton McGee,Bucknell
2026,Sammy Franco,Stonehill
2026,Cadence Lundgren,Kansas St.
2026,Mila Zoric,Kansas City
2026,Olivia Ryno,Radford
2026,Gha'Naye Whitfield-Moss,Mississippi St.
2026,Ava Schubert,Tennessee Tech
2026,Brianna Brewer,UC Irvine
2026,Ellery Williamson,Cornell
2026,Lilly Wachholz,Iowa St.
2026,Jenness Orcutt,Air Force
2026,Reagan McIntosh,North Dakota
2026,Harmony Soles,McNeese
2026,Allie Hazelwood,Southern Miss.
2026,Layla Moore,Virginia Tech
2026,Laiya Ebo,Wake Forest
2026,Danica Nordlicht,Columbia
2026,Carra Pierre-Louis,South Carolina St.
2026,Maggie Byrd,Kennesaw St.
2026,Taylor Anderson,Purdue
2026,Dawn Pena,Hofstra
2026,Kennedy Adams,Ark.-Pine Bluff
2026,Tehillah Garrison,USC Upstate
2026,Sara Gamboa,Fla. Atlantic
2026,Isa Glover,Holy Cross
2026,Lusia Langi,Utah Tech
2026,Shay Heaney,FGCU
2026,Katelyn Hernandez,UC San Diego
2026,Leonor Polezzi,DePaul
2026,Abby Schomers,UCF
2026,Karli Mann,SIUE
2026,Avery Parris,Purdue Fort Wayne
2026,Madison Miner,Mercyhurst
2026,Taylor Byl,South Dakota St.
2026,Daria Chekhovskikh,California Baptist
2026,Brooke Johnson,Manhattan
2026,Cha'lei Reid,Hawaii
2026,Patrycja Lagida,Wake Forest
2026,Rachel Koss,Abilene Christian
2026,​Taryn Gilreath,East Carolina
2026,Zuzanna Zietek,Ark.-Pine Bluff
2026,Luli Arcucci,UT Martin
2026,Katie Rakoski,Old Dominion
2026,Jade Longlad,Northwestern St.
2026,Katelyn Cochran,Texas Tech
2026,Akila Hardie,UNC Greensboro
2026,Ana Nastase,Jacksonville
2026,Violet Morrandez,Louisiana Tech
2026,Ana Appel,Oral Roberts
2026,Abbie Householder,Youngstown St.
2026,Talia Johnson,Coastal Carolina
2026,Jackie Onyechi,Princeton
2026,Jailyn Davenport,Eastern Wash.
2026,Allie Ihloff,East Texas A&M
2026,Grace Maria,UConn
2026,Ellie Prindl,Pacific
2026,Sienna Lawrence,Bethune-Cookman
2026,Caroline Formankova,Saint Mary's (CA)
2026,Danielle Moore,Wichita St.
2026,Masina Perez,Northern Ariz.
2026,Malayah Long,Michigan St.
2026,Kristen Dear,Arizona
2026,Havannah Hoeft,Portland
2026,Anica Bobic,San Francisco
2026,Campbell Hollister,New Mexico
2026,Grace Keaney,Rhode Island
2026,Hannah Olmstead,Binghamton
2026,Kira Lynch,New Haven
2026,Raeli Smith,Dartmouth
2026,Sydnee Nelson,Belmont
2026,Lydia Stahley,Missouri
2026,Morgan Petelin,Tennessee Tech
2026,Jordan Taylor,Minnesota
2026,Maisie Nawrocki,Rider
2026,Karyna Werley,West Florida
2026,Tana Howard,Idaho St.
2026,Lacey Kusnier,Texas Southern
2026,Brandi Boston,Florida A&M
2026,Saida Maksoud,Lamar University
2026,Leah Devaraj,NJIT
2026,Emilee Sikora,UT Arlington
2026,Lauren Schutter,North Carolina
2026,Madi Andrews,Michigan St.
2026,Amelia Mancino,App State
2026,Makenna Wiepert,Sacramento St.
2026,Evelyn Hendrix,UC Riverside
2026,Luanna Markus,Marquette
2026,Helenn Montilla,Manhattan
2026,Addi Gallentine,Dayton
2026,Maria Eduarda Pereira Tonella,Western Ill.
2026,Amany Kuwa,FGCU
2026,Molly McCall,VCU
2026,Clementine Tebbe,Dartmouth
2026,Sara Siefert,NJIT
2026,Macy Taylor,Providence
2026,Karla Sanchez George,Central Mich.
2026,Zharia Alleyne,ULM
2026,Mylee Blake,Montana
2026,Emma Koceja,Iona
2026,Riley Greene,Radford
2026,Courtney Peters,North Dakota St.
2026,Sammi Bergjans,Mercer
2026,Lainie Stapleton,Air Force
2026,Andrea Fabikovicova,Washington
2026,Nia Gibson,UAlbany
2026,Erin Herrmann,A&M-Corpus Christi
2026,Grace Cooney,Oakland
2026,Maca Lobaglio,Missouri
2026,Jordyn Dailey,Pittsburgh
2026,Christina Vigil,Kent St.
2026,Katie Dalton,Creighton
2026,Grace Burgoyne,Navy
2026,Carly Paugh,Ole Miss
2026,Jordyn Byrd,Florida
2026,Manuela Altieri Liev,Georgia St.
2026,Andrea Stanojevic,Fordham
2026,Hedia Lewis,South Carolina St.
2026,Caroline Rodriguez,George Mason
2026,Avry Tatum,Indiana
2026,Mercedes Motton,Stony Brook
2026,Kendall Worwa,North Dakota St.
2026,Nicole Ellis,N.C. A&T
2026,Madison Fulgencio,Central Conn. St.
2026,Daisy Voskuhl,UTEP
2026,Leimaile Lasike,Stony Brook
2026,Brooklyn Brunt,Mississippi Val.
2026,Emma Kerwin,Gardner-Webb
2026,Madi Standifird,Utah Valley
2026,Bergen Reilly,Nebraska
2026,Dylan Hunt,New Hampshire
2026,Abbigail Pickard,Northern Ky.
2026,Kalei Edson,Houston
2026,Triniti Jackson,Tennessee St.
2026,Annelore Engels,Georgia St.
2026,Lana Rnjak,UTRGV
2026,Alison Ohlinger,Samford
2026,Ally Cavanaugh,South Carolina
2026,Rowan Kelly,Ohio
2026,Charli Morris,Liberty
2026,Natalie Wardlow,Wisconsin
2026,Mikalah Davis,Alabama St.
2026,Ella Andrews,Stanford
2026,Lainy Evans,Grambling
2026,Kaci Demaria,Stanford
2026,Sophie Dufour,American
2026,Melina Gonzalez,Southeastern La.
2026,McKenna Corcoran,Canisius
2026,Adrianna Arquette,Hawaii
2026,Marina Crownover,Oregon
2026,Lauren Yacobucci,Wright St.
2026,Alexis Stucky,Penn St.
2026,Gracie Lee,Texas Southern
2026,Marie Laurio,Syracuse
2026,Alice Steman,Montana St.
2026,Angelina Siepierski,Buffalo
2026,Anabelle Cerny,South Alabama
2026,Kendall Mairs,San Diego St.
2026,Sophia Van Name,William & Mary
2026,Ava Liening,Dayton
2026,Mya Hemmer,Baylor
2026,Reegan Mishkin,Stonehill
2026,AshleeKay Christensen,Eastern Mich.
2026,Markela Tsagkopoulou,Saint Peter's
2026,Nora Wurtz,Creighton
2026,Carli Banks,McNeese
2026,Alexis Carper,Central Mich.
2026,Alise Evans,Le Moyne
2026,Avari Amstutz,Stony Brook
2026,De'Oni McPhearson,South Carolina St.
2026,Marissa Kobelski,ULM
2026,Makenna Crosson,Minnesota
2026,Kayden Campbell,NJIT
2026,Katrina Miller,Radford
2026,Catherine Detweiler,Stonehill
2026,Nygeria Hart,UCF
2026,Andrea Zaric,North Dakota
2026,Anna Williams,Wyoming
2026,Ava Blascziek,Portland St.
2026,Jessica Shattles,New Hampshire
2026,Denver Watkins,Alabama St.
2026,Nina Jasiecka,FDU
2026,Marla Valentin,FIU
2026,Ashley Richardson,Southeastern La.
2026,Paighton Erb,Lehigh
2026,Logan Parks,Stanford
2026,Isabel Taylor,Montana
2026,Skyler Pierce,Nebraska
2026,Madelynn Coy,Lamar University
2026,Audrey Rome,Cincinnati
2026,Hailey Jacobus,Navy
2026,Annaleise Sevier,Abilene Christian
2026,Peyton Devlin,Northern Ariz.
2026,Lindy Radaszewski,Miami (OH)
2026,Abby Edwards,Siena
2026,Kenna Phelan,Illinois
2026,Kassie O'Brien,Kentucky
2026,Lila Britt,IU Indy
2026,Keira Schmidt,Marquette
2026,Macie Lupkes,Iowa St.
2026,Phoenix Fogel,ETSU
2026,Jakayla Brown,Niagara
2026,Adriana Dorn,Nevada
2026,Cara Lewandowski,Bryant
2026,De'Andrea McMillian,TCU
2026,Ngozi Nwosu,Ark.-Pine Bluff
2026,Laila Glover,Winthrop
2026,Logan Wiley,Miami (FL)
2026,Chloe Morgan,Loyola Chicago
2026,Carsyn Kelley,Evansville
2026,Catori Crawford,Norfolk St.
2026,Madyn Cervellera,Washington St.
2026,Brianna Washington,Clemson
2026,Julia Kakkis,Brown
2026,Anna Boatner,Saint Louis
2026,Marichka Hoshylyk,Iowa
2026,Meredith Keefer,UNCW
2026,Ella Thompson,Miami (FL)
2026,Taylor Gaines,Louisiana
2026,Klara Jadwiga Olszewska,Quinnipiac
2026,Italia Bernal,Cal St. Fullerton
2026,Mija Jegers,Iona
2026,Aliyah Spencer,Texas Southern
2026,Emory Brosnahan,St. Thomas (MN)
2026,Virginia Van Der Werff,A&M-Corpus Christi
2026,Ariana Rodriguez,Miami (FL)
2026,Avery Stones,Kansas St.
2026,Bella Pons,Mercer
2026,Kinslee McGowan,North Ala.
2026,Jaliyah Cohnes,Central Mich.
2026,Fiona Cooper,Cleveland St.
2026,Taylor McDonald,Montana St.
2026,Mia Hazelett,George Mason
2026,Fallon Stewart,UCF
2026,Gentry Brown,Ohio
2026,Finley Krystkowiak,Penn St.
2026,Daja Warren,N.C. A&T
2026,Lucy Slavik,Gonzaga
2026,Ava Frerman,LSU New Orleans
2026,Isabella Padilla,Nicholls
2026,Nora Waddoups,Idaho St.
2026,Reagan Robinson,Southern U.
2026,Ava Garner,Kennesaw St.
2026,Addisyn Pohl,Illinois St.
2026,Ava Anderson,Mississippi St.
2026,Isabel Smart,Fresno St.
2026,Bella Potempa,Tennessee Tech
2026,Rebekah Buchholz,Furman
2026,Quinlan Jones,Denver
2026,Amelie Shalfoon,Nicholls
2026,Weronika Urbanska,Old Dominion
2026,Alexis Burton,Alcorn
2026,Maizy Agnello,Missouri
2026,Karsyn Harris,Manhattan
2026,Sarah Dibbs-Frantz,VCU
2026,Kenzie Dean,Kansas
2026,Izzy Starck,Pittsburgh
2026,Sydney Yohe,A&M-Corpus Christi
2026,Norielle Battle,Southern U.
2026,Allie Paulsen,Wichita St.
2026,Nina Edwards,East Carolina
2026,Aneta Valentova,Ohio St.
2026,Breelyn Bender,Army West Point
2026,Sydney Maue,Kansas St.
2026,Hanna Labanowska,Seton Hall
2026,Madeleine Bush,Duquesne
2026,Kennedi Inman,Delaware
2026,Jenna Ylivainio,Colorado
2026,Ninah Miranda,IU Indy
2026,Caroline Wright,DePaul
2026,Janaya Weitkemper,Wichita St.
2026,Lannah Price,VCU
2026,Sadie White,Saint Mary's (CA)
2026,Alexis Haury,Cal Poly
2026,Talibah Hamlett,Bethune-Cookman
2026,Annabelle Svenson,Stonehill
2026,Emma Duffield,Col. of Charleston
2026,Peyton Bitter,Fresno St.
2026,Natalie Ptacek,Kansas City
2026,Shayla Henry,UMES
2026,Taylor Knuth,Indiana St.
2026,Elani Ratchkovska,LSU New Orleans
2026,Ana Petrides,UIC
2026,Lolufe Adedeji,Texas A&M
2026,Maiella Blandin,Merrimack
2026,Gia McGrew,Charlotte
2026,Kelis Hawkins,Wake Forest
2026,Kate Maley,Loyola Chicago
2026,Sophia Oliveira,Fordham
2026,Vani Tatoulian,UC Irvine
2026,Katherine St. John,Southeast Mo. St.
2026,Grace Egan,Wisconsin
2026,Briana Binagi,Binghamton
2026,Quincey McCoy,Oral Roberts
2026,Grace Bach,Southern Ind.
2026,Soraya Teston,Stetson
2026,Olivia Beaudrie,Eastern Mich.
2026,Derin Nur Aydin,LSU New Orleans
2026,Hannah Koester,Pacific
2026,Zariah Crosby,Cal St. Fullerton
2026,Madyson McCarthy,Lipscomb
2026,Soheila Cirelli,St. John's (NY)
2026,Heloise Soares,Georgia Tech
2026,Kylie Munday,San Diego
2026,Reese Messer,Kansas
2026,Gina Fedrigo,FIU
2026,Makinsey Jones,UTSA
2026,Tireh Smith,LSU
2026,Haley Reeves,Ark.-Pine Bluff
2026,Azoria Davis,Canisius
2026,Sophie Skidmore,Cleveland St.
2026,Maria Splawska,Colorado
2026,Grace Lopez,Wisconsin
2026,Carys Kerr,Marshall
2026,Maddy Bowser,Vanderbilt
2026,Anna Ofenheusle,Kennesaw St.
2026,Kyra Dove,Jackson St.
2026,Angie Desamours,Notre Dame
2026,Taylor Williams,Duke
2026,Ivona Lazovic,FIU
2026,Ava Hight,A&M-Corpus Christi
2026,Jacqueline Corcoran,New Mexico St.
2026,Aaliyah Brown,Texas Southern
2026,Jade Smith,Prairie View
2026,Izabela Molina,Denver
2026,Anaya Rawlinson,Eastern Ill.
2026,Elinor Engel,Wichita St.
2026,Grace Larrivee,UMBC
2026,Payton Melin,Mercyhurst
2026,Audrey Dyas,Toledo
2026,Mikayla Miessler,Mercer
2026,Ellie Stiernagle,Northwestern
2026,Alayah Wilson,Southern U.
2026,Harmony Jackson,McNeese
2026,Kylie Cackovic,Northern Colo.
2026,Tabitha Newlin,N.C. Central
2026,Avery Van Hook,South Dakota
2026,Elle Vandeweghe,SMU
2026,Brooke Elliott,UTSA
2026,Kami Stover,Milwaukee
2026,Aubrey Fair,Southern Ind.
2026,Elise Hiemstra,Columbia
2026,Ella Duong,Campbell
2026,Carly Thomas,Rhode Island
2026,Olivia Bartrina,LSU New Orleans
2026,Marina Vosloo,Arizona
2026,Alexis Maesch,Gardner-Webb
2026,Romi Chlebecek,Denver
2026,Myracle Davis,Delaware St.
2026,Lucy Tricco,UT Arlington
2026,Sarah Hom,Princeton
2026,Anezka Ourednikova,West Ga.
2026,Ashley Reynolds,Chattanooga
2026,Kamryn Scroggins,UNLV
2026,Reese Booth,UNI
2026,Caroline Macander,Middle Tenn.
2026,Nina Salas,Le Moyne
2026,Lilly Sullivan,UNCW
2026,Briana Ellis,Norfolk St.
2026,Tyrah Weems,Morgan St.
2026,Alexis Williams,Alabama St.
2026,Isabelle Poehlein,Boston College
2026,Hailey Pearce,North Carolina
2026,Maddie Hagan,Bellarmine
2026,Kenlee Barnard,Robert Morris
2026,Jaleah Bauss,Western Ill.
2026,Leila Hargrove,Bethune-Cookman
2026,Surima Akat,Charleston So.
2026,McKenna Melton,Rhode Island
2026,Jazmin Rodriguez,Le Moyne
2026,Lexi Thatcher,Winthrop
2026,Bailey Hollis,Grambling
2026,Aubrey Baker,Rider
2026,Carlota Mora,Southern Ill.
2026,Maria Happ,Columbia
2026,Megan Grose,McNeese
2026,Emilia Graham,Cal St. Fullerton
2026,Bree Carson,Utah Valley
2026,Julia Kellner,Milwaukee
2026,Katelyn Landis,Denver
2026,Alivia Freeman,South Alabama
2026,Christa Wilburn,SMU
2026,Irmak Makasci,Dartmouth
2026,Jorah Rutter,Eastern Ill.
2026,Juleigh Urbina,Georgetown
2026,Kierstin Bevelle,Fla. Atlantic
2026,Tiana Stubbs,Howard
2026,Avrey Rigney,Kent St.
2026,Lillian Lansing,Portland
2026,Jasmine Mataira,Norfolk St.
2026,Ava Cheney,George Mason
2026,Addy Bianchini,UAlbany
2026,Sasha Pellettieri,UIC
2026,McKenzie Charles,Alabama A&M
2026,Olivia Heitkamp,Toledo
2026,Libby Ryan,Oral Roberts
2026,Paige Smith,Southeast Mo. St.
2026,Sandrea Thomas,UC Santa Barbara
2026,Courtney Nix,Delaware St.
2026,Ella Coleman,Wofford
2026,Elle Mottola,Arizona St.
2026,Laney Blevins,Boston College
2026,Emilia Zug,Southern Utah
2026,Tuva Falk,Tennessee Tech
2026,Juliette D'Eliseo,UC Riverside
2026,Barbora Rakauskaite,Colorado
2026,Sabrina Kinkaid,UAlbany
2026,Andjela Sojic,San Francisco
2026,Karina Mendivil,Air Force
2026,Calia Clubb,UNI
2026,Mya Ball,Loyola Chicago
2026,Maddie Stuesser,Omaha
2026,Sydney Marshall,Memphis
2026,Mia Saenz,UT Martin
2026,Cayley Hanson,Mississippi St.
2026,Kaitlyn Doyle,Niagara
2026,Jess Walkenhorst,Nevada
2026,Jehireh Williams,SIUE
2026,Ava Gronemeyer,UC Irvine
2026,Campbell Woods,Furman
2026,Portia Sherman,California
2026,Tierney Terrell,Nicholls
2026,Sydnee Carter,Louisiana Tech
2026,Brenlin Garlitz,Sam Houston
2026,Sofia Dawson,North Florida
2026,Madison Koeller,Bryant
2026,Delaney Wingenbach,Chattanooga
2026,Lauren Schloe,Montana St.
2026,Bo Nijenhuis,Syracuse
2026,Filippa Botcher,California Baptist
2026,Lillian Hamilton,Memphis
2026,Amyra Burchik,Samford
2026,Yasemin Elmas,UC San Diego
2026,Ashlyn Schulze,SIUE
2026,Camille Middleton,Prairie View
2026,Zofia Sykut,Fairfield
2026,Gwen Adler,Seton Hall
2026,Kaitlyn Moran,Towson
2026,Dylan Sulcer,UT Martin
2026,Elizabeth King,UIC
2026,Abby Julius,Bellarmine
2026,Sydney Austin,UAB
2026,Emilija Arsic,Illinois St.
2026,Trixie Carroll,Bradley
2026,Polianna Hernandez,Little Rock
2026,Emmi Sellman,Penn St.
2026,Madison Keem,Bryant
2026,Maddy Frazier,Wofford
2026,Isabella Scarfone,FDU
2026,Brittany Bacorn,Tulsa
2026,Nina Jioshvili-Ravva,South Fla.
2026,Beatrice Spada,Oregon St.
2026,Cansin Sendir,VCU
2026,Varvara Zvereva,New Hampshire
2026,Rihanna Bryant,Lamar University
2026,Bryn Shankle,Santa Clara
2026,Gracie Vohs,Idaho St.
2026,Astrid Puig,Pepperdine
2026,Shanelle Puetz,Auburn
2026,Sadie Poeck,Wake Forest
2026,Sophia Sparrow,Weber St.
2026,Jada Constanza,Jackson St.
2026,Ella Hale,Queens (NC)
2026,Carissa Young,Southeastern La.
2026,Ryea Jackson,Ole Miss
2026,Emma Patmon,Delaware St.
2026,Jaida Cekic,Dartmouth
2026,Delaney Stern,Oakland
2026,Anna Ray,Jacksonville St.
2026,Indira T. Benitez Dumeng,Saint Peter's
2026,Chloe Elarton,Georgia
2026,Kiki Remensperger,Arkansas
2026,Wiktoria Zagumny,Old Dominion
2026,Mia Jean Claude,Fairfield
2026,Corinne Howard,Howard
2026,Emma MacFerran,ETSU
2026,Kyla Coffey,Queens (NC)
2026,Reese Resmer,Kansas St.
2026,Gabby Fish,UIW
2026,Haylee Brown,San Diego St.
2026,Marin Collins,Georgia
2026,Riley Malloy,Southern California
2026,Sara Quigley,Wyoming
2026,Teddy-Raye Ewers,UIW
2026,Cami Christiansen,UNLV
2026,Marlena Lee,Campbell
2026,Mckaley Herr,Nevada
2026,Ava Steffe,Tulsa
2026,Natalie Stepanovich,Robert Morris
2026,Parker Stearns,Arkansas St.
2026,Lauren Haynes,Furman
2026,Hannah Wayment,Kansas City
2026,Kealakai Bandy,Army West Point
2026,Sidney Wright,Illinois St.
2026,Liliana Mechura,Kent St.
2026,Jadyn Livings,SMU
2026,Zharia Harris-Waddy,Rutgers
2026,Jordan Smart,San Francisco
2026,Daniella Udegbunam,Prairie View
2026,Kristine Bakhad,Chicago St.
2026,Natalie Depaula,Fla. Atlantic
2026,Alexa Hayes,North Texas
2026,Grace Langer,Notre Dame
2026,Elyse Dube,Oral Roberts
2026,Simone Assasie,George Washington
2026,Laura Lino dos Santos,Bethune-Cookman
2026,Gabby LaPata,VCU
2026,Mya Smith,N.C. Central
2026,Carsyn Stansberry,Tennessee St.
2026,Olivia Grenadier,UConn
2026,Stella Swenson,Minnesota
2026,Kalyssa Taggart,Yale
2026,Claire Munch,UNI
2026,Kaisa Dowd,Stonehill
2026,Karen Dutro,Butler
2026,Zoe Kirby,Air Force
2026,Fielding Mayhugh,Providence
2026,Reagan Anderson,Austin Peay
2026,Makenzie Taylor,Florida A&M
2026,Anna Blaine,Texas St.
2026,Arina Sosinovica,Northeastern
2026,Kaia Mateo,Rice
2026,Alivia Keegan,Belmont
2026,Dilara Elmacioglu,LIU
2026,Gabriella Blevins,Tennessee St.
2026,Jenesis Perrin,Chicago St.
2026,Nina Moorer,Ole Miss
2026,Naomi Dowd,NIU
2026,Ashley Verhey,Kent St.
2026,Addison Hart,Liberty
2026,Brytn Lyon,Central Mich.
2026,Kamrynn Clay,Alabama St.
2026,Lina Govoni,Eastern Mich.
2026,Maya Harris,Illinois
2026,Nele Broszat,CSU Bakersfield
2026,Cate Hatfield,William & Mary
2026,Easnadh Nobel Toolo,Howard
2026,Tiyana Cisse,FIU
2026,Anni Tang,Tennessee
2026,Zoe Leonard,New Mexico
2026,Sasha Bespaly,North Florida
2026,Navea Gauthier,Ohio St.
2026,Zaniah Hoskins,Memphis
2026,Alex Rasmussen,Seton Hall
2026,Alyssa Gonzales,Houston
2026,April Rice,Elon
2026,Marley Roe,Utah Tech
2026,Jackie Matias,Oregon St.
2026,Haiden Means,Purdue Fort Wayne
2026,Kayla Landerud,Milwaukee
2026,Loren Winn,Villanova
2026,Linnaea Moore,Seattle U
2026,Tia Phinezy,Missouri
2026,Kylee Roberts,Charleston So.
2026,Sydney Zanca,Cornell
2026,Jazmine Gaston,Louisiana
2026,Ashlyn Smith,Idaho St.
2026,Sabrina Ripple,Evansville
2026,Mariana Buchanan,San Jose St.
2026,Jovana Antic,Charlotte
2026,McKenna Morton,Eastern Ill.
2026,Madison Cowan,Canisius
2026,Laila Hilton,Charleston So.
2026,Riley McCloskey,Morehead St.
2026,Hannah Hankerson,Army West Point
2026,Giselle Parker,NJIT
2026,Nhya Morgan,Alabama A&M
2026,Bianca Mumcular,Michigan St.
2026,Angelina Lee,LSU
2026,Emily Navarro,Furman
2026,Giorgia Mandotti,West Ga.
2026,Abbie Lyttle,Bellarmine
2026,Isabella Sohl,UConn
2026,Kaia Herweg,Cal St. Fullerton
2026,Kate Lijic,Cincinnati
2026,Alija Heins,Jacksonville
2026,Sarah Pippin,Valparaiso
2026,Anja Milosevic,Central Conn. St.
2026,Nienke Trossel,Buffalo
2026,Carlotta Pascual Centelles,Evansville
2026,Jessika Martinez,South Carolina St.
2026,Azra Ozbiltekin,Quinnipiac
2026,Rosemary Archer,TCU
2026,Emerson Van Lannen,Kansas St.
2026,Elina Arsov,Saint Peter's
2026,Kiana Shields,NIU
2026,Abbie Willis,Buffalo
2026,Dixie Nessl,UT Arlington
2026,MeMe Davis,App State
2026,Sophia DeBonis,Merrimack
2026,Macy Hinshaw,Santa Clara
2026,Laila Amos,UTEP
2026,Regan Kadel,Binghamton
2026,Erin Madigan,Arkansas St.
2026,Tatelyn Brandsma,Central Ark.
2026,Emily Davis,Southern Miss.
2026,Melae Lacy,Tennessee St.
2026,Suzanne Kemle,Pacific
2026,Maggie Croft,Rice
2026,Tuana Ozarpaci,Holy Cross
2026,Izora Gragg,UNC Greensboro
2026,Tristin Sutton,Charleston So.
2026,Taylor Williams,Alabama St.
2026,Kendra Sawyer,Stonehill
2026,Gentry Oblad,Grand Canyon
2026,Zayda Thomas,Morgan St.
2026,Levani Falatea,Utah
2026,Kayla Riley,N.C. Central
2026,Sydney Draper,Princeton
2026,Maryam Hussein,UIC
2026,Avery Jesewitz,Rutgers
2026,Dahlia Roberts,Columbia
2026,Cienna Lapsley,Ohio
2026,Lucie Blazkova,Minnesota
2026,Gabi Moulton,West Florida
2026,Reese Betschart,Eastern Wash.
2026,Ella McFarland,Southern Ill.
2026,Hannah Pattie,Campbell
2026,Lauren Duncan,West Virginia
2026,Kaycee Pennie,Bethune-Cookman
2026,Gabrielle Smith,Idaho
2026,Mari Haas,UT Martin
2026,Clara Yu,Columbia
2026,Ally Adair,Texas St.
2026,Nicole Hughes,UC Riverside
2026,Annie Hopkins,Central Ark.
2026,Claire King,Southeastern La.
2026,Georgia Watson,Kentucky
2026,Alex Patsos,Iona
2026,Elise Jensen,UNC Asheville
2026,Abbie Callaway,Northeastern
2026,Katie Barbour,Le Moyne
2026,Mary Wolcott,Cornell
2026,Naomi Vajda,Merrimack
2026,Daiangelie Gonzalez,Jacksonville
2026,Elizabeth Muguruza,Northwestern St.
2026,Caroline Johnston,New Haven
2026,Lacy Tinnell,Baylor
2026,Emersyn Robbins,Eastern Ky.
2026,Viara Parapunova,Coastal Carolina
2026,Bengisu Kazazlar,Florida A&M
2026,Ellie Burns,Southeast Mo. St.
2026,Emma Adkins,Northern Ky.
2026,Addie Huber,Loyola Maryland
2026,Nikki Quinn,Duke
2026,Aniyah Hall,San Jose St.
2026,Emerson Matthews,Washington St.
2026,Kayla Robertson,Texas Tech
2026,Josie Zynczak,Columbia
2026,Ellie Joffe,Loyola Maryland
2026,Arianna Ellis,Cal St. Fullerton
2026,Annika Veurink,Villanova
2026,Andrea Cintron,Coppin St.
2026,Drew Flanagan,Holy Cross
2026,Holland Van Deusen,Miami (OH)
2026,Gaby Santiago,McNeese
2026,Ava Martin,Iowa St.
2026,Makenna Mason,Rider
2026,Kate Duffey,UCLA
2026,Taylor Baggett,Western Caro.
2026,Haley Crawford,Delaware St.
2026,Mallory Pike,Ball St.
2026,Veronica Sierzant,Middle Tenn.
2026,Magdalena Ranitovic,Portland St.
2026,I’Onna Jones,Houston Christian
2026,Madi Zorn,SFA
2026,Mia Jannazzo,Radford
2026,Gwen Berry,The Citadel
2026,Kendall Mignerey,Middle Tenn.
2026,Gabby Lombardi,Fresno St.
2026,Miller McDonald,Providence
2026,Lilli Etter,Southern California
2026,Avery Scoggins,Vanderbilt
2026,Kamya Mahorn,Tennessee Tech
2026,Rhyan Miciotto,Louisiana
2026,Abby Jones,UAB
2026,Lydia Fisher,Gonzaga
2026,Olivia Schmidt,Wright St.
2026,Sydney King,Indiana St.
2026,Zaria Nelson,Southern U.
2026,Reese Shugart,Auburn
2026,Kaydee Smith,Alabama A&M
2026,Ori Briger,Manhattan
2026,Sara Toth,Maryland
2026,Daylin Saiki,Alcorn
2026,Emery Moore,Penn
2026,Barbara Costa dos Santos,St. John's (NY)
2026,Lilian Entenmann,Cincinnati
2026,Ava Kanj,Buffalo
2026,Orinayo Olukanmi,Seattle U
2026,Ryan Hunter,Nebraska
2026,Erika Bracey,Rhode Island
2026,Myla Matavao,ULM
2026,Mikey Freeman,Tulsa
2026,Hannah Adderly,New Haven
2026,Abi Milby,Wyoming
2026,Anna Claire Hebert,Northwestern St.
2026,Coco Figueroa,Coppin St.
2026,Laura Roeder,IU Indy
2026,Jazeli Vandenburgh,Norfolk St.
2026,Paulina Baillie,UC San Diego
2026,Demi Cole,UC Davis
2026,Talula Lenoir,San Francisco
2026,Natalia Zelubowski,Merrimack
2026,Kylie Sharp,Morehead St.
2026,Sadie Ross,New Mexico St.
2026,Emerson Macias,Wyoming
2026,Ana Jaramazovic,Grand Canyon
2026,Farah Sherif,Quinnipiac
2026,Natalie Harrington,Dayton
2026,Tehya Maeva,Boise St.
2026,Lexi Yoza,Temple
2026,Lili Smith,Purdue Fort Wayne
2026,Bri Brathol,USC Upstate
2026,Grace Carroll,Baylor
2026,Madison Daley,Rider
2026,Madelyn Bahnsen,Kansas City
2026,Leah Pike,Ball St.
2026,Cecilia DeCaro,Rider
2026,Lana Mijacic,Utah
2026,MJ McCurdy,Baylor
2026,Bryce Leatherwood,Northeastern
2026,Miliani Villarreal,Sacred Heart
2026,Halle Rillie,Missouri St.
2026,Paige Ahakuelo,Delaware St.
2026,Kylynn White,Bethune-Cookman
2026,Hannah St. Croix,Mississippi Val.
2026,Sydney Miller,Southeast Mo. St.
2026,Ashley Stein,Furman
2026,Aubrey Stitcher,Central Conn. St.
2026,Chloe Leluge,Cal Poly
2026,Melis Başaran,Hofstra
2026,Milica Tomic,Milwaukee
2026,Kaeley Walz,Kennesaw St.
2026,Izzy Whittaker,Jacksonville St.
2026,Ayanna Henry,LMU (CA)
2026,Hannah Bowman,Siena
2026,Kendall Northern,Penn St.
2026,Addison Leber,Towson
2026,Halle Thompson,Wisconsin
2026,Annelise Rising,San Diego St.
2026,Maggie Czajka,Winthrop
2026,Breylan Fairley,N.C. Central
2026,Marianne Garcia,Middle Tenn.
2026,Lily Bolen,Rutgers
2026,Ella Craggs,Illinois St.
2026,Emerson Traylor,Louisiana Tech
2026,Emma Keeping,Wake Forest
2026,Alana Pierce,LSU New Orleans
2026,Vivianna Samaniego,Ole Miss
2026,Audrey Jensen,UConn
2026,Dinara Sabitova,FGCU
2026,Mia Tuman,Ohio St.
2026,Maia Long,IU Indy
2026,Maddie Way,Saint Mary's (CA)
2026,Payton Horan,Le Moyne
2026,Hannah Jonick,Rhode Island
2026,Marin Harvey,George Washington
2026,Grace Sweeney,Louisiana
2026,Lauren Bodily,Utah St.
2026,Adele Macer,Central Conn. St.
2026,Teyhlor Thomas,Central Mich.
2026,Victoria Santana,Florida A&M
2026,Alessia Couchond,Pacific
2026,Kourtney Brown,Kennesaw St.
2026,Jenna Hehman,Louisiana Tech
2026,Silina Damuni,Utah St.
2026,Peyton Castillo,Eastern Ill.
2026,Marlee Arrington,Oregon
2026,Marlina Anderson,Ark.-Pine Bluff
2026,Jade Robinson,South Carolina St.
2026,Nile Johnson,Grambling
2026,Quinn Loper,Southern California
2026,Jessie Musselman,Akron
2026,Lindsay Walch,Furman
2026,Journey Peppers,Arkansas
2026,Ana Stojanovic,UC Davis
2026,Brooke Malek,Siena
2026,Savy Repinski,Kansas City
2026,Harper Hall,Charlotte
2026,Taryn Su,Stony Brook
2026,Katie Kolar,CSUN
2026,Alyssa Krause,Mercyhurst
2026,Melaina Hawblitzel,Western Ill.
2026,Carlyn Rapozo-Kamoku,Eastern Wash.
2026,Anna Schiltz,Morehead St.
2026,Kendall Bosse,Miami (OH)
2026,Keldri Young,Texas Southern
2026,Luiza Da Cruz,CSU Bakersfield
2026,Emilia Kuzniar,Manhattan
2026,Avery Hales,Indiana St.
2026,Kameron Blizniak,Youngstown St.
2026,Angelina Dellutri,UC Irvine
2026,Rayon Thigpen,Chicago St.
2026,Charis Burge,Syracuse
2026,Kathryn Titus,Murray St.
2026,Chloe Smith,ETSU
2026,Cayla Weisner,Davidson
2026,Lilly Howell,Marshall
2026,Faith Jordan,Texas Tech
2026,Danielle Lee,Middle Tenn.
2026,Cassidy Flakes,Charlotte
2026,Haarachi Umenwaliri,Howard
2026,Antonina Serafinowska,Arizona St.
2026,Katie Brewer,Portland St.
2026,Rylee Kinnell,George Mason
2026,Kymora Scott,Wisconsin
2026,Brooklynn Merrell,Austin Peay
2026,Olivia Callipo,UNC Asheville
2026,Payton Petersen,Louisville
2026,Rayanne Wheat,Stony Brook
2026,Maggie Rickert,Gonzaga
2026,Carey-Jean Block,Stony Brook
2026,Avery Barber,California Baptist
2026,Alivia Schneider,Fresno St.
2026,Jeryn Hildenbrand,Portland
2026,Leilia Toailoa,Alabama
2026,Olivia Tukuafu,Utah St.
2026,Rowan Schreiber,NJIT
2026,Elena Stefanov,North Dakota
2026,Kyra Bradford,UMES
2026,Karisa Martin,UT Arlington
2026,Nia Hall,Tennessee
2026,Maggie Sewell,Southern Miss.
2026,Keirstyn Carlton,Ole Miss
2026,Alexis Massey,Tarleton St.
2026,Alison Bierwagen,Liberty
2026,Keira Mullen,Holy Cross
2026,Jacey Young,Southeast Mo. St.
2026,Tia Traudt,UNLV
2026,Tessa Jacobson,North Dakota
2026,Kennedi Wright,Howard
2026,Shaylee Stephen,Portland
2026,Janet Onuorah,Texas St.
2026,Camryn Weldon,George Mason
2026,Katarina Miscevic,Southeast Mo. St.
2026,Lyla Auth,Manhattan
2026,Kenna Cogill,Nebraska
2026,Savannah Smith,Marist
2026,Ayla Klingenberg,Illinois St.
2026,Becca Rogers,Eastern Ky.
2026,Peyton Young,Iowa
2026,Rylee Sloss,Dayton
2026,Alayna Pearson,Saint Mary's (CA)
2026,Adeline Wieler,Charleston So.
2026,Hailey Brenner,Kent St.
2026,Martina Cerrato,UIC
2026,Shelby Davis,James Madison
2026,Janelle Green,Toledo
2026,Kenslie Warmbrodt,Canisius
2026,Sophia Bond,Lehigh
2026,Isa Boyd,Navy
2026,Marlee Cook,Queens (NC)
2026,Teagan Sullivan,SIUE
2026,Jala Dixon,Norfolk St.
2026,Sophia Gagnepain,Dartmouth
2026,Eiley Schneider,Le Moyne
2026,McKenna Garr,Minnesota
2026,Piper Rama,Arizona St.
2026,Bailey Nakanelua,Ohio St.
2026,Kameron Rector,Sam Houston
2026,Audrey Kalorin,Dartmouth
2026,Aliyah Millner,Hampton
2026,Alyssa Williams,Southern U.
2026,Emily Normand,Wofford
2026,Saar Bertels,West Virginia
2026,Ashley Sess,Northern Ky.
2026,Lucy Chertock,New Hampshire
2026,Rendi Fetty,East Texas A&M
2026,Lauren Pyle,Sam Houston
2026,Sarah Musial,Providence
2026,Bailey Upshaw,Alcorn
2026,Norah Busch,NC State
2026,Nina Mandovic,Missouri
2026,Mikayla Moore,Delaware St.
2026,Anaya Hairston,Louisiana Tech
2026,Bridget Egan,Harvard
2026,Tia Kapihe,Santa Clara
2026,Sophia Stallworth,Miami (OH)
2026,Danielle Brown,Santa Clara
2026,Grace Martin,Arizona St.
2026,Natalia Clifford,Siena
2026,Reilly Goueth,UC Santa Barbara
2026,Gabby Taylor,Iona
2026,Anna Blamires,BYU
2026,Maeva Schalk,Arizona St.
2026,Katrina Catalan,New Mexico St.
2026,Ava Patchett,Bradley
2026,Reilly Chausse,Akron
2026,Autumn Martinez-Robinson,George Mason
2026,Aubri Martin,Mercer
2026,Melia Barlow,Boise St.
2026,Lexi Duffy,Ga. Southern
2026,Lily King,Little Rock
2026,Taylor Kubacak,Grand Canyon
2026,Sydney McKay,High Point
2026,Gabriella Burdier,Central Conn. St.
2026,Ryan Gilhooly,Pepperdine
2026,Greta Pleuss,The Citadel
2026,Kira Brundage,St. Thomas (MN)
2026,Aspen Jankowski,Southern Ind.
2026,Katejion Robinson,Jackson St.
2026,Bella Lopez,Rice
2026,Lindsay Oldendorf,Illinois
2026,Fiona VanDyke,Central Ark.
2026,Catalina Alvizuri,DePaul
2026,Sarah Frager,Mercer
2026,Csenge Krakoczki,Idaho
2026,Emilee Fuller,Seton Hall
2026,Rylee Martin,South Dakota St.
2026,Sierra Dudley,Missouri
2026,Ana Luiza Matos,Hampton
2026,Gabriella Schemidt,Le Moyne
2026,Kate Sinclair,New Mexico St.
2026,Taylor Jenkins,Niagara
2026,Annabell Zachritz,Rider
2026,Zaira Kearns,New Haven
2026,Kate Camp,Northern Ariz.
2026,Sydni Vice,Purdue
2026,Molly Mitchell,Southern Utah
2026,Ada Awagu,Oklahoma
2026,Elizabeth Kwiatkowski,West Florida
2026,Sianna Dykes,Austin Peay
2026,Ruth Ochelli,Bryant
2026,Jaimie Marquardt,Iowa
2026,Brooke Herdes,Evansville
2026,Hazuna Akishige,UConn
2026,Mariana Franco,LSU New Orleans
2026,Ashlynn Reilly,Santa Clara
2026,Addison Hurst,South Alabama
2026,Paige Bernstein,SIUE
2026,Alayna Vaeth,Little Rock
2026,Isabel Bertelsen,Oregon St.
2026,Morgan Burke,Michigan
2026,Lauren Murphy,TCU
2026,Valeria Ortiz,UTSA
2026,Grace Jones,Seattle U
2026,Kalyani Olive,Mercyhurst
2026,Meisha Sykes,Central Mich.
2026,Ava Crabtree,William & Mary
2026,Kayla Jones,Sacred Heart
2026,Reese Jackson,CSU Bakersfield
2026,Mirabella Iriarte,Duquesne
2026,Mialee Dabbelt,Belmont
2026,Eleana Koute,Marist
2026,Samiyah Abdur-Rahim,South Fla.
2026,Ella Brodner,Virginia
2026,Lily Goyer,UNCW
2026,JoJo Abeyta,Western Caro.
2026,Taliyah Hanks,Southern California
2026,Zuzanna Bury,Stetson
2026,Alana Guibert Rivera,Eastern Ill.
2026,Paige Mock,Memphis
2026,Loukia Papadakos,Seton Hall
2026,Sarah Butler,Austin Peay
2026,Blair Thiebaud,Louisville
2026,Mia McCall,Valparaiso
2026,Allison Salazar,Cleveland St.
2026,Sumaiyya Harris,St. John's (NY)
2026,Maleah Faust,Southern U.
2026,Kaylee Musick,Coastal Carolina
2026,Ivana Cvetkovic,Oregon St.
2026,Sophie Skinner,Central Ark.
2026,Lauren Brooker,LSU
2026,Peyton Jenkins,N.C. Central
2026,Addison Roark,Northern Colo.
2026,Kat Cooper,Tulsa
2026,Tehya Shaw,Buffalo
2026,Kaliya Ndiaye,UC San Diego
2026,Tamara Unga,Seattle U
2026,Sophia Ahrens,Cornell
2026,Lydia Chambers,Queens (NC)
2026,Kristina Bozovic,Wyoming
2026,Brookelynn Nance,Western Caro.
2026,Ashlyn Blazer,Missouri St.
2026,Addison West,North Carolina
2026,Abby Vander Wal,Texas
2026,Morgan Williams,Tennessee
2026,Bianca Salvador,Eastern Mich.
2026,Makayla Martinez,New Mexico St.
2026,Vanessa Del Real,Akron
2026,Brea Payne,Southeastern La.
2026,Lexi Trapani,Santa Clara
2026,Megan Kelly,Queens (NC)
2026,Emma Lilo,Florida St.
2026,Alex Ioannou,American
2026,Amy Ito,Sacramento St.
2026,Anna Logan,Mercyhurst
2026,Kaylee Lowther,Southern Miss.
2026,Sunni Sheppard,Southern Miss.
2026,Isabella Romero,UC Irvine
2026,Julia Slaughter,Alabama St.
2026,Julia Whitfield,Northwestern St.
2026,Riley Johnson,Lamar University
2026,Fabiola Betancourt,Merrimack
2026,Caitlin Leddy,New Hampshire
2026,Ella Martin,Oakland
2026,Kimaya Webb,Lamar University
2026,Lawson Monroe,Brown
2026,Chloe Scott,Morgan St.
2026,Maria Filippova,Georgetown
2026,Paige Nelson,New Mexico St.
2026,Maria Fernanda Cisneros Salas,Delaware St.
2026,Annastiina Tarkkanen,UAB
2026,McKenzie Parks,Coppin St.
2026,Logan Dyer,A&M-Corpus Christi
2026,Tenesyn Frye,Ole Miss
2026,Klea Tarja,Bucknell
2026,Addie Kanouff,Washington
2026,Madison Conley,Mississippi Val.
2026,Camille Pomeroy,LMU (CA)
2026,Aubrey Sears,Western Ky.
2026,Reese Henderson,Iona
2026,Alex Stone,Montana
2026,Hannah Mlsna,South Dakota St.
2026,Kaylen Robinson,Ark.-Pine Bluff
2026,Hannah Sherman,Louisville
2026,Halle Kerkman,Missouri St.
2026,Avarie Adams,Cornell
2026,Vita Sensenbrenner,Southern Ind.
2026,Carrina Barron,Bryant
2026,Eden Pietrzak,ULM
2026,Natalia Navarro,Nicholls
2026,Marta Lazzarin,FIU
2026,Laney Choboy,Nebraska
2026,Aleina Manaois,Gardner-Webb
2026,Samantha Bunch,Illinois St.
2026,Hady Pickard,New Hampshire
2026,Alexis Finnvold,West Virginia
2026,Alyssa Nelson,Villanova
2026,Kayla Palmer,Elon
2026,Darbi Ricketts,Ohio
2026,Grace Wenrich,James Madison
2026,Olivia Hasbrook,Kansas
2026,Julie Dufourt,Fairfield
2026,Ana Julia Bleeker,Georgia
2026,Kamyla Vega David,USC Upstate
2026,Judy Asar,UIC
2026,Avery Stromberg,Le Moyne
2026,Maggie Allred,Fla. Atlantic
2026,Ella Seeger,Wright St.
2026,Carolina Sayeg Blak,Delaware
2026,Emma Bryson,Georgia
2026,Olivia Stant,Mississippi St.
2026,Maddie Connelly,UNC Asheville
2026,Maria Kurnatowska,NJIT
2026,Elsie Law,Arkansas
2026,Jillian Shaneyfelt,Southern Ill.
2026,Jenelle Legates,Boise St.
2026,Jill Vinal,East Texas A&M
2026,Kadence Marsh,Idaho St.
2026,Sofia Varela,Jacksonville St.
2026,Danica Rach,UC Santa Barbara
2026,Sydnee Rodriguez,Bethune-Cookman
2026,Jayden Fitzgerald,Georgia St.
2026,Ashby Daniel,Alabama
2026,Jaidyn Garcia,Lehigh
2026,Emory Harper,Texas Southern
2026,Kaia Grieve,Santa Clara
2026,Bella Christensen,Air Force
2026,Abby Christian,Abilene Christian
2026,Rashanny Solano Smith,St. John's (NY)
2026,Kinsey Smith,Davidson
2026,Delaney Bowser,UAB
2026,Laine Briggs,Pepperdine
2026,Lesley Furuta,Kent St.
2026,Ally Hughes,SIUE
2026,Jumana Martin,Col. of Charleston
2026,Mirra Riddle,Alabama St.
2026,Madeline Joyce,FDU
2026,Maggie Carley,UConn
2026,Gabi Verdicchio,Loyola Maryland
2026,Abby Freund,UT Martin
2026,Kinley Quast,SIUE
2026,Arrie Brown,UNLV
2026,Naomi Chinchar,Army West Point
2026,Jordan Czajkowski,Belmont
2026,Kailey Leonard,Tulane
2026,Sydney Houchens,Rhode Island
2026,Maia Marin,Binghamton
2026,Olivia Bryant,Hampton
2026,Ana Gjorgjievska,Northwestern St.
2026,Avery Boothe,Fordham
2026,Gabriela Smolenska,Radford
2026,Sydney Guerrier,American
2026,Maranda Woolf,Utah Valley
2026,Isabel Patterson,Yale
2026,Mikalah Curran,Manhattan
2026,Natasha Tejada,Saint Peter's
2026,Alexis Strong,Abilene Christian
2026,Solia Angilau,Utah St.
2026,Ailena Mykins,Delaware St.
2026,Izzy Mogridge,Utah
2026,Elyse Heffner,South Alabama
2026,Madison Morrow,A&M-Corpus Christi
2026,Ava Schabes,Colgate
2026,Bella Rodriguez,Syracuse
2026,D'Yanna Spicer,Jacksonville St.
2026,Lauren Wiese,Ohio St.
2026,Bianka Lulic,Purdue
2026,Talia Lardner,High Point
2026,Isabela Lopez,Virginia Tech
2026,Jade Washington,East Texas A&M
2026,Riley Steubing,Louisiana Tech
2026,Kaylee Maikranz,North Ala.
2026,Lizzie Kraft,Nicholls
2026,Cassidy Trahan,Eastern Ky.
2026,Megan Holder,Southeast Mo. St.
2026,Emersen Strain,Jacksonville
2026,Analiese Gagliano,CSU Bakersfield
2026,Lani Toutai,Utah Valley
2026,Brooke Eslinger,Missouri St.
2026,Jordan Heatherly,Wichita St.
2026,Delaney McIntosh,Duquesne
2026,Surabhi Srinivasan,Eastern Mich.
2026,Kasey Quenichet,Xavier
2026,Penina Vito,Southern U.
2026,Jae Fitting,Loyola Chicago
2026,Kasia Barletta,UAlbany
2026,Grace Freiberger,Toledo
2026,Kiki Provatas,UAlbany
2026,Camryn Shelton,Howard
2026,Brooklyn Yelland,Boston College
2026,Brooklyn Drumwright,Samford
2026,Maddy Dombeck,North Dakota St.
2026,Peyton Carruth,Wyoming
2026,Kaia Ciszewski,UC Irvine
2026,Avaya Maga,Oklahoma
2026,Paisley Ka’ahanui,Niagara
2026,Madison Hess,UAlbany
2026,Jenna Barhorst,Xavier
2026,Madison Hsieh,Columbia
2026,Jazmine Binion,Grambling
2026,Molly Teague,App State
2026,Kaia Easterbrook,Providence
2026,Alicia Johansen,Bryant
2026,Marlee Sivak,Maryland
2026,Isabel Simmons,Dayton
2026,Maddie Jipping,Oakland
2026,Mila Gehlen,San Diego St.
2026,Naara Tanco,Texas St.
2026,Lily Dudley,Arkansas
2026,Bojana Ambulija,SMU
2026,Morgan Powell,USC Upstate
2026,Alondra Fargas,Saint Peter's
2026,Lily Van Hal,Denver
2026,Mia Loyd,Air Force
2026,Sydney Sennett,Morehead St.
2026,Sofia King,Northeastern
2026,Johanna Sova,Florida St.
2026,Sydney Waller,Miami (OH)
2026,Avery Lewis,Georgetown
2026,Riley Rushing,UT Martin
2026,Ida Almkvist,Southern Ill.
2026,Sophia Garrido,Chattanooga
2026,Gaby Stasys,Yale
2026,Natalie Johnson,Florida A&M
2026,Hadlee Gray,Saint Mary's (CA)
2026,Jana Jankowski,Lehigh
2026,Madeline Smith,North Texas
2026,Lara Gilardi,SFA
2026,Vanessa Haddock,Portland
2026,Gabby Destler,Fordham
2026,Jocelyn Paige,DePaul
2026,Marta Gintere,Binghamton
2026,Dominique Phills,California
2026,Alana Villela,Portland
2026,Zy'Aire Barr,Northern Ky.
2026,Sara Letizia Gasparini,Virginia Tech
2026,Macon Butler,UNCW
2026,Sydney Geselbracht,Binghamton
2026,Aylin Ravell,New Mexico
2026,Cecilia Potter-Pessoa,Marist
2026,Kristina Bishop,Stonehill
2026,Kalia Kohler,UTEP
2026,Lexi Owen,Evansville
2026,Jasmine Dulan,Drake
2026,Celimar Hoyos,Presbyterian
2026,Abbi Sells,Louisiana Tech
2026,Chloe Nussbaum,UNC Greensboro
2026,Lillian Dempkey,Southern Ill.
2026,Anna Harney,UNCW
2026,Cole Crews,Col. of Charleston
2026,Elana Erickson,Western Mich.
2026,Brooklyn Jaeger,A&M-Corpus Christi
2026,Madeline Sanderson,Montana
2026,Alayna Rudebeck,Lindenwood
2026,Lauren Evans,Belmont
2026,Sydnie Hernandez,Bowling Green
2026,Alessandra Romo,North Texas
2026,Alana Whitwell,Holy Cross
2026,Avery Anders,Bowling Green
2026,Chloe Neal,South Carolina St.
2026,Brenda Reynaga,Canisius
2026,Elena Kasavica,UC Riverside
2026,Olivia Wagner,Valparaiso
2026,Shannon O'Laughlin,Elon
2026,Emi Juric,Marquette
2026,Spencer Etzler,Stanford
2026,Kylie Schulze,NIU
2026,Ava Hunter,Butler
2026,Arianna James,South Carolina St.
2026,Maren Ouellette,Bradley
2026,Cameron Bradley,Ole Miss
2026,Noella Migliuri,Fairfield
2026,Alayna Christner,Southeast Mo. St.
2026,Addison Torain,Winthrop
2026,Brynne McGhie,UC San Diego
2026,Eleanor Dorritie,Binghamton
2026,Ellie Thurman,East Texas A&M
2026,Vaia Tsioutsioulas,Merrimack
2026,Katelyn Pritchard,East Texas A&M
2026,Natasa Ljubicic,Niagara
2026,Payton Woods,Arizona
2026,Katelyn Bowman,North Florida
2026,Ava Buddelmeyer,Bowling Green
2026,Amrit Dhaliwal,Cornell
2026,Natalie Frost,Robert Morris
2026,Sienna Wnetrzak,Oral Roberts
2026,Erica Muhizi,FGCU
2026,Rosa Brencic,Col. of Charleston
2026,Briana Smith,Alabama A&M
2026,Katelyn Hughes,Lamar University
2026,Maddy Stucky,Wyoming
2026,Nola Hemphill,Bethune-Cookman
2026,Emma Wild,Houston Christian
2026,Isabella Costantini,Arizona St.
2026,Camilla Brandalise,Virginia Tech
2026,Olivia Pasternak,UConn
2026,Caroline Jurevicius,Penn St.
2026,Liliana Fox,Army West Point
2026,Julia Stanev,Marquette
2026,Paige Chmura,Lafayette
2026,Ella Rogers,South Dakota
2026,Lila Krall,Portland
2026,Ashleigh Woodruff,California
2026,Aveya Stone,Cal Poly
2026,Devereaux Hoxsie,William & Mary
2026,Ava Martindale,North Ala.
2026,Becky Barrett,Purdue Fort Wayne
2026,Caiti Barthel,Chattanooga
2026,Brennan Ramirez,Abilene Christian
2026,Anahi Alvarado,Robert Morris
2026,Mariana Silva,FIU
2026,Olivia Mauch,Nebraska
2026,Ximena Cordero Barr,UC Davis
2026,Sydney Breissinger,Creighton
2026,Liv Doerre,Milwaukee
2026,Kahea Carvalho,Marshall
2026,Tayler Baron,Western Ky.
2026,Chloe Kaminski,Kansas City
2026,Mandy Lawson,Lindenwood
2026,Mia Schaefer,Eastern Mich.
2026,Sam Falk,Loyola Chicago
2026,Jagoda Bialek,California Baptist
2026,Madelyn Bach,Toledo
2026,Karsyn Fetzer,Colorado St.
2026,Camille Edwards,Michigan
2026,Lilly Gillespie,South Carolina
2026,Livia Ward,Washington St.
2026,Talea Berry,Southern Utah
2026,Caleigh King,UNLV
2026,Mara Thomas,Valparaiso
2026,Paige Brock,Murray St.
2026,Abbi Brenizer,Iowa St.
2026,Campbell Flynn,Nebraska
2026,Neal Grace Berry,McNeese
2026,Hayden Reeder,Arizona
2026,Peri Subat,Western Caro.
2026,Avery Albritton,New Hampshire
2026,Tshilanda Diouf,Towson
2026,Mihaela Harizanova,UIC
2026,Audrey Pender,Western Ill.
2026,DyBorrah Johnson,Utah
2026,Ava Ball,South Dakota
2026,Jaya Tarver,Oral Roberts
2026,Erika Sayer,Stanford
2026,Ella Hosfeld,Northern Ariz.
2026,Amanda Caputi,St. John's (NY)
2026,Carolyn Maser,Drake
2026,Avry Bryant,Merrimack
2026,Samantha Capinpin,CSU Bakersfield
2026,Giovana Ribeiro,West Ga.
2026,Catlin Shao,Harvard
2026,Takyla Brown,LSU
2026,Levariya Pinder,SMU
2026,Cala Cooper,Southern Utah
2026,Kylee Eze,Columbia
2026,Ifeoma Okeke,California Baptist
2026,Breeze Czapinski,UC Davis
2026,Amarah Johnson,Coastal Carolina
2026,Leddy Rae Guinn,Tarleton St.
2026,Emily Contreras,Texas Tech
2026,Taylor Pecht,Wofford
2026,Katie Quick,Drake
2026,Victoria Fontenot,Little Rock
2026,Laura Amaro,San Francisco
2026,Jahan Lalli,Rhode Island
2026,Meleksu Ozmen,Saint Peter's
2026,Gabriella Cascione,LMU (CA)
2026,Emma Sayre,Marshall
2026,Bre Perrin,ULM
2026,Dana Grib,Lindenwood
2026,Masyn Navarro,Nevada
2026,Mya Bolton,Belmont
2026,Katelynn Albano,Weber St.
2026,Vayda Delventhal,Cleveland St.
2026,Fatimah Hall,San Jose St.
2026,Annabelle Denomme,Central Conn. St.
2026,Jasmine Purakal,Texas St.
2026,Tehanie Waters,Utah Tech
2026,Katie O'Sullivan,Bucknell
2026,Reagan Knipling,Colgate
2026,Zayda Fuertez,Stony Brook
2026,Kirsten Kemper,N.C. A&T
2026,Rya Borer,North Dakota St.
2026,Reece Cook,Grambling
2026,Mailinh Godschall,Duke
2026,Hannah Leftridge,Indiana
2026,Emma Segal,Indiana
2026,Maggie Carcillo,St. John's (NY)
2026,Samantha Pope,Air Force
2026,Kendall Schara,Green Bay
2026,Madison Marx,Troy
2026,Maria Contreras,California Baptist
2026,Ava Prince,Youngstown St.
2026,Layli Ostovar,Southern California
2026,Bella Jones,Seattle U
2026,Piper Hooey,Le Moyne
2026,Taylor Cook,Texas Tech
2026,Nora Benjamins,Holy Cross
2026,Daniella Gonzalez-Murati,Temple
2026,Olga Gergacz,Pacific
2026,Ava Castro,Boston College
2026,Addi Vaughn,UNCW
2026,Isabelle Kremer,Drake
2026,Taylynn Biggs,Tarleton St.
2026,Remmi Cooke,Austin Peay
2026,Francesca Lorenzo,UIC
2026,Kindell Welker,Brown
2026,Breccan Scheck,Michigan St.
2026,Haley Robinson,Samford
2026,Morgan Howard,ULM
2026,Alexa Gonzalez,Lamar University
2026,Naija Gadis,Jackson St.
2026,Kenedy Massie,Prairie View
2026,Morgan Pratt,Weber St.
2026,Kerigan Fehr,Southern Ind.
2026,Carly Hendrickson,Vanderbilt
2026,Lucy Ryan,Idaho
2026,Courtney Joseph,West Ga.
2026,Erica Duffy,Old Dominion
2026,Maija Nepszy,UC San Diego
2026,Sophia Gonzalez,Bryant
2026,Zari Gillispie,Louisiana Tech
2026,Keely Starnes,Stetson
2026,Emery Tubbs,UC Santa Barbara
2026,Grace Smith,Charleston So.
2026,Camille Perry,Tennessee
2026,Tessa Dodd,Kansas
2026,Kylie Buttars,BYU
2026,Caylee Sharkey,Toledo
2026,Emmarie McFarland,Northwestern St.
2026,Claudia Kasperski,Marist
2026,Henlee Moszkowicz,Iowa
2026,Bella Widmer,UTEP
2026,Amaris Alvarez,Presbyterian
2026,Isabella Gutierrez,Pacific
2026,Mayte Camacho,Ga. Southern
2026,Alyssa Chu,Lafayette
2026,Kelsey Niesen,Xavier
2026,Rylee Bumgardner,Valparaiso
2026,Gabi Rodriguez,Texas A&M
2026,Grace Hett,Wichita St.
2026,Alejandra Mejia,New Haven
2026,Riley Ourth,Missouri St.
2026,Annika Wright,Montana
2026,Ilayda Eren,Denver
2026,Jadyn Petersen,UNI
2026,Isabelle Marco,Utah
2026,Isabel Sandstrum,Gardner-Webb
2026,Lara Pacheco,Nevada
2026,Emma Pohlmann,North Florida
2026,Joslyn Richardson,South Dakota St.
2026,Sydney Lewis,James Madison
2026,Victoria Harris,SMU
2026,Rachel Van Gorp,Iowa St.
2026,Camila Canedo,New Mexico
2026,Presley Morris,Charleston So.
2026,Sierra Pokharel,South Dakota
2026,Raina Chwialkowski,Maryland
2026,Emerson Hill,The Citadel
2026,Iris Canko,Northeastern
2026,Kiana Dinn,South Carolina
2026,Harmony Sample,Arizona
2026,Abby Felkai,Lehigh
2026,Giada Obregon,UTSA
2026,Sophia Wilson,Lafayette
2026,Carmina Tijerina,UTRGV
2026,Sophia Armstrong,Louisiana
2026,Jenna Cicherski,Nicholls
2026,Kaylie Kofe,BYU
2026,Jaelyn Connole,George Washington
2026,Elle Schara,Purdue
2026,Yuka Urano,Syracuse
2026,Ava Dyer,Providence
2026,Gaby Arroyo,Miami (FL)
2026,Mackenzie Calhoun,Lafayette
2026,Madisyn Crnjac,South Carolina
2026,Katie Cook,Rider
2026,Rella Binney,Texas
2026,Justyna Novakova,Utah St.
2026,Estrella Vazquez,Howard
2026,Keira O'Donnell,Presbyterian
2026,Maria Ozaeta,Stetson
2026,Milly McGee,Southern California
2026,Maleah Mutterback,McNeese
2026,Sophia Gregoire,Pittsburgh
2026,Cheyenne Gunner,Central Mich.
2026,Izzy Van De Wiele,Western Ky.
2026,Anne Perez,South Fla.
2026,Tatjana Simeunovic,Cincinnati
2026,Maddie Brown,California Baptist
2026,Clarke Henry,Kansas City
2026,Djurdja Stanojevic,Texas A&M
2026,Erynn Sweeney,Fordham
2026,Ashley Duckworth,Princeton
2026,Kate Hayhurst,Washington St.
2026,Olivia Rust,Oakland
2026,Cameron Sher,Xavier
2026,Addison Wiemann,Rutgers
2026,Daryn Watkins,Howard
2026,Gabrielle St Louis,Lamar University
2026,Adison Ozuna,Arkansas St.
2026,Katelyn Vo,Houston Christian
2026,Kelani Talakai,Alabama A&M
2026,Brooke Baldwin,Rutgers
2026,Charis Kai,Pepperdine
2026,Sidney Soria,North Texas
2026,Kate - Linh Eden,UMES
2026,Maya Baker,Notre Dame
2026,Ryleigh Garis,Louisiana
2026,Ana Franca Benjamin,CSU Bakersfield
2026,Kaylie Bourn,Presbyterian
2026,Kendall Meller,Western Ky.
2026,Kamryn Tifft,Nevada
2026,Ella Askin,Western Mich.
2026,Amare Hernandez,Texas A&M
2026,Natalie Ricevuto,Bryant
2026,Chelsea Cocks,San Diego St.
2026,Camille Huff,West Virginia
2026,Jordyn Romano,Portland St.
2026,Chloe Kmiecik,South Dakota
2026,Anna Fiedorowicz,Georgia Tech
2026,Elle Bruegman,Eastern Wash.
2026,Aniston Collins,SFA
2026,Autumn Willmott,Siena
2026,Eirini Bitsaktsi,Bradley
2026,Dakota Henry,Rhode Island
2026,Halley Tang,Western Caro.
2026,Sanem Bas,Iona
2026,Savannah Sheridan,Boise St.
2026,Alex Kreutzmann,ETSU
2026,Kennedy Seekford,Furman
2026,Dariana Valencia,Georgia St.
2026,Bella LePore,Northern Colo.
2026,Coco Buschhorn,Kansas City
2026,Bailey Swinton,Morgan St.
2026,Lily Barron,Houston
2026,Corynne Hausler,McNeese
2026,Khloe Wong,UC Davis
2026,Shea Bruntmyer,UTEP
2026,Daisy Cluxton,Northern Ky.
2026,Marly Pratt,Weber St.
2026,Bella Marrero,American
2026,Lily LaFlesch,Utah St.
2026,Zoe Winford,Fla. Atlantic
2026,Keira Kleidon,Idaho
2026,Ylame Dsamou,Davidson
2026,Lola Schumacher,UCLA
2026,Avery Pruitt,Sam Houston
2026,Kira Devrieze,Morgan St.
2026,Eve Adams,Buffalo
2026,Ashton Rogers,UIW
2026,Victoria Leyva,Hawaii
2026,Kate Schroetlin,Omaha
2026,Makena Lim,Tulane
2026,Alexis Sowers,Kennesaw St.
2026,Kya Johnson,Missouri St.
2026,Lusiana Damuni,N.C. Central
2026,Hailee Mack,Vanderbilt
2026,Kaiya Tyson,Georgia
2026,Grace Daniels,Iona
2026,Sophia Wei,Harvard
2026,Samantha Untiedt,South Dakota
2026,Addy Scheitlin,Sacramento St.
2026,Rayna Christianson,Creighton
2026,Julia York,Dartmouth
2026,Kameryn Browne,Mississippi Val.
2026,Ava Zamora,UC Santa Barbara
2026,Madalyn Mire,West Florida
2026,Chinwendu Aguoru,UAB
2026,Corrie Anderson,Dayton
2026,Julie Beckham,UNLV
2026,Madison Quest,Wisconsin
2026,Lal Akin,Miami (FL)
2026,Gabrielle McCoy,UMES
2026,Clara Schramm,Northwestern
2026,Melisa Ilter,James Madison
2026,Samantha Destler,Washington
2026,Alana Bailey,Ball St.
2026,Gabby Vandal,Gonzaga
2026,Victoria Sanabria,Central Conn. St.
2026,Olivia Lefebvre,Gardner-Webb
2026,Sydnei Jones,Howard
2026,Caroline Peterson,Chattanooga
2026,Keely Hummel,Nevada
2026,Caroline Adams,Navy
2026,Ki’ara Knight-Thompson,Alcorn
2026,Laura Sarajarvi,Col. of Charleston
2026,Isabella Aviles,Central Conn. St.
2026,Madilyn Lenox,Georgia St.
2026,Ella Fulton,San Diego
2026,Ipek Ulukutlu,Mercer
2026,McKenna Collins,UAlbany
2026,Kaela Jenkins,Grand Canyon
2026,Taytum Nelson,Utah St.
2026,Ella Grivna,South Carolina
2026,Hannah Ditsworth,Drake
2026,Claudia Camacho-Castro,Bryant
2026,Mia Lopez,LSU New Orleans
2026,Ella Moss,Gardner-Webb
2026,Kendall Agler,Evansville
2026,Taryn Davis,Northern Ariz.
2026,Jersey Loyer,Butler
2026,Skyler Perez,Little Rock
2026,Finley McAndrew,NJIT
2026,Jess Martin,The Citadel
2026,Jaylyn Simon,Iona
2026,Rachel Dunagan,UC Davis
2026,Addison Burks,Middle Tenn.
2026,Ava Young,UIC
2026,Elle Kennedy,Jacksonville
2026,Najah Harris,Southern U.
2026,Rachel Morgan,Miami (OH)
2026,Celianiz Cabranes,UTRGV
2026,Sierra Grizzle,Utah
2026,Sophia Tocmo,McNeese
2026,Kennedy Earls,Charlotte
2026,Anna Bolich,Fresno St.
2026,Lauren Patterson,Tulsa
2026,Sadie Johnston,Campbell
2026,Haley Patton,North Dakota
2026,Kristen Simon,Wisconsin
2026,Kate Kilpatrick,NC State
2026,Maya Barron,UC Riverside
2026,Meg Berkland,Central Conn. St.
2026,Kate Federico,Northern Ariz.
2026,Nicole Stroud,Army West Point
2026,Avery Helms,Marquette
2026,Avery Bolles,Colorado
2026,Alexa Haley,UCF
2026,Alayna Howard,Grambling
2026,Izzy Mahaffey,Long Beach St.
2026,Dayla Ortiz,Tulane
2026,Josie Certa,Morehead St.
2026,Brooke Scheffler,Furman
2026,Macy McAmis,Auburn
2026,Kadence Davison,Texas Southern
2026,Nora Marginean,FDU
2026,Sloan Balsley,Dartmouth
2026,Kayla Foley,VCU
2026,Sydney Humes,Florida A&M
2026,Macy Lengacher,Indiana St.
2026,Mikayla Haner,Saint Mary's (CA)
2026,Viktoria Ninova,Cincinnati
2026,Hannah Howard,UMBC
2026,Delaney Seaman,Columbia
2026,Jordan Shelor,Harvard
2026,Kira Hutson,Florida
2026,Viktoria Djukic,NIU
2026,Piper Nelson,Grambling
2026,Tyler Peluso,Queens (NC)
2026,Madison Joyner,West Florida
2026,Brook Watkins,East Carolina
2026,Angelica Rodriguez,St. John's (NY)
2026,Hunter Cook,Kennesaw St.
2026,Ellie Schneider,Rice
2026,Jasmyn Walker,UTRGV
2026,Ne'Khaela Rogers,Arkansas St.
2026,Iyanna Battle,Xavier
2026,Lainee Pyles,LSU
2026,Gabi Polishuk,Stonehill
2026,Bella Anderson,Grand Canyon
2026,Audrey Clark,Illinois St.
2026,Allie Beers,Marquette
2026,Grace Slovensky,Lehigh
2026,Addison Newblatt,Fordham
2026,Lindsey Brown,Alabama
2026,Jade Livingston,Eastern Wash.
2026,Marleena Catalan,UC San Diego
2026,Ayva Ostovar,UC Santa Barbara
2026,Seenane Brewer,New Mexico
2026,Belen Ferrufino,Hampton
2026,Hazel Murphy,Gonzaga
2026,Sibley Oster,Cal St. Fullerton
2026,Dimitra Nanou,BYU
2026,Avery Gibbs,UC Santa Barbara
2026,Paloma Zubiri,Virginia Tech
2026,Katarina Trutina,FDU
2026,Kendra MacDonald,UC Irvine
2026,Helen Frankovich,UMBC
2026,Aya Rawlins,Coppin St.
2026,Ally Greenwell,North Ala.
2026,Lola Fernandez,Fordham
2026,Cooper Abney,Eastern Ky.
2026,Bella Faria,Drake
2026,Izabelle Larson,Abilene Christian
2026,Mia Feldhaus,Cal St. Fullerton
2026,Caryme Molina,UTEP
2026,Nina Schuberth,Southeast Mo. St.
2026,Nicolette Noble,Montana St.
2026,Giannelle Asomani,Jackson St.
2026,Melis Ural,Liberty
2026,Kailee Wakatake,Idaho
2026,Megan Stone,The Citadel
2026,Brooklyn Rapp,Tennessee Tech
2026,Andrea Roman,Wake Forest
2026,McKenna Gildon,Clemson
2026,Addison Stone,Jacksonville St.
2026,Abby Cahill,DePaul
2026,Cara McLean,Charleston So.
2026,Mia Watson,The Citadel
2026,Bennett Raterman,Florida St.
2026,Ava Long,Bellarmine
2026,Dhru Lalaji,Wake Forest
2026,Sophia Overholt,USC Upstate
2026,Olivia Kremer,Central Ark.
2026,Emily Zgonc,Delaware
2026,Brooklyn Allison,East Carolina
2026,Simone Langford,Rider
2026,Janae Demant,Seattle U
2026,Jannelize Perez,Stetson
2026,Gaby Cornier,Arkansas
2026,Ashlyn Bellamy,Texas Tech
2026,Kiley Brooks,LSU
2026,Audrey Small,Southern Ind.
2026,Kennedy Gustafson,Louisiana
2026,Kaitlyn Nguyen,Washington
2026,Jordan Imperial,Tennessee St.
2026,Sophie Stephenson,Colorado St.
2026,Dashaun Pinesette,Mississippi Val.
2026,Ava Miller,Ark.-Pine Bluff
2026,Abby Bucey,Coastal Carolina
2026,Cameron Holcomb,Hawaii
2026,Keira Lucas,Valparaiso
2026,Makenna Kowren,NC State
2026,Lucie Vesela,Boston College
2026,Izzy Picard,Navy
2026,Sydnie Waller,Mississippi St.
2026,Allie Davison,The Citadel
2026,Julia Culpepper,Tennessee St.
2026,Maddy Benka,St. Thomas (MN)
2026,Keely Culler,Montana St.
2026,Becca Bellows,Wake Forest
2026,Nevaeh Bray,Portland
2026,Siena Smiejek,UNC Greensboro
2026,Jaida Gray,Grambling
2026,Millie Burgess,Tulane
2026,Kamsi Iweajunwa,Oakland
2026,Merritt Sliwa,Ball St.
2026,Khaya Gordon,Clemson
2026,Peyton Fadal,Tarleton St.
2026,Amaya Thomas,Florida
2026,Lindsey Green,Ball St.
2026,Paulina Ströh,UIC
2026,Madison Monahan,Loyola Maryland
2026,Anna Rich,Canisius
2026,Kayla Troutman,Jackson St.
2026,Dunja Martic,VCU
2026,Dasia Johnson,UMBC
2026,Ava Sarafa,UCLA
2026,Athena Cox,Boise St.
2026,Taniyah Pruitt,Seattle U
2026,Natalie Unkrich,Lehigh
2026,Reagan Baxter,Morehead St.
2026,Kaitlynn Robinson,Howard
2026,Gracyn Sanders,Gardner-Webb
2026,Ariel Chime,Vanderbilt
2026,Jaslyn Dawkins,UMES
2026,Ava Pond,Cal St. Fullerton
2026,Anissa Cooper,Iona
2026,Avery Daum,Indiana
2026,Kendall Buckley,North Ala.
2026,Paisley Pavliska,Arkansas
2026,Elise Gurley,Western Caro.
2026,Cece Marino,NJIT
2026,Defne Eciroglu,LSU New Orleans
2026,Evie Huang,George Washington
2026,Aspen Boice,Idaho St.
2026,Claire Luoma,Clemson
2026,Saige Damrow,Creighton
2026,Elise Lau,California
2026,Kayla Lopez,LMU (CA)
2026,Chloe Maughan,Charlotte
2026,Taryn Rice,UNI
2026,Rylee Wooldridge,Seton Hall
2026,Summer Suppik,Nevada
2026,Cassidy Bruns,West Virginia
2026,Kylee Sells,San Jose St.
2026,Whitney Wallace,UC Irvine
2026,Adlee Grissett,Davidson
2026,Madison Kyle,UAlbany
2026,Bianca Nistor,UC Santa Barbara
2026,Drew Wright,Northwestern
2026,Olivia Burns,Oral Roberts
2026,Vivian Hickman,UCLA
2026,Kayla Green,FDU
2026,Elayna Davidson,Maryland
2026,Sadie Johnson,North Dakota St.
2026,Maria Olga Siapani,Arizona
2026,Morgan Esmie,UNCW
2026,Megan Hawkins,UTSA
2026,Asialin Powell,Grambling
2026,Amara Chambers,Navy
2026,Molly Tuozzo,Kentucky
2026,Kelly Kelsick,Florida A&M
2026,Kaitlyn Barnes,Southern Utah
2026,Gillian Pitts,Houston
2026,Piper Justiss,San Francisco
2026,Ava Ray,Texas Southern
2026,Addison Pollock,Penn
2026,Kea Whillock,High Point
2026,Valeria Estrada,N.C. A&T
2026,Haley Nash,Troy
2026,Tinoa Woodward-Hart,Portland
2026,Hannah Campbell,USC Upstate
2026,Izzy Perkins,UNC Asheville
2026,Sydni Poston,Tennessee St.
2026,Sydney Jaynes,Tennessee
2026,Kasey Watkins,Alcorn
2026,Elisabeth Levick,Portland St.
2026,Claire Mo,Columbia
2026,Sarita Pomar,Cornell
2026,Eliska Vytiskova,FGCU
2026,Kenzly Foote,Troy
2026,Ky Clayton,Michigan St.
2026,Sophie Haskell,Brown
2026,Caitlin Prior,Saint Mary's (CA)
2026,Regan Hill,William & Mary
2026,Lillie Meinhart,Ohio
2026,Savannah Skopal,Rice
2026,Stephanie Groswirt,Eastern Wash.
2026,Lauren Ossmann,Southeastern La.
2026,Ema Stermenska,Rhode Island
2026,Kelsey Burks,Alcorn
2026,Isabelle Northam,Fla. Atlantic
2026,Eleanor Weeks,Sacramento St.
2026,Kinamoni Jerome,Navy
2026,Mirella Rederer,New Haven
2026,Kyra Hampton,Old Dominion
2026,Leila Ceaser,Lamar University
2026,Ceci Gooch,Georgia
2026,Victoria Hill,Memphis
2026,Malia Brinkman,ETSU
2026,Chloe Moreland,Niagara
2026,Iva Popovic,Pepperdine
2026,Lucy Haywood,Col. of Charleston
2026,Brooke Crummel,Fla. Atlantic
2026,Deanna Dollar,Col. of Charleston
2026,Audrey Hackney,Central Mich.
2026,Briana Raney,ULM
2026,Zola Zuccolo,Idaho
2026,Celeste Uruena Jensen,Southern Utah
2026,Haiti Tautua'a,Pittsburgh
2026,Gwenyth Koss,Providence
2026,Macey McCoy,South Carolina St.
2026,Mary-Alice Dohmann,McNeese
2026,Reagan Hamm,UT Martin
2026,Nathàlia Souza da Silva,UIC
2026,Olivia Fenoff,North Ala.
2026,Ela Shepherd,Radford
2026,Aniyah Lewis,Florida A&M
2026,Leah Hampson,Temple
2026,Heidi Chambers,Marist
2026,Molly Felkins,Oral Roberts
2026,Mano Antiga,Hawaii
2026,Ashley Dienes,Presbyterian
2026,Sydney Frazier,UTEP
2026,Mackenzie Moore,Jackson St.
2026,Elli Strecker,Louisville
2026,Stella Becker,Hofstra
2026,Maddie Snider,Alabama
2026,Addison Erb,Eastern Ill.
2026,Rachel Jepsen,BYU
2026,Britton Finley,Texas St.
2026,Harper Cauley,Northwestern St.
2026,Eda Yalçinkaya,Western Caro.
2026,Sienna Franks,Merrimack
2026,Bianca Byerly,Houston Christian
2026,Devon Lowe,Merrimack
2026,Melanie Morris,ETSU
2026,Addi Rains,Clemson
2026,Ioanna Ververaki,Saint Peter's
2026,Alexa Earle,Tarleton St.
2026,Ryan Oden,Chattanooga
2026,Marin Thaxton,Butler
2026,Catherine Hubiak,UNC Asheville
2026,Reese Ampi,Sacramento St.
2026,Dakota Mitchell,North Texas
2026,Anna Bardaro,Wisconsin
2026,Hannah Langton,Colgate
2026,Zuzanna Maciejewicz,NC State
2026,Cambry Saul,SFA
2026,Mana Kaneko,Georgia Tech
2026,Arianna Warner Torres,UMES
2026,Lilly Holmes,Northern Ariz.
2026,Gabby Allen,Howard
2026,Symone Sims,Auburn
2026,Lauren Mariscal,UT Martin
2026,Taylor Mercado,Georgetown
2026,Bella Bonanno,Ole Miss
2026,Reese Sheppard,Oregon
2026,Madi Benne,Arkansas
2026,Courtney Fitzgerald,Morehead St.
2026,Morgan Baldridge,Furman
2026,Lia Schneider,Michigan St.
2026,Laurel Barsocchini,Long Beach St.
2026,Maia Keely Pou,Stetson
2026,Madison Brown,Miami (OH)
2026,Sigrun Jonsdottir,Georgia St.
2026,Kinsley Singleton,Oklahoma
2026,Avery Booker,George Mason
2026,Camryn Harris,New Haven
2026,Mya Laufiso,Utah Tech
2026,Bella Lee,Florida
2026,Mia Maloney,Arkansas St.
2026,Alanys Nieves,Eastern Ill.
2026,MaryKate Scheumann,Purdue
2026,McKenna Yates,Mississippi St.
2026,Lindsey Smith,Southern Miss.
2026,Rose Whitemountain,Radford
2026,Neenah Burton,Prairie View
2026,Fuka Sekita,Kansas St.
2026,Lily Wagner,Northwestern
2026,Ashlyn Aaron,Weber St.
2026,Shannon Dworaczyk,Houston
2026,Savanna Moore,Tennessee St.
2026,Nehir Erimez,Norfolk St.
2026,Callie Pieper,Portland
2026,Leah Burrell,LMU (CA)
2026,Kiyla Mighty,South Carolina St.
2026,Roe Beland,Stonehill
2026,Lainey Day,Saint Mary's (CA)
2026,Ellery Singleton,Stony Brook
2026,Jenae Mason,Morgan St.
2026,Fetia Rovira,Bowling Green
2026,Gracie DiNardo,ULM
2026,Madi Miles,Illinois
2026,Blair Sitton,Lindenwood
2026,Ryleeh Tuaolo,San Jose St.
2026,Boden Liljedahl,CSU Bakersfield
2026,Lindsey Large,James Madison
2026,Hannah Scott,Virginia
2026,Hannah Pearce,Kennesaw St.
2026,Delaney Lawson,South Alabama
2026,Sophia Gisslen,Quinnipiac
2026,Destiny Wiggins,Chattanooga
2026,Audrey Armbruster,Clemson
2026,Trinity Tatupu,Mercyhurst
2026,Sole Rancy,Niagara
2026,Kya Harris,St. John's (NY)
2026,Eliana Collins,UT Arlington
2026,Taylor Clarke,Princeton
2026,Danielle Whitmire,Penn St.
2026,Jessica Kurpeikis,Green Bay
2026,Gabrielle Gerry,Northwestern
2026,Cassandra Rohan,Iona
2026,Marija Tabak,Bowling Green
2026,Mackenzie Collins,Texas
2026,Valerie Brown,Northwestern St.
2026,Callie Gardner,Austin Peay
2026,Ela Akay,NJIT
2026,Karina Diaz,Coppin St.
2026,Sydney Barrett,Dayton
2026,Laney Klika,Wofford
2026,Maddie Siphakongviseth,Robert Morris
2026,Brooke Briscoe,Davidson
2026,Rya Fingerlin,Wyoming
2026,Kenzie Dyrstad,Rutgers
2026,Molly Littlefield,Liberty
2026,Reese Axness,Ball St.
2026,Natalie Carlin,Fairfield
2026,Carley Piercefield,Western Mich.
2026,Payton Malinoski,New Haven
2026,Natalie Peete,Saint Mary's (CA)
2026,Destiny Wiggins,Queens (NC)
2026,Aylani Correa,Air Force
2026,Hannah Kenny,Louisville
2026,Isabella Del Real,Southern Ill.
2026,Rylie Hallman,LSU New Orleans
2026,Adelynn Legates,San Francisco
2026,Reagan Turk,West Virginia
2026,Macy Kline,Green Bay
2026,Kennedy Schmitz,Green Bay
2026,Olivia Lombardi,Fresno St.
2026,Olivia Branum,North Texas
2026,Addison Eastwood,Weber St.
2026,Zara Stewart,San Diego St.
2026,Casey Brower,Elon
2026,Nora Mannion,DePaul
2026,Meredith Martin,Michigan
2026,Yasemin Narlioglu,Oregon St.
2026,Jessica Truong,Portland St.
2026,Olivia Miller,American
2026,Misu Nguyen,UC Riverside
2026,Kaleinani Watson,Utah Tech
2026,Megan Lawson,Kansas City
2026,Gracie Armato,Pacific
2026,Masa Prascevic,Akron
2026,Dillyn Griffin,UC San Diego
2026,Paige Sentes,CSUN
2026,Jayda Gray,Delaware
2026,Victoria Hall,UIW
2026,Jan Marie Duhaylungsod,CSUN
2026,Kaitlyn Owens,Marist
2026,Nil Kayaalp,Hofstra
2026,Carly Minatel,Samford
2026,Elaina Duong,Seattle U
2026,Mia Rossman,California Baptist
2026,Taygan Corstange,Wright St.
2026,Trinity Ward,Kentucky
2026,Tomoni Giddings,Alcorn
2026,Charlotte Gramzow,NIU
2026,Grace Ulatowski,Western Ill.
2026,Tenese Buttry,Chicago St.
2026,Jade Cuya Cobos,Jacksonville
2026,Bailey Gohlke,ETSU
2026,Anna Marzella,FGCU
2026,Maya Evens,Notre Dame
2026,Ivy Cooper,Virginia Tech
2026,Hayden Grimes,Colorado St.
2026,Eva Hurrle,DePaul
2026,Noel Perkins,Niagara
2026,Ashley Moreland,Niagara
2026,Ryan Leclair,Army West Point
2026,Milee Jackson,Tulsa
2026,Alyah Cadavid,Winthrop
2026,Jonna Spohn,Coastal Carolina
2026,Lindsay Langner,Winthrop
2026,Kennedey Whitford,South Dakota St.
2026,Alexis Jodie,Campbell
2026,LK LaMonica,Lafayette
2026,Ava Harris,Villanova
2026,Whitney Woodrow,Fordham
2026,Avri Solik-Fifarek,Grambling
2026,Sienna Cozza,North Carolina
2026,Arya Jue,Yale
2026,Genesis Rodriguez,Memphis
2026,Oliwia Majtyka,Siena
2026,Nyla Hoult,Southern U.
2026,Ema Djordjevic,UMBC
2026,Emma Henry,Loyola Chicago
2026,Alexa Ankerstar,UNLV
2026,Casey McDermott,Stonehill
2026,Margaret OBrien,Manhattan
2026,Brooke Lacewell,Texas A&M
2026,Mya Comer,Mercyhurst
2026,Abigail Huddleston,A&M-Corpus Christi
2026,Mopelola Ojo,Stony Brook
2026,Kayla Kauffman,Northwestern
2026,Ava TeStrake,Creighton
2026,Senna Roberts-Navarro,Wyoming
2026,Kelsey Heffner,Sacramento St.
2026,Lindsey Healey,Fairfield
2026,Kylie Proctor,UC Riverside
2026,Avery Poulton,Kansas
2026,Leni Stanton-Parker,Michigan
2026,Valeria Torres,Central Conn. St.
2026,Kennedy Bullins,North Ala.
2026,Mia Crowley,Stonehill
2026,Jasmine Oduro,High Point
2026,Addie Lloyd,Georgetown
2026,Amelia Robinson,Ga. Southern
2026,Audrey Simpson,Alabama
2026,Mya Cheatum,UIW
2026,Jordan Hummel,Rice
2026,Kaieva Christensen,Cal St. Fullerton
2026,Ariadna Pereles,Eastern Ill.
2026,Sonja Rundcrantz,Hofstra
2026,Josephine Hensley,Troy
2026,Karis Carpenter,Texas St.
2026,Sydney Valentine,Nicholls
2026,Katelyn Davey,Portland St.
2026,Kennedi Walker,Texas Southern
2026,Lily Lufkin,Bucknell
2026,Sydney Cazimero,Portland
2026,Naya Salfiti,Yale
2026,Janiah Robinson,Hampton
2026,Madison DeMink,Gardner-Webb
2026,Samantha Weise,The Citadel
2026,Trabrece Marbley,Winthrop
2026,Kylie Parker,UC San Diego
2026,Mackenzie Boyer,North Carolina
2026,Lily Spark,Eastern Mich.
2026,Amanda Busk,Col. of Charleston
2026,Morgan Asleson,Dayton
2026,Gabby Baker,Lamar University
2026,Lexi Grissett,IU Indy
2026,Maddie Cugino,Ga. Southern
2026,Tayler Ruffin,Prairie View
2026,Lucy Rankin,Saint Louis
2026,Lara Zigic,Saint Louis
2026,Kalliann Cook,Oakland
2026,Kennedy Cherry,Western Ky.
2026,Ainoah Cruz,Missouri
2026,Madison Winkler,Denver
2026,Addie Oeth,Wichita St.
2026,Ella Watford,Tennessee Tech
2026,Charli Crowson,Liberty
2026,Mia Nicklas,UNC Greensboro
2026,Kaelyn Sharp,Southeastern La.
2026,Myka Christensen,Utah Valley
2026,Samantha Glenn,UT Arlington
2026,Kiley Gallagher,Oakland
2026,Hanna Darvas,San Jose St.
2026,Marikate Ritterbusch,Villanova
2026,Anaya Cole,Buffalo
2026,Anna Johannson,South Dakota St.
2026,Milan Rex,UC Santa Barbara
2026,Marissa Taix,South Alabama
2026,Danica Goch,Valparaiso
2026,Isabelle Hoppe,Wisconsin
2026,Tehani Ulufatu,Baylor
2026,Sadee Gedse,George Washington
2026,Gracie Pynes,Kennesaw St.
2026,Brooke Kaoui,Mercer
2026,Tinons Munar Galmes,Colorado
2026,Kambree Rodriguez,Washington St.
2026,Katie Salonga,Colorado
2026,Alice Volpe,TCU
2026,Annika Kowalski,Marquette
2026,Ella Lewis,Arizona St.
2026,Ryelle Rondo,South Fla.
2026,Samantha Nelson,Murray St.
2026,Ashlyn Aseltine,Oral Roberts
2026,Aliyah Angelici,Mercyhurst
2026,Juliana Henao,Alcorn
2026,Avery Horejsi,William & Mary
2026,Lily Hayes,Florida
2026,Chloe Heimlicher,Washington St.
2026,Makenna Kirlin,Lipscomb
2026,Ryan McAleer,Purdue
2026,Brooklyn Stringfellow,North Florida
2026,Emilee Prochaska,LSU
2026,Sarah O'Connor,USC Upstate
2026,Olivia DeSaro,Rider
2026,Julia Bohlinger,North Carolina
2026,Martyna Lubowicz,Ark.-Pine Bluff
2026,Miya Thomas,South Fla.
2026,Miranda Bledsoe,Little Rock
2026,London King,Ark.-Pine Bluff
2026,Elise Bocanegra,Loyola Maryland
2026,Lauren Latham,Kansas St.
2026,Zora Bello,Rice
2026,Alyssa Manitzas,UTSA
2026,Brooke Christoffersen,Idaho St.
2026,Silvie Graetzer,Colorado St.
2026,Jamison Gordon,Xavier
2026,Taylah Holdem,Michigan St.
2026,Natalie Nguyen,Georgetown
2026,Tea Simic,Alabama
2026,Emma Sorensen,Samford
2026,Pilar Kelley,Penn
2026,Lyla Buser,Providence
2026,Avery Merritt,Montana
2026,Gigi Smith,Louisiana
2026,Charlotte Nowak,Cornell
2026,Millie Bauer,Missouri
2026,Emma Blankenship,American
2026,Lauryn Lewis,Penn
2026,Elle McCandless,Montana
2026,Maggie Kyriakides,Alabama
2026,Mallory Hartwig,South Dakota St.
2026,Dakota Elliott,Bradley
2026,Aniya Madkin,Florida
2026,Mirea Thederahn,Eastern Ill.
2026,Victoria Trunkl,New Haven
2026,Megan DePoorter,Bradley
2026,Skylar Darr,North Dakota
2026,Erin Mims,Mississippi Val.
2026,Charlotte Glass,Duke
2026,Gabriela Robinska,Georgia Tech
2026,Ela Vlaisavljevic,North Dakota
2026,Nina Gannon,Colgate
2026,Lora Cole,UNCW
2026,Lia Beverly,Marshall
2026,Maggie Rhew,Montana St.
2026,Cristin Cline,Kansas
2026,Livia Niu,Arkansas
2026,Lilly Wagner,Stanford
2026,Morgan Holloman,TCU
2026,Bre Morgan,Fla. Atlantic
2026,Amani Learry,Le Moyne
2026,Tenley Davis,Loyola Chicago
2026,Amaya Tobias,Oklahoma
2026,Alaina Pollard,Oregon
2026,Aidan Conner,Houston
2026,Elizabeth Hall,Holy Cross
2026,Ozge Ozaslan,Fordham
2026,Ella Maldonado,Merrimack
2026,Gabrielle Moore,Merrimack
2026,Shaelin White,Sam Houston
2026,Cassie Thayse,West Ga.
2026,Kamden Schrand,Louisville
2026,Kyriah Trefren,Idaho
2026,Hailey Gibbons,N.C. Central
2026,Sophie Ledbetter,Ball St.
2026,Rylee Nelson,Seton Hall
2026,Cali Reece,Houston
2026,Vladana Ristic,LSU New Orleans
2026,Ava Tester,Purdue Fort Wayne
2026,Semaj Cox,East Texas A&M
2026,Anna Duncan,Manhattan
2026,Lauren Dignan,Northwestern
2026,Jordan Dalland,South Carolina St.
2026,Mattie Casale,Houston
2026,Shelby Hannah,Tennessee Tech
2026,Kaitlyn Doyle,Manhattan
2026,Lucy Dieterlen,Prairie View
2026,Isabella Ceja,UIW
2026,Kelsie Gaiter-Davis,Mercyhurst
2026,Lauren Lynch,San Diego
2026,Elif Hurriyet,Cal Poly
2026,Bella Ekeler,Ga. Southern
2026,Cameron McDaniel,Central Ark.
2026,Tatawan Vongfak,UC Irvine
2026,Tinsley Brown,Morehead St.
2026,Mia Stahler,Ohio St.
2026,Malyssa Cawa,Stanford
2026,Mina Diggs,Villanova
2026,Aubree Fernandez,Campbell
2026,Anna McEwen,Eastern Ill.
2026,Ella Scott,Cal Poly
2026,Taylor Crain,Baylor
2026,Bella Humphrey,Ohio St.
2026,Jayla Egerton,N.C. Central
2026,Kenzie Kucks,Lipscomb
2026,Ellie Pamatat,Hofstra
2026,Chloe Hooker,Notre Dame
2026,Delaney Moon,Jacksonville St.
2026,Greta McKee,Wright St.
2026,Amanda Mendoza,Southern Utah
2026,Aliyah Torres,Norfolk St.
2026,Sadie Gladhill,Buffalo
2026,Trinity Hamilton,Central Ark.
2026,Adriana Medrano,West Ga.
2026,Keagan St. Junious,Texas Southern
2026,Carly Allen,Rider
2026,Julia Laidig,Southern Ill.
2026,Leighton Hale,Houston Christian
2026,Lucy Maloney,Clemson
2026,Caleigh Ponn,Kansas St.
2026,Havani Embry,High Point
2026,Olivia Siskin,Virginia
2026,Haley Buescher,Le Moyne
2026,Zumra Yavuz,Saint Peter's
2026,Grace Jones,Lipscomb
2026,Celeste Ocampo,Binghamton
2026,Yuri Park,Yale
2026,Isabella Loeswick,Coastal Carolina
2026,Elizabeth Lualemaga,Southern U.
2026,Katie Barrier,Virginia
2026,Julia Johnson,Eastern Mich.
2026,Camryn Brooks,West Florida
2026,Kiylah Presley,Arizona St.
2026,Eve McLaury,Brown
2026,Grace Hargis,Queens (NC)
2026,Paige Buzzerio,Navy
2026,Kinnady Boothe,High Point
2026,Hanna Berkefelt,Stony Brook
2026,Gracen Nutt,Lafayette
2026,Yagmur Yavuz,DePaul
2026,Erin McInnes,Eastern Wash.
2026,Ava Lanzetta,Marist
2026,Annabelle Sims,Gardner-Webb
2026,Beryn Hyland,Nicholls
2026,Avery Lim,Fordham
2026,Jana Cetkovic,California Baptist
2026,Mackenzie Palumbo,Navy
2026,Kennedy Cooper,North Texas
2026,Suttyn Harris,Utah
2026,Keoni Williams,Nebraska
2026,Caroline Smith,Elon
2026,Madison Curry,N.C. A&T
2026,AaJaylah Zeno,Stony Brook
2026,Lia Henderson,Lehigh
2026,Olivia Anderson,ULM
2026,Holland Morris,Evansville
2026,Lexi Shondell,App State
2026,Azra Arslanoglu,Morgan St.
2026,Sophie Burkey,UAlbany
2026,Taylor Wathen,Butler
2026,Haidyn Sokoloski,Wright St.
2026,Emily Lisi,Drake
2026,Victoria David,Florida St.
2026,Carson Eickenloff,Auburn
2026,Kate White,IU Indy
2026,Brooke Boyles,St. John's (NY)
2026,Lucy Mott,Boston College
2026,Anna Jelinek,Long Beach St.
2026,Clara Christensen,Akron
2026,Simone Robinson,Florida A&M
2026,Marlena Gracia,Oregon
2026,Riley Taylor,Northern Colo.
2026,Mia Lee,TCU
2026,Sarah Hilliard,Bucknell
2026,Emma Faerber,Syracuse
2026,Sophia Gilbert,Wichita St.
2026,Lilly Abney,NIU
2026,Julia Roncero-Ribas,Southern Utah
2026,Burcu Gulomur,Murray St.
2026,Libby Tulip,West Florida
2026,Kaitlyn Evans,Houston
2026,Kinslee Carter,Alabama A&M
2026,Jordyn Johnson,UCLA
2026,Cora Metcalf,Omaha
2026,Neeva Gaine,Cal St. Fullerton
2026,Alexis Ewing,Penn St.
2026,Evelyn Jurden,New Hampshire
2026,Audrey Vielguth,Southeastern La.
2026,Bella Dafforn,App State
2026,Emma Duffy,Milwaukee
2026,Ada Tamturk,Murray St.
2026,Madeleine Smotherman,Texas Tech
2026,Paige Stepaniuk,Portland St.
2026,Violet Poole,Col. of Charleston
2026,Elizabeth Kenney,Merrimack
2026,Emily Keiran,Auburn
2026,Lindsey Murphy,Elon
2026,Sadie Warren,Utah St.
2026,Elaisa Villar,NC State
2026,Avery Adamski,Toledo
2026,Penny Kirkham,UT Martin
2026,Mallorie Meyer,Pittsburgh
2026,Camryn Kimes,Texas St.
2026,Luiza Bergamaschi,Bryant
2026,Madison Mullins,N.C. A&T
2026,Ava Falduto,Penn St.
2026,Lily Hopkins,UT Arlington
2026,Grace Killion,High Point
2026,Kristyn Membreno,Delaware
2026,Afton Thomsen,Montana St.
2026,Reece Mazzier,Chicago St.
2026,Autumn Richardson,Delaware St.
2026,Ashlyn Gent,Old Dominion
2026,Lulu Po'uha,BYU
2026,Zoey Matias,Missouri
2026,Mary Neal,Mississippi St.
2026,Kinsley Hooper,Ark.-Pine Bluff
2026,Addy Azavedo,Washington
2026,Lily Fenton,Notre Dame
2026,Alex Fuller,N.C. Central
2026,Mackenzie Murphy,Oral Roberts
2026,Jules Hernandez,Baylor
2026,Lindley Martin,Valparaiso
2026,Maddix Taniguchi,Temple
2026,Nathalie Tsai,Penn
2026,Rylee Busse,UAB
2026,Kamryn Utley,Miami (OH)
2026,Olivia Philpot,UNC Asheville
2026,Ella Gaona,Wright St.
2026,Margot Manning,Texas A&M
2026,Ruby McDermott,Virginia
2026,Jaci Miyasaki,Hawaii
2026,Keira Garinger,Arkansas St.
2026,Kaylee Finnegan,Butler
2026,Kyla Scharfman,Mississippi St.
2026,Skylar Jehlen,Le Moyne
2026,Isabella Nieves,Marshall
2026,Anja Kujundzic,Texas
2026,Zoey Dood,Virginia
2026,Lauryn Wiley,Howard
2026,Mari King,Oklahoma
2026,Camdynn Gonzalez,Virginia Tech
2026,Piper Willinger,Miami (OH)
2026,Reese Stringer,Penn
2026,Jordan Turner,Memphis
2026,Lhogan Wright,East Carolina
2026,Bryn Lunski,St. Thomas (MN)
2026,Alysia Perez,Western Ill.
2026,Katie Funk,New Mexico St.
2026,Kailia Phillips,Norfolk St.
2026,Charlotte Arrington,Duquesne
2026,Georgi Stein,Northern Ariz.
2026,Haley Clark,Cornell
2026,Piper Batie,Missouri
2026,Alicia Valladares,Saint Peter's
2026,Courtney Vines,Fairfield
2026,Emerson Springs,Bucknell
2026,Hannah Hawkins,Eastern Ill.
2026,Kennedy Boatman,ETSU
2026,Izzy Orton,SFA
2026,Gabby DiVita,Nebraska
2026,Ashlyn Gualtieri,FDU
2026,Lauren Edlund,Northern Ariz.
2026,Cam Scott,N.C. A&T
2026,Allie Abernathy,Columbia
2026,Gabby Flamish,Marist
2026,Aileen McAllister,Syracuse
2026,Amelia Haggins,Tulane
2026,Riley Bethea,Georgia Tech
2026,Arissa Carbonara,California
2026,Neele'ge' Sims,Missouri St.
2026,Ellery Rees,Butler
2026,Ryley Boyne,High Point
2026,Alana Kolb,UIW
2026,Camryn Teasley,Queens (NC)
2026,Cassidy Cage,Mississippi St.
2026,Sofia Guerrero-Wilson,Delaware
2026,Landri Ross,North Ala.
2026,Emerson Boyd,Bucknell
2026,Nia Damuni,Gonzaga
2026,Sarah Barnum,Mercyhurst
2026,Ryann Vik,North Texas
2026,Alexis Anderson,Georgetown
2026,Ellen Hunt,Elon
2026,Amanda Tremeroli,New Mexico
2026,Jasmine Calton,Mercer
2026,Morgan Reeves,Hampton
2026,Valentina Zevallos,Southern Ill.
2026,Kaylie Jensen,FDU
2026,Skylar Lambert,East Texas A&M
2026,Ellie Sandoz,Pepperdine
2026,Charizma Lofton,NIU
2026,Victoria Kasanganay,Army West Point
2026,Skyler Gates,Virginia
2026,Deana Petrov,UCF
2026,Hailie Vaughn,Notre Dame
2026,Vivian Spradlin,Central Ark.
2026,Kamryn Vogt,UNI
2026,Reese Diersbock,UC Davis
2026,Shaelyn Campbell,New Haven
2026,Haley Peterson,SFA
2026,Lily Barry,Dayton
2026,Maddy Fennessy,Merrimack
2026,Jasmine Ogren,Northern Colo.
2026,Lauanna Pino,Texas Southern
2026,Morgan Madison,Baylor
2026,Gigi Navarrete,Northwestern
2026,Emani Green,Alabama St.
2026,Kenna McClure,Utah Valley
2026,Kama Goldstein,Oregon St.
2026,Kyla Firestone,LMU (CA)
2026,Addison Samolinski,Central Mich.
2026,Emily Avshalomov,Ohio St.
2026,Brynn Covell,Kentucky
2026,Skye Riley,Chicago St.
2026,Zorana Stankovska,Southern Utah
2026,Kaila Kalama-Bajet,Rutgers
2026,Leilani-Kai Giusta,Georgia St.
2026,Maya Reeves,Jackson St.
2026,Ella Kohnen,Illinois St.
2026,Taylor McNear,St. Thomas (MN)
2026,Alex Bower,BYU
2026,Vivian Campbell,Illinois
2026,Lauren Wheeler,Campbell
2026,Ana Tobar,Jacksonville
2026,Maggie Kachmarik,Kent St.
2026,Aesha Vogt,Butler
2026,Ramsey Gary,Texas
2026,Abigail Schlueter,Memphis
2026,Madison Lansdown,Belmont
2026,Zeynep Palabiyik,Minnesota
2026,Eve Roman,Binghamton
2026,Isabella Charlton,Bucknell
2026,Brie Habeeb,Youngstown St.
2026,Madelyn Sipe,Eastern Mich.
2026,Eva Vostracka,San Jose St.
2026,Carola Negron Diaz,Quinnipiac
2026,Sydney Bold,Princeton
2026,Lindsey Wickersham,Southeastern La.
2026,Audrey St.Clair,Army West Point
2026,Sarah Vellucci,Michigan St.
2026,Paige Lehman,Arizona St.
2026,Taylor Donovan,Akron
2026,Emma Frietch,Tennessee
2026,Aubrey Kimball,Le Moyne
2026,Meg Jarrett,Toledo
2026,Reagan Nisbet,Rhode Island
2026,Camdyn Stucky,Kansas St.
2026,Trinidy Tien,Cornell
2026,Agata Makowska,UTRGV
2026,Cate Schnell,Northwestern
2026,Gwendolyn Hansen,Pacific
2026,Taylor Hampton,Memphis
2026,Ella Pallagi,CSU Bakersfield
2026,Harley Greek,Baylor
2026,Torrin Higginbotham,CSU Bakersfield
2026,Lily Rodgers,North Florida
2026,Mikayla Gray,Cornell
2026,Hayden Hart,Omaha
2026,Kaiulani Sherrow,Texas Southern
2026,Evie Naumann,Columbia
2026,Mya Sellers,Fresno St.
2026,Kalea Norton,Michigan St.
2026,Milica Zigic,Grand Canyon
2026,Makena Gamby,Eastern Wash.
2026,Lily Bosworth,Purdue
2026,Karina Barzanova,LSU New Orleans
2026,Emma Moore,Auburn
2026,Selestine Liu Asomua,Binghamton
2026,Elizabeth Sessa,Brown
2026,Simone Heard,Georgia Tech
2026,Braelynn Brewington,Charleston So.
2026,Martyna Sowiak,Western Ill.
2026,Nikolija Bulatovic,Iowa
2026,Rachel Raye Williams,Purdue
2026,Molly Scott Cottrell,UNC Greensboro
2026,Cora Hamilton,USC Upstate
2026,Ziya Sista,Tulane
2026,Brooklyn Meyer,South Dakota St.
2026,Nene Hawkins,Louisiana
2026,Marly Smith,Villanova
2026,Una Stepic,Southern Ill.
2026,Angelica Gonzalez Maltes,Evansville
2026,Sophia Fallah,West Virginia
2026,Zoe Behrendt,North Carolina
2026,Desha Van Veldhuizen,West Ga.
2026,Lexi Dahl,Tulsa
2026,Hayden Booth,Bradley
2026,Reagan Hare,Presbyterian
2026,Ella Swindle,Texas
2026,Ziah Sneva,Eastern Wash.
2026,Hazel Alevok,UCLA
2026,Nadiyyah Northern,Alabama St.
2026,Olivia Stringer,Houston
2026,Sophia Chinetti,Rhode Island
2026,Mackenzie Plante,Tennessee
2026,Chloe Mittelstadt,Jacksonville St.
2026,Agnes Shakirova,FDU
2026,Raegan Waller,ETSU
2026,Jayden Robinson,Nebraska
2026,Belle Groomes,San Diego
2026,Elle Lucas,Northeastern
2026,Kendall Williams,Bowling Green
2026,Monyay Crowder,American
2026,Katherine Holthaus,South Dakota
2026,Hayden Conner,Washington
2026,Kyla Dunaway,Alabama
2026,Halle Delince,Oklahoma
2026,Katianna Betancur,St. John's (NY)
2026,Ella Gridley,Pacific
2026,Holland Guilliams,Southeast Mo. St.
2026,True Takemoto,San Francisco
2026,Mallory Merz,Chattanooga
2026,Tameary Wardlaw,Morgan St.
2026,Gabi Maas,Wichita St.
2026,Julia Pfleger,Manhattan
2026,Talita Goncalves,Illinois
2026,Kingsley Minus,Tarleton St.
2026,Addison Koontz,Stonehill
2026,Maile Chan,Florida St.
2026,Nazare Judd,San Diego St.
2026,Cora Hokenstad,South Dakota
2026,Abby Kaminski,Kennesaw St.
2026,Journey Nicola,Youngstown St.
2026,Adrienne Peji,Old Dominion
2026,Sarah Kempf,Butler
2026,Lacy Marx,Ohio
2026,Trinity Thompson,Pittsburgh
2026,Aaniya Thornton,Bethune-Cookman
2026,Alyssa Eimer,Santa Clara
2026,Makaylee Ruiz,Wofford
2026,Natalia Pebenito,Towson
2026,Audrey Jackson,Indiana
2026,Catie Patterson,Kent St.
2026,Peyton Meyer,Towson
2026,Sydney Forcht,Mercyhurst
2026,Brenna Ginder,Arizona
2026,Alexa Flowers,Duquesne
2026,Jenna Werbelow,Idaho St.
2026,Carina Zaldivar,Gonzaga
2026,Chloe Giehtbrock,Pacific
2026,Erin Lehman,Charlotte
2026,Declan Eastman,Rice
2026,Isabella Pedrosa,Bethune-Cookman
2026,Aven Crosby,Northeastern
2026,Raegan Burns,Tennessee
2026,Megan Brown,Wofford
2026,Lexi Gin,Penn St.
2026,Maya Hunt,Marshall
2026,Madelyn Norton,Western Ill.
2026,Reese Teves,LIU
2026,Mia Liberti,Valparaiso
2026,Kennedy Moss,Alabama A&M
2026,Ellie Watts,Middle Tenn.
2026,Jillian Bohannon,South Carolina
2026,Kylie Wong,Marshall
2026,Peyton Cole,LSU New Orleans
2026,Jaedyn Houston,UC San Diego
2026,Rosa Smith,Stonehill
2026,Jaya Rimm,Hampton
2026,Bella McGirr,Georgetown
2026,Ella Florez,Iowa St.
2026,Maya De Los Reyes,William & Mary
2026,Sujeili Mermella,UTRGV
2026,Meredith Reeg,Virginia
2026,Ava Roddey,Wake Forest
2026,Ivy Leuck,Creighton
2026,Kenrie Pruitt,A&M-Corpus Christi
2026,Zoe Rachow,Tulane
2026,Jess Barrett,Stonehill
2026,Kendall Eden,Ball St.
2026,Martina Capponcelli,St. John's (NY)
2026,Ingrid Dittmar,UAB
2026,Camille McCoy,Wake Forest
2026,Emily Bobbitt,North Carolina
2026,Shea McElroy,Prairie View
2026,Ava Reding,Iona
2026,Jada Johnson,UC Davis
2026,Autumn Jordan,North Dakota
2026,Brooklyn Ritter,Southeast Mo. St.
2026,Gabby Reeves,Northeastern
2026,Eden Harris,Saint Peter's
2026,Haedyn Crumbley,Gardner-Webb
2026,Amber McClain,App State
2026,Kinga Ziolkowska,Long Beach St.
2026,Riley Parker,Delaware St.
2026,Kaia Pixler,South Carolina
2026,Ava Lilo,Portland
2026,Elin Andersson,Coastal Carolina
2026,Hayden Rodriguez,Youngstown St.
2026,Sari Marks,Green Bay
2026,Grace Turrell,Le Moyne
2026,Julieta Portillo,VCU
2026,Izzy Scholvin,Texas St.
2026,Cali Tierney,Canisius
2026,Meghan Clifford,North Carolina
2026,Alara Doganyuz,Siena
2026,Keira Steininger,Georgia
2026,Alaina Kraemer,Illinois St.
2026,Tarah Yunes,Southern Miss.
2026,Josephine Seekford,Queens (NC)
2026,Addison Guy,Northwestern St.
2026,Cass Klapp,Utah Tech
2026,Tarcy Mayah,Oral Roberts
2026,Brooke Naniseni,Toledo
2026,Sophia Christoffers,Binghamton
2026,Ella Hope,Arizona St.
2026,Megan Dougherty,UT Arlington
2026,Lindley Miller,North Carolina
2026,Natalie Carr,Youngstown St.
2026,Emily Moon,Lamar University
2026,Charlie Meadoweal,N.C. A&T
2026,Ava McBride,Boston College
2026,Kindyl Kilar,FIU
2026,Mina Petrovic,Southeastern La.
2026,Eden Bristow,Stetson
2026,Claire Morrissey,Missouri
2026,Kayla Jones,Alcorn
2026,Bryn Janke,Ohio
2026,Daelyn Harris,Idaho St.
2026,Alex Richter,Georgia
2026,Myla Young,Davidson
2026,Brooke Holman,Colorado St.
2026,Kennedy Plummer,West Florida
2026,Ally Bolden,William & Mary
2026,Sarah Quarells,Temple
2026,Addie Rosales,UT Martin
2026,Adrianna Bridges,Miami (FL)
2026,Allie Dunnion,San Diego
2026,Szonja Csabai,FDU
2026,Ava Mathews,Southeast Mo. St.
2026,Lois Hansen,UC Irvine
2026,Lucy Gray,Butler
2026,Kiana Landers,UNI
2026,Heidi Wingate,St. Thomas (MN)
2026,Olga Musial,Utah
2026,Morgan Williams,Purdue
2026,Drew Glaser,Valparaiso
2026,Courtney Church,Abilene Christian
2026,Torrey Tkach,Omaha
2026,Maeve Moonan,Southern Ind.
2026,Lankford Gurner,North Ala.
2026,Kati Goba,Milwaukee
2026,Mari Furoyama,Rice
2026,Ella Vogel,Air Force
2026,Allison Berent,Iowa
2026,Sarah Frazee,SMU
2026,Izzy Masten,Pittsburgh
2026,Julia Oster,Colgate
2026,Kennedy Cummins,Seton Hall
2026,Ayana Johnson,Southern U.
2026,Erica Dellesky,UT Arlington
2026,Taylor Holly,Delaware
2026,Lauren Konzen,Hofstra
2026,Gigi Whann,Arizona
2026,Reese Bates,San Diego
2026,Eily Painter,West Virginia
2026,Grace Moss,Utah
2026,Jordan Baksh,VCU
2026,Leilani Lopez,Hawaii
2026,Alyssa Cadavid,Radford
2026,Emerson Hoyle,Florida
2026,Miabella Musignac,LIU
2026,Elizabeth McElveen,South Carolina
2026,Emma DeSensi,USC Upstate
2026,Jaiden Mojica,Cal St. Fullerton
2026,Aryam Munoz,Fresno St.
2026,Kaylee Piepho,Sacramento St.
2026,Ava O'Hare,Alabama St.
2026,Carly Markham,North Carolina
2026,Ashlynn Hawkins,Mississippi Val.
2026,Emily Kearney,Bucknell
2026,Ally Alessio,Navy
2026,Anna Melgren,Wyoming
2026,Clara Cloninger,East Carolina
2026,Rachel Megna,Tulsa
2026,Sophia Verdicchio,Presbyterian
2026,Claudia Antcliff,Idaho St.
2026,Aniya Warren,Oklahoma
2026,Julia Angert,Northern Colo.
2026,Chloe Brown,Buffalo
2026,Isabella Camacho,UT Arlington
2026,Milena Lopez,Charlotte
2026,Tiani Shaw,Boston College
2026,Elsa McDermott,Penn
2026,Riley Schmitz,Green Bay
2026,Maggie Boyd,Texas Tech
2026,Tessa de Albergaria,George Washington
2026,Jocelyn Torres,UMES
2026,Morgan Begley,IU Indy
2026,Abby Jhun,Temple
2026,Ryan Jomo,ETSU
2026,Cecilia Anderson,New Hampshire
2026,Anabel Kotzakov,Long Beach St.
2026,Reese Poerner,Pepperdine
2026,Hailee Collins,Chicago St.
2026,Kayla Zanon,Towson
2026,Dani Brey,Kansas City
2026,Dylan Gilkey,Texas St.
2026,Aly Kirkhoff,LSU
2026,Devynn Schulze,FGCU
2026,Noelle Vanacht,Cal Poly
2026,Aliyah Jowers,Abilene Christian
2026,Emsley Venard,Fla. Atlantic
2026,Molly Penn,UMBC
2026,Isabella Ortiz,Coppin St.
2026,Haumea Marumoto,Long Beach St.
2026,Danielle Caligiuri,Central Conn. St.
2026,Erin Goodson,SFA
2026,Taylor Dunlap,CSUN
2026,Juliana Rivera,Youngstown St.
2026,Emma Cugino,Texas
2026,Stalena Van Deusen,Miami (FL)
2026,Lily Nicholson,Texas A&M
2026,Brooke Wilson,Hofstra
2026,Erin Clark,Alabama
2026,Emily Matias,Mercer
2026,Sara Sykes,UAB
2026,Preslee Thompson,South Alabama
2026,DaMya Mann,Oklahoma
2026,Hailey Maes,UConn
2026,Sarah Williams,Bucknell
2026,Yuna Yang,Brown
2026,Megan Phan,Brown
2026,Maddy Smith,Brown
2026,Peyton Carlson,Creighton
2026,Ellie Adams,Purdue Fort Wayne
2026,Hayden Shanafelt,UC San Diego
2026,Sa'Mya Dorsey,NC State
2026,Carlyle Johnson,Duke
2026,Kaylie Baumgart,Duquesne
2026,Elizabeth Pickett,UTEP
2026,Ekin Aslanmirza,Houston Christian
2026,Mira Ledermueller,Syracuse
2026,Ivey Lucas,Gardner-Webb
2026,Lydia Stephens,Eastern Ky.
2026,Larissa Hiemer,Stetson
2026,Reilly Garrity,New Hampshire
2026,Kamiera Watkins,UNLV
2026,Zedo Yilmaz,American
2026,Sophie Butler,Cleveland St.
2026,Kate Whiteley,Davidson
2026,Abby Yoder,Ohio St.
2026,Vanessa Washington,Akron
2026,Rhyan Holloway,Alabama A&M
2026,Alexis Opland,Seton Hall
2026,Ana Del Angel Aguilar,Fordham
2026,Miriam Unongo,St. Thomas (MN)
2026,Rodaina Mohamed,LIU
2026,Melis Aydin,Murray St.
2026,Langley Griffin,Utah
2026,Briana Pagan,Howard
2026,Sarah Bettis,Akron
2026,Aaniyah Kitchen,McNeese
2026,Zoey Vandel,Jacksonville
2026,Melania Katsitadze,LMU (CA)
2026,Camila Torquati,Northwestern St.
2026,Jojo Miller,Ohio St.
2026,Anna Hanson,Siena
2026,Gabby Wold,Holy Cross
2026,Sarah Hickman,Stanford
2026,Allison Bowser,West Ga.
2026,Hannah Brady,Michigan
2026,Reagan Elizondo,Georgia St.
2026,Liliana Gegovic,West Florida
2026,Payton Whalen,Florida St.
2026,Charlotte Dudik,SIUE
2026,Addy Gaido,Texas
2026,Alyssa Hook,USC Upstate
2026,Leah Okogbenin,UNC Asheville
2026,Olivia Penske,Georgetown
2026,Kaitlyn Sellner,UNI
2026,Olivia Stein,Wichita St.
2026,Gabriella Pitcel,Illinois
2026,Peri Linterman,James Madison
2026,Eden Eyassu,N.C. A&T
2026,Aurie Duncan,Gonzaga
2026,Lucy McCollum,Ball St.
2026,Cami Roberts,Winthrop
2026,Addison Williams,Fresno St.
2026,MaryGrace Gonyeau,Virginia
2026,Taylor Johnson,Iowa St.
2026,Leah Allen,Niagara
2026,Gizem Eroglu,Kansas City
2026,Allie Grossenbach,Utah
2026,Cecilia Christy,Elon
2026,Pilar Presson,George Washington
2026,Berrak Sporeli,Marquette
2026,Peytyn Pyle,Samford
2026,Callie Funk,Yale
2026,Madi Victoriano,Vanderbilt
2026,Ryan Sadler,Kansas
2026,Anne Brauckmiller,Southeastern La.
2026,Jaeli Rutledge,Kansas
2026,Gabriella Vizek,American
2026,Marin Dunaway,Bowling Green
2026,Ella Loges,A&M-Corpus Christi
2026,Ava Olsen,Ga. Southern
2026,Lola Sageer,Pittsburgh
2026,Sophia Loomis,Wright St.
2026,Gracison Saylors,Kentucky
2026,Lydia Zeng,George Washington
2026,Emma Ortiz,East Carolina
2026,Bella Castro,New Mexico St.
2026,Savannah Baron,Holy Cross
2026,Sophia Johnson,California
2026,Cali Foster,Western Ky.
2026,Claire Jones,SIUE
2026,Iris Williams,App State
2026,Ceci Bustamante,Central Mich.
2026,Kiana Souza,Lamar University
2026,Emmy Sher,Indiana St.
2026,Katelyn Stooksbury,Samford
2026,Orian Drore,San Jose St.
2026,Megan Platt,Towson
2026,Cortni Youngblood,UC Santa Barbara
2026,Julianna Santiago,North Florida
2026,McKenna Payne,Utah
2026,Rainey Weidman,Central Mich.
2026,Molly McCarthy,TCU
2026,Bailey Foolkes,McNeese
2026,Faith Frame,Arizona St.
2026,Francesca Popescu,California
2026,Taylor Deckert,Southern California
2026,Callie Kieffer,Florida St.
2026,Molly Beatty,Bowling Green
2026,Campbell Love,Rice
2026,Brinkley Reeves,SFA
2026,Miray Su Keskin,New Hampshire
2026,Kelli Ennis,Sacred Heart
2026,Ella Hemmings,LSU
2026,McKenna Brand,Oklahoma
2026,Maila Ribeiro,Oregon
2026,Elouise Czajkowski,Xavier
2026,Dila Derendeli,Hampton
2026,Amiyah Eason,Portland
2026,Taylor Ellis,Bethune-Cookman
2026,Lianna Ortiz,UIC
2026,Mikayla Porter,UCF
2026,Paisley Douglas,Southern California
2026,Taryn Kirsch,Illinois
2026,Kaden Sanders,Norfolk St.
2026,McKenna Giles,UC Riverside
2026,Vitoria Stedile,Stetson
2026,Evelyn Keefer,Western Caro.
2026,Finley Hilliard,Chattanooga
2026,Yvette Easton,Harvard
2026,Teagan Hogan,Virginia
2026,Kate Thibault,Minnesota
2026,Italya Carter,Tennessee St.
2026,Sofija Djordjevic,South Fla.
2026,Kayla Baetzel,Troy
2026,Sophie Buysse,UNI
2026,Koko Kirsch,Stanford
2026,Gabrielle Emch,Colgate
2026,Mya Lei-Butters,NJIT
2026,Cat Smith,Robert Morris
2026,Simone Roslon,Stanford
2026,Ava Roth,Arkansas
2026,Isabella Rodriguez,N.C. Central
2026,Kate Martin,UC Santa Barbara
2026,Callie Krueger,Texas
2026,Savannah Curtis,Boston College
2026,Kaylin Schroeder,Eastern Mich.
2026,Katherine Eigner,Bowling Green
2026,Jordan Bruckner,Loyola Chicago
2026,Selah O'Connor,Villanova
2026,Maren O'Farrell,Cal Poly
2026,Hailey Botello,Grambling
2026,Jaci Hall,East Carolina
2026,Vivien Affeldt,New Hampshire
2026,Ryan Rusher,Louisiana Tech
2026,Manon Baudrillard,Hawaii
2026,Brayla Doss,Alcorn
2026,Sade Ilawole,Indiana
2026,Maddie Kmetz,Valparaiso
2026,Halle Norvell,South Alabama
2026,Ali Natt,Boston College
2026,Harper Highfill,Southeast Mo. St.
2026,Kyndal Ganoe,Duke
2026,Selah Simien,Jacksonville
2026,Alisandra Hayes,Wright St.
2026,Natalie Surges,Princeton
2026,Alaina Walker,Morgan St.
2026,Genevieve Harris,Texas
2026,Ella Joesting,New Mexico
2026,Avery Freeman,Indiana
2026,Alyssandra Ordona,Portland St.
2026,Tess DeZurik,Campbell
2026,Maggie Penn,South Carolina
2026,Josie Imes,Alabama
2026,Jessica Lee,Georgetown
2026,Carol Herrero,Milwaukee
2026,Sofia Hardy,Temple
2026,Naya Martinez,Charleston So.
2026,Leila Ricks,Hampton
2026,Margarette Vasquez,UMES
2026,Nika Safavi,California Baptist
2026,Jenna Baller,Northern Colo.
2026,Lucie Smardova,West Virginia
2026,Mikayla Liljenquist,Seattle U
2026,Brooklynn Moffitt,Jackson St.
2026,Ava Tiessen-Roodbol,Southern Utah
2026,Isa Richardson,Abilene Christian
2026,Kati Berezowitz,Vanderbilt
2026,Addison Townsend,Southern California
2026,Bilge Balla,North Dakota
2026,Maddalena Fiolo,VCU
2026,Julia Murdy,Radford
2026,Anna Jirmasek,Loyola Chicago
2026,Lillian Schultheis,Navy
2026,Sydney Mercado,Georgetown
2026,Cassandra Moeller,Eastern Wash.
2026,Maria Cocco-Lambia,Delaware St.
2026,Addie Fielder,Liberty
2026,Olivia Filipowski,Iona
2026,Nicole Macalintal,Fairfield
2026,Ola Matusiak,Charleston So.
2026,Morgin Parsley,Oakland
2026,Ida Wiszomirska,UT Martin
2026,Grace Krohn,Louisiana Tech
2026,Samantha Callahan,Cal Poly
2026,Mya Kattula,Oakland
2026,Cathy Porter,North Dakota St.
2026,Hayden Siebenaler,Canisius
2026,Leah White,Niagara
2026,Naala Kasunga,East Carolina
2026,Bella Lineberger,Tennessee Tech
2026,Ayen Nyuar,LSU New Orleans
2026,Samantha Bailey,California Baptist
2026,Mackenzie Dufner,North Dakota
2026,Darby Felts,ETSU
2026,Jaedyn Riley,Colorado St.
2026,Hope Wagner,Milwaukee
2026,Rylie Sengdara,San Diego St.
2026,Lauren Janosy,UNC Greensboro
2026,Reese Warren,Southern Miss.
2026,Tewabech Woodson,Memphis
2026,Ioanna Dimitriou,Maryland
2026,MJ Rodriguez,CSUN
2026,Gianna Tagoa'i,Austin Peay
2026,Gabbi LeBlanc,Toledo
2026,Laura Rene-Fraser,Bryant
2026,Riley Schubert,Northwestern St.
2026,Jade Williams,Tennessee
2026,Isabella Fleurima,Alabama A&M
2026,Camille Morrison,Western Mich.
2026,Hailey Spencer,Weber St.
2026,Willow Weninger,Georgia Tech
2026,Madison Barrera,Wofford
2026,Erin Kline,Mississippi St.
2026,Emily Geaquinto,Chattanooga
2026,Nour Elsafy,UIC
2026,Kapri Garnett,Michigan
2026,Mary Rindler,Morehead St.
2026,Aaliyah Smith,Rice
2026,Sidney Duncan,Stanford
2026,Aubrey Hicks,Marquette
2026,Asha King,SFA
2026,Stella Terpening,Eastern Ky.
2026,Sophie Vienna,Syracuse
2026,Kyla Bellich,Valparaiso
2026,Ihuoma Ozoh,Clemson
2026,Ava Peters,James Madison
2026,Madison Rich,Utah St.
2026,Taylor Motes,Old Dominion
2026,Katelyn Van Kirk,South Dakota St.
2026,Ashley Go,UIW
2026,Alden Schwartz,High Point
2026,Kennedy Scott,ULM
2026,Ava Wysocki,Illinois
2026,Emma Elsasser,Texas St.
2026,Jocelyn Pargas,Grambling
2026,Charlotte Pearce,South Alabama
2026,Olivia Stewart,Eastern Mich.
2026,Bennett Trubey,Harvard
2026,Ella Tiarks,Omaha
2026,Ava Durgan,San Diego
2026,Nihal Kocakara,FDU
2026,Jillian Moonan,Southern Ind.
2026,Charley Goberville,Georgia St.
2026,Jade Roth,Lindenwood
2026,Madeline Bildeaux,Navy
2026,Daniela De Los Santos Castillo,LIU
2026,Hailee Garcia,Weber St.
2026,Dajah Williams,Florida A&M
2026,Jacqueline Adair,Western Ill.
2026,Ryan Hicks,Duquesne
2026,Mallory Matheny,Tennessee
2026,Billie Reiter,Miami (FL)
2026,Taylor Roloff,Penn
2026,Mia Miller,Sacred Heart
2026,Portia Zeidler,Notre Dame
2026,Erin Curtis,North Carolina
2026,Madison Hewitson,Col. of Charleston
2026,Riley Huff,Jacksonville St.
2026,Mia Vukic,Grand Canyon
2026,Natalie Monroe,UNLV
2026,Alaina Jarrett,Tennessee
2026,Alyssa Kenol,Hofstra
2026,Cydnee Bryant,Kansas
2026,Justina Asamoa,Saint Louis
2026,Duda Gomes,South Fla.
2026,Laura Hernandez,Manhattan
2026,Camryn Hughes,Loyola Chicago
2026,Brianna Holladay,Florida
2026,Allison Butrum,East Carolina
2026,Didar Bulbul,Quinnipiac
2026,Tilley Collins,Queens (NC)
2026,Claudia Rivera,Temple
2026,Dunja Stankovic,UTRGV
2026,Peyton Turner,Illinois St.
2026,Payton Evans,Akron
2026,Emersen Werger,Denver
2026,Aubrey Goode,Prairie View
2026,Payton Parsons,Bellarmine
2026,Lila Bryant,UMES
2026,Kathryn O'Toole,South Alabama
2026,Peyton Neal,Colorado
2026,VB Trost,Liberty
2026,Braylin Bosetski,Milwaukee
2026,Lainee Mack,Col. of Charleston
2026,Elizabeth Tabeling,Ball St.
2026,Dionii Fraga,Alabama
2026,Sarah Mendoza,UCF
2026,Maya Joska,Arkansas St.
2026,Elli Kinney,Vanderbilt
2026,Madi Collins,Long Beach St.
2026,Gemma Morris,Jacksonville St.
2026,Keri Leimbach,Nebraska
2026,Ava Holtz,Kennesaw St.
2026,Chloe Gilley,Indiana St.
2026,Julia Rivera,Coastal Carolina
2026,Natalie Guerrero,Grand Canyon
2026,Taylor Wilson,Mississippi Val.
2026,Eliya Dev,Pepperdine
2026,Trinity Gibbs,Ark.-Pine Bluff
2026,Meg Goodwin,Tulsa
2026,Emily Harden,Dayton
2026,Camila Adams,Western Ky.
2026,Mattea Saunders,Wake Forest
2026,Ava-Claire Calais,Nicholls
2026,Reese Tiesing,Jacksonville St.
2026,Kate Vrabel,Oakland
2026,Berkley Bates,Central Ark.
2026,Emelyn Stettin,South Fla.
2026,Sloan Cleveland,UNLV
2026,Sasha Godey,Georgia Tech
2026,Drew Leonardis,Saint Peter's
2026,Olivia Durst,Miami (FL)
2026,Elyannah Sonza,Niagara
2026,Taylor Pratt,Sacred Heart
2026,Alivia Brown,Bowling Green
2026,Kayla O'Brien,Liberty
2026,Sakura Codling,UCLA
2026,Carly Greskovics,Michigan
2026,Tyler Adams,Rider
2026,Lily Mae Buerkle,Washington
2026,Addison Fowler,Robert Morris
2026,Kadie Cardozo,Gardner-Webb
2026,Sydney Black,UTSA
2026,Alivia Proctor,UMES
2026,Sienna Foster,Purdue
2026,Clara Garcia,Seattle U
2026,Karina Smith,Nicholls
2026,Pierson Smith,Abilene Christian
2026,Shiloh Clayton,St. John's (NY)
2026,Aly Cox,Oregon St.
2026,Teagan Brandsma,Belmont
2026,Madison Cigna,Stony Brook
2026,Jaci Moore,Alabama St.
2026,Mckenna Reynolds,George Mason
2026,Isabella Suhy,UConn
2026,Caroline Curran,Ohio
2026,Brielle Ellis,USC Upstate
2026,Libby Gee-Weiler,Arkansas St.
2026,Julia Owens,Omaha
2026,Presley Thompson,UCLA
2026,Bloom Princell,UNC Greensboro
2026,Bjanka Stojanovic,Towson
2026,Madi Kraft,Minnesota
2026,Caroline Holdsworth,Cornell
2026,Caylan Russ,Florida St.
2026,Aliyah Pooler,Alabama St.
2026,Isabel Morales,Georgia St.
2026,Elma Bajraktarevic,Washington St.
2026,Keely McMahon-Regan,Duquesne
2026,Eva Goodson,App State
2026,Avery Power,Mississippi St.
2026,Brenna Corbin,James Madison
2026,Abi Banitt,North Dakota St.
2026,Melis Ozipek,Northwestern St.
2026,Hailey Hilsabeck,Penn
2026,Ellie Moore,SMU
2026,Caroline Fruge,Tennessee Tech
2026,Emory Guderian,Northern Ky.
2026,Avery Sands,Missouri St.
2026,Rana Yamada,South Fla.
2026,Ava Gibbs,Utah St.
2026,Alexa Ham,Nevada
2026,Reese Hone,Boise St.
2026,Kelly McAuley,Ohio St.
2026,Ziva Labinjan,Arizona St.
2026,Jenna DeLaMater,Rutgers
2026,Lyrique Alteus,Hampton
2026,Ma'kayla Coats,Alcorn
2026,Brookelyn Hatton,Arizona
2026,Jayla Jackson,Abilene Christian
2026,Olivia Klimis,Florida
2026,Alana Surigao,Le Moyne
2026,Mia Gold,Boston College
2026,Isabelle Bardin,Purdue
2026,Michelle Eburuoh,Villanova
2026,Chidera Okocha,Alabama St.
2026,Ava Jurevicius,Penn St.
2026,Brianna Martin,Gonzaga
2026,Sarah Tate,Loyola Maryland
2026,Kiara Copeland,Rhode Island
2026,Audrey Cook,Grand Canyon
2026,Alexa Stutzman,George Mason
2026,Audrey Schabes,Sacred Heart
2026,Deren Cukur,Colgate
2026,Morgen Durgens,Southern Miss.
2026,Liahnna Orange,New Haven
2026,Emma Cook,UCF
2026,Adriana Jeanpierre,Mississippi St.
2026,Lexee Salas,UTEP
2026,Mia Silva,SMU
2026,Lia Skufca,Princeton
2026,Danielle Wheat,Western Caro.
2026,Avery Boehm,Saint Louis
2026,Morgan Duse-anthony,High Point
2026,Lauren Fick,New Haven
2026,Edyta Waclawczyk,Bowling Green
2026,Chandler Carter,Kansas St.
2026,Maya Flemister,Arizona
2026,Simona Ivanova,San Francisco
2026,Erin Robbins,Mercyhurst
2026,Logan Hart,Southern U.
2026,Malayna Syverson,North Dakota St.
2026,Devin Hicks,West Ga.
2026,Briana Tuten,Saint Peter's
2026,Eva Erzen,West Ga.
2026,Mary Kate Bradley,Fairfield
2026,Ava Ewald,Oral Roberts
2026,Jnireah Henry,Ark.-Pine Bluff
2026,Sierra Evans,Ohio
2026,Quinnlin Hickman,Northeastern
2026,Anna Kraemer,Lindenwood
2026,Hailey McFadden,NC State
2026,Lexie Stotenbur,Mercer
2026,Riley McCaughey,South Fla.
2026,Sarah Odell,Sam Houston
2026,Sydney Bates,Col. of Charleston
2026,Mimi Harris,Tennessee St.
2026,Reese Kincaid,Winthrop
2026,Madison Smith,Illinois St.
2026,Sadie Swift,North Carolina
2026,Riley Ellison,Queens (NC)
2026,Nichole Kelly,FIU
2026,Mina Gunes,Ohio St.
2026,Aiden Lightburn,NIU
2026,Ivy Maxwell,Alabama A&M
2026,Lainey Waser,Troy
2026,Florence Campeau,San Jose St.
2026,Ella Treasure,New Hampshire
2026,Ruby Klusman,Akron
2026,A'Miyrie Anderson,Sam Houston
2026,Hallee Heath,Boise St.
2026,Jillian Neal,Arizona St.
2026,Ava Smith,Middle Tenn.
2026,Sophie Taylor,Ole Miss
2026,Halle Bills,Baylor
2026,Kailyn Greene- Gordon,Notre Dame
2026,Sadie Lupton,Le Moyne
2026,Ahnika Smith,UC San Diego
2026,Andi Spies,Cincinnati
2026,Lauren Young,Marquette
2026,Sidney Burley,Kentucky
2026,Kendra Howse,West Florida
2026,Kiera King,Air Force
2026,Mia Mendoza,New Mexico St.
2026,Ella Nigl,Bradley
2026,Mia Radeff,Notre Dame
2026,Amyri Robinson,CSU Bakersfield
2026,Olivia Wayne,Duke
2026,Maddy Joswick,Washington St.
2026,Sarina Notaro,Mercyhurst
2026,Kelsey Perry,Florida St.
2026,Julia Dickeson,Washington St.
2026,Mia Gonzalez,FIU
2026,Camryn Kanell,Elon
2026,Sage Meidroth,DePaul
2026,Taylor Reid,ULM
2026,Brooklyn Tealer,Southern California
2026,Brooke Thuss,Queens (NC)
2026,De’Nyla Harlan,Alcorn
2026,Chiara Mearelli,Grambling
2026,Milica Peci,UT Arlington
2026,Keira Rosenmarkle,Liberty
2026,Jana Thymes,Liberty
2026,Karissa Chase,Missouri St.
2026,Kacey Kazmierski,North Florida
2026,Kate Mobley,Wichita St.
2026,Marianna Rivera,North Dakota
2026,Mariana Simao,LMU (CA)
2026,London Armstrong,Utah Valley
2026,Megan Ingersoll,Michigan
2026,Vivian Jones,Bowling Green
2026,Kennedy McCants,Purdue Fort Wayne
2026,Runa Redse-Arset,Binghamton
2026,Makena Rumple,Iowa
2026,Selah Wadsworth,UC Santa Barbara
2026,Allie Wuestenfeld,Ball St.
2026,Ella Broadhead,Troy
2026,Allie Collins,North Dakota St.
2026,Amelia Dugger,South Dakota
2026,Kylie Griffin,Duquesne
2026,Aryn Heeke,North Dakota St.
2026,Kaitlyn Hutchins,Northern Colo.
2026,Maille Malone,Niagara
2026,Atlyn Proctor,Old Dominion
2026,Ava Wilkerson,Houston
2026,Brenna Rowland,Colorado St.
2026,Martina Villani,LSU
2026,Lauren DeOrio,USC Upstate
2026,Jordyn Gray,Louisville
2026,Lauren Harden,Florida
2026,Ella McDonald,Rider
2026,Ava Turlais,Drake
2026,Fiona Turnbull,Georgetown
2026,Milica Vidacic,Florida
2026,Madison MacKaig,NJIT
2026,B'Lise Bradley,James Madison
2026,Abby MacMillan,Old Dominion
2026,Aubrey Acheson,Tarleton St.
2026,Laci Schoen,Tarleton St.
2026,Malayna Boyles,Cincinnati
2026,Madi Gravlee,Florida
2026,Jolene Green Ewen,Montana St.
2026,Abby Little,Colorado St.
2026,Logan McGinnis,UTSA
2026,Kimanni Rugley,Winthrop
2026,Joy Udoye,Stanford
2026,Jordyn Wacaster,East Texas A&M
2026,Logan Cary,San Diego St.
2026,Izzy Jeffery,UC Riverside
2026,Sophi Randall,Illinois
2026,Teya Yeomans,Montana St.
2026,Nevaeh Smith,Sam Houston
2026,Emily Erwin,Northern Ky.
2026,Makayla Batten,Temple
2026,Nya Browne,Austin Peay
2026,Nicole Mauser,Florida St.
2026,Maggie McCarroll,Arkansas
2026,Nicole Milosevic,California
2026,Morelia Lorenzo Diaz,Texas Southern
2026,Cy Rae Campbell,Northern Colo.
2026,Eden Roethel,Arkansas St.
2026,Kensley Hennessy,Colorado
2026,Avery Gaume,Iona
2026,Siena MacCudden,California
2026,Ella Burd,UNC Greensboro
2026,Juliet Galla,UAB
2026,Caroline Farthing,App State
2026,Molly Chappell,Alabama A&M
2026,Reese Wilburn,TCU
2026,Devyn Masi,California Baptist
2026,Lily-Rose Pichon,UTEP
2026,Addi Applegate,Texas A&M
2026,Jocelyn Nathan,Penn St.
2026,Emma Nash,Omaha
2026,Reagan Williams,Weber St.
2026,Reese Moore,UCF
2026,Mahealani Ikei,Utah Tech
2026,Aubry Dowling,Evansville
2026,Kylee Gilbert,Saint Peter's
2026,Sarah Galligan,Omaha
2026,Lauren Sandvold,A&M-Corpus Christi
2026,Cami Zajac,Le Moyne
2026,Finley Schelhaas,Drake
2026,Ella McAllister,UMBC
2026,Karlie Lane,Western Ill.
2026,Kayla Hostetler,Cincinnati
2026,Addie Canady,Maryland
2026,Kendall Hickey,Ohio
2026,Carla Mercado,Notre Dame
2026,Daniella Suarez,Fairfield
2026,Rylan Miller,Georgia
2026,Laela Burgess,UC Davis
2026,Alexis Gardner,Green Bay
2026,Alayna Austin,Grand Canyon
2026,Abigail Bartolo,Cleveland St.
2026,Taylor Sass,Austin Peay
2026,Ava Ledebuhr,Cincinnati
2026,Meghan Touhey,VCU
2026,Xanthe Ocampo,Portland St.
2026,Madeline Metcalf,Temple
2026,Kaia Thiele,UNLV
2026,Alyce Donoghue,Duke
2026,Kami Dyrstad,Rutgers
2026,Lauren Van Wie,Penn
2026,Grace Thrower,Duke
2026,Athena Tsalapatanis,Saint Louis
2026,Mia Duong,Jacksonville St.
2026,Eliza Covrig,Chicago St.
2026,Molly Thompson,Lehigh
2026,Raegan Richardson,CSUN
2026,Joy Houdre,Iona
2026,Maria Clara Andrade,Hampton
2026,Cansu Kornosor,Rhode Island
2026,Kenzie Cogan,Illinois
2026,Summer Hodge,Lehigh
2026,Alex McGillivray,Maryland
2026,Alleigh Dutton,Rutgers
2026,Sydney Raszewski,Colgate
2026,Katie Smith,New Hampshire
2026,Tiffany Helmer,Furman
2026,Laila Mossey,Cleveland St.
2026,Jaylen Clark,TCU
2026,Sophia Del Valle,St. Thomas (MN)
2026,Mila Mijailovic,Yale
2026,Kahea Moriwaki,Hawaii
2026,Ava Norris,Fla. Atlantic
2026,Zeynep Özer,ETSU
2026,Lauren White,IU Indy
2026,Annette Lee,Army West Point
2026,Suzie Ponce,CSUN
2026,Norah Campbell,Morehead St.
2026,Reese Naeve,Iowa St.
2026,Addison Saunders,Marshall
2026,Alyssa Young,North Texas
2026,Ria Furuta,Miami (OH)
2026,Brooke Kamelchuk,FDU
2026,Bailey Keusch,Murray St.
2026,Hailey Newell,Santa Clara
2026,Kennedy Tinch,Morehead St.
2026,Haydin Froehlich,North Florida
2026,Isabella Rasi,Pepperdine
2026,Kamden Mitchell,Oregon
2026,Danielle Wallace,Elon
2026,Ava Wang,Columbia
2026,Abby Lesagonicz,Oregon St.
2026,Mackenzie Krzus,George Washington
2026,Addyson McArthur,Utah Tech
2026,Neela Feliberty,LIU
2026,Taly Acherboim,CSU Bakersfield
2026,Luca Bredenberg,Lipscomb
2026,Kenya Prescott,North Dakota
2026,Greta Shadewald,Lindenwood
2026,Ava Pratt,Northwestern
2026,Amanda Saeger,DePaul
2026,Vitoria Belfort,Georgia Tech
2026,Chloe Fisher,Lehigh
2026,Jelena Jevtic,FDU
2026,Lizzy Robinson,Oregon
2026,Megan Smith,South Alabama
2026,Alessia Bracchi,Stetson
2026,Brea Martin,Wichita St.
2026,Aubree Mon,Delaware St.
2026,Jaelyn Stewart,UMES
2026,Elsi Karjanlahti,Louisville
2026,Quinn Swofford,Tulsa
2026,Halle Walker,Montana
2026,Sophie Jones,Stetson
2026,Ksenija Krunic,FIU
2026,Asya Akbulut,Portland St.
2026,J'nyah Odom,Ark.-Pine Bluff
2026,Kaitlyn Bodnar,Northwestern
2026,Lola Buck-Taylor,Villanova
2026,Danit Cohen,Middle Tenn.
2026,Haylee Wenner,Marist
2026,Rileigh Butler,Ole Miss
2026,Ameena Campbell,Texas St.
2026,Ella Guilfoy,Western Mich.
2026,Morgan Stitzer,UT Arlington
2026,Gianna Bender,San Diego St.
2026,Sophie Bridges,Air Force
2026,Evelina Gerogianni,North Florida
2026,Kalli Lipo,San Diego
2026,Bethanie Wu,Yale
2026,Mackenzie Higgins,SIUE
2026,Georgia Lee,Minnesota
2026,Brooklyn Vigil,Louisiana
2026,Layna Waselewsky,Iowa St.
2026,Dixie Gayden,Charlotte
2026,Kaylen Rush,Missouri
2026,Taylor Porter,Vanderbilt
2026,Izzy Meneses,New Mexico St.
2026,Allison Barrick,Lipscomb
2026,Jordan Lucas,George Mason
2026,Stephani Winzeler,Purdue Fort Wayne
2026,Shalena Queen Howse,Syracuse
2026,Anna Smith,Syracuse
2026,Ellie Burr,Illinois St.
2026,Marnie Ursem,Hawaii
2026,Zoe Ziegler,New Mexico St.
2026,Molly Berezowitz,Kentucky
2026,Brooke Dawson,Troy
2026,Kate Ewing,Northeastern
2026,Katie Paez,North Dakota
2026,Graylinn Serge,UNC Greensboro
2026,Kaylee Smith,Little Rock
2026,Kaylee Tingey,BYU
2026,Peyton Garrick,Davidson
2026,Maria Insana,Miami (OH)
2026,Trixie McMillin,Michigan
2026,Gianna Mora,Bethune-Cookman
2026,Nalani Muniz,Pepperdine
2026,Marina Pezelj,Pittsburgh
2026,Olivia Swenson,Minnesota
2026,Ava Wallis,Alabama
2026,Madelyn Lincicum,Kennesaw St.
2026,Jayden Mathis,South Carolina St.
2026,Addison Stanley,Lamar University
2026,Milly Wolf,Boston College
2026,Sariyah Glanton,Cleveland St.
2026,Molly Urban,Louisville
2026,Kennedy Glasgow,Indiana St.
2026,Madeline van Brederode,Brown
2026,Charlotte Routh,Lipscomb
2026,Ella Paniagua,Fairfield
2026,Danielle Tansey,Georgia Tech
2026,Adalynn Bollinger,George Mason
2026,Megan Weldon,Providence
2026,Ellie White,Michigan
2026,Brynn Zastrow,IU Indy
2026,Lauryn Allen,Lehigh
2026,Ana Garza,Houston Christian
2026,Savannah Walker,Santa Clara
2026,Dakota Arnette,Lehigh
2026,Amelia Colon,ULM
2026,Lainey Green,Northern Ky.
2026,Kat Lutz,UCLA
2026,Jaidynn Perkins-Martin,Yale
2026,Annika Sokol,Maryland
2026,Madison Wood,Cornell
2026,Jasmine Daniels,Morehead St.
2026,Sydney Floyd,South Carolina
2026,Isabelle Jackson,Robert Morris
2026,Krista Kostoff,Jacksonville St.
2026,Kylee McCoy,Tulsa
2026,Maggie Michaels,UNI
2026,Jo Moffitt,Lamar University
2026,Ema Thompson,CSU Bakersfield
2026,Sophia Towle,Colgate
2026,Reese Watters,North Texas
2026,Megan Hunter,UMBC
2026,Camryn Ketron,Mercyhurst
2026,Megan Oppegard,UNC Asheville
2026,Michal Benaim,Buffalo
2026,McKenzie Berg,TCU
2026,Jessica Drapp,Louisville
2026,Victoria Kurilov,Green Bay
2026,Emilia Powderly,Holy Cross
2026,Heidi Devers,Kansas
2026,Katie Raymer,LSU
2026,Nula Anderson,West Virginia
2026,Sydney Crowder,Georgia St.
2026,Emma Gardner,Long Beach St.
2026,Gracie Griffin,Brown
2026,Reagan Hanfelt,Iowa St.
2026,Hallie Hendrickx,Lipscomb
2026,Haley Holbert,Coppin St.
2026,Frankie Jones,Brown
2026,Morgan Sanders,Brown
2026,Elle Weaver,Brown
2026,Brooklyn Cole,Ohio
2026,Xalia King,Presbyterian
2026,Samantha Alberghini,Sacred Heart
2026,Alyssa Forelli,NC State
2026,Sibana González Acevedo,LIU
2026,Mia Hood,Georgia Tech
2026,Laurna Kerr,NC State
2026,Riley Messenger,Western Mich.
2026,Autumn Tombline,Rhode Island
2026,Nika Zupanic,Grand Canyon
2026,Baylee Doolan,Navy
2026,Regan Haverstock,Loyola Maryland
2026,Paige Hawkinson,North Texas
2026,Tracey Hemelings,Mercer
2026,Aubree Hummel,SIUE
2026,Addie Kannegeisser,UC Irvine
2026,Anna Ligart,LIU
2026,Mia Polloi,Eastern Wash.
2026,Faith Rabb-Patterson,UC Davis
2026,Logan Strong,Grand Canyon
2026,Audrey Terry,Sam Houston
2026,Ece Yildiz,Virginia Tech
2026,Adriana Aquino,Holy Cross
2026,Ava Bassett,Campbell
2026,Ashlynn Berns,NJIT
2026,Addison Coady,Southern California
2026,Kiya Colvin,Bethune-Cookman
2026,Elena Dragani,Wake Forest
2026,Julia Grace,Xavier
2026,Maia Greer,Bethune-Cookman
2026,Caroline Huseman,Yale
2026,Cara Lehmitz,Yale
2026,Kanani Magee,East Carolina
2026,Jordan Northcutt,New Haven
2026,Bella Rittenberg,Penn
2026,Gabby Seeds,UNC Greensboro
2026,Ellie Smith,NIU
2026,Alice Vigano,Pepperdine
2026,Makenzie Wingett,Lehigh
2026,Taylor Bruce,Georgia
2026,Emily Cook,Bellarmine
2026,Elissa Furlan,Eastern Ky.
2026,Patrycja Labucka,South Dakota St.
2026,Jaylyn Lynch,Northern Colo.
2026,Arianna Muoneke,Georgia
2026,Gianna Perez,LMU (CA)
2026,Sophia Pheney,Presbyterian
2026,Brynn Ressler,Lafayette
2026,Selin Sakiroglu,Jacksonville St.
2026,Brooke Stauffer,Utah Valley
2026,Maria Stirbu,California
2026,Eva Swenson,Green Bay
2026,Nevaeh Tien,Cornell
2026,Mia Alomia,Pacific
2026,Jordyn Anderson,Kent St.
2026,Emily Bruss,Northern Colo.
2026,Kyla Coolman,Eastern Ill.
2026,Lilia Duczek,Towson
2026,Maris Grant,UNCW
2026,Ava Johnson,Texas Tech
2026,Aubrey Jordan,Gardner-Webb
2026,Ellie Kleven,Mercyhurst
2026,Neely Leathers,Air Force
2026,Lexie Richards,American
2026,Sophie Sosa,Southern Miss.
2026,Tobey Allen,Houston Christian
2026,Cam Berger,Michigan St.
2026,Bryah Breaux,Kentucky
2026,Izzie Delacher,Western Ky.
2026,Lily Eigner,Holy Cross
2026,Madison Evans,Siena
2026,Layla Haritatos,North Dakota St.
2026,Addison Kersting,Troy
2026,Bianca Kisur,Houston Christian
2026,Haven Rich,Montana St.
2026,Ella Smith,Washington St.
2026,Elyse VanLandingham,UMBC
2026,DyYanna Wade,UT Martin
2026,Kayla Edginton,Cincinnati
2026,Raegan Ramirez,UTSA
2026,Mallory Reynolds,Northern Ariz.
2026,Tally Grissom,West Virginia
2026,RaeAnna Knapp,Denver
2026,Bellamy Parker,Tulane
2026,Jordin Southall,Vanderbilt
2026,Avery Vogt,Drake
2026,Preslie Yates,Long Beach St.
2026,Milani Billings,Saint Mary's (CA)
2026,Tallulah Carney,Saint Mary's (CA)
2026,Kiana Johnson,Saint Mary's (CA)
2026,Amanda Prior,Saint Mary's (CA)
2026,Cyniya Stewart,Sacramento St.
2026,Erikah Buff,Northeastern
2026,Alex Fowler,Belmont
2026,Lilly Guinane,Fairfield
2026,Nicole Jacobs,Sacred Heart
2026,Madison Jones,St. Thomas (MN)
2026,Sophie LaSala,Northeastern
2026,Abigail Li,Georgia Tech
2026,Keyaira Limuel-Washington,Fairfield
2026,Addison Menefee,St. Thomas (MN)
2026,Amelia Moro,Sacred Heart
2026,Addison Murphy,Sacred Heart
2026,Jane Nelson,Northeastern
2026,Campbell Onell,Belmont
2026,Jessica Parker,Rhode Island
2026,Michon Sailors,Fresno St.
2026,Kennedy Seputis,IU Indy
2026,Anna Supe,Belmont
2026,Ella Thorson,St. Thomas (MN)
2026,Jess Watanabe,Fresno St.
2026,Sophie Wischmeier,IU Indy
2026,Zehra Yilmaz,Northeastern
2026,London Adkins,UCF
2026,Chloe Albiez,UCF
2026,Sydnie Broom,Middle Tenn.
2026,Elena Dibbs-Frantz,UCF
2026,Valyn Donahoo,Lindenwood
2026,Olivia Elliott,Mercer
2026,Keilee Eskelsen,Idaho St.
2026,Emma Johnson,Lindenwood
2026,Tessa Jones,Ole Miss
2026,Ansley Keel,Loyola Maryland
2026,Abby Kim,Loyola Maryland
2026,Shannon Monahan,Lindenwood
2026,Caroline Moore,Oakland
2026,Coco Natarajan,Ole Miss
2026,Ava Pitzer,Charleston So.
2026,Katelyn Sentous,UC Davis
2026,Tori Staples,Lindenwood
2026,Trinniti Stevens,Middle Tenn.
2026,Shylah Swope,William & Mary
2026,Sydney VanCott,Mercer
2026,Madison Wehr,Middle Tenn.
2026,Audrey Antinone,New Haven
2026,Ashley Artura,Campbell
2026,Aylin Baran,UNC Greensboro
2026,Lelaini Diggs,Delaware St.
2026,Audrey Ellis,Cleveland St.
2026,Kole Fluckiger,New Haven
2026,Fallon Humphries,North Florida
2026,Grace Jackson,Pepperdine
2026,Jenniya Lane,Penn
2026,Simone Lawson,Navy
2026,Sullivan Leonard,Pepperdine
2026,Emma Logsdon,New Haven
2026,Mira McCool,Rutgers
2026,Claire McNeal,Pepperdine
2026,Aaliyah Mixon,Jacksonville
2026,Nicole Neal,Navy
2026,Melanie Pinales,East Carolina
2026,Cayla Prohaska,Campbell
2026,Ali Wiest,Grand Canyon
2026,Anna Adcock,Wofford
2026,Opeoluwa Aladetimi,Temple
2026,Erin Armstrong,Norfolk St.
2026,Sarah Brodner,Virginia
2026,Sylvia Bunde,Princeton
2026,Amari Chaney,Norfolk St.
2026,Ramsey Chastain,Wofford
2026,Ellie Chu,Providence
2026,Ellis Crawford,Maryland
2026,Tierney Ervin,Seattle U
2026,IvyAnn Feay,Colgate
2026,Olivia Foye,Princeton
2026,Nicki Gaito,Princeton
2026,Julia Gojcaj,Dartmouth
2026,Miranda Holincheck,Southern Miss.
2026,Kelsey Holmes,Providence
2026,Macy Humble,Missouri St.
2026,Alyssa Konrad,Wisconsin
2026,Tulasi Nalluri,William & Mary
2026,Emmy Nicholas,New Mexico St.
2026,Annemarie O'Gara,California
2026,Abigail Schoene,Baylor
2026,Lily Smith,Temple
2026,Nikki Tawil,Maryland
2026,Allison Tredwell,Princeton
2026,Jazlyn Vasquez,New Mexico St.
2026,Sofia Vega,Temple
2026,Avery Webb,Virginia Tech
2026,Payton Askelsen,UNI
2026,Eden Bower,Auburn
2026,Anna Cassidy,Purdue Fort Wayne
2026,Sydney Crowley,Toledo
2026,Nola Duncan,Towson
2026,Emily Ernst,Marist
2026,Luca Fickell,Indiana
2026,Ella Gizmunt,Merrimack
2026,Lauranta iyalekhue,San Diego St.
2026,Caitlin Johnson,Santa Clara
2026,Jaden Jones,Michigan
2026,Jadyn Kennedy,Toledo
2026,Alex Klukvin,Kansas St.
2026,Spyridoula Komini,Indiana
2026,Ava Lambert,Florida St.
2026,Tatum Lane,San Diego
2026,Avery LaPlaca,Pacific
2026,Emily Lavin,Iowa
2026,Gracyn Marshall,West Florida
2026,Lucy Monahan,Toledo
2026,Ryan Murphy,Florida St.
2026,Sanja Popovic,UNLV
2026,Anna Ptacin,Indiana St.
2026,Aviya Russo,Texas Tech
2026,Catharina Scorza,FGCU
2026,Katherine Thompson,South Dakota
2026,Mila Vlahović,Creighton
2026,Ella Ward,Southern Miss.
2026,Sydni Weber,Indiana St.
2026,Chloe Allcroft,Boston College
2026,Taliah Benson,Le Moyne
2026,Madelyn Blakey,Holy Cross
2026,Taylor Bonner-Williams,Houston Christian
2026,Britt Carlson,Arizona
2026,Gabby Dean,Illinois
2026,Hayley Dionis,Furman
2026,Devin Dzienny,Illinois
2026,Maria Eduarda Oliveira da Silva Frizzo,Western Ill.
2026,Morgan Fowler,Tennessee St.
2026,Grace Fredrick,BYU
2026,Chloe Garcia,Fla. Atlantic
2026,Ryan Gorski,DePaul
2026,Bridget Gould,Oregon St.
2026,Luisa Juncu,DePaul
2026,Desiree Kepler,Ark.-Pine Bluff
2026,Cate Legel,South Dakota
2026,Sonja Meyer,Siena
2026,Quincy Moran,Eastern Wash.
2026,Allyson Orth,Army West Point
2026,Cate Palmi,South Fla.
2026,Caroline Prihoda,Kentucky
2026,Carly Ries,South Dakota
2026,Peyton Sasse,Marshall
2026,Vallane Sneva,Marist
2026,Sophia Stalcup,Villanova
2026,Alana Whitfield,Michigan St.
2026,Reesa Zimmerman,Miami (OH)
2026,Elizabeth Decker,UConn
2026,Nikki Ott,Colorado
2026,Emerson Spiesz,USC Upstate
2026,Elena Baic,Southern California
2026,Olivia Brown,Louisiana
2026,Chloe Cline,Evansville
2026,Taryn DeWese,Vanderbilt
2026,Ashlee Gnau,Youngstown St.
2026,Addison Haberthy,Xavier
2026,Kennedy Jones,UAB
2026,Sabrina Jones,Nevada
2026,Hailey Laffond,Drake
2026,Kayla Ostrander,Eastern Mich.
2026,Hadley Porter,Ga. Southern
2026,Larsen Terrill,Wright St.
2026,Eliana Whittaker,High Point
2026,Angela Zhang,New Mexico
2026,Aman Agoot,Tennessee Tech
2026,Jasmine Allen,UTRGV
2026,Maddie Angel,UTSA
2026,Vicky Antia,Missouri St.
2026,Ava Archibald,New Mexico St.
2026,Isa Bento,UTRGV
2026,Giana Brown,East Texas A&M
2026,Katie Byergo,Iowa St.
2026,Caroline Cannon,Wofford
2026,Baileigh Carlsen,Iowa St.
2026,Rania Chimonides,California
2026,Emma Clawson,New Mexico St.
2026,Keniya Cleveland,CSUN
2026,Riley Copenhaver,Duke
2026,Lillian Davidson,East Texas A&M
2026,Brielle Gengelbach,Missouri St.
2026,Isabella Gibbons,Samford
2026,Rylee Giesen,CSUN
2026,Annalise Grant,Iowa St.
2026,Ema Grubanov,Rutgers
2026,Kiera Hagler,Syracuse
2026,Ambri Hanohano,Nevada
2026,Cam Herman,Bellarmine
2026,Morgan Inemer,George Mason
2026,Lauren Ingram,Duke
2026,Taliah Lee,Weber St.
2026,Sara Lozano,Duke
2026,Morgan Martin,Providence
2026,Beatriz Matos,UNC Greensboro
2026,Maris Mauzey,Weber St.
2026,Emily Melton,Eastern Ky.
2026,Mikayla Middleton,Norfolk St.
2026,Amanda Mikuzis,LMU (CA)
2026,Allison Mimbs,Sacramento St.
2026,Haylee Munsey,Radford
2026,Laila N'Diaye,Chattanooga
2026,Hanna Nemeth,Morgan St.
2026,Kendall Newbold,North Florida
2026,Josie Nichols,Eastern Ky.
2026,Sarah Noto,Tennessee Tech
2026,Camryn Overton,St. Thomas (MN)
2026,Addison Putt,Bellarmine
2026,Sophia Richardson,Eastern Ky.
2026,Shylah Totten,UTRGV
2026,Sarah Turner,Bellarmine
2026,Cassie Verley,Presbyterian
2026,Bella Wynja,Bellarmine
2026,Nadine Zech,UTRGV
2026,Alex Acevedo,Minnesota
2026,Stella Adeyemi,Notre Dame
2026,Taylor Bahnub,Texas Tech
2026,Tatiana Besu,Gardner-Webb
2026,Bennett Boulo,Southern Miss.
2026,Olivia Brewster,Lafayette
2026,Caroline Brubaker,Lafayette
2026,Madison Bryant,Central Ark.
2026,Sydney Buchanan,East Carolina
2026,Madison Burr,South Dakota St.
2026,Cayleigh Cervenka,Air Force
2026,Isabel Clark,Indiana
2026,Lauryn Coleman,Santa Clara
2026,Alyssa Dampier,Southern Miss.
2026,Cambel Drapeau,Creighton
2026,Caroline Ellis,Ole Miss
2026,Reagan Engler,Texas Tech
2026,Allysa Fausett,Texas Tech
2026,Mariah Gaines,Toledo
2026,Victoria Gao,Columbia
2026,Stephanie Gonzalez,San Diego St.
2026,Alyssa Gumbel,Purdue Fort Wayne
2026,Emma Gutke,Auburn
2026,Abigail Henson,Davidson
2026,Ellie Hepler,Indiana
2026,Elena Hernandez,Pacific
2026,Madalin Hersman,Dartmouth
2026,Kendall Hopewell,Northern Ky.
2026,Brooksie Isham,Air Force
2026,Emerson Jones,Air Force
2026,Rowan Kage,West Florida
2026,Kaiya Kearney,Santa Clara
2026,Eva Krakowski,Wichita St.
2026,Kambri Kuhni,Utah Valley
2026,Sydney Lafferty,SFA
2026,Ava Lange,Notre Dame
2026,Anna Leahy,Air Force
2026,Dylann Loggins,Indiana St.
2026,Tristen Lujan,Santa Clara
2026,Ania Magier,Bowling Green
2026,Kylie Miller,Indiana St.
2026,Calissa Minatee,Minnesota
2026,Jenna Morris,Air Force
2026,Jasmine Okeoma,Auburn
2026,Chierika Okororie,Auburn
2026,Kamree Orizotti,Towson
2026,Abbigale Parr,Central Ark.
2026,Veronica Patti,Quinnipiac
2026,Katherine Picozzi,Mercyhurst
2026,Amelia Porisch,Air Force
2026,Garrah Prox,Abilene Christian
2026,Kadi Pynchon,Lafayette
2026,Leilani Ramos,Western Caro.
2026,Maria Rawlek,Lafayette
2026,Hannah Rider,Canisius
2026,Annika Roberson,Dartmouth
2026,Brooke Rooney,Gardner-Webb
2026,Kathryn Schuele,East Carolina
2026,Aliah Snider,Wichita St.
2026,Angelique St. Laurent,Davidson
2026,Perry Stevenson,Canisius
2026,Mila Stojakovic,Pacific
2026,Ava Theiller,FGCU
2026,Sophia Thornburg,Notre Dame
2026,Makiaya Turner,Bowling Green
2026,Martha Turnure,Gardner-Webb
2026,Evelyn Udezue,Wyoming
2026,Olivia Van Kooten,Canisius
2026,Ava Vickers,Indiana
2026,Danyele Wallace,McNeese
2026,Hunter West,Grand Canyon
2026,Addy Wiese,San Diego
2026,Sophia Zanca,Dartmouth
2026,Ambryn Aanonsen,Green Bay
2026,Emilia Arvidson,George Washington
2026,Amirra Bailey,Louisville
2026,Brooklyn Bailey,Memphis
2026,Avery Bain,Miami (FL)
2026,Ellie Barker,Butler
2026,Simone Baskin,Miami (FL)
2026,Milan Bayless,Colgate
2026,Sirma Bayrakci,FDU
2026,Addy Benefield,Washington
2026,Arden Billingsley,DePaul
2026,Brianna Blair,Robert Morris
2026,Za'Niya Boyles,Memphis
2026,Jentle Brannon,UMES
2026,Sydney Breon,UCLA
2026,Avery Bryan,Bucknell
2026,Mia Carrasco,Austin Peay
2026,Laurel Cassidy,LSU
2026,Alina Cebotari,FIU
2026,Lauren Cortina,UCLA
2026,Sophie Crawford,Miami (OH)
2026,Autumn Culbreath,South Carolina St.
2026,Shea Davis,Arizona
2026,Harmoni Dobbins,Houston
2026,Lauren Dow,Col. of Charleston
2026,Bella Ehrlich,Boston College
2026,Morgan Engel,North Dakota St.
2026,Gracie Eybel,Army West Point
2026,Victoria Filippova,Army West Point
2026,Jill Frye,Siena
2026,Laura Fuehrer,UMBC
2026,Haiden Fuhrmann,Binghamton
2026,Ava Gaspard,Binghamton
2026,Maci Gerboth,Marshall
2026,Brooke Gilmour,SMU
2026,Simone Grieser,A&M-Corpus Christi
2026,Caroline Hanner,Robert Morris
2026,Charli Harvin,Prairie View
2026,Janyah Henderson,Memphis
2026,Layla Hoying,Ohio St.
2026,Jada James,UMBC
2026,Ava Jo Berry,Washington
2026,Isabella Johnson,Fla. Atlantic
2026,Lauren Johnson,Washington St.
2026,Akire Jones,VCU
2026,Madisyn Jones,Howard
2026,Reyna Jones,Army West Point
2026,Karli Jordan,Duquesne
2026,Mikayla Keefer,Marist
2026,Calli Kenny,Bucknell
2026,Natasha Kidd,North Dakota St.
2026,Isabella Knoernschild,Arkansas
2026,Karla Kosutic,Southern Utah
2026,Juliana Laguado Raigosa,Little Rock
2026,Olivia Liermann,Montana
2026,Valentina Lopez Moya,Hofstra
2026,Mia Lundberg,Utah Tech
2026,Meki Maile,Portland
2026,Makenzie Malloy,Winthrop
2026,Ava Martin,Utah St.
2026,Jules Mason,Le Moyne
2026,Colbie McKenna,Michigan St.
2026,Aubrey Moore,Boston College
2026,Mickhaila Murray,Temple
2026,Ashton Nelson,UCLA
2026,Taylor Neuenschwander,Green Bay
2026,Shae Pearson,Marshall
2026,Lexi Pendleton,Memphis
2026,Brooklyn Pierce,Montana
2026,Josephine Portela,Portland
2026,Justice Rachal,Sam Houston
2026,Drianyeliz Ramos Cora,Houston Christian
2026,Soleil Rancourt,Buffalo
2026,Margot Randall,Villanova
2026,Jaeda Rawls-Fletcher,A&M-Corpus Christi
2026,Leah Robinson,Houston
2026,Grace Ryland,Montana
2026,Victoria Sanchez,UIW
2026,Victoria Shupe,SMU
2026,Jordyn Smith,A&M-Corpus Christi
2026,Kenzie Smith,Little Rock
2026,Dafne Sosa,Southern Ill.
2026,Rian Stephan,Washington
2026,Maddy Stewart,American
2026,Morgan Stewart,DePaul
2026,Lauren Stiles,Siena
2026,Sharide Sykes,Alabama St.
2026,Nathalie Tulumaris,NIU
2026,Lael Valdez,South Carolina St.
2026,Antonia Vasquez,Hampton
2026,Kyndall Williams,Hampton
2026,Jovana Zelenovic,Miami (FL)
2026,Blaykli Bobik,TCU
2026,Abigail Buckner,UConn
2026,Courtney Burgess,Virginia Tech
2026,Nicole Cornell,Harvard
2026,Megan Evans,UConn
2026,Anna Herman,UConn
2026,Shaylee Howard,Alabama A&M
2026,Leila Paraoan,Tarleton St.
2026,Audrey Asleson,Colorado
2026,Mikaela Brennan,Fordham
2026,Thea Carter,Rice
2026,Teodora Cickovic,Murray St.
2026,Alicia Guo,Harvard
2026,Caitlyn Hollinquest,Alabama A&M
2026,Julia Horan,Cincinnati
2026,Dylan Hoskins,Florida A&M
2026,Kamryn Jackson,N.C. A&T
2026,Marie Jones,Mississippi St.
2026,Makayla Keibler,Youngstown St.
2026,Ipek Kusoglu,Kansas City
2026,Amanda Mack,Holy Cross
2026,Elliott Mickelberry,Cincinnati
2026,Viena Moliis,New Mexico
2026,Jadyn Molina,UIW
2026,Teagan Ng,Youngstown St.
2026,Nil Ozer,UAlbany
2026,Zaria Queen,Stanford
2026,Sammie Sabra,The Citadel
2026,Greta Schlichter,Iowa
2026,Nadi'ya Shelby,Florida
2026,Tatum Tindall,Kansas St.
2026,Sophie Twigg,McNeese
2026,Josie Valgus,TCU
2026,Morgan Van Wie,Wisconsin
2026,Auna Wiegand,Delaware
2026,Sonia Donkeng Okpara,Air Force
2026,Sam Pope,Air Force
2026,Amaré Hernandez,Texas A&M
2026,Jenna Thedford,Texas A&M
2026,Jamie Morrison,Texas A&M
2026,Lindsey Walton,Texas A&M
2026,Jen Woods,Texas A&M
2026,Jeff Fiorenza,Texas A&M
2026,Joe Skinner,Texas A&M
2026,Kaitlyn Corbett,Texas A&M
2026,Tom Bjugstad,Texas A&M
2026,Taylor Tedesky,Texas A&M
2026,Scott Battley,Texas A&M
2026,Ryan Leclair,Army
2026,Gracie Eybel,Army
2026,Juliette Myrick,Army
2026,Kealakai Bandy,Army
2026,Michelle Parker,Army
2026,Allyson Orth,Army
2026,Kennedy Jones,Army
2026,Naomi Chinchar,Army
2026,Nicole Stroud,Army
2026,Victoria Filippova,Army
2026,Hannah Hankerson,Army
2026,Victoria Kasanganay,Army
2026,Reyna Jones,Army
2026,Audrey St. Clair,Army
2026,Marlee Lightsey,Army
2026,Breelyn Bender,Army
2026,Annette Lee,Army
2026,Janie Deapen,Army
2026,Liliana Fox,Army
2026,Corrine Blackburn,Army
2026,Jane Manecke,Wisconsin
2026,Jess Schmidt,Bellarmine
2026,Alana Marrs,Oregon State
2026,AC Froehlich,Oregon State
2026,Isabel Bertelsen,Oregon State
2026,Kama Goldstein,Oregon State
2026,Bridget Gould,Oregon State
2026,Taray Tela,Oregon State
2026,Yasemin Narlioglu,Oregon State
2026,Abby Lesagonicz,Oregon State
2026,Jackie Matias,Oregon State
2026,Cheyenne Green,Oregon State
2026,Beatrice Spada,Oregon State
2026,Ivana Cvetkovic,Oregon State
2026,Aly Cox,Oregon State
2026,Amaya Tolentino,Oregon State
2026,Taylor Treahy,Oregon State
2026,Maria Știrbu,California
2026,Ruth Martinez,Miami
2026,Avery Bain,Miami
2026,Adrianna Bridges,Miami
2026,Logan Wiley,Miami
2026,Olivia Durst,Miami
2026,Ariana Rodriguez,Miami
2026,Stalena van Deusen,Miami
2026,Gaby Arroyo,Miami
2026,Sonja Danilovic,Miami
2026,Billie Reiter,Miami
2026,Jovana Zelenovic,Miami
2026,Ella Thompson,Miami
2026,Denitsa Angelova,Miami
2026,Asia Harvey,Miami
2026,Lal Akin,Miami
2026,Simone Baskin,Miami
2026,Camryn McCollum,Chicago State
2026,Gracilove Littlejohn,Chicago State
2026,Tenese Buttry,Chicago State
2026,Reece Mazzier,Chicago State
2026,Nina Mitchell,Chicago State
2026,Eliza Corvig,Chicago State
2026,Nayella George,Chicago State
2026,Skye Riley,Chicago State
2026,Hailee Collins,Chicago State
2026,Bri Washington,Clemson
2026,7,Central Michigan
2026,8,Central Michigan
2026,5,Central Michigan
2026,27,Central Michigan
2026,Bailey Boeve,Creighton
2026,Mila Vlahovic,Creighton
2026,44,Colorado
2026,0,Colorado
2026,7,Colorado
2026,1,Colorado
2026,20,Colorado
2026,12,Colorado
2026,40,Colorado
2026,Coco Figueroa,Coppin State
2026,Pamela De Jesus Tejedor,Coppin State
2026,Eva Rovello,Coppin State
2026,Nia Curry,Coppin State
2026,Deviana Walker,Coppin State
2026,Cherisse Atilano,Coppin State
2026,Ivanna Luna,Coppin State
2026,Rori Gray,Coppin State
2026,Aya Rawlins,Coppin State
2026,Karina Diaz,Coppin State
2026,Andrea Cintron,Coppin State
2026,Kendall Minta,Coppin State
2026,McKenzie Parks,Coppin State
2026,Kayden Cupid,Coppin State
2026,Isabella Ortiz,Coppin State
2026,Haley Holbert,Coppin State
2026,Queen Howse,Syracuse
2026,Pam McCune,Iowa State
2026,Reese Naeve,Iowa State
2026,Layna Waselewsky,Iowa State
2026,Reagan Hanfelt,Iowa State
2026,D'Aaliyah Kemp,Iowa State
2026,Baileigh Carlsen,Iowa State
2026,Annalise Grant,Iowa State
2026,Macie Lupkes,Iowa State
2026,Mesaiya Bettis,Iowa State
2026,Rachel Van Gorp,Iowa State
2026,Ella Florez,Iowa State
2026,Abbi Brenizer,Iowa State
2026,Lilly Wachholz,Iowa State
2026,Nayeli Gonzalez,Iowa State
2026,Katie Byergo,Iowa State
2026,Ava Martin,Iowa State
2026,Taylor Johnson,Iowa State
2026,Nayeli Ti'a,Iowa State
2026,Alea Goolsby,Iowa State
2026,Melina Schrader,Dayton
2026,Sienna Fry,Dayton
2026,Izzy Earley,Drake
2026,Zoë Gillen-Malveaux,Duke
2026,Aly Donoghue,Duke
2026,Maddie Bush,Duquesne
2026,Anne Bradley Bing,South Carolina
2026,Claire Payne,South Carolina
2026,Norunn Westersjo,South Carolina
2026,Jill Bohannon,South Carolina
2026,Lexi Anderson,Georgetown
2026,Samantha Soderlund,Georgetown
2026,Kennedey Whitford,South Dakota State
2026,Katelyn Van Kirk,South Dakota State
2026,Hannah Klein,South Dakota State
2026,Rylee Martin,South Dakota State
2026,Madison Burr,South Dakota State
2026,Taylor Byl,South Dakota State
2026,Sylvie Zgonc,South Dakota State
2026,Mallory Hartwig,South Dakota State
2026,Brooke Larsen,South Dakota State
2026,Marisa Michaelis,South Dakota State
2026,Hannah Mlsna,South Dakota State
2026,Brooklyn Meyer,South Dakota State
2026,Claire Logeais,South Dakota State
2026,Joslyn Richardson,South Dakota State
2026,Anna Johannson,South Dakota State
2026,Patrycja Labucka,South Dakota State
2026,1,Mississippi State
2026,Santina Martcheva,Virginia Tech
2026,Izzy Mishler,Virginia Tech
2026,Avery Feltes,Virginia Tech
2026,Cece Sayles,Virginia Tech
2026,Frances Torres-Esperanza,Virginia Tech
2026,Georgia Trexler,Virginia Tech
2026,Sara Gasparini,Virginia Tech
2026,Marci Byers,Virginia Tech
2026,William Tatge,Virginia Tech
2026,Caleb Adams,Virginia Tech
2026,Victoria Brisack,Virginia Tech
2026,Kelsey DeShambo,Virginia Tech
2026,"Clint Wattenberg, MS, RD",Virginia Tech
2026,Lauren Collier,Virginia Tech
2026,Sarah Bennett,Virginia Tech
2026,TARYN KIRSCH,Illinois
2026,DEVIN DZIENNY,Illinois
2026,PAITYN CHAPMAN,Illinois
2026,TAYLOR DE BOER,Illinois
2026,GABRIELLA PITCEL,Illinois
2026,KENNA PHELAN,Illinois
2026,MAYA HARRIS,Illinois
2026,MADI MILES,Illinois
2026,SOPHI RANDALL,Illinois
2026,KRISTINA STAROSTENKO,Illinois
2026,KENZIE COGAN,Illinois
2026,LINDSAY OLDENDORF,Illinois
2026,GABBY DEAN,Illinois
2026,ASHLYN PHILPOT,Illinois
2026,VIVIAN CAMPBELL,Illinois
2026,TALITA GONCALVES,Illinois
2026,ALYSSA AGUAYO,Illinois
2026,AVA WYSOCKI,Illinois
2026,Gabby Deery,Iowa
2026,Jim Barnes,Iowa
2026,Brian Yale,Iowa
2026,Maggie Johnson,Iowa
2026,Mackenzie Martin,Iowa
2026,Olivia Larsen,Iowa
2026,Addison Holt,Iowa
2026,Ellie Hesselmann,Iowa
2026,Rachel Ogden,Iowa
2026,Lyla Clerry,Iowa
2026,Andy Banse,Iowa
2026,Doug Coonrad,Iowa
2026,Katie Berger,Iowa
2026,Cody Roberts,Iowa
2026,Kira Blum,Iowa
2026,Becca Mallon,Iowa
2026,Tanner Smith,Iowa
2026,John Leo,Iowa
2026,Bellamie Beus,Kentucky
2026,Hannah Benjamin,Kentucky
2026,Fuka Sekita,Kansas State
2026,Caleigh Ponn,Kansas State
2026,Sydney Maue,Kansas State
2026,Alex Klukvin,Kansas State
2026,Reagan Fox,Kansas State
2026,Avery Stones,Kansas State
2026,Camdyn Stucky,Kansas State
2026,Chandler Carter,Kansas State
2026,Skylar Brady,Kansas State
2026,Emerson Van Lannen,Kansas State
2026,Addison Massey,Kansas State
2026,Cadence Lundgren,Kansas State
2026,Reese Resmer,Kansas State
2026,Lauren Latham,Kansas State
2026,Ellah Derrer,Kansas State
2026,Tatum Tindall,Kansas State
2026,Ana Luiza Caminha Matos,Hampton
2026,Eryn Jones,Tennessee
2026,Yaiza Franco,LaSalle
2026,Allison Laucella,LaSalle
2026,Sarah Nahas,LaSalle
2026,Isa Lopez,LaSalle
2026,Samantha Graver,LaSalle
2026,Sydney Stone,LaSalle
2026,Elizabeth Osborn,LaSalle
2026,Reilly Lowe,LaSalle
2026,Drew Kofke,LaSalle
2026,Michelle Kozicki,LaSalle
2026,Margaret O'Brien,Manhattan
2026,Tori Hill,Memphis
2026,Tewa Woodson,Memphis
2026,Génesis Rodríguez,Memphis
2026,Lily Hamilton,Memphis
2026,Emily Matias-Lopez,Mercer
2026,Zoey Matias-Lopez,Missouri
2026,Dawn Sullivan,Missouri
2026,Wendel Camargo,Missouri
2026,Lauren Cost,Missouri
2026,Atanas Petrov,Missouri
2026,Emily (Siefken) Garrett,Missouri
2026,Nicki Hauser,Missouri
2026,Rohrk Cutchlow,Missouri
2026,Katie White,Missouri
2026,Ellie Watts,Middle Tennessee
2026,Logan Carr,Middle Tennessee
2026,Madison Wehr,Middle Tennessee
2026,Gabrielle Clinkscale,Middle Tennessee
2026,Addison Burks,Middle Tennessee
2026,Sophia Henry,Middle Tennessee
2026,Jaslyn Reed,Middle Tennessee
2026,Marianne Garcia,Middle Tennessee
2026,Sydnie Broom,Middle Tennessee
2026,Veronica Sierzant,Middle Tennessee
2026,Ava Smith,Middle Tennessee
2026,Michaela Dlouhá,Middle Tennessee
2026,Kendall Mignerey,Middle Tennessee
2026,Caroline Macander,Middle Tennessee
2026,Danielle Lee,Middle Tennessee
2026,Danit Cohen,Middle Tennessee
2026,Trinniti Stevens,Middle Tennessee
2026,Hanah Stoddard,Northern Arizona
2026,Mallory Reynolds,Northern Arizona
2026,Gigi Greenlee,Northern Arizona
2026,Georgi Stein,Northern Arizona
2026,Taryn Davis,Northern Arizona
2026,Lauren Edlund,Northern Arizona
2026,Ella Hosfeld,Northern Arizona
2026,Peyton Devlin,Northern Arizona
2026,Masina Perez,Northern Arizona
2026,Lilly Holmes,Northern Arizona
2026,Avalon Legg,Northern Arizona
2026,Laney Wilson,Northern Arizona
2026,Avery Gottschalk,Northern Arizona
2026,Hannah Pushckor,Northern Arizona
2026,Kate Federico,Northern Arizona
2026,Quincey Coyle,Northern Arizona
2026,Kate Camp,Northern Arizona
2026,Nina Schuberth,Southeast Missouri State
2026,Lucy Arndt,Southeast Missouri State
2026,Paige Smith,Southeast Missouri State
2026,Marin Johnson,Southeast Missouri State
2026,Alayna Christner,Southeast Missouri State
2026,Ellie Burns,Southeast Missouri State
2026,Sydney Miller,Southeast Missouri State
2026,Holland Guilliams,Southeast Missouri State
2026,Megan Holder,Southeast Missouri State
2026,Reagan Nelson,Southeast Missouri State
2026,Brooklyn Ritter,Southeast Missouri State
2026,Harper Highfill,Southeast Missouri State
2026,Ava Mathews,Southeast Missouri State
2026,Katarina Miscevic,Southeast Missouri State
2026,Jacey Young,Southeast Missouri State
2026,Katy St. John,Southeast Missouri State
2026,Alaina Lester,Southeast Missouri State
2026,Holley McFadden,Oregon
2026,Iva Šucurovic,Oregon
2026,Natalie Fukumoto,Oregon
2026,Rebeka Castillo,Saint Peter's
2026,Jenna Garner,Pennsylvania
2026,Lauryn Lewis,Pennsylvania
2026,Nathalie Tsai,Pennsylvania
2026,Zada Sanger,Pennsylvania
2026,Haley Kerstetter,Pennsylvania
2026,Skylar Greene,Pennsylvania
2026,Elsa McDermott,Pennsylvania
2026,Emery Moore,Pennsylvania
2026,Adell Murray,Pennsylvania
2026,Lauren Van Wie,Pennsylvania
2026,Jenniya Lane,Pennsylvania
2026,Bella Rittenberg,Pennsylvania
2026,Reese Stringer,Pennsylvania
2026,Addison Pollock,Pennsylvania
2026,Ellie Siskin,Pennsylvania
2026,Taylor Roloff,Pennsylvania
2026,Hailey Hilsabeck,Pennsylvania
2026,Pilar Kelley,Pennsylvania
2026,Jessica Smallwood,Pittsburgh
2026,Sabrina King,Princeton
2026,Dominique Mason,Princeton
2026,Milexa Cardona,Princeton
2026,Aislinn Roth,Princeton
2026,Ally Christman,Princeton
2026,Jessica Ward,Princeton
2026,Andrej Kosmrlj,Princeton
2026,Ramona Romero,Princeton
2026,Evan Schneider,Princeton
2026,Cecily Swanson,Princeton
2026,Ludovic Tangpi,Princeton
2026,Corina Tarnita,Princeton
2026,Kenna Wollard,Purdue
2026,Bianka Lulić,Purdue
2026,Rachel Williams,Purdue
2026,Bella Knoernschild,Arkansas
2026,Hania Labanowska,Seton Hall
2026,Maddy Loiselle,Seton Hall
2026,Sadie Reich,Seton Hall
2026,Grace Turner,Seton Hall
2026,Teodora Stamenkovic,St. John's
2026,Kendall White,St. John's
2026,Angelica Rodriguez,St. John's
2026,Martina Capponcelli,St. John's
2026,Katianna Mejia- Betancur,St. John's
2026,Lejla Hadziredzepovic,St. John's
2026,Shiloh Clayton,St. John's
2026,Rashanny Solano Smith,St. John's
2026,Barbara Costa dos Santos,St. John's
2026,Brooke Boyles,St. John's
2026,Amanda Caputi,St. John's
2026,Chloe Bell,St. John's
2026,Carola Tesoro,St. John's
2026,Sohelia Cirelli,St. John's
2026,Kya Harris,St. John's
2026,Maggie Carcillo,St. John's
2026,Sumaiyya Harris,St. John's
2026,Una Vajagić,Arizona State
2026,Ella Hope,Arizona State
2026,Živa Labinjan,Arizona State
2026,Ella Lewis,Arizona State
2026,Aniya Clinton,Arizona State
2026,Jadyn Wilgus,Arizona State
2026,Zoey Burgess,Arizona State
2026,Elle Mottola,Arizona State
2026,Noemie Glover,Arizona State
2026,Isabella Costantini,Arizona State
2026,Piper Rama,Arizona State
2026,Jillian Neal,Arizona State
2026,Faith Frame,Arizona State
2026,Aurora Papac,Arizona State
2026,Antonina Serafinowska,Arizona State
2026,Grace Martin,Arizona State
2026,Paige Lehman,Arizona State
2026,Maéva Schalk,Arizona State
2026,Ella Lomigora,Arizona State
2026,Kiylah Presley,Arizona State
2026,Steel Sinai,Temple
2026,Maddie Metcalf,Temple
2026,Ope Aladetimi,Temple
2026,Sofia Vega Lopez,Temple
2026,Daniella Gonzalez Murati,Temple
2026,Anja Kujundžić,Texas
2026,Camille Presley,Texas
2026,Maddy Bach,Toledo
2026,0,Troy
2026,Mina Benucci,Albany
2026,Addy Bianchini,Albany
2026,Kiki Provatas,Albany
2026,Madison Hess,Albany
2026,Kasia Barletta,Albany
2026,Lily Lott,Albany
2026,Nia Gibson,Albany
2026,Pinar Erol,Albany
2026,Campbell Robinson,Albany
2026,Sabrina Kinkaid,Albany
2026,McKenna Collins,Albany
2026,Sophie Burkey,Albany
2026,Madison Kyle,Albany
2026,Nil Özer,Albany
2026,Duri Harden,Albany
2026,Abby Schomers,Central Florida
2026,Sarah Mendoza,Central Florida
2026,Sasha Cohen,Central Florida
2026,Fallon Stewart,Central Florida
2026,London Adkins,Central Florida
2026,Ella Chapman,Central Florida
2026,Alexa Haley,Central Florida
2026,Avah Armour,Central Florida
2026,Reese Moore,Central Florida
2026,Nygeria Hart,Central Florida
2026,Kiki Horne,Central Florida
2026,Emma Cook,Central Florida
2026,Natasha Casey,Central Florida
2026,Deana Petrov,Central Florida
2026,Chloe Albiez,Central Florida
2026,Mikayla Porter,Central Florida
2026,Elena Dibbs-Frantz,Central Florida
2026,Austin Clark,Central Florida
2026,Matt Botsford,Central Florida
2026,Kate Morrell,Central Florida
2026,Sean Kiracofe,Central Florida
2026,Trevor Kennan,Central Florida
2026,Sonja Litten,Central Florida
2026,Chris McFarlane,Central Florida
2026,Dane Bachman,Central Florida
2026,H.R. Powell,Central Florida
2026,Abby Karalus,Central Florida
2026,John Whitford,Central Florida
2026,Dr. Raquel Jones,Central Florida
2026,Rachel Rodriguez,Central Florida
2026,Alex Clough,Central Florida
2026,Nicole Whitaker,Central Florida
2026,Lexi Campagna,Central Florida
2026,Matt Werle,UCLA
2026,Stevi Robinson-Trail,UCLA
2026,Bryan Dell'Amico,UCLA
2026,Kylie Miller,UCLA
2026,AJ Ruttenberg,UCLA
2026,Samiyah Abdur-Rahim,South Florida
2026,Paula Tomasa,South Florida
2026,Laila Ivey,South Florida
2026,Miya Thomas,South Florida
2026,Mora Pampin,South Florida
2026,Nina Jioshvili-Ravva,South Florida
2026,Sofija Djordjevic,South Florida
2026,Anne Perez,South Florida
2026,Cate Palmi,South Florida
2026,Iyanna Garvin,South Florida
2026,Addy Brus,South Florida
2026,Riley McCaughey,South Florida
2026,Duda Gomes,South Florida
2026,Amelia Wass de Czege,South Florida
2026,Ryelle Rondo,South Florida
2026,Emelyn Stettin,South Florida
2026,Rana Yamada,South Florida
2026,Zeta Washington,South Florida
2026,Princess Atamah,Utah
2026,Isabella Mogridge,Utah
2026,Hana Aiana,Texas-Arlington
2026,Erica Dellesky,Texas-Arlington
2026,Eliana Collins,Texas-Arlington
2026,Lily Hopkins,Texas-Arlington
2026,Sophia Krichev,Texas-Arlington
2026,Emilee Sikora,Texas-Arlington
2026,Mazi Smith,Texas-Arlington
2026,Isabella Camacho,Texas-Arlington
2026,Evyn Snook,Texas-Arlington
2026,Megan Dougherty,Texas-Arlington
2026,Milica Peci,Texas-Arlington
2026,Karisa Martin,Texas-Arlington
2026,Camryn McMinn,Texas-Arlington
2026,Lucy Tricco,Texas-Arlington
2026,Morgan Stitzer,Texas-Arlington
2026,Dixie Nessl,Texas-Arlington
2026,Samantha Glenn,Texas-Arlington
2026,Gabi Smith,Idaho
2026,Anika Hudson,Idaho
2026,Letizia Galli,Virginia Commonwealth
2026,Gabby LaPata,Virginia Commonwealth
2026,Meghan Touhey,Virginia Commonwealth
2026,Lannah Price,Virginia Commonwealth
2026,Molly McCall,Virginia Commonwealth
2026,Dominika Kasinska,Virginia Commonwealth
2026,Sarah Dibbs-Frantz,Virginia Commonwealth
2026,Julieta Portillo,Virginia Commonwealth
2026,Kayla Foley,Virginia Commonwealth
2026,Maddalena Fiolo,Virginia Commonwealth
2026,Lara Del Core,Virginia Commonwealth
2026,Nina Boledovicova,Virginia Commonwealth
2026,Akire Jones,Virginia Commonwealth
2026,Jordan Baksh,Virginia Commonwealth
2026,Dunja Martic,Virginia Commonwealth
2026,Cansin Sendir,Virginia Commonwealth
2026,Ally Slater,Virginia Commonwealth
2026,Amina N'Diaye,Wake Forest
2026,Georgia Haynes,Western Illinois
2026,Audrey Pender,Western Illinois
2026,Karlie Lane,Western Illinois
2026,Grace Ulatowski,Western Illinois
2026,Madelyn Norton,Western Illinois
2026,Maria Eduarda Frizzo,Western Illinois
2026,Ashlee Markert,Western Illinois
2026,Hillary Estes,Western Illinois
2026,Maria Eduarda Pereira Tonella,Western Illinois
2026,Jacque Adair,Western Illinois
2026,Kennedy Adair,Western Illinois
2026,Alysia Perez,Western Illinois
2026,Jaleah Bauss,Western Illinois
2026,Melaina Hawblitzel,Western Illinois
2026,Emilia Kouri,Western Illinois
2026,Martyna Sowiak,Western Illinois
2026,Sadie Kroeger,Xavier
2026,Cami Sher,Xavier
2026,Addie Haberthy,Xavier
2026,Gabby Semona,Xavier
2026,Jaylynn McNeill,Alcorn State
2026,Rylan Jones,Alcorn State
2026,Bailey Upshaw,Alcorn State
2026,Juliana Henao,Alcorn State
2026,Kelsey Burks,Alcorn State
2026,Kasey Watkins,Alcorn State
2026,Ki’ara Knight-Thompson,Alcorn State
2026,Cristin Webb,Alcorn State
2026,Ma'Kayla Coats,Alcorn State
2026,Tomoni Giddings,Alcorn State
2026,Brayla Doss,Alcorn State
2026,Alexis Burton,Alcorn State
2026,Mariyah Young,Alcorn State
2026,Courtney Carter,Alcorn State
2026,Kayla Jones,Alcorn State
2026,Daylin Saiki,Alcorn State
2026,Charlotte Thompson,Appalachian State
2026,Eva Goodson,Appalachian State
2026,Brooke Doherty,Appalachian State
2026,Lexi Shondell,Appalachian State
2026,MeMe Davis,Appalachian State
2026,Caroline Greene,Appalachian State
2026,Bella Dafforn,Appalachian State
2026,Molly Teague,Appalachian State
2026,Chelsea Gilmore,Appalachian State
2026,Bella Hutchens,Appalachian State
2026,Amber McClain,Appalachian State
2026,Amelia Mancino,Appalachian State
2026,Raegan Richardson,Appalachian State
2026,Neveah Hays,Appalachian State
2026,Delanie Grevengoed,Appalachian State
2026,Iris Williams,Appalachian State
2026,Lou Johnson,Appalachian State
2026,Reaghan Larkin,Austin Peay
2026,Gianna Bender,San Diego State
2026,Annelise Rising,San Diego State
2026,Zara Stewart,San Diego State
2026,Layla Austin,San Diego State
2026,Logan Cary,San Diego State
2026,Ella Schabort,San Diego State
2026,Annabelle De Jager,San Diego State
2026,Lauranta Iyalekhue,San Diego State
2026,Taelyn Bentley,San Diego State
2026,Stephanie Gonzalez,San Diego State
2026,Tessa Schouten,San Diego State
2026,Haylee Brown,San Diego State
2026,Nazare Judd,San Diego State
2026,Mila Gehlen,San Diego State
2026,Chelsea Cocks,San Diego State
2026,Rylie Sengdara,San Diego State
2026,Kendall Mairs,San Diego State
2026,Brent Hilliard,San Diego State
2026,Steve Timmons,San Diego State
2026,Haley Coulter,San Diego State
2026,Clayre Shaver,San Diego State
2026,73,Ball State
2026,11,Ball State
2026,84,Ball State
2026,Chidera Okocha,Alabama State
2026,Denver Watkins,Alabama State
2026,Emani Green,Alabama State
2026,Aliyah Pooler,Alabama State
2026,Lyric Edwards,Alabama State
2026,Sharide Sykes,Alabama State
2026,Taylor Williams,Alabama State
2026,Mirra Riddle,Alabama State
2026,Julia Slaughter,Alabama State
2026,Alexis Williams,Alabama State
2026,Mikalah Davis,Alabama State
2026,Kamrynn Clay,Alabama State
2026,Nadiyyah Northern,Alabama State
2026,Makeda Edwards,Alabama State
2026,Jaci Moore,Alabama State
2026,Amaya Robinson,Alabama State
2026,Kaylen Hines,Alabama State
2026,Ava O'Hare,Alabama State
2026,Anna Jelinek,Long Beach State
2026,Izzy Mahaffey,Long Beach State
2026,Pola Bujnarowska,Long Beach State
2026,Laurel Barsocchini,Long Beach State
2026,Chloe Johnson,Long Beach State
2026,Haumea Marumoto,Long Beach State
2026,Preslie Yates,Long Beach State
2026,Kyler Birkelbach,Long Beach State
2026,Madi Maxwell,Long Beach State
2026,Kinga Ziolkowska,Long Beach State
2026,Sidney Hamaker,Long Beach State
2026,Emma Gardner,Long Beach State
2026,Anabel Kotzakov,Long Beach State
2026,Dani Thomas-Nathan,Long Beach State
2026,Reagan Hope,Long Beach State
2026,Mia Halsey,Long Beach State
2026,Madi Collins,Long Beach State
2026,Kendal Murphy,Long Beach State
2026,1,Sam Houston State
2026,7,Sam Houston State
2026,0,Sam Houston State
2026,9,Sam Houston State
2026,Kate Eigner,Bowling Green
2026,Xalia King,Presbyterian College
2026,Cassandra Verley,Presbyterian College
2026,Courtney Williams,Presbyterian College
2026,Amaris Alvarez,Presbyterian College
2026,Anisa Dorlouis,Presbyterian College
2026,Ashley Dienes,Presbyterian College
2026,Keira O'Donnell,Presbyterian College
2026,Sophia Pheney,Presbyterian College
2026,Emma McHatten,Presbyterian College
2026,Reagan Hare,Presbyterian College
2026,Julia Yurkovich,Presbyterian College
2026,Meredith Reisman,Presbyterian College
2026,Brittney Daphnis,Presbyterian College
2026,Celimar Hoyos,Presbyterian College
2026,Kaylie Bourn,Presbyterian College
2026,Sophia Verdicchio,Presbyterian College
2026,Ashley Miller,Presbyterian College
2026,Kendall Hastings,Boise State
2026,Melia Barlow,Boise State
2026,Reese Hone,Boise State
2026,Reese Weinert,Boise State
2026,Azlynn Tittmann,Boise State
2026,Amelia Hansen,Boise State
2026,Tehya Maeva,Boise State
2026,Athena Cox,Boise State
2026,Savannah Sheridan,Boise State
2026,Jenelle Legates,Boise State
2026,Sydney Dreves,Boise State
2026,Hallee Heath,Boise State
2026,Sadie Snyder,Boise State
2026,Giselle Paedon,Boise State
2026,2,Cal Poly
2026,3,Cal Poly
2026,7,Cal Poly
2026,15,Cal Poly
2026,Ashlyn Cobb,Western Carolina
2026,Halley Tang,Western Carolina
2026,Brookelyn Nance,Western Carolina
2026,Leilani Ramos,Western Carolina
2026,Elise Gurley,Western Carolina
2026,Aiyana Harris,Western Carolina
2026,Taylor Baggett,Western Carolina
2026,Danielle Wheat,Western Carolina
2026,Peri Subat,Western Carolina
2026,JoJo Abeyta,Western Carolina
2026,Tatum Sharp,Western Carolina
2026,Samantha Kranzler,Western Carolina
2026,Sophia Marini,Western Carolina
2026,Evelyn Keefer,Western Carolina
2026,Katie Boney,Western Carolina
2026,Eda Yalçinkaya,Western Carolina
2026,Zoe Zudans,Western Carolina
2026,Bella Loeswick,Coastal Carolina
2026,Kayla Channell,Coastal Carolina
2026,Cole Crews,College of Charleston
2026,Gabby Tuiaana,College of Charleston
2026,Jumana Martin,College of Charleston
2026,Julia Gnida,College of Charleston
2026,Violet Poole,College of Charleston
2026,Lauren Dow,College of Charleston
2026,Rosa Brenčič,College of Charleston
2026,Julie Nzambele,College of Charleston
2026,Sydney Bates,College of Charleston
2026,Emma Duffield,College of Charleston
2026,Helena Vukovic,College of Charleston
2026,Makena Parthen,College of Charleston
2026,Caroline Noonan,College of Charleston
2026,Madison Hewitson,College of Charleston
2026,Deanna Dollar,College of Charleston
2026,Laura Sarajarvi,College of Charleston
2026,Lucy Haywood,College of Charleston
2026,Lainee Mack,College of Charleston
2026,Amanda Busk,College of Charleston
2026,Téa Bosanac,Colgate
2026,Sara Pomar,Cornell
2026,CJ Holdsworth,Cornell
2026,Luiza Da Cruz,Cal State Bakersfield
2026,Torrin Higginbotham,Cal State Bakersfield
2026,Ana Benjamim,Cal State Bakersfield
2026,Amyri Robinson,Cal State Bakersfield
2026,Analiese Gagliano,Cal State Bakersfield
2026,Anna Bacchin,Cal State Bakersfield
2026,Suelen Lima,Cal State Bakersfield
2026,Taly Acherboim,Cal State Bakersfield
2026,Nele Broszat,Cal State Bakersfield
2026,Ella Pallagi,Cal State Bakersfield
2026,Boden Liljedahl,Cal State Bakersfield
2026,Ema Thompson,Cal State Bakersfield
2026,Defne Yanik,Cal State Bakersfield
2026,Samantha Capinpin,Cal State Bakersfield
2026,Josephine Rausch,Cal State Bakersfield
2026,Reese Jackson,Cal State Bakersfield
2026,Leylah Duran,Cal State Bakersfield
2026,Jordyn Waite-Ward,Cal State Bakersfield
2026,Emersyn Reiter,Charleston Southern
2026,Braelynn Brewington,Charleston Southern
2026,Jenna Kitchens,Charleston Southern
2026,Presley Morris,Charleston Southern
2026,Tristin Sutton,Charleston Southern
2026,Brynn Minter,Charleston Southern
2026,Grace Smith,Charleston Southern
2026,Naya Martinez,Charleston Southern
2026,Ola Matusiak,Charleston Southern
2026,Emma Bednarek,Charleston Southern
2026,Dillia Lowry,Charleston Southern
2026,Cara McLean,Charleston Southern
2026,Faith Burch,Charleston Southern
2026,Kylee Roberts,Charleston Southern
2026,Adeline Wieler,Charleston Southern
2026,Laila Hilton,Charleston Southern
2026,Ava Pitzer,Charleston Southern
2026,Surima Akat,Charleston Southern
2026,Lauren Farris,Columbia
2026,0,Dartmouth
2026,Abbie Henson,Davidson
2026,"Angelique ""Geli"" St. Laurent",Davidson
2026,India Gantt,Delaware
2026,Fiona Rigby,Delaware
2026,Avery Brown,Delaware
2026,Aubrey Lyssy,Delaware
2026,Sydney Mayfield,Delaware
2026,Isabela Tavares Salomon,DePaul
2026,Jade Dudley-Epps,DePaul
2026,Maria Fernanda Cisneros Salas,Delaware State
2026,Amanda Santos Juliao,Delaware State
2026,Aubree Mon,Delaware State
2026,Hannah Sanders,Delaware State
2026,Haley Crawford,Delaware State
2026,Courtney Nix,Delaware State
2026,Myracle Davis,Delaware State
2026,Aaliyah Mitchell,Delaware State
2026,Paige Ahakuelo,Delaware State
2026,Autumn Richardson,Delaware State
2026,Mikayla Moore,Delaware State
2026,Lelaini Diggs,Delaware State
2026,Jalia Dublin,Delaware State
2026,Ailena Mykins,Delaware State
2026,Riley Parker,Delaware State
2026,Emma Patmon,Delaware State
2026,Duura Kpea,Delaware State
2026,Ariadna Pereles,Eastern Illinois
2026,Jasmyne Boone,Eastern Illinois
2026,Kyla Coolman,Eastern Illinois
2026,Hannah Hawkins,Eastern Illinois
2026,McKenna Morton,Eastern Illinois
2026,Katie Kopshever,Eastern Illinois
2026,Anna McEwen,Eastern Illinois
2026,Jorah Rutter,Eastern Illinois
2026,Emma Hanson,Eastern Illinois
2026,Alanys Nieves,Eastern Illinois
2026,Anaya Rawlinson,Eastern Illinois
2026,Addison Erb,Eastern Illinois
2026,Mirea Thederahn,Eastern Illinois
2026,Peyton Castillo,Eastern Illinois
2026,Kaeden Foxx,Eastern Illinois
2026,Abana Teran,Eastern Illinois
2026,Sydney Javes,Eastern Illinois
2026,Alana Guibert,Eastern Illinois
2026,Emily Melton,Eastern Kentucky
2026,Elissa Furlan,Eastern Kentucky
2026,Becca Rogers,Eastern Kentucky
2026,Emersyn Robbins,Eastern Kentucky
2026,Cassidy Trahan,Eastern Kentucky
2026,Emilee Hill,Eastern Kentucky
2026,Lydia Stephens,Eastern Kentucky
2026,Josie Nichols,Eastern Kentucky
2026,Cooper Abney,Eastern Kentucky
2026,Audrey Hudson,Eastern Kentucky
2026,Caitlyn Flees,Eastern Kentucky
2026,Alexis Bull,Eastern Kentucky
2026,Stella Terpening,Eastern Kentucky
2026,Sophia Richardson,Eastern Kentucky
2026,Addison Burke,Eastern Kentucky
2026,Emma Closurdo,Eastern Kentucky
2026,Alexis Woolf,Eastern Kentucky
2026,337,Eastern Michigan
2026,522,Eastern Michigan
2026,759,Eastern Michigan
2026,331,Eastern Michigan
2026,1949,Eastern Michigan
2026,Arianna Warner,Maryland-Eastern Shore
2026,Jentle Brannon,Maryland-Eastern Shore
2026,Kate-Linh Eden,Maryland-Eastern Shore
2026,Jocelyn Torres,Maryland-Eastern Shore
2026,Alivia Proctor,Maryland-Eastern Shore
2026,Jaslyn Dawkins,Maryland-Eastern Shore
2026,Jayda Hutchins,Maryland-Eastern Shore
2026,Kyra Bradford,Maryland-Eastern Shore
2026,Rayah Howell,Maryland-Eastern Shore
2026,Lila Bryant,Maryland-Eastern Shore
2026,Karielys Melendez,Maryland-Eastern Shore
2026,Shayla Henry,Maryland-Eastern Shore
2026,Jaelyn Stewart,Maryland-Eastern Shore
2026,Gabrielle McCoy,Maryland-Eastern Shore
2026,Margarette Vasquez,Maryland-Eastern Shore
2026,Malaysia Shaw,Maryland-Eastern Shore
2026,Dynasty Andrews,Maryland-Eastern Shore
2026,Gianna Blair,East Tennessee State
2026,Sophie Davis,East Tennessee State
2026,Ryan Jomo,East Tennessee State
2026,Darby Felts,East Tennessee State
2026,Chloe Smith,East Tennessee State
2026,Phoenix Fogel,East Tennessee State
2026,Raegan Waller,East Tennessee State
2026,Kennedy Boatman,East Tennessee State
2026,Melanie Morris,East Tennessee State
2026,Alex Kreutzmann,East Tennessee State
2026,Zeynep Özer,East Tennessee State
2026,Makayla Bays,East Tennessee State
2026,Karis Chatfield,East Tennessee State
2026,Malia Brinkman,East Tennessee State
2026,Bailey Gohlke,East Tennessee State
2026,Emma MacFerran,East Tennessee State
2026,Elizabeth Aylward,East Tennessee State
2026,Stephanie Groswirt,Eastern Washington
2026,Jade Livingston,Eastern Washington
2026,Carlyn Rapozo-Kamoku,Eastern Washington
2026,Reese Betschart,Eastern Washington
2026,Cassandra Moeller,Eastern Washington
2026,Jailyn Davenport,Eastern Washington
2026,Quincy Moran,Eastern Washington
2026,Sidney Gray,Eastern Washington
2026,Kalista Lukovich,Eastern Washington
2026,Makena Gamby,Eastern Washington
2026,Judith Bolomboy,Eastern Washington
2026,Bria Carlisle,Eastern Washington
2026,Mia Polloi,Eastern Washington
2026,Elle Bruegman,Eastern Washington
2026,Ziah Sneva,Eastern Washington
2026,Erin McInnes,Eastern Washington
2026,Aspyn Reed,Eastern Washington
2026,Ava Norris,Florida Atlantic
2026,Luye Marquez-Moreno,Florida Atlantic
2026,Emsley Venard,Florida Atlantic
2026,Sara Gamboa,Florida Atlantic
2026,Kierstin Bevelle,Florida Atlantic
2026,Anna Hartman,Florida Atlantic
2026,Maya Van Heyst,Florida Atlantic
2026,Chloe Garcia,Florida Atlantic
2026,Bre Morgan,Florida Atlantic
2026,Zoe Winford,Florida Atlantic
2026,Olivia Hart,Florida Atlantic
2026,Isabella Johnson,Florida Atlantic
2026,Natalie Depaula,Florida Atlantic
2026,Isabelle Northam,Florida Atlantic
2026,Brooke Crummel,Florida Atlantic
2026,Maggie Allred,Florida Atlantic
2026,Libby Ashline,Florida Atlantic
2026,Sequoia Layne,Florida Atlantic
2026,Isabella Scarfone,Fairleigh Dickinson
2026,Sirma Bayrakci,Fairleigh Dickinson
2026,Agnes Shakirova,Fairleigh Dickinson
2026,Nina Jasiecka,Fairleigh Dickinson
2026,Kayla Green,Fairleigh Dickinson
2026,Nihal Kocakara,Fairleigh Dickinson
2026,Ava Deguzman,Fairleigh Dickinson
2026,Katarina Trutina,Fairleigh Dickinson
2026,Ashlyn Gualtieri,Fairleigh Dickinson
2026,Nora Marginean,Fairleigh Dickinson
2026,Regan Tanner,Fairleigh Dickinson
2026,Alessia Zampieri,Fairleigh Dickinson
2026,Szonja Csabai,Fairleigh Dickinson
2026,Mila Samardzija,Fairleigh Dickinson
2026,Kaylie Jensen,Fairleigh Dickinson
2026,Angela Marchetto,Fairleigh Dickinson
2026,Kiah Lopez,Fairleigh Dickinson
2026,Brooke Kamelchuk,Fairleigh Dickinson
2026,Jelena Jevtic,Fairleigh Dickinson
2026,Madeline Joyce,Fairleigh Dickinson
2026,Ava Theiller,Florida Gulf Coast
2026,Julija Grubisic Cabo,Florida Gulf Coast
2026,Anna Marzella,Florida Gulf Coast
2026,Erica Muhizi,Florida Gulf Coast
2026,Eliska Vytiskova,Florida Gulf Coast
2026,Abby Toeniskoetter,Florida Gulf Coast
2026,Katie Gielas,Florida Gulf Coast
2026,Shay Heaney,Florida Gulf Coast
2026,Dinara Sabitova,Florida Gulf Coast
2026,Maju Hildebrand,Florida Gulf Coast
2026,Camila Soto,Florida Gulf Coast
2026,Devynn Schulze,Florida Gulf Coast
2026,Catharina Scorza,Florida Gulf Coast
2026,Amany Kuwa,Florida Gulf Coast
2026,Gabriella Destler,Fordham
2026,Özge Özaslan,Fordham
2026,Gabby Lombardi,Fresno State
2026,Isabel Smart,Fresno State
2026,Anna Bolich,Fresno State
2026,Michon Sailors,Fresno State
2026,Brooke Jenkins,Fresno State
2026,Brooklyn Washington,Fresno State
2026,Peyton Bitter,Fresno State
2026,Aryam Munoz,Fresno State
2026,Alivia Schneider,Fresno State
2026,Jess Watanabe,Fresno State
2026,Olivia Lombardi,Fresno State
2026,Andee May,Fresno State
2026,Addison Williams,Fresno State
2026,Mya Sellers,Fresno State
2026,Kiley Devery,Fresno State
2026,Jenna Legault,Fresno State
2026,Payton Whalen,Florida St
2026,Ava Lambert,Florida St
2026,Nicole Mauser,Florida St
2026,Kelsey Perry,Florida St
2026,Victoria David,Florida St
2026,Ryan Murphy,Florida St
2026,Emma Lilo,Florida St
2026,Callie Kieffer,Florida St
2026,Caylan Russ,Florida St
2026,Kyleene Filimaua,Florida St
2026,Bennett Raterman,Florida St
2026,Johanna Sova,Florida St
2026,Nenu Kpea,Florida St
2026,Sofia Moss,Florida St
2026,Maile Chan,Florida St
2026,Bailey Higgins,Florida St
2026,Delaney Ewing,Florida St
2026,Lexie Mason,Florida St
2026,Elon Smith,Cal State Fullerton
2026,Parys Taylor,Cal State Fullerton
2026,Sofia Shine,Cal State Fullerton
2026,Neeva Gaine,Cal State Fullerton
2026,Bella Risling,Cal State Fullerton
2026,Sibley Oster,Cal State Fullerton
2026,Jaiden Mojica,Cal State Fullerton
2026,Kaia Herweg,Cal State Fullerton
2026,Hannah Hass,Cal State Fullerton
2026,Mia Feldhaus,Cal State Fullerton
2026,Italia Bernal,Cal State Fullerton
2026,Emilia Graham,Cal State Fullerton
2026,Arianna Ellis,Cal State Fullerton
2026,Kaieva Christensen,Cal State Fullerton
2026,Marisa Nakata,Cal State Fullerton
2026,Zariah Crosby,Cal State Fullerton
2026,Ava Pond,Cal State Fullerton
2026,Olivia Peterson,Furman
2026,Katherine Deisher,Furman
2026,Antonie Kelnarova,Saint Mary's (CA)
2026,Lily Rolfes,Cincinnati
2026,Tatjana Simeunović,Cincinnati
2026,Tess Dezurik,Campbell
2026,Nathalie Tulumaris,Northern Illinois
2026,Ava Grevengoed,Northern Illinois
2026,Kiana Shields,Northern Illinois
2026,Kylie Schulze,Northern Illinois
2026,Viktoria Djukic,Northern Illinois
2026,Ellie Smith,Northern Illinois
2026,Rylea Alvin,Northern Illinois
2026,Delaney Steers,Northern Illinois
2026,Katelyn Pahl,Northern Illinois
2026,Aiden Lightburn,Northern Illinois
2026,Naomi Dowd,Northern Illinois
2026,Autumn Flynn,Northern Illinois
2026,Lillianna Abney,Northern Illinois
2026,Charlotte Gramzow,Northern Illinois
2026,Charizma Lofton,Northern Illinois
2026,STELLA SWENSON,Minnesota
2026,MCKENNA WUCHERER,Minnesota
2026,MAKENNA CROSSON,Minnesota
2026,MCKENNA GARR,Minnesota
2026,KATE THIBAULT,Minnesota
2026,CARLY GILK,Minnesota
2026,CALISSA MINATEE,Minnesota
2026,GEORGIA LEE,Minnesota
2026,MADI KRAFT,Minnesota
2026,ZEYNEP PALABIYIK,Minnesota
2026,OLIVIA SWENSON,Minnesota
2026,JORDAN TAYLOR,Minnesota
2026,LUCIE BLAŽKOVÁ,Minnesota
2026,ELENA HOECKE,Minnesota
2026,ALEX ACEVEDO,Minnesota
2026,KELLY KINNEY,Minnesota
2026,Janaya Weitkemper,Wichita State
2026,Niya Lewis,Wichita State
2026,Olivia Cohee,Wichita State
2026,Addie Oeth,Wichita State
2026,Kate Mobley,Wichita State
2026,Jenna Cubbage,Wichita State
2026,Eva Krakowski,Wichita State
2026,Elinor Engel,Wichita State
2026,Danielle Moore,Wichita State
2026,Sydney Dunning,Wichita State
2026,Grace Hett,Wichita State
2026,Sophia Gilbert,Wichita State
2026,Maddie Wilson,Wichita State
2026,Trinity Luckett,Wichita State
2026,Jordan Heatherly,Wichita State
2026,Olivia Stein,Wichita State
2026,Alex Watts,Wichita State
2026,Aliah Snider,Wichita State
2026,Brea Martin,Wichita State
2026,Gabi Maas,Wichita State
2026,McKenzie Jones,Wichita State
2026,Allie Paulsen,Wichita State
2026,20,Tulane
2026,53,Tulane
2026,17,Tulane
2026,90,Tulane
2026,1,Tulane
2026,0,Tulane
2026,Madi Cowan,Canisius
2026,2,Georgia Southern
2026,24,Georgia Southern
2026,5,Georgia Southern
2026,31,Georgia Southern
2026,Reagan Elizondo,Georgia State
2026,Dariana Valencia,Georgia State
2026,Leilani-Kai Giusta,Georgia State
2026,Charley Goberville,Georgia State
2026,Milana Holland,Georgia State
2026,Sydney Crowder,Georgia State
2026,Madilyn Lenox,Georgia State
2026,Sigrun Jonsdottir,Georgia State
2026,Jayden Fitzgerald,Georgia State
2026,Annelore Engels,Georgia State
2026,Sophia Johnson,Georgia State
2026,Julie Arias,Georgia State
2026,Manuela Altieri Liev,Georgia State
2026,Akira Burt,Georgia State
2026,Jayden Eaker,Georgia State
2026,Mina Olgar,Georgia State
2026,Isabel Morales,Georgia State
2026,Gabi Robinska,Georgia Tech
2026,Larissa Mendes,Georgia Tech
2026,Zoë Humphrey,Georgia Tech
2026,Abi Li,Georgia Tech
2026,Laura Bieleski,Georgia Tech
2026,Addison Miller,Hartford
2026,Arianna Mapa,Hartford
2026,Belen Butler,Hartford
2026,Emily Theobald,Hartford
2026,Lauren Johnson,Hartford
2026,Gabriela Caucci,Hartford
2026,Calla McCombs,Hartford
2026,Mckenzie Dearborne,Hartford
2026,Amara Rhodes,Hartford
2026,Jenna Murphy,Hartford
2026,Jordan Murphy,Hartford
2026,Rylee Miller,Hartford
2026,Aribella Stephens,Hartford
2026,Mattea Cosby,Hartford
2026,Camille Earl,Hartford
2026,Andrea Martir-Perez,Hartford
2026,Gigi Churn,Hartford
2026,Madeline Pankowski,Harvard
2026,Maëli Cormier,Hawaii
2026,Drianyeliz Cora,Houston Christian
2026,Ensilina Savelio,Houston Christian
2026,I'Onna Jones,Houston Christian
2026,Ava White,Holy Cross
2026,Melis Basaran,Hofstra
2026,Easnadh Nobel To'olo,Howard
2026,Reese Watkins,Howard
2026,Morgan Duse-Anthony,High Point
2026,Sydni Weber,Indiana State
2026,Chloe Gilley,Indiana State
2026,Sydney King,Indiana State
2026,Ella Scott,Indiana State
2026,Kennedy Glasgow,Indiana State
2026,Lily Mueller,Indiana State
2026,Ava Robart,Indiana State
2026,Hadley Hardersen,Indiana State
2026,Anna Ptacin,Indiana State
2026,Kylie Miller,Indiana State
2026,Emmy Sher,Indiana State
2026,Corinne Knapp,Indiana State
2026,Curry Kendall,Indiana State
2026,Macy Lengacher,Indiana State
2026,Kira Holland,Indiana State
2026,Avery Hales,Indiana State
2026,Taylor Knuth,Indiana State
2026,Dylann Loggins,Indiana State
2026,Zaria Nelson,Southern
2026,Reagan Robinson,Southern
2026,Braelynn Reese,Southern
2026,Mariah Mott,Southern
2026,Ayana Johnson,Southern
2026,Kaila Baker,Southern
2026,Maleah Faust,Southern
2026,Penina Vito,Southern
2026,Sereniti Johnson,Southern
2026,Nyla Hoult,Southern
2026,Elizabeth Lualemaga,Southern
2026,Alayah Wilson,Southern
2026,Norielle Battle,Southern
2026,Paulina Agudelo Marin,Southern
2026,Najah Harris,Southern
2026,Logan Hart,Southern
2026,Alyssa Williams,Southern
2026,Maggie Kachmarik,Kent State
2026,Avrey Rigney,Kent State
2026,Kylee Baranski,Kent State
2026,Hailey Brenner,Kent State
2026,Lesley Furuta,Kent State
2026,Liliana Mechura,Kent State
2026,Mercedez Brown,Kent State
2026,Nadia Miller,Kent State
2026,Macie Moreland,Kent State
2026,Vanessa Imoh,Kent State
2026,Catie Patterson,Kent State
2026,Jordyn Anderson,Kent State
2026,Christina Vigil,Kent State
2026,Adalynn Ginley,Kent State
2026,Abbey Debevec,Kent State
2026,Ashley Verhey,Kent State
2026,Anna Ofenheusle,Kennesaw State
2026,Ava Holtz,Kennesaw State
2026,Hannah Pearce,Kennesaw State
2026,Maggie Byrd,Kennesaw State
2026,Alexis Sowers,Kennesaw State
2026,Kourtney Brown,Kennesaw State
2026,Ava Garner,Kennesaw State
2026,Hunter Cook,Kennesaw State
2026,Abby Kaminski,Kennesaw State
2026,Haley Patterson,Kennesaw State
2026,Madelyn Lincicum,Kennesaw State
2026,Gracie Pynes,Kennesaw State
2026,Ashley Theiss,Kennesaw State
2026,Olivia Burrage,Kennesaw State
2026,Kaeley Walz,Kennesaw State
2026,Ashlyn Anderson,Kennesaw State
2026,12,Kansas
2026,Katelyn Hughes,Lamar
2026,Alexa Gonzalez,Lamar
2026,Addison Stanley,Lamar
2026,Nisaan Martinez,Lamar
2026,Emily Moon,Lamar
2026,Riley Johnson,Lamar
2026,Kinley Elms,Lamar
2026,Jo Moffitt,Lamar
2026,Grace Hill,Lamar
2026,Rihanna Bryant,Lamar
2026,Leila Ceaser,Lamar
2026,Maja Malinowska,Lamar
2026,Gabrielle St. Louis,Lamar
2026,Gabby Baker,Lamar
2026,Kiana Souza,Lamar
2026,Kimaya Webb,Lamar
2026,Madelynn Coy,Lamar
2026,Saida Maksoud,Lamar
2026,58,Lehigh
2026,49,Liberty
2026,64,Liberty
2026,14,Liberty
2026,15,Liberty
2026,142,Liberty
2026,Brea Payne,Southeastern Louisiana
2026,Abigail Bailey,Southeastern Louisiana
2026,Ainsley Driska,Southeastern Louisiana
2026,Mina Petrovic,Southeastern Louisiana
2026,Melina Gonzalez,Southeastern Louisiana
2026,Lindsey Wickersham,Southeastern Louisiana
2026,Gracie Brown,Southeastern Louisiana
2026,Ashley Richardson,Southeastern Louisiana
2026,Keira Beverly,Southeastern Louisiana
2026,Claire King,Southeastern Louisiana
2026,Lauren Ossmann,Southeastern Louisiana
2026,Kyra McKelvey,Southeastern Louisiana
2026,Gracie Mann,Southeastern Louisiana
2026,Kaelyn Sharp,Southeastern Louisiana
2026,Audrey Vielguth,Southeastern Louisiana
2026,Anne Brauckmiller,Southeastern Louisiana
2026,Carissa Young,Southeastern Louisiana
2026,Miranda Bledsoe,Arkansas-Little Rock
2026,Skyler Perez,Arkansas-Little Rock
2026,Alayna Vaeth,Arkansas-Little Rock
2026,Lily King,Arkansas-Little Rock
2026,Victoria Fontenot,Arkansas-Little Rock
2026,Lovina Teel,Arkansas-Little Rock
2026,Bella Cherry,Arkansas-Little Rock
2026,Kenzie Smith,Arkansas-Little Rock
2026,Polianna Hernandez,Arkansas-Little Rock
2026,Kaylee Smith,Arkansas-Little Rock
2026,Alyssa Boyte,Arkansas-Little Rock
2026,Moe Reese,Arkansas-Little Rock
2026,Avery Fearnley,Arkansas-Little Rock
2026,Juliana Laguado,Arkansas-Little Rock
2026,Lorena Kešelj,Arkansas-Little Rock
2026,Aubrey Becker,Arkansas-Little Rock
2026,Mike Becker,Arkansas-Little Rock
2026,Olivia Melton,Arkansas-Little Rock
2026,Liam French,Arkansas-Little Rock
2026,Ronnie Harlow,Arkansas-Little Rock
2026,Danny Strohm,Arkansas-Little Rock
2026,Delaney McSweeney,Arkansas-Little Rock
2026,Rodaina Mohamed,Long Island
2026,Neela Feliberty,Long Island
2026,Mia Rojas-Avila,Long Island
2026,Miabella Musignac,Long Island
2026,Dilara Elmacioglu,Long Island
2026,Anna Ligart,Long Island
2026,Reese Teves,Long Island
2026,Sibana González Acevedo,Long Island
2026,Bella Correia,Long Island
2026,Yasmeen Muhammad,Long Island
2026,Daniela De Los Santos Castillo,Long Island
2026,Sara van Gisteren,Long Island
2026,Sara Garcia,Long Island
2026,Regan Haverstock,Loyola-Maryland
2026,Madison Monahan,Loyola-Maryland
2026,Elise Bocanegra,Loyola-Maryland
2026,Addie Huber,Loyola-Maryland
2026,Sydnee Peters,Loyola-Maryland
2026,Ellie Joffe,Loyola-Maryland
2026,Gabi Verdicchio,Loyola-Maryland
2026,Ava Nepkin,Loyola-Maryland
2026,Addie Lowe,Loyola-Maryland
2026,Elsie Afful,Loyola-Maryland
2026,Mariah Sanabia,Loyola-Maryland
2026,Ansley Keel,Loyola-Maryland
2026,Sarah Tate,Loyola-Maryland
2026,Abby Kim,Loyola-Maryland
2026,Morgan Crawford,Loyola-Maryland
2026,"Cecilia ""CC"" Potter-Pessoa",Marist
2026,McKenna Reynolds,George Mason
2026,Chelsea Colter,George Mason
2026,Ady Bollinger,George Mason
2026,Lili Smith,Purdue-Fort Wayne
2026,Ava Tester,Purdue-Fort Wayne
2026,Becky Barrett,Purdue-Fort Wayne
2026,Ellie Adams,Purdue-Fort Wayne
2026,Mya Plemons,Purdue-Fort Wayne
2026,Riley Rosneck,Purdue-Fort Wayne
2026,Avery Parris,Purdue-Fort Wayne
2026,Anna Cassidy,Purdue-Fort Wayne
2026,Trinity Rye,Purdue-Fort Wayne
2026,Haiden Means,Purdue-Fort Wayne
2026,Stephani Winzeler,Purdue-Fort Wayne
2026,Alyssa Gumbel,Purdue-Fort Wayne
2026,Kennedy McCants,Purdue-Fort Wayne
2026,Bella DiBuono,Purdue-Fort Wayne
2026,Miona Dimitric,Purdue-Fort Wayne
2026,Steve Florio,Purdue-Fort Wayne
2026,Brigitte Slack,Purdue-Fort Wayne
2026,Dan Gebhart,Purdue-Fort Wayne
2026,Jacob Carrico,Purdue-Fort Wayne
2026,Gabbie Maldonado,McNeese State
2026,Harmony Soles,McNeese State
2026,Corynne Hausler,McNeese State
2026,Carli Banks,McNeese State
2026,Maleah Mutterback,McNeese State
2026,Sophie Twigg,McNeese State
2026,Bailey Foolkes,McNeese State
2026,Sophia Tocmo,McNeese State
2026,Harmony Jackson,McNeese State
2026,Megan Grose,McNeese State
2026,Mary-Alice Dohmann,McNeese State
2026,Neal Grace Berry,McNeese State
2026,Danyele Wallace,McNeese State
2026,Gaby Santiago,McNeese State
2026,Kayla Wilson,McNeese State
2026,Aaniyah Kitchen,McNeese State
2026,Ava Henry,McNeese State
2026,Dave Fleming,North Texas
2026,Adam Campbell,North Texas
2026,Kennedy Shelstead,North Texas
2026,Emma Shaddix,North Texas
2026,Tami Afolalu,Merrimack
2026,Raegan Lantz,Miami Ohio
2026,Maria Insana,Miami Ohio
2026,Sophia Stallworth,Miami Ohio
2026,Ria Furuta,Miami Ohio
2026,Molly Creech,Miami Ohio
2026,Chelsea Williams,Miami Ohio
2026,Sophie Crawford,Miami Ohio
2026,Rachel Morgan,Miami Ohio
2026,Madison Brown,Miami Ohio
2026,Reesa Zimmerman,Miami Ohio
2026,Sydney Waller,Miami Ohio
2026,Grace Kreutz,Miami Ohio
2026,Kamryn Utley,Miami Ohio
2026,Lydia Michelin,Miami Ohio
2026,Piper Willinger,Miami Ohio
2026,Lauren Coyne,Miami Ohio
2026,Holland Van Deusen,Miami Ohio
2026,Kendall Bosse,Miami Ohio
2026,Lindy Radaszewski,Miami Ohio
2026,Isa Taylor,Montana
2026,Audrey Griffin,Mount St. Joseph
2026,Mia Borges-Pabon,Mount St. Joseph
2026,Ava Moore,Mount St. Joseph
2026,Sydney Doty,Mount St. Joseph
2026,Ryann Grigsby,Mount St. Joseph
2026,Tori Chasteen,Mount St. Joseph
2026,Brooke Shelton,Mount St. Joseph
2026,Emma Sicking,Mount St. Joseph
2026,Brayah Conley,Mount St. Joseph
2026,Claudia Mueller,Mount St. Joseph
2026,Kenzie Schoenfelder,Mount St. Joseph
2026,Jordan Birdsong,Mount St. Joseph
2026,Grace Crider,Mount St. Joseph
2026,Etellina Jackson,Mount St. Joseph
2026,Ava Maxwell,Mount St. Joseph
2026,Sierra Hartman,Mount St. Joseph
2026,Elysah Williams,Mount St. Joseph
2026,Ginger Johnson,Mount St. Joseph
2026,Lyndsey Stephenson,Mount St. Joseph
2026,Katie Rolf,Mount St. Joseph
2026,Mary Kolozsy,Mount St. Joseph
2026,Rose Brinkman,Mount St. Joseph
2026,Aubrey Miranda,Mount St. Joseph
2026,Avery Kerr,Mount St. Joseph
2026,Mary Austing,Mount St. Joseph
2026,0,Michigan State
2026,2,Michigan State
2026,21,Michigan State
2026,60,Michigan State
2026,9,Michigan State
2026,90,Michigan State
2026,8,Michigan State
2026,27,Michigan State
2026,25,Michigan State
2026,13,Michigan State
2026,73,Michigan State
2026,Lauren Greeny,Montana State
2026,Keely Culler,Montana State
2026,Teagan Jaynes,Montana State
2026,Lauren Schloe,Montana State
2026,Maggie Rhew,Montana State
2026,Elli Esko,Montana State
2026,Afton Thomsen,Montana State
2026,Jolene Green Ewen,Montana State
2026,Taylor McDonald,Montana State
2026,Teya Yeomans,Montana State
2026,Haven Rich,Montana State
2026,Alice Steman,Montana State
2026,Karli Heidemann,Montana State
2026,Joelie Spelts,Montana State
2026,Elli Tufto,Montana State
2026,Nicolette Noble,Montana State
2026,Riley McCloskey,Morehead State
2026,Haidyn Carter,Morehead State
2026,Tinsley Brown,Morehead State
2026,Mary Rindler,Morehead State
2026,Ella Warrick,Morehead State
2026,Courtney Fitzgerald,Morehead State
2026,Kylie Sharp,Morehead State
2026,Amelia Nott,Morehead State
2026,Kennedy Tinch,Morehead State
2026,Jasmine Daniels,Morehead State
2026,Josie Certa,Morehead State
2026,Norah Campbell,Morehead State
2026,Hollan Everett,Morehead State
2026,Anna Schiltz,Morehead State
2026,Sydney Sennett,Morehead State
2026,Reagan Baxter,Morehead State
2026,Isabella Rodriguez,North Carolina Central
2026,Morgan Wingo,North Carolina Central
2026,Allyson Rouse,North Carolina Central
2026,Hailey Gibbons,North Carolina Central
2026,Breylan Fairley,North Carolina Central
2026,Aniah Bass,North Carolina Central
2026,Peyton Jenkins,North Carolina Central
2026,Kayla Riley,North Carolina Central
2026,Jayla Egerton,North Carolina Central
2026,Shalyn Bell,North Carolina Central
2026,Lusiana Damuni,North Carolina Central
2026,Mya Smith,North Carolina Central
2026,Talia Emmen,North Carolina Central
2026,Alex Fuller,North Carolina Central
2026,Tabitha Newlin,North Carolina Central
2026,246,North Dakota State
2026,321,North Dakota State
2026,388,North Dakota State
2026,955,North Dakota State
2026,0,North Dakota State
2026,2,North Dakota State
2026,1,North Dakota State
2026,3,North Dakota State
2026,Kadee Goolsby,Niagara
2026,Elyannah Renae Sonza,Niagara
2026,Lizzie Kraft,Nicholls State
2026,Ava-Claire Calais,Nicholls State
2026,Zahahrah Edwards-Wyllie,Nicholls State
2026,Molly Muller,Nicholls State
2026,Maya Schirmer,Nicholls State
2026,Karina Smith,Nicholls State
2026,Amelie Shalfoon,Nicholls State
2026,Isabella Padilla,Nicholls State
2026,Sydney Valentine,Nicholls State
2026,Tierney Terrell,Nicholls State
2026,Natalia Navarro,Nicholls State
2026,Jenna Cicherski,Nicholls State
2026,Beryn Hyland,Nicholls State
2026,Harper Holden,Nicholls State
2026,Mckenzie Mitchell,Nicholls State
2026,Kera Arrington,Nicholls State
2026,Madison Smith,Nicholls State
2026,Mya Lei-Butters,New Jersey Institute of Technology
2026,Aries Fontaine,New Jersey Institute of Technology
2026,Ela Akay,New Jersey Institute of Technology
2026,Maria Kurnatowska,New Jersey Institute of Technology
2026,Sara Siefert,New Jersey Institute of Technology
2026,Martina Gonzalo Cortes,New Jersey Institute of Technology
2026,Giselle Parker,New Jersey Institute of Technology
2026,Leah Devaraj,New Jersey Institute of Technology
2026,Tereza Motalova,New Jersey Institute of Technology
2026,Cece Marino,New Jersey Institute of Technology
2026,Ema Torres,New Jersey Institute of Technology
2026,Rowan Schreiber,New Jersey Institute of Technology
2026,Madison MacKaig,New Jersey Institute of Technology
2026,Ashlynn Berns,New Jersey Institute of Technology
2026,Joaneliz Maisonet,New Jersey Institute of Technology
2026,Kayden Campbell,New Jersey Institute of Technology
2026,Finley McAndrew,New Jersey Institute of Technology
2026,Lainey Green,Northern Kentucky
2026,Ava Hoying,Northern Kentucky
2026,Katie Noschang,Northern Kentucky
2026,Emily Erwin,Northern Kentucky
2026,Kendall Hopewell,Northern Kentucky
2026,Allison Risley,Northern Kentucky
2026,Emma Adkins,Northern Kentucky
2026,Emory Guderian,Northern Kentucky
2026,Sydney Bray,Northern Kentucky
2026,Ivey Stocks,Northern Kentucky
2026,Daisy Cluxton,Northern Kentucky
2026,Abby Pickard,Northern Kentucky
2026,Ashley Sess,Northern Kentucky
2026,Zy'Aire Barr,Northern Kentucky
2026,Luci Heid,Northern Kentucky
2026,Tess Fuqua,New Mexico State
2026,Sadie Ross,New Mexico State
2026,Maggie Lightheart,New Mexico State
2026,Bella Castro,New Mexico State
2026,Izzy Meneses,New Mexico State
2026,Makayla Martinez,New Mexico State
2026,Emmy Nicholas,New Mexico State
2026,Mia Fox,New Mexico State
2026,Ashley Herman,New Mexico State
2026,Katie Funk,New Mexico State
2026,Katrina Catalan,New Mexico State
2026,Jaelynn Kohli,New Mexico State
2026,Paige Nelson,New Mexico State
2026,Mia Mendoza,New Mexico State
2026,Emma Clawson,New Mexico State
2026,Kate Sinclair,New Mexico State
2026,Jazlyn Vasquez,New Mexico State
2026,Lilliana Saldivar,New Mexico State
2026,Ava Archibald,New Mexico State
2026,Jacqueline Corcoran,New Mexico State
2026,Zoe Ziegler,New Mexico State
2026,Jasmine Mataira,Norfolk State
2026,Jazeli Vandenburgh,Norfolk State
2026,Kyleigh Moore,Norfolk State
2026,Mikayla Middleton,Norfolk State
2026,Isis Castille,Norfolk State
2026,Aliyah Torres,Norfolk State
2026,Nehir Erimez,Norfolk State
2026,Briana Ellis,Norfolk State
2026,Gabrielle Gilbert,Norfolk State
2026,Catori Crawford,Norfolk State
2026,Reagan Chisholm,Norfolk State
2026,Erin Armstrong,Norfolk State
2026,Amari Chaney,Norfolk State
2026,Kaden Sanders,Norfolk State
2026,Kailia Phillips,Norfolk State
2026,Ava Berry,Norfolk State
2026,Jala Dixon,Norfolk State
2026,Julia Whitfield,Northwestern State
2026,Emmarie McFarland,Northwestern State
2026,Riley Schubert,Northwestern State
2026,Kenadii Winfrey,Northwestern State
2026,Gillian Grace Wolf,Northwestern State
2026,Amber Craig,Northwestern State
2026,Harper Cauley,Northwestern State
2026,Elizabeth Murgurza,Northwestern State
2026,Melis Özipek,Northwestern State
2026,Jade Longlad,Northwestern State
2026,Valerie Brown,Northwestern State
2026,Ana Gjorgjievska,Northwestern State
2026,Anna Claire Hebert,Northwestern State
2026,Elsie Sanchez Oliver,Northwestern State
2026,Camilia Torquati,Northwestern State
2026,Olivia Nzioki,Northwestern State
2026,Addison Guy,Northwestern State
2026,Mara Štiglic,Northwestern
2026,Simone Huarte,Northwestern
2026,Bella Bullington,Northwestern
2026,Tim Nollan,Northwestern
2026,Jeff Liu,Northwestern
2026,Jackie Scott,Northwestern
2026,Miranda Wucherer,Northwestern
2026,Ryanne Klabunde,Northwestern
2026,Will Persiani,Northwestern
2026,Taryn Dal Degan,Northwestern
2026,Taylor Summers,Northwestern
2026,Kate Conochan,Northwestern
2026,DeAnthony Kess,Northwestern
2026,Shealyn Abbott,Northwestern
2026,Rachel Velez,Northwestern
2026,Avery Thiessen,Old Dominion
2026,Fred Chao,Old Dominion
2026,Becca Lamb,Old Dominion
2026,Shane Spellman,Old Dominion
2026,Sarah Morton,Old Dominion
2026,Tim Socha,Old Dominion
2026,Kim Hill,Old Dominion
2026,Ryan Ludvik,Old Dominion
2026,0,Ohio State
2026,0,Mississippi
2026,Lara Marić,Omaha
2026,Madi Corf,Omaha
2026,41,North Florida
2026,51,North Florida
2026,92,North Florida
2026,Kendall Northern,Penn State
2026,Ava Falduto,Penn State
2026,Danielle Whitmire,Penn State
2026,Alexis Stucky,Penn State
2026,Ryla Jones,Penn State
2026,Gabrielle Nichols,Penn State
2026,Lexi Gin,Penn State
2026,Ava Jurevicius,Penn State
2026,Jocelyn Nathan,Penn State
2026,Emmi Sellman,Penn State
2026,Caroline Jurevicius,Penn State
2026,Kennedy Martin,Penn State
2026,Haley Burgdorf,Penn State
2026,Whitney Lauenstein,Penn State
2026,Alexis Ewing,Penn State
2026,Finley Krystkowiak,Penn State
2026,Katie Schumacher-Cawley,Penn State
2026,Brian Toron,Penn State
2026,Megan Hodge Easy,Penn State
2026,Abby Detering,Penn State
2026,Caitie Mayo,Penn State
2026,Sarah Tischler,Penn State
2026,Scott Campbell,Penn State
2026,Josie Portela,Portland
2026,Ellie Diehl Palmer,Portland
2026,Kala Chock,Portland
2026,Sophia Schneck,Portland
2026,Ania Anderson,New Orleans
2026,Mariana Franco,New Orleans
2026,Ava Frerman,New Orleans
2026,Mia Lopez,New Orleans
2026,Ryan Williams,New Orleans
2026,Peyton Cole,New Orleans
2026,Olivia Bartrina,New Orleans
2026,Defne Eciroglu,New Orleans
2026,Vladana Ristic,New Orleans
2026,Rylie Hallman,New Orleans
2026,Laura Piva,New Orleans
2026,Derin Nur Aydin,New Orleans
2026,Nyakuak Lual,New Orleans
2026,Armie Hall,New Orleans
2026,Ayen Nyuar,New Orleans
2026,Elani Ratchkovska,New Orleans
2026,Alana Pierce,New Orleans
2026,Karina Barzanova,New Orleans
2026,Alyssandra Ordona,Portland State
2026,Paige Stepaniuk,Portland State
2026,Brenna Coffman,Portland State
2026,Asya Akbulut,Portland State
2026,Jordyn Romano,Portland State
2026,Maryn Hall,Portland State
2026,Magdalena Ranitovic,Portland State
2026,Katarina Kosic,Portland State
2026,Elisabeth Levick,Portland State
2026,Jessica Truong,Portland State
2026,Xanthe Ocampo,Portland State
2026,Katie Brewer,Portland State
2026,Alivia Eikenberg,Portland State
2026,Ashley Repetti,Portland State
2026,Willow Watson,Portland State
2026,Reese Biesemeyer,Portland State
2026,Katelyn Davey,Portland State
2026,Ava Blascziek,Portland State
2026,Klara Olszewska,Quinnipiac
2026,Mona Zehaf,Quinnipiac
2026,Ada Tamturk,Murray State
2026,Paige Brock,Murray State
2026,Samantha Nelson,Murray State
2026,Melis Aydin,Murray State
2026,Lily Evans,Murray State
2026,Katie Titus,Murray State
2026,Kara Stigter,Murray State
2026,Teodora Cickovic,Murray State
2026,Maezi Snyder,Murray State
2026,Ceren Durak,Murray State
2026,Burcu Gulomur,Murray State
2026,Mija Pristovnik,Murray State
2026,Alexa Watts,Murray State
2026,Anne Makowski,Murray State
2026,Bailey Keusch,Murray State
2026,Jae Fitting,Loyola-Chicago
2026,Camryn Hughes,Loyola-Chicago
2026,Sam Falk,Loyola-Chicago
2026,Emma Henry,Loyola-Chicago
2026,Mya Ball,Loyola-Chicago
2026,Kate Maley,Loyola-Chicago
2026,Claire Van Den Herik,Loyola-Chicago
2026,Kaitlyn Burke,Loyola-Chicago
2026,Tenley Davis,Loyola-Chicago
2026,Chloe Morgan,Loyola-Chicago
2026,Katie Scherer,Loyola-Chicago
2026,Morgan Jones,Loyola-Chicago
2026,Mallory Bohl,Loyola-Chicago
2026,Avary DeBlieck,Loyola-Chicago
2026,Jordan Bruckner,Loyola-Chicago
2026,Leyna Nguyen,Loyola-Chicago
2026,Anna Jirmasek,Loyola-Chicago
2026,Ruth Ziegler,Illinois State
2026,Emilija Arsic,Illinois State
2026,Ella Kohnen,Illinois State
2026,Madison Smith,Illinois State
2026,Sammi Bunch,Illinois State
2026,Logan Grevengoed,Illinois State
2026,Sidney Wright,Illinois State
2026,Ella Craggs,Illinois State
2026,Oliwia Caputa,Illinois State
2026,Jillian Gregory,Illinois State
2026,Ellie Burr,Illinois State
2026,Alaina Kraemer,Illinois State
2026,Jillian Ferrill,Illinois State
2026,Addisyn Pohl,Illinois State
2026,Abby Reck,Illinois State
2026,Peyton Turner,Illinois State
2026,Ayla Klingenberg,Illinois State
2026,Audrey Clark,Illinois State
2026,Erynn Gotsch,Rider
2026,Lade Adeniyi,UMass Lowell
2026,Jessica Jubb,UMass Lowell
2026,Kate Bilyeu,UMass Lowell
2026,Lindsey Visvardis,UMass Lowell
2026,Katherine Claybaugh,UMass Lowell
2026,Malia Randolph,UMass Lowell
2026,Morgan Given,UMass Lowell
2026,Madi Bell,UMass Lowell
2026,Ariel Dulaney,UMass Lowell
2026,McKenna Bova,UMass Lowell
2026,Aleyna Kennel,UMass Lowell
2026,Grace Burkett,UMass Lowell
2026,Delaney Mendez,UMass Lowell
2026,Erica Cappellino,UMass Lowell
2026,65,Sacred Heart
2026,0,Sacred Heart
2026,12,Sacred Heart
2026,2,Sacred Heart
2026,36,Sacred Heart
2026,38,Sacred Heart
2026,Reese Ampi,Sacramento State
2026,Nikola Gamlin,Sacramento State
2026,Amy Ito,Sacramento State
2026,Allison Mimbs,Sacramento State
2026,Mia Molnar,Sacramento State
2026,Skyler Gartin,Sacramento State
2026,Eleanor Weeks,Sacramento State
2026,Kelsey Heffner,Sacramento State
2026,Addy Scheitlin,Sacramento State
2026,Victoria Marthaler,Sacramento State
2026,Cyniya Stewart,Sacramento State
2026,Keonahi'ilani Solaita,Sacramento State
2026,Kaylee Piepho,Sacramento State
2026,Charlee Lepp,Sacramento State
2026,Makenna Wiepert,Sacramento State
2026,Kate Holthaus,South Dakota
2026,Samantha Laird,South Dakota
2026,Aniston Collins,Stephen F. Austin
2026,Izzy Orton,Stephen F. Austin
2026,Erin Goodson,Stephen F. Austin
2026,Katherine Holtman,Stephen F. Austin
2026,Cambry Saul,Stephen F. Austin
2026,Avery Koonsen,Stephen F. Austin
2026,Asha King,Stephen F. Austin
2026,Kennedy Jones,Stephen F. Austin
2026,Caroline Kahle,Stephen F. Austin
2026,Sydney Lafferty,Stephen F. Austin
2026,Haley Peterson,Stephen F. Austin
2026,Jordan Henderson,Stephen F. Austin
2026,Brinkley Reeves,Stephen F. Austin
2026,Madi Zorn,Stephen F. Austin
2026,Molly Cravens,Stephen F. Austin
2026,Kyanna Creecy,Stephen F. Austin
2026,Lara Gilardi,Stephen F. Austin
2026,Rita Medland,Saint Francis (PA)
2026,Aleya Talmadge,Saint Francis (PA)
2026,Emme Larson,Saint Francis (PA)
2026,Samantha Whitling,Saint Francis (PA)
2026,Lorah Thomas,Saint Francis (PA)
2026,Yasmin Berres,Saint Francis (PA)
2026,Kaylee Szyndlar,Saint Francis (PA)
2026,Ana Andrades-Villa,Saint Francis (PA)
2026,Rylan Crowell,Saint Francis (PA)
2026,Ryann Lape,Saint Francis (PA)
2026,Kylie Rauch,Saint Francis (PA)
2026,Jordyn Vincent,Saint Francis (PA)
2026,Ava Holden,Saint Francis (PA)
2026,Emmi Adrian,Saint Francis (PA)
2026,Morgan Kuchar,Saint Francis (PA)
2026,Elsa Richards,Saint Francis (PA)
2026,Kathryn Beck,Saint Francis (PA)
2026,Allie Dziabo,Saint Francis (PA)
2026,Alexandra Sappia,Saint Francis (PA)
2026,Madison Roman,Saint Francis (PA)
2026,Victoria Harris,Southern Methodist
2026,Sarah Frazee,Southern Methodist
2026,Bojana Ambulija,Southern Methodist
2026,Christa Wilburn,Southern Methodist
2026,Elle Vandeweghe,Southern Methodist
2026,Victoria Shupe,Southern Methodist
2026,Ellie Moore,Southern Methodist
2026,Mia Silva,Southern Methodist
2026,Brooke Gilmour,Southern Methodist
2026,Hannah Beauford,Southern Methodist
2026,Natalia Newsome,Southern Methodist
2026,Gabi Placide,Southern Methodist
2026,Levariya Pinder,Southern Methodist
2026,Favor Anyanwu,Southern Methodist
2026,Suli Davis,Southern Methodist
2026,Jadyn Livings,Southern Methodist
2026,Aubrey Judd,Southern Miss
2026,Sunni Sheppard,Southern Miss
2026,Sophie Sosa,Southern Miss
2026,Kaylee Lowther,Southern Miss
2026,Sadie McAda,Southern Miss
2026,Allie Hazelwood,Southern Miss
2026,Maggie Sewell,Southern Miss
2026,Emily Davis,Southern Miss
2026,Tarah Yunes,Southern Miss
2026,Lindsey Smith,Southern Miss
2026,Reese Warren,Southern Miss
2026,Lillie Johnson,Southern Miss
2026,Bennett Boulo,Southern Miss
2026,Alyssa Dampier,Southern Miss
2026,Elly Stewart,Southern Miss
2026,Morgen Durgens,Southern Miss
2026,Ella Ward,Southern Miss
2026,Diana Wells,Southern Miss
2026,Miranda Holincheck,Southern Miss
2026,Taylor Yu,Stanford
2026,Kevin Hambly,Stanford
2026,Rachel Corbelli,Stanford
2026,Mike Johnson,Stanford
2026,Whitney Bower,Stanford
2026,Tony Glessner,Stanford
2026,Daniel Deschenes,Stanford
2026,Tyler Friedrich,Stanford
2026,Molly Sicard,Stanford
2026,Maia Pou,Stetson
2026,Xinlei Yang,Stetson
2026,Aajaylah Zeno,Stony Brook
2026,Lei Lasike,Stony Brook
2026,Bella Jones,Seattle
2026,Elaina Duong,Seattle
2026,Clara Garcia,Seattle
2026,Lexi Jones,Seattle
2026,Adee Butler,Seattle
2026,Teagan Melton,Seattle
2026,Hailey McEllrath,Seattle
2026,Orinayo Olukanmi,Seattle
2026,Mikayla Liljenquist,Seattle
2026,Grace Jones,Seattle
2026,Vai Unga,Seattle
2026,Janae Demant,Seattle
2026,Chloee Leslie,Seattle
2026,Linnaea Moore,Seattle
2026,Taniyah Pruitt,Seattle
2026,Tierney Ervin,Seattle
2026,Alice Volpe,Texas Christian
2026,Evan Hendrix,Texas Christian
2026,Addy Horner,Texas Christian
2026,De’Andrea McMillian,Texas Christian
2026,Jalyn Gibson,Texas Christian
2026,Reese Wilburn,Texas Christian
2026,Reese Robins,Texas Christian
2026,Mia Lee,Texas Christian
2026,Lauren Murphy,Texas Christian
2026,Kinsley Young,Texas Christian
2026,Becca Kelley,Texas Christian
2026,Molly McCarthy,Texas Christian
2026,Josie Valgus,Texas Christian
2026,Jaylen Clark,Texas Christian
2026,Rosemary Archer,Texas Christian
2026,McKenzie Berg,Texas Christian
2026,Blaykli Bobik,Texas Christian
2026,Morgan Holloman,Texas Christian
2026,Natalia PeBenito,Towson
2026,Ally Adair,Texas State
2026,Peyton McKee,Texas State
2026,Camryn Kimes,Texas State
2026,Karis Carpenter,Texas State
2026,Izzy Scholvin,Texas State
2026,Dylan Gilkey,Texas State
2026,Emma Elsasser,Texas State
2026,Ashley Euston,Texas State
2026,Brooke Bentke,Texas State
2026,Jasmine Purakal,Texas State
2026,Ameena Campbell,Texas State
2026,Caelyn Robel,Texas State
2026,Anna Blaine,Texas State
2026,India Bennett,Texas State
2026,Isabella Andrews,Texas State
2026,Janet Onuorah,Texas State
2026,Naara Tanco,Texas State
2026,J'nireah Henry,Arkansas-Pine Bluff
2026,Haley Reeves,Arkansas-Pine Bluff
2026,J'nyah Odom,Arkansas-Pine Bluff
2026,Trinity Gibbs,Arkansas-Pine Bluff
2026,Martyna Lubowicz,Arkansas-Pine Bluff
2026,Kinsley Hooper,Arkansas-Pine Bluff
2026,London King,Arkansas-Pine Bluff
2026,Zuzanna Zietek,Arkansas-Pine Bluff
2026,Desiree Kepler,Arkansas-Pine Bluff
2026,Ashanti Butler,Arkansas-Pine Bluff
2026,Marlina Anderson,Arkansas-Pine Bluff
2026,Kaylen Robinson,Arkansas-Pine Bluff
2026,Ava Miller,Arkansas-Pine Bluff
2026,Ngozi Nwosu,Arkansas-Pine Bluff
2026,Kennedy Adams,Arkansas-Pine Bluff
2026,Karli Glover,Arkansas-Pine Bluff
2026,Annie Hopkins,Central Arkansas
2026,Trinity Hamilton,Central Arkansas
2026,Karlyn Frazier,Central Arkansas
2026,Kennady Martindale,Central Arkansas
2026,Olivia Kremer,Central Arkansas
2026,Nicole Sargent,Central Arkansas
2026,Abbigale Parr,Central Arkansas
2026,McKinzee Haas,Central Arkansas
2026,Madi Bryant,Central Arkansas
2026,Ella Chaney,Central Arkansas
2026,Fiona Vandyke,Central Arkansas
2026,Sarah Carnathan,Central Arkansas
2026,Vivian Spradlin,Central Arkansas
2026,Tatelyn Brandsma,Central Arkansas
2026,Berkley Bates,Central Arkansas
2026,Greyson Button,Central Arkansas
2026,Cameron McDaniel,Central Arkansas
2026,Sophie Skinner,Central Arkansas
2026,2,UC Irvine
2026,12,UC Irvine
2026,0,UC Irvine
2026,14,UC Irvine
2026,Casandra (Casi) Doll,UC Riverside
2026,Kate Yoshimoto,Georgia
2026,Elizabeth King,Illinois-Chicago
2026,Martina Cerrato,Illinois-Chicago
2026,Francesca Lorenzo,Illinois-Chicago
2026,Judy Asar,Illinois-Chicago
2026,Nathàlia Souza da Silva,Illinois-Chicago
2026,Paulina Ströh,Illinois-Chicago
2026,Robyn Ward,Illinois-Chicago
2026,Tamara Kisic,Illinois-Chicago
2026,Gabi Peter,Illinois-Chicago
2026,Mihaela Harizanova,Illinois-Chicago
2026,Sasha Pellettieri,Illinois-Chicago
2026,Maryam Hussein,Illinois-Chicago
2026,Jillian Gibbons,Illinois-Chicago
2026,Ana Petrides,Illinois-Chicago
2026,Emma Colombari,Illinois-Chicago
2026,Nour Elsafy,Illinois-Chicago
2026,Mia Telechbush,Illinois-Chicago
2026,Lianna Ortiz,Illinois-Chicago
2026,Ava Young,Illinois-Chicago
2026,Alana Kolb,Incarnate Word
2026,Alex Beauchamp,Incarnate Word
2026,Mya Cheatum,Incarnate Word
2026,Calissa Allison,Incarnate Word
2026,Victoria Hall,Incarnate Word
2026,Teddy-Raye Ewers,Incarnate Word
2026,Lilly Roach,Incarnate Word
2026,Kitana Tu'ufuli,Incarnate Word
2026,Sofia Grimm,Incarnate Word
2026,Gabby Fish,Incarnate Word
2026,Ashton Rogers,Incarnate Word
2026,Victoria Sanchez,Incarnate Word
2026,Jadyn Molina,Incarnate Word
2026,Bella Ceja,Incarnate Word
2026,Ashley Go,Incarnate Word
2026,Vanessa Eregie,Incarnate Word
2026,Liliana Brisco,Incarnate Word
2026,Abby Cunningham,Louisiana Monroe
2026,Marissa Kobelski,Louisiana Monroe
2026,Briana Raney,Louisiana Monroe
2026,Amelia Colon,Louisiana Monroe
2026,Aniya Hall,Louisiana Monroe
2026,Kenzie Behl,Louisiana Monroe
2026,Taylor Reid,Louisiana Monroe
2026,Bre Perrin,Louisiana Monroe
2026,Grace Troxell,Louisiana Monroe
2026,Zharia Alleyne,Louisiana Monroe
2026,Olivia Anderson,Louisiana Monroe
2026,Kennedy Scott,Louisiana Monroe
2026,Tatum Clay,Louisiana Monroe
2026,Morgan Howard,Louisiana Monroe
2026,Eden Pietrzak,Louisiana Monroe
2026,Myla Matavao,Louisiana Monroe
2026,Gracie DiNardo,Louisiana Monroe
2026,Jaylyn Lynch,Northern Colorado
2026,Jenna Baller,Northern Colorado
2026,Nerea Alvarez Jorge,Northern Colorado
2026,Kylie Cackovic,Northern Colorado
2026,Addison Roark,Northern Colorado
2026,Julia Angert,Northern Colorado
2026,Riley Taylor,Northern Colorado
2026,Leila Ballard,Northern Colorado
2026,Cy Rae Campbell,Northern Colorado
2026,Shelby Schoenbeck,Northern Colorado
2026,Alayna Tessena,Northern Colorado
2026,Kaitlyn Hutchins,Northern Colorado
2026,Summer Snead,Northern Colorado
2026,Maddie Rink,Northern Colorado
2026,Jasmine Ogren,Northern Colorado
2026,Bella LePore,Northern Colorado
2026,Emily Bruss,Northern Colorado
2026,Gillian Walton,Northern Colorado
2026,Cameron Owens,UNC Asheville
2026,Lilia Bannister,UNC Asheville
2026,Riley Barr,UNC Asheville
2026,Madi Connelly,UNC Asheville
2026,Taryn Rice,Northern Iowa
2026,Cassidy Hartman,Northern Iowa
2026,Kiana Landers,Northern Iowa
2026,Molly Shafer,Northern Iowa
2026,Reese Booth,Northern Iowa
2026,Sophie Buysse,Northern Iowa
2026,Maryn Bixby,Northern Iowa
2026,Isabelle Elliott,Northern Iowa
2026,Kate Shafer,Northern Iowa
2026,Calia Clubb,Northern Iowa
2026,Maggie Michaels,Northern Iowa
2026,Lily Dykstra,Northern Iowa
2026,Grace Hannam,Northern Iowa
2026,Claire Munch,Northern Iowa
2026,Payton Askelsen,Northern Iowa
2026,Kamryn Vogt,Northern Iowa
2026,Jadyn Petersen,Northern Iowa
2026,Kaitlyn Sellner,Northern Iowa
2026,Liepa Lavickyte,New Mexico
2026,Adriana Kostadinovic,New Mexico
2026,Adonia Faumuina,Southern Cal
2026,London Wijay,Southern Cal
2026,Layli Ostovar,Southern Cal
2026,Abigail Mullen,Southern Cal
2026,Taylor Deckert,Southern Cal
2026,Leah Ford,Southern Cal
2026,Mia Tvrdy,Southern Cal
2026,Quinn Loper,Southern Cal
2026,Taliyah Hanks,Southern Cal
2026,Elena Baic,Southern Cal
2026,Lilli Etter,Southern Cal
2026,Paisley Douglas,Southern Cal
2026,Riley Malloy,Southern Cal
2026,Addison Coady,Southern Cal
2026,Brooklyn Tealer,Southern Cal
2026,Milly McGee,Southern Cal
2026,Addison Townsend,Southern Cal
2026,Jocelyn Guo,San Diego
2026,Eloise McGibben,San Diego
2026,Kalia Kohler,Texas-El Paso
2026,Sydney Frazier,Texas-El Paso
2026,Shea Bruntmyer,Texas-El Paso
2026,Elizabeth Pickett,Texas-El Paso
2026,Laila Amos,Texas-El Paso
2026,Kaylynn Pardue,Texas-El Paso
2026,Ella Meador,Texas-El Paso
2026,Hannah Crowe,Texas-El Paso
2026,Bella Widmer,Texas-El Paso
2026,Lily-Rose Pichon,Texas-El Paso
2026,Lauren Perry,Texas-El Paso
2026,Ema Uskokovic,Texas-El Paso
2026,Landry Braziel,Texas-El Paso
2026,Mackenzi Davis,Texas-El Paso
2026,Daisy Voskuhl,Texas-El Paso
2026,Caryme Molina,Texas-El Paso
2026,Luvina Oguntimehin,Texas-El Paso
2026,Lexee Salas,Texas-El Paso
2026,Martina Franco,UT-Rio Grande Valley
2026,Aaliyah Snead,UT-Rio Grande Valley
2026,Nadine Zech,UT-Rio Grande Valley
2026,Jasmine Allen,UT-Rio Grande Valley
2026,Celianiz Cabranes,UT-Rio Grande Valley
2026,Agata Makowska,UT-Rio Grande Valley
2026,Ema Petkovic,UT-Rio Grande Valley
2026,Dunja Stankovic,UT-Rio Grande Valley
2026,Jasmyn Walker,UT-Rio Grande Valley
2026,Lana Rnjak,UT-Rio Grande Valley
2026,Sujeili Mermella,UT-Rio Grande Valley
2026,Isa Bento,UT-Rio Grande Valley
2026,Carmina Tijerina,UT-Rio Grande Valley
2026,Julianna Bryant,UT-Rio Grande Valley
2026,Shylah Totten,UT-Rio Grande Valley
2026,Soukeyna Diouf,UT-Rio Grande Valley
2026,Lauren Feiler,Utah Valley
2026,Brighton Richards,Utah Valley
2026,Sammy Destler,Washington
2026,Andrea Fabikovicová,Washington
2026,Morgan Heater,Winthrop
2026,Erika Larson,William & Mary
2026,Berkeley Konrady,William & Mary
2026,Izzy Swiercz,Western Michigan
2026,Elana Erickson,Western Michigan
2026,Riley Messenger,Western Michigan
2026,Leah Richmond,Western Michigan
2026,Annalise Patchett,Western Michigan
2026,Ella Askin,Western Michigan
2026,Camille Morrison,Western Michigan
2026,Ella Guilfoy,Western Michigan
2026,Gabby Weihe,Western Michigan
2026,Bri Zimmerman,Western Michigan
2026,Cassidy Pratley,Western Michigan
2026,Carley Piercefield,Western Michigan
2026,Mia Jurkovic,Western Michigan
2026,Bri Mahoney,Wofford
2026,Lauren Marschke,Wofford
2026,Mirjam Kask,West Virginia
2026,Cami Huff,West Virginia
2026,Lucie Šmardová,West Virginia
2026,Cassie Bruns,West Virginia
2026,Niki Clausen,Gonzaga
2026,Dani Clewis,Gonzaga
2026,Dani Johnson,Gonzaga
2026,Tyson Norton,Akron
2026,Jenna Sullivan,Akron
2026,Regan Nickol,Akron
2026,Ieasia Walker,Akron
2026,Oluwatoyin Sunday,Cal State LA
2026,Seriah Demski,Cal State LA
2026,Brooke Paige,Cal State LA
2026,McKinley Chase,Cal State LA
2026,Jameson Sanders,Cal State LA
2026,Agnieszka Gastala,Cal State LA
2026,Rachel Lowe,Cal State LA
2026,Samarah DaCoud,Cal State LA
2026,Naomi Jackson,Cal State LA
2026,Juliana Speiski,Cal State LA
2026,Rebeca Marquez,Cal State LA
2026,Mariana Alvarado,Cal State LA
2026,Mia Webster,Cal State LA
2026,Tehya Chadwick,Cal State LA
2026,Madison Clark,Cal State LA
2026,Anaiya Cooper,Cal State LA
2026,Ayjah Landers,Cal State LA
2026,Zuhal Cetin,Cal State LA
2026,Arielle Chandler,Cal State LA
2026,Rebecca Topete,Cal State LA
2026,Savannah Risley,Cal State LA
2026,Havannah Vogel,Cal State LA
2026,Avalon Heintz,Cal State LA
2026,Mya McCoy,Central Okla.
2026,Taylor Fenton,Central Okla.
2026,Taylor Nielsen,Central Okla.
2026,Caroline Clayton,Central Okla.
2026,Sawyer Franz,Central Okla.
2026,Jaidyn Reid,Central Okla.
2026,Emma Halstead,Central Okla.
2026,Kaitlyn Parrott,Central Okla.
2026,Kate Wells,Central Okla.
2026,Riley Roberts,Central Okla.
2026,Lilly Boswell,Central Okla.
2026,Jordyn Baker,Central Okla.
2026,Brylee Moore,Central Okla.
2026,Georgia Ahlert,Central Okla.
2026,Myla Unterweger,Central Okla.
2026,Jenna Monroe,Central Okla.
2026,Morgan Manning,Central Okla.
2026,Madison Jameson-Rodriguez,CSUN
2026,Kayleigh-Shay Chang,Central Wash.
2026,Addie Allen,Central Wash.
2026,Breven Luinstra,Central Wash.
2026,Kennedy Webb,Central Wash.
2026,Ellie Marble,Central Wash.
2026,Mya VanderYacht,Central Wash.
2026,Hayli Tri,Central Wash.
2026,Mackenzie Godden,Central Wash.
2026,Rylee Jones,Central Wash.
2026,Corinne Westby,Central Wash.
2026,Kailey Willsey,Central Wash.
2026,Brooklyn Parker,Central Wash.
2026,Madilynn Shurtleff,Central Wash.
2026,Juleah Leapai,Central Wash.
2026,Addison Mills,Central Wash.
2026,Brooklyn Barrow,Central Wash.
2026,Arisa May-Kelly,Central Wash.
2026,Rayssa Da Silva,Chadron St.
2026,Katie Bell,Chadron St.
2026,Naomi Starr,Chadron St.
2026,Jillian Donovan,Chadron St.
2026,Avery Lacy,Chadron St.
2026,Sydney Strode,Chadron St.
2026,Kally Kirkwood,Chadron St.
2026,Kiera Alfred,Chadron St.
2026,Shelby Harding,Chadron St.
2026,Gibson Beckler,Chadron St.
2026,Sarah Meservey,Chadron St.
2026,Brandi Helzer,Chadron St.
2026,Cydnie Eskew,Chadron St.
2026,Kali Reiners,Chadron St.
2026,Kiera Schra,Chadron St.
2026,Tristyn Buss,Chadron St.
2026,Mataya Ward,Chadron St.
2026,Josie Loosvelt,Chadron St.
2026,Bianca Bower,Charleston (WV)
2026,Pearl Kirigi,Charleston (WV)
2026,Jasmine Broberg,Charleston (WV)
2026,Jada Thomas-Swinson,Charleston (WV)
2026,Annika Gunderson,Charleston (WV)
2026,Erin Lowe,Charleston (WV)
2026,Maddi Sines,Charleston (WV)
2026,London Upchurch,Charleston (WV)
2026,Kate Strong,Charleston (WV)
2026,Anastasia Acoff,Charleston (WV)
2026,Madison Easton,Charleston (WV)
2026,Sahana Rajesh,Charleston (WV)
2026,Patrycja Majos,Charleston (WV)
2026,Piper Harlan,Charleston (WV)
2026,Sophie Bailey,Charleston (WV)
2026,Natalija Williams,Charleston (WV)
2026,Taylor Woods,Charleston (WV)
2026,Caydence Franz,Charleston (WV)
2026,Effie Emigh,Charleston (WV)
2026,Maddie Smith,Charleston (WV)
2026,Divine Muo,Charleston (WV)
2026,Jaslynn Dixon,Charleston (WV)
2026,Lailah Hester,Charleston (WV)
2026,Matea Cunningham,Charleston (WV)
2026,Mattie Sewell,Christian Brothers
2026,Sarah Bandi,Christian Brothers
2026,Abby Wheaton,Christian Brothers
2026,Sofia Rathheim-Hilton,Christian Brothers
2026,Ella Schumacher,Christian Brothers
2026,Alexis Goodman,Christian Brothers
2026,Lilly Oxford,Christian Brothers
2026,Carleiny Morillo,Christian Brothers
2026,Sophia Nowacki,Christian Brothers
2026,Stella Lukaszuk,Christian Brothers
2026,Aliyah Babler,Christian Brothers
2026,Abby Wertz,Christian Brothers
2026,Jenifer Cuyler,Christian Brothers
2026,Addison Waggoner,Christian Brothers
2026,Calah Jackson,Christian Brothers
2026,Ella LeDoux,Christian Brothers
2026,Ava Hillyer,Christian Brothers
2026,Jamela Glass,Christian Brothers
2026,Lizzie Edwards,Christian Brothers
2026,Emily Helms,Christian Brothers
2026,Mercy Osayemi,Christian Brothers
2026,Sarah Helms,Christian Brothers
2026,Camille Testerman,Concord
2026,Maddie Stull,Concord
2026,Meg Williams,Concord
2026,Allie Davis,Concord
2026,Chloe Thompson,Concord
2026,Sadie Robinson,Concord
2026,Paige Richmond,Concord
2026,Meagan Poticher,Concord
2026,Haley Sweeney,Concord
2026,Jasmine Anderson,Concord
2026,Alivia Stover,Concord
2026,Addie Adkins,Concord
2026,Sophia Rozga,Concord
2026,Reese Lawrence,Concord
2026,Kandé Richardson,Concord
2026,Alexis Stack,Concord
2026,Camden Hayslett,Concord
2026,Livia Balling,Concord
2026,Elaina Balling,Concord
2026,Reagan Whitt,Concord
2026,Gretchen Dávila,Concord
2026,Savannah Dávila,Concord
2026,Brynlynn Waggy,Concord
2026,Zoe Richards,Concord
2026,Mariah Moss,Concord
2026,Emily Lyons,Concord
2026,Ella Sarver,Concord
2026,0,USC Upstate
2026,2,USC Upstate
2026,7,USC Upstate
2026,9,USC Upstate
2026,Skylar Hilton,Drury
2026,Sydney Walker,Drury
2026,Gracie Kimrey,Drury
2026,Kim Quinit,Drury
2026,Amelia White,Drury
2026,Gwen Kubik,Drury
2026,Lucy Hafer,Drury
2026,Reagan Baade,Drury
2026,Falon Stroup,Drury
2026,Chaney Barth,Drury
2026,Isy Purrington,Drury
2026,Abby Renshaw,Drury
2026,Emerson Grossman,Drury
2026,Jenna LaBarge,Drury
2026,Kennedy Outler,Drury
2026,Caroline Red,Drury
2026,Sophia Frerking,Drury
2026,Taylor Wood,Drury
2026,Bella Asante,Drury
2026,Jacy Bray,Drury
2026,Gabrielle Dials,D'Youville
2026,Lauren Scully,D'Youville
2026,Maddie Boglev,D'Youville
2026,Hailey Ferwerda,D'Youville
2026,Evelyn Sieber,D'Youville
2026,Paige Genke,D'Youville
2026,Cameron Ulinski,D'Youville
2026,Angelyn Jaramillo,D'Youville
2026,Ashley Ballou,D'Youville
2026,Melissa Bracero,D'Youville
2026,Michelina Estremera,D'Youville
2026,Alina Bertens-Deckart,D'Youville
2026,Madeline O'Brien,D'Youville
2026,Giselle Ramirez,D'Youville
2026,Dinah Yelverton,D'Youville
2026,Trinity Foster,D'Youville
2026,Lexi Muck,Cal U (PA)
2026,Kasie Meek,Cal U (PA)
2026,Gracen Hartman,Cal U (PA)
2026,Alece Evanto,Cal U (PA)
2026,Molly Smiddy,Cal U (PA)
2026,Aubrey Bumblis,Cal U (PA)
2026,Kaiya Lian,Cal U (PA)
2026,Madelyn Salisbury,Cal U (PA)
2026,Elise Olenick,Cal U (PA)
2026,Bailey Maxin,Cal U (PA)
2026,Olivia Weiseman,Cal U (PA)
2026,Abby Tucker,Cal U (PA)
2026,Riley Evans,Cal U (PA)
2026,Lindsey Scammell,Cal U (PA)
2026,Tori Newton,Cal U (PA)
2026,Ella Meedel,Cal U (PA)
2026,Payton Newton,Cal U (PA)
2026,Octavia Dixon,Cal U (PA)
2026,Alayna Jones,Cal U (PA)
2026,Tessa Clark,East Tex. Baptist
2026,Avery Weige,East Tex. Baptist
2026,Heidi Wilson,East Tex. Baptist
2026,Sadie Kasowski,East Tex. Baptist
2026,Lara Hornsby,East Tex. Baptist
2026,Ava Bobnar,East Tex. Baptist
2026,Peyton LeJeune,East Tex. Baptist
2026,Kacie Trimble,East Tex. Baptist
2026,Jenna McGuire,East Tex. Baptist
2026,Katherine Server,East Tex. Baptist
2026,McKinzie Riley,East Tex. Baptist
2026,Sydney Temple,East Tex. Baptist
2026,Alana Smith,East Tex. Baptist
2026,Anita Hancock,East Tex. Baptist
2026,Reegan Hammer,East Tex. Baptist
2026,Ellie Huntsman,East Tex. Baptist
2026,Natalie Eastepp,East Tex. Baptist
2026,Claire Stewart,East Tex. Baptist
2026,Kendall Kreusler,East Tex. Baptist
2026,Emily Sitton,East Tex. Baptist
2026,Lindsey Gooch,East Tex. Baptist
2026,Tatum Taylor,East Tex. Baptist
2026,Shaniya Harris,East Tex. Baptist
2026,Carleigh Schluter,East Tex. Baptist
2026,Allison Sims,East Tex. Baptist
2026,Reagan Siebler,Edgewood
2026,Sade Partlow,Edgewood
2026,Cassidy Pohlman,Edgewood
2026,Laila Rasmussen,Edgewood
2026,Sophia Peterson,Edgewood
2026,Anna Leong,Edgewood
2026,Payton Millin,Edgewood
2026,Abbey Eivins,Edgewood
2026,Natalie Murphy,Edgewood
2026,Gabby Hack,Edgewood
2026,Haley Chavez,Edgewood
2026,Anna Hennessey,Edgewood
2026,Nida Zukauskaite,Edgewood
2026,Finley Moore,Edgewood
2026,Scarlett Simkowski,Edgewood
2026,Madison Amstutz,Edgewood
2026,Shannon Rusch,Edgewood
2026,Ava Johnson,Edgewood
2026,Molly Amendt,Edgewood
2026,Bella Braun,Edgewood
2026,Anna Marinier,Edgewood
2026,Marina Hosticka,Edgewood
2026,Ellie Hunt,Elon
2026,Dani Wallace,Elon
2026,Allie Schultz,Elon
2026,Maja Ciosek,Emporia St.
2026,Mia Frisbie,Emporia St.
2026,Brailee Bogle,Emporia St.
2026,Delainee Dexter,Emporia St.
2026,Ryann Hamilton,Emporia St.
2026,Emma Klett,Emporia St.
2026,Miyu Tsurumaki,Emporia St.
2026,Brooklynn Weaver,Emporia St.
2026,Kyndal Moore,Emporia St.
2026,Jade Xu,Emporia St.
2026,Lavra Krizanic,Emporia St.
2026,Piper Bahr,Emporia St.
2026,Aubrey Harrington,Emporia St.
2026,Payton Leidy,Erskine
2026,Kiley Armstrong,Erskine
2026,Mahayla Law,Erskine
2026,Leah Hendrix,Erskine
2026,Jadyn Anderson,Erskine
2026,Kerri O'Shields,Erskine
2026,Becca Yohe,Erskine
2026,Katie Cavazos,Erskine
2026,Sophia Mallare,Erskine
2026,Carter Stephen,Erskine
2026,Caleigh Pruitt,Erskine
2026,Madison Bagwell,Erskine
2026,Ella Dietrich,Erskine
2026,Bryce Bendig,Erskine
2026,Kimmy Stiltner,Erskine
2026,Kyleigh Upton,Erskine
2026,Jordyn Autry,Erskine
2026,Maggie Norris,Erskine
2026,Alexis Waddy,Erskine
2026,Campbell Withers,Erskine
2026,MJ Hurd,Erskine
2026,Laural Davis,Erskine
2026,Averi Martin,Fairmont St.
2026,Addison Veigel,Fairmont St.
2026,Kelsea Vandine,Fairmont St.
2026,Adella Rodriguez,Fairmont St.
2026,Ashlyn Six,Fairmont St.
2026,Baylie Ostvig,Fairmont St.
2026,Josie Nobbe,Fairmont St.
2026,Natalie Zemba,Fairmont St.
2026,Rylee Burkhamer,Fairmont St.
2026,Janai Turner,Fairmont St.
2026,Ava Strange,Fairmont St.
2026,Sasha Conner,Fairmont St.
2026,Zoe Ringer,Fairmont St.
2026,Brooklyn Six,Fairmont St.
2026,Olivia Perkins,Fairmont St.
2026,Belle DeVall,Fairmont St.
2026,Taylor Duermit,Fairmont St.
2026,McKenzi Martin,Fairmont St.
2026,Alexa Martin,Fairmont St.
2026,Grace DeVall,Fairmont St.
2026,Ashton Henrich,Fairmont St.
2026,Aubrey Haskins,Fairmont St.
2026,Elena Thompson,Fairmont St.
2026,Kailyn Connelly,Fairmont St.
2026,Ragan Greeneisen,Findlay
2026,Reagan Price,Findlay
2026,Victoria Mescher,Findlay
2026,Grace Auer,Findlay
2026,Claire Davis,Findlay
2026,Claire Schoenberger,Findlay
2026,Biz Klopp,Findlay
2026,Lauren Foerster,Findlay
2026,Zoya Winkelfoos,Findlay
2026,Kirsten Bomholt,Findlay
2026,Lilly Barhorst,Findlay
2026,Miya Ellerbrock,Findlay
2026,Keira Turek,Findlay
2026,Hannah Miller,Findlay
2026,Abria Lomax,Findlay
2026,Jenna Leugers,Findlay
2026,Stephanie Smith,Findlay
2026,Addysen Sneary,Findlay
2026,Olivia Miller,Findlay
2026,Cecilia Palm,Findlay
2026,Alyx Daugherty,Fort Lewis
2026,Sara Stoney,Fort Lewis
2026,Lauren Rich,Fort Lewis
2026,Jordan DeJesus,Fort Lewis
2026,Kiya Wilson,Fort Lewis
2026,Emery Pomroy,Fort Lewis
2026,Sydney Vogel,Fort Lewis
2026,Arianna Reyna,Fort Lewis
2026,Addie Garn,Fort Lewis
2026,Ellie Ames,Fort Lewis
2026,Cambria Freymuth,Fort Lewis
2026,Caroline Munson,Fort Lewis
2026,Alina Nunez,Fort Lewis
2026,Eloise Bearcomesout,Fort Lewis
2026,Averie Dembickie,Fort Lewis
2026,Caleigh Sommers,Fort Lewis
2026,McKenna Wiseman,Francis Marion
2026,McKayla Stockwell,Francis Marion
2026,Alyssa Whiteside,Francis Marion
2026,Marlee Beckham,Francis Marion
2026,Aubrey Johnson,Francis Marion
2026,Kayla Clayworth,Francis Marion
2026,Madilyn Gartner,Francis Marion
2026,Gwen Stein,Francis Marion
2026,Ella Martinez,Francis Marion
2026,Allison Miller,Francis Marion
2026,Gabby Humbles,Francis Marion
2026,Gracie Gorman,Francis Marion
2026,Camryn Faggart,Francis Marion
2026,Haleigh Kamer,Francis Marion
2026,Vanessa Blake,Francis Marion
2026,Jaeda James,Francis Marion
2026,Skyy Ruben,Francis Marion
2026,Ella Morstad,Francis Marion
2026,Emily Ryder,Shepherd
2026,Alaina Garling,Shepherd
2026,Gracie Zartman,Shepherd
2026,Mikayla Riehl,Shepherd
2026,Alexa Smith,Shepherd
2026,Maggie Smith,Shepherd
2026,Carly Tillman,Shepherd
2026,Cheyanne Saetern,Shepherd
2026,Allison Wood,Shepherd
2026,Sofia De Los Mozos,Shepherd
2026,Aubrey Parker,Shepherd
2026,Ada McCoy,Shepherd
2026,Amanda Gardner,Shepherd
2026,Rylee Lenz,Shepherd
2026,Amya Davis,Shepherd
2026,Skye Taylor,Shepherd
2026,Sophia Ryan,Shepherd
2026,Brelynn Scott,Shepherd
2026,Vitoria Villa,Shepherd
2026,Isabella Avila,George Fox
2026,Kendall Stidham,George Fox
2026,Chloe Wiersma,George Fox
2026,Eden Cha,George Fox
2026,Lexi Herber,George Fox
2026,Bridget Philipsen,George Fox
2026,LeAna Cimarra,George Fox
2026,Laelie Rasmussen,George Fox
2026,Jordan Hahn,George Fox
2026,Makena Phillips,George Fox
2026,Audrey Schmitt,George Fox
2026,Madelyn Gunn,George Fox
2026,Addison Goff,George Fox
2026,Hannah Huffman,George Fox
2026,Linnea Vargason,George Fox
2026,Taylor Miller,George Fox
2026,Gracie Bearden,George Fox
2026,Sadie Parkerson,Georgia College
2026,Milla Smith,Georgia College
2026,Emersyn Mullvain,Georgia College
2026,Ella Curbow,Georgia College
2026,Finley Burns,Georgia College
2026,Kendra Leboehi,Georgia College
2026,Mallorie Swartz,Georgia College
2026,Liv Diaz,Georgia College
2026,Miki Parrott,Georgia College
2026,Nya Warren,Georgia College
2026,Avery Huyck,Georgia College
2026,Lilly Swanson,Georgia College
2026,Maddie Husband,Georgia College
2026,Macie Arrington,Georgia College
2026,Lexi Baum,Georgia College
2026,Ile Bernis,Georgia College
2026,Molly Fitzpatrick,Georgia College
2026,Sofia Muino,Georgia College
2026,Kaylee Weeks,Georgia College
2026,Sierra Piland,Georgia College
2026,Haley Mendoza,Georgia College
2026,Aubrey Cowart,Georgia College
2026,Reece Wright,Georgia College
2026,Ava Plunkard,Chatham
2026,Evelyn White,Chatham
2026,Chase Kossar,Chatham
2026,Kelly Dougherty,Chatham
2026,Karlye Schippert,Chatham
2026,Alexia Bowers,Chatham
2026,Zoie Bateman,Chatham
2026,Emma Burnette-Vice,Chatham
2026,Annelese Atkinson,Chatham
2026,Tanner Feite,Chatham
2026,Vanessa Mleczko,Chatham
2026,Devyn Kelley,Chatham
2026,Delanie Kaiser,Chatham
2026,Natalie Aquilio,Chatham
2026,Mackenna McBride,Chatham
2026,Annika Solfronk,Chatham
2026,Becca Gesner,Chatham
2026,Erin Grace,Chatham
2026,Maren Balint,Chatham
2026,Sierra Ricci,Chatham
2026,Raelyn Eisenhard,Chatham
2026,Paige Watson,Chatham
2026,Allison Gabelman,Chatham
2026,Delaney Schwind,Chatham
2026,Irmak Bezek,Glenville St.
2026,Brenan Harvey,Glenville St.
2026,Kennedy Navey,Glenville St.
2026,Salam Rajjoub,Glenville St.
2026,Chloe Baker,Glenville St.
2026,Blair Dobbins,Glenville St.
2026,Molly Forehan,Glenville St.
2026,Kaylee Enfield,Glenville St.
2026,Juliana Nunez,Glenville St.
2026,Deniz Selen Yazar,Glenville St.
2026,Gracie Brown,Glenville St.
2026,Elitsa Peneva,Glenville St.
2026,Madison Hardy,Glenville St.
2026,Katie Begley,Glenville St.
2026,Ryann Landis,Glenville St.
2026,Madison Lee,Glenville St.
2026,Riley Wardle,Glenville St.
2026,Kendel Harris,Glenville St.
2026,Veronica Snyder-Cotton,Glenville St.
2026,Shyanne Hays,Glenville St.
2026,Aliana Ashworth,Glenville St.
2026,Kassie Swink,Glenville St.
2026,Cecelia Bryant,Glenville St.
2026,Mylani Jackson,Glenville St.
2026,Makayla Moore,Glenville St.
2026,Madison Lowe,Glenville St.
2026,Mikayla Curry,Glenville St.
2026,Martina Riba,Alas. Anchorage
2026,Ula Leaoa,Alas. Anchorage
2026,Lauren Hutchinson,Alas. Anchorage
2026,Anna McWhorter,Alas. Anchorage
2026,Kyana Gabriel,Alas. Anchorage
2026,Elena Hansen,Alas. Anchorage
2026,Hannah Trotter,Alas. Anchorage
2026,Eleasha Sapon,Alas. Anchorage
2026,Sophie Tapley,Alas. Anchorage
2026,Mary Nahinu,Alas. Anchorage
2026,Trinity Byrne,Alas. Anchorage
2026,Indy Kmet,Alas. Anchorage
2026,Patri Ferran,Alas. Anchorage
2026,Bella Burney,Alas. Anchorage
2026,Alex Gonzalez-Orozco,Alas. Anchorage
2026,Rachael Reyes,Alas. Anchorage
2026,Emma Beck,Alas. Anchorage
2026,Lee Ivakina,Alas. Anchorage
2026,Victoria Harper,Guilford
2026,Aleigh Williams,Guilford
2026,Ashlin Paul,Guilford
2026,Amber Chiarolanzio,Guilford
2026,Bailey Prewitt,Guilford
2026,Zoe Whisnant,Guilford
2026,Kaci Johnson,Guilford
2026,Madison Duvall,Guilford
2026,Karly Peacock,Guilford
2026,Chrisbel Alcántara,Guilford
2026,Lacie Evans,Guilford
2026,Vivian Cavataio,Guilford
2026,Haley Pasour,Guilford
2026,Sheryangelis Cay Barbosa,Guilford
2026,Angel Brown,Guilford
2026,Natalie Moore,Guilford
2026,Jillian Mapes,Guilford
2026,Ryleigh Plunkitt,Hanover
2026,Kinzee Dean,Hanover
2026,Natalie West,Hanover
2026,Audrey Bassett,Hanover
2026,Regan Barth,Hanover
2026,Madison Schicker,Hanover
2026,Brooke Gervers,Hanover
2026,Brailey Teipen,Hanover
2026,Abbey McCoy,Hanover
2026,Willow Morgan,Hanover
2026,Megan Vogel,Hanover
2026,Sara Sass,Hanover
2026,Lucy Trapp,Hanover
2026,Brooklyn Borden,Hanover
2026,Kaelin Quinlin,Hanover
2026,Emmerson Gott,Hanover
2026,Molly Welborn,Hanover
2026,Avery Stanfill,Harding
2026,Olivia Wiedower,Harding
2026,Addie Worley,Harding
2026,Carter Fouche,Harding
2026,Melaina Haines,Harding
2026,Mallory Weyand,Harding
2026,Ella Drake,Harding
2026,Maddie Burrough,Harding
2026,Philomina Klotz,Harding
2026,Haylie Huggins,Harding
2026,Josie Bishop,Harding
2026,Rauly Eason,Harding
2026,Ellie Morgan,Harding
2026,Payton Hilmer,Harding
2026,Ainsley Edgington,Harding
2026,Lauren Demuth,Harding
2026,Soraya Dennis,UC San Diego
2026,Melia Smith,Henderson St.
2026,Shiloh Jones,Henderson St.
2026,Meadow Jones,Henderson St.
2026,Mallory Kendrick,Henderson St.
2026,Kora Nix,Henderson St.
2026,Berkeley Berry,Henderson St.
2026,Karsen Hart,Henderson St.
2026,Tyhia Mack,Henderson St.
2026,Skye Johns,Henderson St.
2026,Calee Carter,Henderson St.
2026,Mecate Marsh,Henderson St.
2026,Tammara Gooseberry,Henderson St.
2026,Makayla Thomas,Henderson St.
2026,Kelis Battles,Henderson St.
2026,Kaylon Partain,Henderson St.
2026,Alyssa Lindeman,Henderson St.
2026,Lasheena Gooseberry,Henderson St.
2026,Cassidi Campbell,Henderson St.
2026,Sawyer Cook,Henderson St.
2026,Trystin Ross,Henderson St.
2026,Emily Bustillos,Henderson St.
2026,Amelia Don,Hendrix
2026,Reghan Frazzetta,Hendrix
2026,Mary Addisyn Stubbs,Hendrix
2026,Carola Moreno,Hendrix
2026,Camryn Kennedy,Hendrix
2026,Enaiya Thompson,Hendrix
2026,Mariana Leite,Hendrix
2026,Cadence Compton,Hendrix
2026,Ana Bastos,Hendrix
2026,Riley Brady,Hendrix
2026,Addison Rud,Hendrix
2026,Ava Burns,Hendrix
2026,Chloe Staggs,Hendrix
2026,Rachel Pearce,Hendrix
2026,Kate Cox,Hendrix
2026,Emma Blancovich,Hendrix
2026,Vivian Sharlow,Hendrix
2026,Faith Jones,Hendrix
2026,Alexis Mahan,Hendrix
2026,Alyssa Haller,Hendrix
2026,Cadence Palmer,Holy Family
2026,Mackenzie Layton,Holy Family
2026,Morgan Marziani-Radomski,Holy Family
2026,Mia Wise,Holy Family
2026,Lauren Talbott,Holy Family
2026,Kalia Espenlaub,Holy Family
2026,Grace Kravcak,Holy Family
2026,Gianna DiPilato,Holy Family
2026,Lydia Jove Kunst,Holy Family
2026,Abby Bachman,Holy Family
2026,Leah Logan,Holy Family
2026,Rosslyn Briggs,Holy Family
2026,Allana Johnson,Holy Family
2026,Reya Taylor,Holy Family
2026,Grace Sims,Holy Family
2026,Keira Rogan,Holy Family
2026,Ella Hukel,S.C. Aiken
2026,Olivia Miller,S.C. Aiken
2026,Hailey Admire,S.C. Aiken
2026,Sophie Barnes,S.C. Aiken
2026,Madison Fox,S.C. Aiken
2026,Bailey Corrigan,S.C. Aiken
2026,Rusne Radaviciute,S.C. Aiken
2026,Kira Bostick,S.C. Aiken
2026,Olivia Moffett,S.C. Aiken
2026,Kendall Kozak,S.C. Aiken
2026,Avery Pearson,S.C. Aiken
2026,Leilani Brown,S.C. Aiken
2026,Chloe Duzenack,S.C. Aiken
2026,Lexi Rogers,S.C. Aiken
2026,Alli Bishop,S.C. Aiken
2026,Brynn Westby,S.C. Aiken
2026,Ashlyn Victa,UC Santa Cruz
2026,Sydney Janowitz,UC Santa Cruz
2026,Alessandra Ponzo,UC Santa Cruz
2026,Shiraz Benyoucef,UC Santa Cruz
2026,Riley Sawyer,UC Santa Cruz
2026,Ella Sniezek,UC Santa Cruz
2026,Miya Casci,UC Santa Cruz
2026,Maddie Marshall,UC Santa Cruz
2026,Kate Lau,UC Santa Cruz
2026,Gabia Paliulis,UC Santa Cruz
2026,Charlotte Skulte,UC Santa Cruz
2026,Olivia Phillips,UC Santa Cruz
2026,Chisom Okaforize,UC Santa Cruz
2026,Claudia Moeller,UC Santa Cruz
2026,Claire Jones,UC Santa Cruz
2026,Rylan Vlasich,UC Santa Cruz
2026,Khloe Pavia,UC Santa Cruz
2026,Margo Melgoza,UC Santa Cruz
2026,Alice Taylor,UC Santa Cruz
2026,Mia Ngo,UC Santa Cruz
2026,Peyton Hooker,Husson
2026,Janna Preskorn,Husson
2026,Maklyn Knuckles,Calvin
2026,Aerin Baker,Calvin
2026,Grace Spoelma,Calvin
2026,Jordan Steen,Calvin
2026,Sarah Bradley,Calvin
2026,Amara Viola,Calvin
2026,Jasmine Namminga,Calvin
2026,Ellie Wiersum,Calvin
2026,Delaney Kemp,Calvin
2026,Caralee Schipper,Calvin
2026,Allison Moore,Calvin
2026,Jasmin Smithers,Calvin
2026,Sarah Jensen,Calvin
2026,Emma O'Connor,Calvin
2026,Emma Ekblaw,Calvin
2026,Tryna Vander Zwaag,Calvin
2026,Mary Boa,Calvin
2026,Lina Kasuboski,Calvin
2026,Tianna Stygstra,Calvin
2026,Ava Epley,Calvin
2026,Madison Wiersema,Calvin
2026,Alyssa Sienko,Calvin
2026,Lily Reins,Colo. Christian
2026,Kendra Runyon,Colo. Christian
2026,Giselle Haugen,Colo. Christian
2026,Krista Traynor,Colo. Christian
2026,Suzanna Conner,Colo. Christian
2026,Kate Kopas,Colo. Christian
2026,Connelly Kilgore,Colo. Christian
2026,Sierra Crist,Colo. Christian
2026,Brooklin Frazier,Colo. Christian
2026,Dani Cranford,Colo. Christian
2026,Allie Allen,Colo. Christian
2026,Aaliyah Simpson,Colo. Christian
2026,Karen Salinger,Colo. Christian
2026,Kendal Roberson,Colo. Christian
2026,Jenna Bell,Colo. Christian
2026,Blake Coors,Colo. Christian
2026,Ana Aguilar,Colo. Christian
2026,Sienna Thatcher,Colo. Christian
2026,Mariah Potter,Colo. Christian
2026,Cooper Piepgrass,Colo. Christian
2026,Ashlyn Tafoya,Colorado Mesa
2026,Trinity Burchett,Colorado Mesa
2026,Lauren Waters,Colorado Mesa
2026,Aesha Alrashed,Colorado Mesa
2026,Addison Wright,Colorado Mesa
2026,Sydney Amiatu,Colorado Mesa
2026,Marli Clausi,Colorado Mesa
2026,Karsen Breeding,Colorado Mesa
2026,Aubriel Loken,Colorado Mesa
2026,Ashley Bornhoft,Colorado Mesa
2026,Jaycee Windorski,Colorado Mesa
2026,Macy Wood,Colorado Mesa
2026,Maya Grant,Colorado Mesa
2026,Ashlyn Persha,Colorado Mesa
2026,Kaitlyn Hall,Colorado Mesa
2026,Henley Madsen,Colorado Mesa
2026,Ashlee Macias,Colorado Mesa
2026,Bailee Tucker,Colorado Mesa
2026,Coco Barnett,Colorado Mesa
2026,Addie Ritterbush,Colorado Mesa
2026,Molly Whalen,Colorado Mesa
2026,Hallie Hewlett,Colorado Mesa
2026,Ellie Eckman,Neb.-Kearney
2026,Mia Brenner,Neb.-Kearney
2026,Rhyan Mock,Neb.-Kearney
2026,Ellie Spang,Neb.-Kearney
2026,Anna Laincz,Neb.-Kearney
2026,Julia Davenport,Neb.-Kearney
2026,Madeline Lamb,Neb.-Kearney
2026,Taryn Arbuthnot,Neb.-Kearney
2026,Grace Schmedding,Neb.-Kearney
2026,Brynn Stowell,Neb.-Kearney
2026,Megan Leedle,Neb.-Kearney
2026,Carly Purdy,Neb.-Kearney
2026,Addison Budke,Neb.-Kearney
2026,Sydney Davis,Neb.-Kearney
2026,Bryn McNair,Neb.-Kearney
2026,Callie Squiers,Neb.-Kearney
2026,Sophia Thompson,Neb.-Kearney
2026,Celia Spilker,Neb.-Kearney
2026,Brylee Nelsen,Neb.-Kearney
2026,Phoebe Swartz,Keuka
2026,Lilah Cousins,Keuka
2026,Lilly Devine,Keuka
2026,Gabby Rodriguez,Keuka
2026,Sarah Bayly,Keuka
2026,Alessandra Castañeda,Keuka
2026,Nina Scott,Keuka
2026,India Tisdale,Keuka
2026,Summer Elza,Keuka
2026,Meaghan Knott,Keuka
2026,Rosslan Force,Keuka
2026,Addisyn Chorney,Keuka
2026,Kenya Williams,Lakeland
2026,Samya Hughes,Lakeland
2026,Lourdes Lester,Lakeland
2026,Addison DeKett,Lakeland
2026,Alix Bibb,Lakeland
2026,Emily Hansen,Lakeland
2026,AnnMarie Cates,Lakeland
2026,Olivia Parks,Lakeland
2026,Sydney Gay,Lakeland
2026,Rylee Esquibel,Lakeland
2026,Anna Hays,Lakeland
2026,Caitlyn Pernsteiner,Lakeland
2026,Maleigha Kovalaske,Lakeland
2026,Greta Vorpahl,Lakeland
2026,Ryan Figi,Lakeland
2026,Faith Baker,Lakeland
2026,Alexa Amaya,Lakeland
2026,Ryleigh Willard,Lander
2026,Sarah VanDaele,Lander
2026,Gracelyn America,Lander
2026,Olivia Shaw,Lander
2026,Emma Greenier,Lander
2026,Ella Hubert,Lander
2026,Sam Alwardt,Lander
2026,Karson Browning,Lander
2026,Kaitlyn Hagmann,Lander
2026,Quinn Butler,Lander
2026,Krista Lauck,Lander
2026,Amelia May,Lander
2026,Presley Giglio,Lander
2026,Madeline Green,Lander
2026,Camryn Scherer,Lander
2026,Tyra Listenbee,Lander
2026,Andrea Crawford,Lander
2026,Afaf Smidi,Capital
2026,Morgan Metzger,Capital
2026,Shy Black,Capital
2026,Jasmine Easterday,Capital
2026,Kindyl Peltz,Capital
2026,Ava Knight,Capital
2026,Abby Reed,Capital
2026,Carlee Thompson,Capital
2026,Sidney Hains,Capital
2026,Chloe Preocanin,Capital
2026,Stefanee Stacey,Capital
2026,Cici Harris,Capital
2026,Emily Waites,Capital
2026,Camden Pasour,Lenoir-Rhyne
2026,Julie Donato,Lenoir-Rhyne
2026,Emmaleigh Allen,Lenoir-Rhyne
2026,Brooklynn Wilson,Lenoir-Rhyne
2026,Brooke Aeschliman,Lenoir-Rhyne
2026,Sadye Buffaloe,Lenoir-Rhyne
2026,Lola Nolasco,Lenoir-Rhyne
2026,Brooklyn Stanbery,Lenoir-Rhyne
2026,Kiley Redfern,Lenoir-Rhyne
2026,Denet Houey,Lenoir-Rhyne
2026,Averie Dale,Lenoir-Rhyne
2026,Ella Scott,Lenoir-Rhyne
2026,Morgan Blankenship,Lenoir-Rhyne
2026,Sydney Karjala,Lenoir-Rhyne
2026,Bridey Potter,Lenoir-Rhyne
2026,Addison Vary,Lenoir-Rhyne
2026,Rachael Chambers,Lenoir-Rhyne
2026,Avery Meide,Lenoir-Rhyne
2026,Adriana Lane,Lenoir-Rhyne
2026,Alicia Barbarito,Lenoir-Rhyne
2026,Kailah Harris,Lenoir-Rhyne
2026,Lili Gegovic,West Florida
2026,Maddie Mire,West Florida
2026,Lizzy Kwiatkowski,West Florida
2026,Maria Alvarez,Linfield
2026,Dannika Goss,Linfield
2026,Bella Rodriguez,Linfield
2026,Naia Alefaio-Foifua,Linfield
2026,Jocie Snyder,Linfield
2026,Kaarina Geymann,Linfield
2026,Kinley Deewall,Linfield
2026,Autumn Gaboury-Parker,Linfield
2026,Hi’ilei Alo,Linfield
2026,Kaitlyn Hough,Linfield
2026,Nora Myre,Linfield
2026,Camryn Hirst,Linfield
2026,Katelyn Mawdsley,Linfield
2026,Kaylea Rietdyk,Linfield
2026,Margaritah Bañuelos,Linfield
2026,Chloe Runn,Linfield
2026,Dani Pomele,Linfield
2026,Ascha Nielsen,Linfield
2026,Madison Millard,Linfield
2026,Abri Lopez,Linfield
2026,Addi Nelson,Linfield
2026,Marissa Thompson,Linfield
2026,Tatum Montiel,Linfield
2026,Megan Smith,Carleton
2026,Emily Geisen,Carleton
2026,Ellewyn Swafford,Carleton
2026,Rachel Bingham,Carleton
2026,Alexis Ormsby,Carleton
2026,Abby Kvart,Carleton
2026,Madeleine Dimitre,Carleton
2026,Aditi Mukhirala,Carleton
2026,Ella Goolsby,Carleton
2026,Raffaella Gardner,Carleton
2026,Jennifer Bricker,Carleton
2026,Sami Torresin,Carleton
2026,Cleo Garten,Carleton
2026,Angelina Erhardt,Carleton
2026,Ava Hummel,Pitt.-Greensburg
2026,Gianna Monzo,Pitt.-Greensburg
2026,Haley Friess,Pitt.-Greensburg
2026,Hannah Binns,Pitt.-Greensburg
2026,Emily Hernandez,Pitt.-Greensburg
2026,Jackie Shields,Pitt.-Greensburg
2026,McKenna Pore,Pitt.-Greensburg
2026,Damia Sibblies,Pitt.-Greensburg
2026,Abby Branik,Pitt.-Greensburg
2026,Ellie Althof,Pitt.-Greensburg
2026,Lorelai Leatherman,Pitt.-Greensburg
2026,Lauren Fajbik,Pitt.-Greensburg
2026,Ainsley Martin,Pitt.-Greensburg
2026,Ca'Mari Walden,Pitt.-Greensburg
2026,Lilly Buckles,Pitt.-Greensburg
2026,Mia Stohon,Pitt.-Greensburg
2026,Abigail Smulik,Pitt.-Greensburg
2026,Paige Phillips,Pitt.-Greensburg
2026,Genevieve Willis,Alas. Fairbanks
2026,Presley Engelauf,Alas. Fairbanks
2026,Peri Hoshock,Alas. Fairbanks
2026,Sarah James-DeSilva,Alas. Fairbanks
2026,Kelli Wright,Alas. Fairbanks
2026,Kellan Flynn,Alas. Fairbanks
2026,Ava Kronenberg,Alas. Fairbanks
2026,Ruby Tansy,Alas. Fairbanks
2026,Cynphany Henderson,Alas. Fairbanks
2026,Ashlyn White,Alas. Fairbanks
2026,McKenna Smith,Alas. Fairbanks
2026,Audrey Rose Smith,Alas. Fairbanks
2026,Emma Freeman,Alas. Fairbanks
2026,Tessa Onaga,Alas. Fairbanks
2026,Cori Leavitt,Alas. Fairbanks
2026,Haylee Lyons,Alas. Fairbanks
2026,Alyvia Davis,Alas. Fairbanks
2026,Lucy Braegger,Alas. Fairbanks
2026,Emily Jones,Carroll (WI)
2026,Mikayla Burback,Carroll (WI)
2026,Mckenzie Hallenbeck,Carroll (WI)
2026,Gianna Bathurst,Carroll (WI)
2026,Carly Hicklin,Carroll (WI)
2026,Kylie Wittnebel,Carroll (WI)
2026,Payton Depies,Carroll (WI)
2026,Avery Halstead,Carroll (WI)
2026,Lauryn Weber,Carroll (WI)
2026,Brooklynn Johnson,Carroll (WI)
2026,Audrey Rosenbaum,Carroll (WI)
2026,Miley Manternach,Carroll (WI)
2026,Lexi Proctor,Carroll (WI)
2026,Clara Justice,Carroll (WI)
2026,Talia Johnson,Carroll (WI)
2026,Jisselle Mejia,Carroll (WI)
2026,Ashley Miller,Carroll (WI)
2026,Addisson Omarrah,Carroll (WI)
2026,Morgan Kozlowski,Carroll (WI)
2026,Samantha Miserendino,Carroll (WI)
2026,Emma Yearby,Carroll (WI)
2026,Kendall Harrington,Mary Hardin-Baylor
2026,Sarah Rivich,Mary Hardin-Baylor
2026,Raylee Schaffner,Mary Hardin-Baylor
2026,Aspen Wendt,Mary Hardin-Baylor
2026,Peyton Sedlacek,Mary Hardin-Baylor
2026,Dravyn Hurd,Mary Hardin-Baylor
2026,Shelbee Adkins,Mary Hardin-Baylor
2026,Cameron Pesek,Mary Hardin-Baylor
2026,Sifa Olang,Mary Hardin-Baylor
2026,Addison Yates,Mary Hardin-Baylor
2026,Faith Clark,Mary Hardin-Baylor
2026,Avery Gray,Mary Hardin-Baylor
2026,Baylee Mobley,Mary Hardin-Baylor
2026,Kaysen Miller,Mary Hardin-Baylor
2026,Ella Nowlin,Mary Hardin-Baylor
2026,Makenzie Weddel,Mary Hardin-Baylor
2026,Allie Thompson,Mary Hardin-Baylor
2026,Angie Garcia,Mary Hardin-Baylor
2026,Abby Caron,Mary Hardin-Baylor
2026,Natalie Hughes,Mary Hardin-Baylor
2026,Melanie Cotes-Rivera,Cabrini
2026,Aysa Anderson,Cabrini
2026,Gina Custer,Cabrini
2026,Lexi Conte,Cabrini
2026,Amanda Purdy,Cabrini
2026,Hannah Dalton,Cabrini
2026,Lily Baynum,Cabrini
2026,Ally Kolnick,Cabrini
2026,Allison Clarke,Cabrini
2026,Alex Orr,Cabrini
2026,Victoria Camacho,Cabrini
2026,Makenzie Griffith,Cabrini
2026,Caleigh Nelson,Cabrini
2026,Alison Creeden,Cabrini
2026,Taylor Downing,Cabrini
2026,Jessie Donovan,Cabrini
2026,Sam Heenan,Cabrini
2026,Rachael Boyle,Cabrini
2026,Avery Basinger,CWRU
2026,Sophia Datto,CWRU
2026,Colleen Nudd,CWRU
2026,Emily Goodpaster,CWRU
2026,Sophie Bell,CWRU
2026,Piper Starling,CWRU
2026,Maya Zarow,CWRU
2026,Sude Naz Item,CWRU
2026,Sienna Olson,CWRU
2026,Kaitlyn Harris,CWRU
2026,Kate Williams,CWRU
2026,Thea Beran,CWRU
2026,Madeline Halter,CWRU
2026,Elena Esquivel,CWRU
2026,Olivia Myers,CWRU
2026,Isabel Haytayan,CWRU
2026,Marisa Guan,CWRU
2026,Maia Khetani,CWRU
2026,Ava Felgar,CWRU
2026,Remy Foos,CWRU
2026,Katie Yanni,CWRU
2026,Jynelle Lewis,Albion
2026,Camille Oxley,Albion
2026,Joelle Boeskool,Albion
2026,Annalynn Mann,Albion
2026,Margaret Jones,Albion
2026,Bri Whitfield,Albion
2026,Molly Edmunds,Albion
2026,Emma Pagliarella,Albion
2026,Melia Hosler,Albion
2026,Cameron Smith,Albion
2026,Paige Williamson,Albion
2026,Ryan Garrett,Albion
2026,Elaina Hendrix,Albion
2026,Haylee Schott,Albion
2026,Ava Wilcox,Albion
2026,Hanna Pardon,Albion
2026,Jillian Gibbs,Albion
2026,Taegen Anderson,Albion
2026,Mykenzie Lake,Albion
2026,Kendall Brookbank,Albion
2026,Haiden Morrison,Albion
2026,Carson Howard,Albion
2026,Taniya Radden,Albion
2026,Carly Frank,Albion
2026,AnnaLiese Dunlap,Albion
2026,Mallory Hulsey,Montevallo
2026,Ellise Hanson,Montevallo
2026,Mae Mae Beatty,Montevallo
2026,Ellie Scharlow,Montevallo
2026,Blakeley Robbins,Montevallo
2026,Lilly Singleton,Montevallo
2026,Maria Binder,Montevallo
2026,Abby Nelson,Montevallo
2026,Ava Wind,Montevallo
2026,Kate Wilkin,Montevallo
2026,Libby Rogers,Montevallo
2026,Anna Vandell,Montevallo
2026,Lily Erdal,Montevallo
2026,Katie Wilkerson,Montevallo
2026,Tam Nguyen,Montevallo
2026,Anna Kranz,Montevallo
2026,Eliza Tyrrell,Montevallo
2026,Kendall Brunn,Allegheny
2026,Sophia Godzich,Allegheny
2026,Kaelyn Keefer,Allegheny
2026,Duru Akbas,Allegheny
2026,Bella Johnson,Allegheny
2026,Ande Northrup,Allegheny
2026,Carlee Pepperman,Allegheny
2026,Joanna Miller,Allegheny
2026,Skyler Fatola,Allegheny
2026,Isabella Quirarte,Allegheny
2026,Valeria Rosado Roldán,Allegheny
2026,Jalyssa Wicker,Allegheny
2026,Carly Beers,Allegheny
2026,Jillian Smetana,Allegheny
2026,Marissa Rish,Allegheny
2026,Kate Bruner,Allegheny
2026,Reilly Mendez,Allegheny
2026,Yazmín Negrón,Allegheny
2026,Ellie Keuseman,MSU Moorhead
2026,Ana Werwie,MSU Moorhead
2026,Sienna Sabers,MSU Moorhead
2026,Kate Halvorson,MSU Moorhead
2026,Ava Wild,MSU Moorhead
2026,Kiara Olesch,MSU Moorhead
2026,Annalise Wilson,MSU Moorhead
2026,Natalie Mix,MSU Moorhead
2026,Brielle Riess,MSU Moorhead
2026,Miracle Jensen,MSU Moorhead
2026,Olivia Terhune,MSU Moorhead
2026,Ruby Bones,MSU Moorhead
2026,Sonja Lind,MSU Moorhead
2026,Brooke Bowen,MSU Moorhead
2026,Mya Pfeifer,MSU Moorhead
2026,Madi Colby,MSU Moorhead
2026,Raiah Mandell,MSU Moorhead
2026,Maci Martini,MSU Moorhead
2026,Annaka Johnson,MSU Moorhead
2026,Kya Keegan,MSU Moorhead
2026,Leah Laqua,MSU Moorhead
2026,Brooke Gillingham,MSU Moorhead
2026,Brenna Beck,MSU Moorhead
2026,Angelina Cavallaro,Mount Olive
2026,Hailey Hossfeld,Mount Olive
2026,Kaitlyn Landis,Mount Olive
2026,Emma Withers,Mount Olive
2026,Naomi Hill,Mount Olive
2026,Callie Wilbanks,Mount Olive
2026,Marin McAbee,Mount Olive
2026,Calista Bailey,Mount Olive
2026,Rachel Clark,Mount Olive
2026,Sara Wildes,Mount Olive
2026,Hailey Roberson,Mount Olive
2026,Olivia Melvin,Mount Olive
2026,Bayli Bryan,Mount Olive
2026,Lyndsay Reid,Mount Olive
2026,Danielle Parker,Mount Olive
2026,Kacey Gore,Mount Olive
2026,Marleigh Cooper,Mount Olive
2026,Harlee Hunter,Mount Olive
2026,Caylin Gecy,Mount Olive
2026,Ella Izett,Mount Olive
2026,Kaitlyn Koel,Mount Olive
2026,Rylee Sonnenfeld,Mount Olive
2026,Kyla Carney,Neumann
2026,McKenzie Dale,Neumann
2026,Hannah Strohm,Neumann
2026,Melissa Eddy,Neumann
2026,Kyndra Dale,Neumann
2026,Liv Bowers,Neumann
2026,Kera Kennedy,Neumann
2026,Delaney Jack,Neumann
2026,Raiza Batario,Neumann
2026,Taylor Long,Neumann
2026,Soleil-La'Jour Staggs,Neumann
2026,Bri Gautier,Neumann
2026,Julia Solomon,Neumann
2026,Austin Raymer,Neumann
2026,Victoria Persha,Northern St.
2026,Katelyn Schroeder,Northern St.
2026,Avery Douglas,Northern St.
2026,Lydia Nelson,Northern St.
2026,Sara Moberg,Northern St.
2026,Maggie Smith,Northern St.
2026,Misia Grudzien,Northern St.
2026,Ava Nilsson,Northern St.
2026,Addie Leach,Northern St.
2026,Logan Fredrickson,Northern St.
2026,Avery Maasdorf,Northern St.
2026,Morissen Samuels,Northern St.
2026,Sidonia Wattier,Northern St.
2026,Isabella Leaf,Northern St.
2026,Ashley Yost,Northern St.
2026,Linnea Nesheim,Northern St.
2026,Cara Cyr,Northern St.
2026,Leah Allan,Northland
2026,Kodie Rempp,Northland
2026,Lily Zapp,Northland
2026,Karsyn McQuaker,Northland
2026,Ellison DeZwarte,Northland
2026,Anna Campbell,Northland
2026,Hannah Peel,Northland
2026,Britta Josephson,Northland
2026,Hannah Fisher,Northland
2026,Madi Ritenour,Northland
2026,Kennedy Gruhlke,Northland
2026,Tatum Swapp,Northwest Nazarene
2026,Whitleigh Walsh,Northwest Nazarene
2026,Kaitlyn Waters,Northwest Nazarene
2026,Addison Lynn,Northwest Nazarene
2026,Hailey Cheney,Northwest Nazarene
2026,Jenna Holm,Northwest Nazarene
2026,Abby Black,Northwest Nazarene
2026,Greta Wilde,Northwest Nazarene
2026,Morgan Wilding,Northwest Nazarene
2026,McKay Kasper,Northwest Nazarene
2026,Maddy Hellem,Northwest Nazarene
2026,Lexi Douthit,Northwest Nazarene
2026,Sam Simonson,Northwest Nazarene
2026,Lexi Norisada,Northwest Nazarene
2026,Kayci Spray,Northwest Nazarene
2026,Madison Cheney,Northwest Nazarene
2026,Lily Kinloch,Northwest Nazarene
2026,Aubrey Ulrich,Northwest Nazarene
2026,Beatriz Muller Praun,Northwest Nazarene
2026,Jade Jasenovsky,Wheeling
2026,Mara McDougal,Wheeling
2026,Faith Keifer,Wheeling
2026,Carmen Muzingo,Wheeling
2026,Giana Mutersbaugh,Wheeling
2026,Cami Black,Wheeling
2026,Olivia Batch,Wheeling
2026,Brooklyn Brennan,Wheeling
2026,Camryn Matus,Wheeling
2026,Aleithia Wilson,Wheeling
2026,Bella DeBarr,Wheeling
2026,Kendall Kupper,Wheeling
2026,Nia Miller,Wheeling
2026,Katie Wilking,Wheeling
2026,Isabella Faro,Wheeling
2026,Autumn King,Wheeling
2026,Ava Dickerson,Wheeling
2026,Lainey Simmons,Wheeling
2026,Kamryn Yanni,Wheeling
2026,Tatum Creps,Wheeling
2026,Emma Manser,Wheeling
2026,Ava Green,Wheeling
2026,Jenna Pence,Wheeling
2026,Josie Schroder,Wheeling
2026,Jennifer Thistlethwaite,Centenary (NJ)
2026,Casey Carvalho,Centenary (NJ)
2026,Elena Struble,Centenary (NJ)
2026,Helen Bilomasur,Centenary (NJ)
2026,Ava Estrada,Centenary (NJ)
2026,Rey Bennett,Centenary (NJ)
2026,Gabriella Miller,Centenary (NJ)
2026,Taylor Riccio,Centenary (NJ)
2026,Kayla Munday,Centenary (NJ)
2026,Britney Keeney,Centenary (NJ)
2026,Brooke Dykhouse,Centenary (NJ)
2026,Clarissa Cordova,Centenary (NJ)
2026,McKenna Dickey,Centenary (NJ)
2026,Isabella Cappello,Centenary (NJ)
2026,Poppy Skjonnemand,Centenary (NJ)
2026,Sofia Mendez,Centenary (NJ)
2026,Molly Williams,Ouachita Baptist
2026,Kylah Manthe,Ouachita Baptist
2026,Paige Webb,Ouachita Baptist
2026,Madi Landry,Ouachita Baptist
2026,Kylie Kisgen,Ouachita Baptist
2026,Sophie Henry,Ouachita Baptist
2026,Delaney Gonzalez,Ouachita Baptist
2026,Kyleigh Casey,Ouachita Baptist
2026,Gracey Campbell,Ouachita Baptist
2026,Kailey Thedford,Ouachita Baptist
2026,Zoe Olson,Ouachita Baptist
2026,Leah Gardner,Ouachita Baptist
2026,Mack Bidwell,Ouachita Baptist
2026,Ella Irons,Ouachita Baptist
2026,Ann Marie Tice,Ouachita Baptist
2026,Kylie Craven,Ouachita Baptist
2026,Ruby Farris,Ouachita Baptist
2026,Sadie Blake,Ouachita Baptist
2026,Chloe Rauner,Central Mo.
2026,Nora Wiley,Central Mo.
2026,Bree Messenger,Central Mo.
2026,Maya Fergerson,Central Mo.
2026,Shelbi Wilson,Central Mo.
2026,Mia Lieberman,Central Mo.
2026,Evynn Olsen,Central Mo.
2026,Kirsten Harper,Central Mo.
2026,Ashlynn Jaccard,Central Mo.
2026,Brenna Kelly,Central Mo.
2026,Kaelyn McDonald,Central Mo.
2026,Ragin Corwin,Central Mo.
2026,Bella Holcomb,Central Mo.
2026,Bria Dawson,Central Mo.
2026,Aspen Nelsen,Central Mo.
2026,Shaye Koski,Central Mo.
2026,Grace Wagers,Central Mo.
2026,Sammy Klotz,Central Mo.
2026,Bella Manthe,Cairn
2026,Madison Searls,Cairn
2026,Payton Cline,Cairn
2026,Liliana Magazzu,Cairn
2026,Bridget Dahn,Cairn
2026,Abigail Stange,Cairn
2026,Georgianna Thorpe,Cairn
2026,Marah Lehman,Cairn
2026,Audrey Elisondo,Cairn
2026,Addy Benjamin,Cairn
2026,Delaney Hollenbeck,Cairn
2026,Emma Dekker,Cairn
2026,Maddie Shackelford,Cairn
2026,Madison Delp,Cairn
2026,Anna Dow,Cairn
2026,Kennedy Behnke,Pittsburg St.
2026,Crystal Smith,Pittsburg St.
2026,Mia Brown,Pittsburg St.
2026,Kassidy Nixon,Pittsburg St.
2026,Jesa Wallace,Pittsburg St.
2026,Imerie Jones,Pittsburg St.
2026,Alexis Bittner,Pittsburg St.
2026,Jadyn Hazzard,Pittsburg St.
2026,Abby Carr,Pittsburg St.
2026,Leilah Perry,Pittsburg St.
2026,Mason Palace,Pittsburg St.
2026,Vix Vilott,Pittsburg St.
2026,Caileigh Kilgore,Pittsburg St.
2026,Jordyn Washington,Pittsburg St.
2026,Maliyah Johnson,Pittsburg St.
2026,Amariah White,Pittsburg St.
2026,Mina Kaneko,Pittsburg St.
2026,Maddi LaPointe,Pittsburg St.
2026,Avery Ringgenberg,Pittsburg St.
2026,Kaydence Torrez,Pittsburg St.
2026,Brynna Zoeller,Pittsburg St.
2026,Peyton Liming,Pittsburg St.
2026,Amanda Bagdonaite,Benedictine (IL)
2026,Brooke Wisniewski,Benedictine (IL)
2026,Nicole Panzeca,Benedictine (IL)
2026,Hannah Wollschlager,Benedictine (IL)
2026,Olivia Evola,Benedictine (IL)
2026,Katie Dittmar,Benedictine (IL)
2026,Keira Clark,Benedictine (IL)
2026,Emma Cuzas,Benedictine (IL)
2026,Samantha Bagdonaite,Benedictine (IL)
2026,Rory Geroux,Benedictine (IL)
2026,Lucy Lehmann,Benedictine (IL)
2026,Kennedi Paige,Benedictine (IL)
2026,Marley Parkin,Benedictine (IL)
2026,Kylie Wagoner-Smith,Benedictine (IL)
2026,Elizabeth Williams,Benedictine (IL)
2026,Lily Kunselman,Post
2026,Mariah Leyva,Post
2026,Lola Chagnon,Post
2026,Abi Thie,Post
2026,Kelsea Moore,Post
2026,Vivien Andrea Fehervari,Post
2026,Katalin Kovacs,Post
2026,Duru Karagoz,Post
2026,Catelina Luzader,Post
2026,Rayssa Satlher,Post
2026,Kelsey Hinckley,Post
2026,Lilly Josephson,Post
2026,Lilly Chavez,Post
2026,Miley Avenell,Post
2026,Grace Tucker,Post
2026,Elyana Ortiz,Post
2026,Leila Benjamin,Post
2026,Alani Duncan,Post
2026,Rylee Barnes,Centre
2026,Campbell Floyd,Centre
2026,Amery Galan,Centre
2026,Kendra Christopher,Centre
2026,Elle B Smith,Centre
2026,Campbell Miles,Centre
2026,Mady Mardock,Centre
2026,Lauren Uffman,Centre
2026,Emersyn Pannell,Centre
2026,Maya Kondik,Centre
2026,Olivia Chojnacki,Centre
2026,Elise Grundy,Centre
2026,Delia Long,Centre
2026,Riley Snowden,Centre
2026,Abby Swartz,Centre
2026,Mia Casi,Centre
2026,Syd Bietz,Centre
2026,Sami Lanan,Centre
2026,Mack Turner,Centre
2026,Ella Cox,Centre
2026,Avery DeLong,Rockhurst
2026,Katie Vargo,Rockhurst
2026,Gracie Vanderbeek,Rockhurst
2026,Abby Boyd,Rockhurst
2026,Victoria Gray,Rockhurst
2026,Kaitlyn Dumpit,Rockhurst
2026,Carlie Pandjaris,Rockhurst
2026,Addi MacLean,Rockhurst
2026,Lauren Lopez,Rockhurst
2026,Bailey Donnelly,Rockhurst
2026,Alyssa McDonald,Rockhurst
2026,Chloe Tyrrell,Rockhurst
2026,Riley Hays,Rockhurst
2026,Jaicee Corcoran,Rockhurst
2026,Delaney Hope,Rockhurst
2026,Bella Miller,Rockhurst
2026,Molly Trachta,Rockhurst
2026,Ali Olson,Rockhurst
2026,Joy Bateman,Lees-McRae
2026,Aiyana Murrell,Lees-McRae
2026,Gretchen Gottschalk,Lees-McRae
2026,Caylee William,Lees-McRae
2026,Emily Lyon,Lees-McRae
2026,Naomi Locklear,Lees-McRae
2026,Reece Edwards,Lees-McRae
2026,Aadyn Polk,Lees-McRae
2026,Meghan Carroll,Lees-McRae
2026,Adisyn Bland,Lees-McRae
2026,Addi Stables,Lees-McRae
2026,Kaley Mabry,Lees-McRae
2026,Amaya Bailey,Lees-McRae
2026,Iza Rosin,Lees-McRae
2026,Katie White,Lees-McRae
2026,Jadyn Brester,Lees-McRae
2026,Peyton Volk-Tuller,Lees-McRae
2026,Karlee Mainor,Lees-McRae
2026,Brooke Ashkenase,Lees-McRae
2026,Karoline Springman,Lees-McRae
2026,Bea Angeles,St. Edward's
2026,Althea Morris,St. Edward's
2026,Madi Ziegler,St. Edward's
2026,Kaylen Lembcke,St. Edward's
2026,Bailey O'Dell,St. Edward's
2026,Ariana Vazquez,St. Edward's
2026,Brenna Heffron,St. Edward's
2026,Ivy Waclawczyk,St. Edward's
2026,Delaney Gregory,St. Edward's
2026,Mia Clay,St. Edward's
2026,Macy Phillips,St. Edward's
2026,Kelli Fording,St. Edward's
2026,Giselle Ojeda,St. Edward's
2026,Grace McDonald,St. Edward's
2026,Heidi Torgerson,St. Edward's
2026,Landry Baughman,St. Edward's
2026,Kara Wynn,St. Edward's
2026,Bella Briceno,St. Edward's
2026,Carrington Jaimes,St. Edward's
2026,Ashli Lum,Saint Martin's
2026,Reese Luke,Saint Martin's
2026,Sophie Fast,Saint Martin's
2026,Sophie Armstrong,Saint Martin's
2026,Aundrea Oxentine,Saint Martin's
2026,Matagi Maugaotega,Saint Martin's
2026,Tiffany Lam,Saint Martin's
2026,Zoey Crimin,Saint Martin's
2026,Hanna Ligons,Saint Martin's
2026,Naomi Rainwater,Saint Martin's
2026,Tehani Yamashita,Saint Martin's
2026,Emily Garten,Saint Martin's
2026,Georgia DePiano,Saint Martin's
2026,Olivia Bassett,Saint Martin's
2026,Aideen Bobadilla,Saint Martin's
2026,Margo Baumgartner,Saint Martin's
2026,Leila Quinn,Saint Martin's
2026,Kamara White,Saint Martin's
2026,Haleigh Wilk,St. Mary's (TX)
2026,Abbey Stiffler,St. Mary's (TX)
2026,Kaitlyn Kirschner,St. Mary's (TX)
2026,Chandley Tolbert,St. Mary's (TX)
2026,Liz Salinas,St. Mary's (TX)
2026,Emerson Chang,St. Mary's (TX)
2026,Kaylee Cavazos,St. Mary's (TX)
2026,Natalia Rodriguez,St. Mary's (TX)
2026,Olivia Rubio,St. Mary's (TX)
2026,Juliet Trevino,St. Mary's (TX)
2026,Laurene Robinson,St. Mary's (TX)
2026,Madi Milligan,St. Mary's (TX)
2026,Kelly Swyers,St. Mary's (TX)
2026,Madyson Carr,St. Mary's (TX)
2026,Taylor Alston,St. Mary's (TX)
2026,Addison Carrillo,St. Mary's (TX)
2026,Tara Creekmore,St. Mary's (TX)
2026,Julianna Guajardo,St. Mary's (TX)
2026,Sonia Bojarska,St. Mary's (TX)
2026,Sophee Dean,Southeastern Okla.
2026,Calista Miller,Southeastern Okla.
2026,Jasmin Dion,Southeastern Okla.
2026,Merrick Hammel,Southeastern Okla.
2026,Gabby Jones,Southeastern Okla.
2026,Candace Jones,Southeastern Okla.
2026,Ariah Perez,Southeastern Okla.
2026,Chloe Davis,Southeastern Okla.
2026,Brooklyn Kiser,Southeastern Okla.
2026,Patience Lewis,Southeastern Okla.
2026,Jaxon Doty,Southeastern Okla.
2026,Nykeriah Allen,Southeastern Okla.
2026,Taylor Pitts,Southeastern Okla.
2026,Rylee Jackson,Southeastern Okla.
2026,Layla Wilson,Southeastern Okla.
2026,Kylee Turner,Southeastern Okla.
2026,Anger Ngeth,Southeastern Okla.
2026,Brinklee Dauenhauer,Southern Ark.
2026,Bailey Walker,Southern Ark.
2026,Courtnee Morgan,Southern Ark.
2026,Gracie Moore,Southern Ark.
2026,Ava Rann,Southern Ark.
2026,Charley Walker,Southern Ark.
2026,Ryleigh Layton,Southern Ark.
2026,Maddie McSpadden,Southern Ark.
2026,Kendall Toliver,Southern Ark.
2026,Peighton Killeen,Southern Ark.
2026,Nasiya Graham,Southern Ark.
2026,Hayden Pinard,Southern Ark.
2026,Addison Anderson,Southern Ark.
2026,Allie Cooper,Southern Ark.
2026,Jessica Porten,Southern Ark.
2026,Peyton Estes,Southern Ark.
2026,Kate Schofield,Southern Ark.
2026,Addy Vollmer,Southern Ark.
2026,Maddie Hanes,Chris. Newport
2026,Elena Gonzales,Chris. Newport
2026,Carley Coghill,Chris. Newport
2026,Madison Rogers,Chris. Newport
2026,Sylvia Wargolet,Chris. Newport
2026,Audrey Stenger,Chris. Newport
2026,Jasmine Williams,Chris. Newport
2026,Phoebe Adams,Chris. Newport
2026,Emmy Carpenedo,Chris. Newport
2026,Fielding Croft,Chris. Newport
2026,Simara Alexander,Chris. Newport
2026,Avery Hanly,Chris. Newport
2026,Samantha Dorn,Chris. Newport
2026,Lanie Goff,Chris. Newport
2026,Alli Pratt,Chris. Newport
2026,Ana Smithson,Chris. Newport
2026,Lauren Hobbs,Chris. Newport
2026,Violetta Flores,Sul Ross St.
2026,Arianne Nieto,Sul Ross St.
2026,BreAnna Quarles,Sul Ross St.
2026,Justyne Sierra,Sul Ross St.
2026,Hailey Peal,Sul Ross St.
2026,Jade Munoz,Sul Ross St.
2026,Emily Rodriguez,Sul Ross St.
2026,Anayah Sinclair,Sul Ross St.
2026,Mary Raygoza,Sul Ross St.
2026,Hannah Garcia,Sul Ross St.
2026,Antyiahna Lang,Sul Ross St.
2026,Nuri Stevenson,Sul Ross St.
2026,Madelyn Patterson,Sul Ross St.
2026,Libby Foster,Sul Ross St.
2026,Leilani Famaligi,Sul Ross St.
2026,Angela Riusech,Sul Ross St.
2026,McKenzie Hart,Sul Ross St.
2026,Brianna Galvan,Sul Ross St.
2026,Neeyah Stevenson,Sul Ross St.
2026,Crystal Espinoza,Sul Ross St.
2026,Novah Carrasco,Sul Ross St.
2026,Mia Espinoza,Sul Ross St.
2026,Clarissa Deleon,Sul Ross St.
2026,Emily Scott,Sul Ross St.
2026,Raven Martinez,Sul Ross St.
2026,Katrin Hardardottir,Sul Ross St.
2026,Ela Bas,Sul Ross St.
2026,Madison Rice-Locket,Tarleton St.
2026,Grace Letterman,Brockport
2026,Alexis Sison,Brockport
2026,Ana Parella,Brockport
2026,Lauryn Forand,Brockport
2026,Grace Ippoliti,Brockport
2026,Ellie Cusmano,Brockport
2026,Kaylee Dickerson-Holly,Brockport
2026,Regina Salazar,Brockport
2026,Gianna Felipe,Brockport
2026,Anna Cascapera,Brockport
2026,Alenna Williamson,Brockport
2026,Ava Baty,Brockport
2026,Lauren Emke,Brockport
2026,Maddy Howell,Brockport
2026,Madisen Jones,Brockport
2026,Luba Butcher,Brockport
2026,Kaitlyn Jewett,Brockport
2026,Peyton Size,Whitworth
2026,Haylie Steel,Whitworth
2026,Olivia Paul,Whitworth
2026,Lindsey Short,Whitworth
2026,Alyssa Baird,Whitworth
2026,Kaylee Winterroth,Whitworth
2026,Avery Boswell,Whitworth
2026,Bryanna Dodson,Whitworth
2026,Lauren Kremer,Whitworth
2026,Ahrya Robins,Whitworth
2026,Keyala Krumland,Whitworth
2026,Paige Kettle,Whitworth
2026,Paige McKenzie,Whitworth
2026,McKenna Adams,Whitworth
2026,Hailee Biegler,Whitworth
2026,Madison Pridon,Whitworth
2026,Sofie Fox,Whitworth
2026,Anna Borner,Wayne St. (NE)
2026,Channing Johnson,Wayne St. (NE)
2026,Bella Sjuts,Wayne St. (NE)
2026,Chloe Hanel,Wayne St. (NE)
2026,Delaney Miller,Wayne St. (NE)
2026,Payton Sullivan,Wayne St. (NE)
2026,Kaelyn Andersen,Wayne St. (NE)
2026,Ella Myler,Wayne St. (NE)
2026,Boe Kaschner,Wayne St. (NE)
2026,Reese Johnson,Wayne St. (NE)
2026,Sophia Fisher,Wayne St. (NE)
2026,Mattie Kamery,Wayne St. (NE)
2026,Channatee Robles,Wayne St. (NE)
2026,Molly Romano,Wayne St. (NE)
2026,Mia Berg,Wayne St. (NE)
2026,Hanna Vaught,Waynesburg
2026,Peyton Kuhns,Waynesburg
2026,Kennedi King,Waynesburg
2026,Shannon Zawislak,Waynesburg
2026,Halana Brubaker,Waynesburg
2026,Alenah Tyer,Waynesburg
2026,Kenzie Ammons,Waynesburg
2026,Bostyn Guinn,Waynesburg
2026,Madison Zeroski,Waynesburg
2026,Mckenna Griffith,Waynesburg
2026,Elianis Deras,Waynesburg
2026,Jordan Wade,Waynesburg
2026,Izzy Shane,Waynesburg
2026,Shamere Waugh,Waynesburg
2026,Krista Wilson,Waynesburg
2026,Kristina Zadrozny,Waynesburg
2026,Audrey Work,Waynesburg
2026,Riley Beegle,Waynesburg
2026,Katie Cottis,Waynesburg
2026,Eliana Thornton,Waynesburg
2026,Ray Baniaga,Waynesburg
2026,Sarah Brownlee,Waynesburg
2026,Mallory Boyd,Waynesburg
2026,Zardai Banks,Waynesburg
2026,Mckenzi Chenault,Waynesburg
2026,Lydia Francis,Waynesburg
2026,Jessa Anderson,West Liberty
2026,Kaelynn Burge,West Liberty
2026,Amira DuPree,West Liberty
2026,Lily Brinker,West Liberty
2026,Giana Bogunovich,West Liberty
2026,Emma Lewis,West Liberty
2026,Sidney Keni,West Liberty
2026,Dakoda Keni,West Liberty
2026,Taylor Speake,West Liberty
2026,Addyson Lewis,West Liberty
2026,Julia Birck,West Liberty
2026,Madilyn Stroud,West Liberty
2026,Aleya Baptiste,West Liberty
2026,Ava Trentman,West Liberty
2026,Adrienne Staib,West Liberty
2026,Audrey Buck,West Virginia St.
2026,Rowe Tapley,West Virginia St.
2026,Maya Vilmar,West Virginia St.
2026,Lilly Adkins,West Virginia St.
2026,Carmen Pérez,West Virginia St.
2026,Deniz Akgul,West Virginia St.
2026,Kiela Sanger,West Virginia St.
2026,Kaylee Caruthers,West Virginia St.
2026,Jillian Yost,West Virginia St.
2026,Ahaziah Smith,West Virginia St.
2026,Kori Reckers,West Virginia St.
2026,Gabrielle Elliott,West Virginia St.
2026,Giatta Iquinto,West Virginia St.
2026,Inka Oksanen,West Virginia St.
2026,Daneya Morgan,West Virginia St.
2026,Marcelina Pyka,West Virginia St.
2026,Kelsey Mckeehan,West Virginia St.
2026,Baylee Smith,West Virginia St.
2026,Milena Jansson,West Virginia St.
2026,Jocie Harris,West Virginia St.
2026,Akire Williams,Clark Atlanta
2026,Sydney Ray,Clark Atlanta
2026,London Jackson,Clark Atlanta
2026,Jayanna Shannon,Clark Atlanta
2026,Sawyer Arbuckle,Clark Atlanta
2026,Amasjah Gillings,Clark Atlanta
2026,Reagan Gatlin,Clark Atlanta
2026,Ericka Freeman,Clark Atlanta
2026,Briana Little,Clark Atlanta
2026,Carmella Jones,Clark Atlanta
2026,Nakayla James,Clark Atlanta
2026,Antonique Coleman,Clark Atlanta
2026,Krystalyn Buxton,Clark Atlanta
2026,Kai Harris,Clark Atlanta
2026,Mikelle McAfee,Western N.M.
2026,Hannah Haggard,Western N.M.
2026,Isabella Brewer,Western N.M.
2026,Daphne Posthumus,Western N.M.
2026,Brynlee Barris,Western N.M.
2026,Ava Frezza,Western N.M.
2026,Astrid Aranda,Western N.M.
2026,Jayden Hughes,Western N.M.
2026,Kiara McDuffie,Western N.M.
2026,Hailey Meeks,Western N.M.
2026,Briseis Armendariz,Western N.M.
2026,Jayla McDuffie,Western N.M.
2026,Jalissa Costa,Western N.M.
2026,Sailor Allred,Western N.M.
2026,Jade Rampton,Western N.M.
2026,Savanna Haefs,Western N.M.
2026,McKenna Alvarez-Mittelsted,Western N.M.
2026,Payton Zenan,Western N.M.
2026,Natalia Rivera,Western N.M.
2026,Madi Noel,Western Ore.
2026,Ava Ainsworth,Western Ore.
2026,Kate Markley,Western Ore.
2026,Cali-Jo Shigemasa,Western Ore.
2026,Kilinoelehua Helm,Western Ore.
2026,Malena Mathis,Western Ore.
2026,Finley Buman,Western Ore.
2026,Kate Klobas,Western Ore.
2026,Jessica Eldridge,Western Ore.
2026,Olivia Gonzales,Western Ore.
2026,Payton Davis,Western Ore.
2026,Vivian Yount,Western Ore.
2026,Melissa Hadley,Western Ore.
2026,Samantha Darby,Western Ore.
2026,Cali Bitzer,Western Ore.
2026,Kealani Rosa,Western Ore.
2026,Mele Taumoepeau,Western Ore.
2026,Delaney Speer,Western Wash.
2026,Emily Vossenkuhl,Western Wash.
2026,Maya Quitiquit,Western Wash.
2026,Dani Turcinec,Western Wash.
2026,Finnley Claeys,Western Wash.
2026,Aly Skagen,Western Wash.
2026,Emme Shaffer,Western Wash.
2026,Maleah Andrews,Western Wash.
2026,Caroline Hansen,Western Wash.
2026,Jasmine Terry,Western Wash.
2026,Chayse Flick-Williams,Western Wash.
2026,Maren Stuber,Western Wash.
2026,Quinn Pedersen,Western Wash.
2026,Nohea Alo,Western Wash.
2026,Teya Zaddack,Western Wash.
2026,Violet Burchak,Western Wash.
2026,Brooke Berglund,Western Wash.
2026,Harper Chinn,Clark (MA)
2026,Alexandra Cohen,Clark (MA)
2026,Winifred Gakidis,Clark (MA)
2026,Cadence Martin,Clark (MA)
2026,Katelyn Williams,Clark (MA)
2026,Ashlyn Moquin,Clark (MA)
2026,Isabella Alcott,Clark (MA)
2026,Addison Link,Clark (MA)
2026,Xela Wine,Clark (MA)
2026,Julia Crockett,Clark (MA)
2026,Defne Olcer,Clark (MA)
2026,Julia Dopazo,Clark (MA)
2026,Hannah Harrington,Clark (MA)
2026,Abigail Venis,Clark (MA)
2026,Kate Badrov,Carthage
2026,Ava Dettwiler,Carthage
2026,Hannah Bendoff,Carthage
2026,Elise Webster,Carthage
2026,Sydney Horacek,Carthage
2026,Sofia Campos,Carthage
2026,Alena Amel,Carthage
2026,Lisa Keating,Carthage
2026,Mina Reichert,Carthage
2026,Tessa Davison,Carthage
2026,Emma Crow,Carthage
2026,Kristina Manojlovic,Carthage
2026,Brianna Gritzman,Carthage
2026,Hailey Wierzgac,Carthage
2026,Della Walsh,Carthage
2026,Macy Wente,Carthage
2026,Taylor Baratta,Carthage
2026,Ava McTeague,Carthage
2026,Tessa Schlaak,Carthage
2026,Maddie Hellrung,Carthage
2026,McKenzie Bronder,Carthage
2026,Grace Wenthold,Carthage
2026,Sophia Verplanke,Carthage
2026,Kara Lodes,Carthage
2026,Rylee Neu,Carthage
2026,Brianna Walsh,Castleton
2026,Hannah Varney,Castleton
2026,Lillirose Prevost,Castleton
2026,Grace Mack,Castleton
2026,Nicolette Vaughn,Castleton
2026,Delia Roulston,Castleton
2026,Olivia Smith,Castleton
2026,Alondra Rojas,Castleton
2026,Lilli Burrows,Castleton
2026,Sam Ford,Castleton
2026,Jocelyn Ray,Castleton
2026,Madison Sheehan,Castleton
2026,Kaitlyn Chapman,Castleton
2026,Izzie Piano,Clarkson
2026,Cecilia Velardi,Clarkson
2026,Emma Cortez,Clarkson
2026,Trinity Simon,Clarkson
2026,Brianna Hale,Clarkson
2026,Conley Burns,Clarkson
2026,Lyra Hall,Clarkson
2026,Jordyn Leader,Clarkson
2026,Cirrae Cuffy,Clarkson
2026,Natasha Aguirre,Clarkson
2026,Ainslie Reimer,Clarkson
2026,Emily Alexander,Clarkson
2026,Olivia Baxter,Clarkson
2026,Amelia Bartfalvi,Clarkson
2026,Aven Day,Clarkson
2026,Georgia Thurmond,Clarkson
2026,Chase Chudoba,Clarkson
2026,Hailey Green,Wingate
2026,Jordan Griffin,Wingate
2026,Mia Marty,Wingate
2026,Gabby Lund,Wingate
2026,Alanna Vavao,Wingate
2026,Carson Reeves,Wingate
2026,Reece Bellush,Wingate
2026,Abby Mas,Wingate
2026,Rylee Tanner,Wingate
2026,Addie Rossum,Wingate
2026,Rylee Lambert,Wingate
2026,Kaity Coan,Wingate
2026,Vittoria Leggiero,Wingate
2026,Saylor Edwards,Wingate
2026,Ximena Padilla,Wingate
2026,Julia Kneba,Wingate
2026,Lillian Edwards,Wingate
2026,Anya Pershin,Wingate
2026,Siena Sumner,Wingate
2026,Grace Woodring,Wingate
2026,Maiya Piccarreta,Cedar Crest
2026,Tianlly Davila,Cedar Crest
2026,Elyse Holben,Cedar Crest
2026,Kayla Duenkel,Cedar Crest
2026,Jasmine Beck,Cedar Crest
2026,Phoebe Pietila,Cedar Crest
2026,Sophia Curran,Cedar Crest
2026,Addison Losik,Cedar Crest
2026,Ellise Everett,Cedar Crest
2026,Samantha Fitzpatrick,Cedar Crest
2026,Sahiomy Martes,Cedar Crest
2026,Jemma Cazabon,Cedar Crest
2026,Julia Turchiano,Catholic
2026,Chloe Mamrosch,Catholic
2026,Lily Godbold,Catholic
2026,Maddie Wilkey,Catholic
2026,Laci Freitas,Catholic
2026,Marin Stensrud,Catholic
2026,Alani Rivera Diaz,Catholic
2026,Kate Berra,Catholic
2026,Mia Campos Cruz,Catholic
2026,Mariana Roman Cruz,Catholic
2026,Vivian O'Brien,Catholic
2026,Juliette Cummings,Catholic
2026,Alejandra Garcia,Catholic
2026,Julia Raab,Catholic
2026,Ava Borcky,Catholic
2026,Anna Maria Carella,Catholic
2026,Samantha Mitchell,Catholic
2026,Maura Fay,Catholic
2026,Kate Kozlowski,Catholic
2026,Caroline Welsh,Catholic
2026,Elianette Escalera,Catholic
2026,Zoe Wockenfus,Coe
2026,Emily Westerhold,Coe
2026,Lexi Hammer,Coe
2026,Elise Blaesing,Coe
2026,Jenna Mitter,Coe
2026,Jasmine Shields,Coe
2026,Ruby Patterson,Coe
2026,Cyndey Jaster,Coe
2026,Brooke Sullivan,Coe
2026,Tessa Casebolt,Coe
2026,Marisa Newhouse,Coe
2026,Mahri Kaczmarek,Coe
2026,Morgan Beam,Coe
2026,Sydney Burmeister,Coe
2026,Lilly Cook,Coe
2026,Najolie Price,Coe
2026,Abi Bowe,Coe
2026,Liv Wipper,Coe
2026,Evelyn Winkelman,Coe
2026,Ava Czarnecki,Coe
2026,Abby Distad,Coe
2026,Jordin Carroll,Coe
2026,Michaela Brown,Coe
2026,Lexi Peponis,Coe
2026,Adilyne Reyes,Coe
2026,Jada Townsend,Coe
2026,Jordan Lee,Colby
2026,Ansley White,Colby
2026,LJ Grant,Colby
2026,Alexa Peguero,Colby
2026,Kendall Glover,Colby
2026,Sydney Bopp,Colby
2026,Olivia Drayden,Colby
2026,Alli McKenney,Colby
2026,Jillian Roche,Colby
2026,Shayna Purow,Colby
2026,Sydney Sick,Colby
2026,Brady Moseley,Colby
2026,Lauren Pankratz,Colby
2026,Marjorie Johnson,Colby
2026,Sarah Friedrichs,Colby
2026,Reese Loyd,Colby
2026,Emma Davis,Colby
2026,Gabby Grujic,Colby
2026,Cyanne Jones,Colby
2026,Azariah Love,Colby
2026,Ingrid Zahn,Colby
2026,Issy Pribisich,Colby
2026,Addison Pillis,Colby
2026,Gabriella Towns,Colby
2026,Alex Sepcic,Colby
2026,Alexis Rollins,Colby
2026,Haley Beigh,Colby
2026,Chloe Petrik,Colby
2026,Sydney DeProfio,Colby
2026,Brianna Hazak,Colby
2026,Majken Burtt,Colorado Col.
2026,Elizabeth Barry,Colorado Col.
2026,Lucy Bloom,Colorado Col.
2026,Mackenzie Woolfolk,Colorado Col.
2026,Anne Haley,Colorado Col.
2026,Eden Lynn,Colorado Col.
2026,Annie Joo,Colorado Col.
2026,Lucy McCord,Colorado Col.
2026,Camille Sherrill,Colorado Col.
2026,Delaney Dorscht,Colorado Col.
2026,Anabelle Yujuico,Colorado Col.
2026,Bella Bond,Colorado Col.
2026,Meghan Gannon,Colorado Col.
2026,Amanda Cullen,Colorado Col.
2026,Greta Miller,Colorado Col.
2026,Grace Berry,Colorado Col.
2026,Camden Goodman,Colorado Col.
2026,Tatum Hodges,Colorado Col.
2026,Brooke Brilliant,Colorado Col.
2026,Liv Beckish,Colorado Col.
2026,Julia Reusch,Colorado Col.
2026,Kennedie Browning,Colo. Sch. of Mines
2026,Tori Garrett,Colo. Sch. of Mines
2026,Brinleigh Davis,Colo. Sch. of Mines
2026,Cadence McDonald,Colo. Sch. of Mines
2026,Abbie O'Shay,Colo. Sch. of Mines
2026,Caroline Walden,Colo. Sch. of Mines
2026,Emily Rohrer,Colo. Sch. of Mines
2026,Naomi Romslo,Colo. Sch. of Mines
2026,Olivia Murillo,Colo. Sch. of Mines
2026,Kaiya Gilbert,Colo. Sch. of Mines
2026,Sophia Davila,Colo. Sch. of Mines
2026,Jenna McLaughlin,Colo. Sch. of Mines
2026,Layla Padgett,Colo. Sch. of Mines
2026,Presley Powell,Colo. Sch. of Mines
2026,Avery Perreira,Colo. Sch. of Mines
2026,Bailey Rosander,Colo. Sch. of Mines
2026,Francesca Nuzzo,Colo. Sch. of Mines
2026,Adrienne Enriquez,Colo. Sch. of Mines
2026,Eryn Hiraki,Colo. Sch. of Mines
2026,Jessica Lawton,Colorado St.
2026,Olivia Ewing,Colorado St.
2026,Olivia Oliver,Rosemont
2026,Pearl Smith,Rosemont
2026,Cameryn Roach,Rosemont
2026,Brianna Porter,Rosemont
2026,Lori Shorten,Rosemont
2026,Mya Hanford,Rosemont
2026,Jana Ehnot,Rosemont
2026,Mikayla Moffatt,Rosemont
2026,Savannah Miller,Columbus St.
2026,Sabrina Rodgers,Columbus St.
2026,Whitney Coles,Columbus St.
2026,Jordan Screen,Columbus St.
2026,Megan Frame,Columbus St.
2026,Abby King,Columbus St.
2026,Ashley Smith,Columbus St.
2026,Nicole Pollzzie,Columbus St.
2026,Melissa Murray,Columbus St.
2026,Dayanna Barbosa,Columbus St.
2026,Zoemy Barreto Pereira,Columbus St.
2026,Kendall Smith,Columbus St.
2026,Kylie Beaubien,Columbus St.
2026,Malaisia Stallworth,Columbus St.
2026,Caytlin Merritt,Columbus St.
2026,Mary McCarty,Columbus St.
2026,Andrea Skipor,Columbus St.
2026,Rachel Etim,Albright
2026,Paige Lipp,Albright
2026,Kinsey Connor,Albright
2026,Kariana Minaya,Albright
2026,Valouria James,Albright
2026,Korrine Tillery,Albright
2026,Neve Straff,Albright
2026,Mackenzie David,Albright
2026,Laura Ordakowski,Albright
2026,Sydney Mayfield,Albright
2026,Carly Fincham,Albright
2026,Isabella Garay,Albright
2026,Aleshandra Arroyo,Albright
2026,Lucia Fernandez,Albright
2026,Samantha Lipp,Albright
2026,Orianna Edmond,Albright
2026,Elon Ruley-Donadelle,Albright
2026,Indiah Day,Concordia Chicago
2026,Rylin Rimsnider,Concordia Chicago
2026,Neva Foster,Concordia Chicago
2026,Debanhi Moreno,Concordia Chicago
2026,Lydianis Boutureira,Concordia Chicago
2026,Bethany Roethel,Concordia Chicago
2026,Hailey Gomez,Concordia Chicago
2026,Weronika Kurnat,Concordia Chicago
2026,Jessalyne Perkins,Concordia Chicago
2026,Beatriz Goncalves,Concordia Chicago
2026,Lariah Marshall,Concordia Chicago
2026,Jordan Brown,Concordia Chicago
2026,Rachel Livesay,Concordia Chicago
2026,Brynn Icenogle,Concordia Chicago
2026,Arianna Downs,Concordia Chicago
2026,Malainna Adler,Concordia Chicago
2026,Ava Quevedo,Concordia Chicago
2026,Rosemary Brenner,Concordia Chicago
2026,Harmonie Cooper,Concordia Chicago
2026,Brianna Bentz,Concordia Chicago
2026,Victoria Pet,Concordia Chicago
2026,Averi Kline,Misericordia
2026,Sarah Kelly,Misericordia
2026,Olivia Conza,Misericordia
2026,Meghan Peters,Misericordia
2026,Olivia Yuhas,Misericordia
2026,Lily Andersen,Misericordia
2026,Jennifer Nicometo,Misericordia
2026,Cassandra Genduso,Misericordia
2026,Sarah Steeber,Misericordia
2026,Norah Silfies,Misericordia
2026,Keira McCaffrey,Misericordia
2026,Sarah Journey,Misericordia
2026,Jenna Schuda,Misericordia
2026,Jennifer Jacobson,Misericordia
2026,Maggie Duda,Misericordia
2026,Rachel LoFaso,Misericordia
2026,Madison Tullo,Misericordia
2026,Caroline Festersen,Connecticut Col.
2026,Reagan Pace,Connecticut Col.
2026,Sienna McCormack,Connecticut Col.
2026,Evie Lockwood Mullaney,Connecticut Col.
2026,Riley Lord,Connecticut Col.
2026,Emma Hoffmann,Connecticut Col.
2026,Sarah Woodhouse,Connecticut Col.
2026,Grace Anderson,Connecticut Col.
2026,Dylan Kokkinos,Connecticut Col.
2026,Taylor Chatigny,Connecticut Col.
2026,Tilde Keatley,Connecticut Col.
2026,Zoe Watts,Connecticut Col.
2026,Rae Wartelle,Connecticut Col.
2026,Aubrie Letourneau,Connecticut Col.
2026,Vibha Sheth,Connecticut Col.
2026,Taylor Merrifield,Connecticut Col.
2026,Jocelyn Bickford,Connecticut Col.
2026,Josie Kelly,Connecticut Col.
2026,Gracie Payne,William Peace
2026,Jax Janecek,William Peace
2026,Sam Perez-Gonzalez,William Peace
2026,Aubrey Chesson,William Peace
2026,Helayna Myers,William Peace
2026,Alyssa Sava,William Peace
2026,Anna Smith,William Peace
2026,Savannah Hairr,William Peace
2026,Katie Arens,William Peace
2026,Lucy Bokenkroger,William Peace
2026,Macey Bowes,William Peace
2026,Aaliyah Anderson,William Peace
2026,Olivia Smith,William Peace
2026,Sarah Yates,William Peace
2026,Jordyn Chinigo,William Peace
2026,Emily Thompson,William Peace
2026,Madison Fisher,William Peace
2026,Chloe Webster,William Peace
2026,Layla Farmer,William Peace
2026,Alexis Geyer,William Peace
2026,Kaylee Vanjo,Davis & Elkins
2026,Aliceya Ciftcioglu,Davis & Elkins
2026,Rylan Sharp,Davis & Elkins
2026,Madison McGarry,Davis & Elkins
2026,Sadie St. Mary,Davis & Elkins
2026,Liene Dujin,Davis & Elkins
2026,Madison Zirkle,Davis & Elkins
2026,Gianna Romero,Davis & Elkins
2026,Taylor Demankowski,Davis & Elkins
2026,Jill Van Der Velde,Davis & Elkins
2026,Neve Norris,Davis & Elkins
2026,Braelyn Brenneman,Davis & Elkins
2026,Jezabel Bernard,Davis & Elkins
2026,Alexandra Mattey,Davis & Elkins
2026,Emily Besten,Davis & Elkins
2026,Ginger Gross,Davis & Elkins
2026,Kayleigh Carr,Davis & Elkins
2026,Zoe Bera,Delaware Valley
2026,Layla-Deanna Rabanal,Delaware Valley
2026,Jaelyn Kulas,Delaware Valley
2026,Hayley Drinkard,Delaware Valley
2026,Anna Zacherau,Delaware Valley
2026,Cassandra Gloster,Delaware Valley
2026,Charlotte Kampf,Delaware Valley
2026,Adriana Heinrichs,Delaware Valley
2026,Sophia Freemont,Delaware Valley
2026,Madison Alexander,Delaware Valley
2026,Monique Smith,Delaware Valley
2026,Peyton Farabaugh,Delaware Valley
2026,Ariana Hernandez,Delaware Valley
2026,Rylyn Schichtel,Delaware Valley
2026,Samantha Wilton,Delaware Valley
2026,Patricia Schwab Garrido,Delaware Valley
2026,Camilla Garcia,Delaware Valley
2026,Shanna Graham,Delaware Valley
2026,Madison Osborne,Delaware Valley
2026,Haylie Thomsen,Alfred
2026,Jenesys Del Mar Moctezuma-Gonzalez,Alfred
2026,Gillian Dickerson,Alfred
2026,Whitney Kilton,Alfred
2026,Eboni Thomas,Alfred
2026,Hannah O'Brien,Alfred
2026,Cara Bratthauar,Alfred
2026,Carleigh Santavy,Alfred
2026,Julia Abbott,Alfred
2026,Marli Pippert,Alfred
2026,Madalynn McGowan,Alfred
2026,Catherina Krause,Alfred
2026,Abigail Omelan,Alfred
2026,Shelby Baker,Alfred
2026,Meeghan Peterson,Alfred
2026,Riley Kamer,DePauw
2026,Anna Leland,DePauw
2026,Gabriella Orozco,DePauw
2026,Kerry O'Connor,DePauw
2026,Kendall Herrick,DePauw
2026,Parker Mischler,DePauw
2026,Logan Walters,DePauw
2026,Belle Shelton,DePauw
2026,Jen Proeh,DePauw
2026,Lacey Pickering,DePauw
2026,Julia McWaters,DePauw
2026,Grace Myers,DePauw
2026,Izzy Wallace,DePauw
2026,Addison Hooker,DePauw
2026,Madeline Ozersky,DePauw
2026,Lauren Bohn,DePauw
2026,Mckenna Wilken,DePauw
2026,Kaiden Harrington,DePauw
2026,Alize Flores,Denver
2026,Abigail Conklin,Denver
2026,Norah Oppenheim,Dickinson
2026,Amanda Palo,Dickinson
2026,Katie Arcara,Dickinson
2026,Lilith Roman,Dickinson
2026,Mallie Thomas,Dickinson
2026,Emery Fishbach,Dickinson
2026,Avery Butcher,Dickinson
2026,Lora Flynn,Dickinson
2026,Caroline Cusson,Dickinson
2026,Kylie Schner,Dickinson
2026,Iona Nelson,Dickinson
2026,Jessica Currie,Dickinson
2026,Téa Saidi,Dickinson
2026,Maisy Naff,Dickinson
2026,Brenna Williams,Dickinson
2026,Leilani Stauffer,Dickinson
2026,Ryan Kotalik,Denison
2026,Amelia Kurtz,Denison
2026,Ayla Dunbar,Denison
2026,Bella Bergeron,Denison
2026,Sarah McShane,Denison
2026,Bella Hackett,Denison
2026,Kate Sicklick,Denison
2026,Katelyn Chiu,Denison
2026,Claire Hamilton,Denison
2026,Maile Garrett,Denison
2026,Emma Hampton,Denison
2026,Emily Monachino,Denison
2026,Gabrielle Wigglesworth,Denison
2026,Zoe Johnson,Denison
2026,Devon Moore,Denison
2026,Maeve Perry,Denison
2026,Carolina Parkhurst,Denison
2026,Lauren Brown,Denison
2026,Margot Lewis,Denison
2026,Whitley Metz,Denison
2026,Elena Armstrong,Denison
2026,Olivia Orr,Denison
2026,Skyler Ribitzki,Drew
2026,Maddy Baker,Drew
2026,Meghan Pullen,Drew
2026,Alyssa Rachwal,Drew
2026,Cristina Coombs,Drew
2026,Aidyn Stone,Drew
2026,Melissa Zack,Drew
2026,Lindsey Millis,Drew
2026,Aaliyah Anderson,Drew
2026,Sydney Baur,Drew
2026,Jessica Donnelly,Drew
2026,Lucille Donohue,Drew
2026,Corletta Harrison,Drew
2026,Reese Keady,Drew
2026,Hailey Kenefick,Drew
2026,Allie Lane,Drew
2026,Victoria Latino,Drew
2026,Olivia Ritter,Drew
2026,Julia Sack,Drew
2026,Maia Skjonnemand,Drew
2026,Lilly Tandoc,Drew
2026,Ella Torsiello,Drew
2026,Taylor Bechen,Dubuque
2026,Emily Collins,Dubuque
2026,Delaney Calabrese,Dubuque
2026,Morgan Pierce,Dubuque
2026,Caitlin Jensen,Dubuque
2026,Evelyn Hummel,Dubuque
2026,Lauren Zajac,Dubuque
2026,Julia Schultz,Dubuque
2026,Harmonee Wenger,Dubuque
2026,Megan Cooley,Dubuque
2026,Chloe Reiser,Dubuque
2026,Delainey Winkel,Dubuque
2026,Peyton Busch,Dubuque
2026,Haley Jones,Dubuque
2026,Brylea Metzgar,Dubuque
2026,Kacy Wright,Dubuque
2026,Zoey Barnes,Dubuque
2026,Addison Frake,Dubuque
2026,Alexis Kammerer,Dubuque
2026,Sidney Fillbach,Dubuque
2026,Halee Clare,Dubuque
2026,Natalee Reichert,Dubuque
2026,Haley Stoffregan,Dubuque
2026,Delaney Miller,Dubuque
2026,Audrey Neuses,Dubuque
2026,Cassidy Davis,Dubuque
2026,Samantha Falnes,Dubuque
2026,Danielle McCue,Dubuque
2026,Lauren Gross,Earlham
2026,Caylee Brandes,Earlham
2026,Charish Minor,Earlham
2026,Anna Le,Earlham
2026,Sadie Calma,Earlham
2026,Ciara Logan,Earlham
2026,Erin Jones,Earlham
2026,Addison Piatt,Earlham
2026,Olivia Robbins,Earlham
2026,Grace Gwin,Earlham
2026,Liza Hartman,Earlham
2026,Aubrey Scalf,Earlham
2026,Madison Bizjak,Earlham
2026,Emma Ledford,Earlham
2026,Maliyah Buford,Earlham
2026,Sheila Waruingi,Earlham
2026,Taryn Gilreath,East Carolina
2026,Katie Schuele,East Carolina
2026,Alli Butrum,East Carolina
2026,Georgia Stevens,East Stroudsburg
2026,Leah Novatne,East Stroudsburg
2026,Juliana Stingle,East Stroudsburg
2026,Hannah McInerney,East Stroudsburg
2026,Lainey Lichota,East Stroudsburg
2026,Harry Berry,East Stroudsburg
2026,Taylor Wise,East Stroudsburg
2026,Rylee Ruggiero,East Stroudsburg
2026,Reese Murray,East Stroudsburg
2026,Allison Flynn,East Stroudsburg
2026,Natalie Small,East Stroudsburg
2026,Kailynn Dupre,East Stroudsburg
2026,Jadyn Orava,East Stroudsburg
2026,Kelly Crites,East Stroudsburg
2026,KiLee Kuhlman,East Stroudsburg
2026,Kyra Bishop,East Stroudsburg
2026,Selena Hochendoner,East Stroudsburg
2026,Gracie Campbell,Tex. A&M-Commerce
2026,Haley Mullaney,Tex. A&M-Commerce
2026,Jordyn Wacaster,Tex. A&M-Commerce
2026,Semaj Cox,Tex. A&M-Commerce
2026,Lily Davidson,Tex. A&M-Commerce
2026,Jade Washington,Tex. A&M-Commerce
2026,Jill Vinal,Tex. A&M-Commerce
2026,Katelyn Pritchard,Tex. A&M-Commerce
2026,Sediong Scott,Tex. A&M-Commerce
2026,Giana Brown,Tex. A&M-Commerce
2026,Ellie Thurman,Tex. A&M-Commerce
2026,Rendi Fetty,Tex. A&M-Commerce
2026,Sabine Wenzel,Tex. A&M-Commerce
2026,Ariana Brown,Tex. A&M-Commerce
2026,Allie Ihloff,Tex. A&M-Commerce
2026,Samantha Mosley,Tex. A&M-Commerce
2026,Skylar Lambert,Tex. A&M-Commerce
2026,Bryanna Purisima,DeSales
2026,Veda Doxzen,DeSales
2026,Sophia Wilson,DeSales
2026,Kylie Campbell,DeSales
2026,Ashlyn Dinan,DeSales
2026,Krista Dowling,DeSales
2026,Brooke Signorella,DeSales
2026,Anjuli Morales,DeSales
2026,Ashlee Prall,DeSales
2026,Tori Shamanow,DeSales
2026,Amanda Maroney,DeSales
2026,Samantha Buff,DeSales
2026,Kylee Hack,DeSales
2026,Haylee Arnold,DeSales
2026,Allison Reimer,DeSales
2026,Grace Pfaff,DeSales
2026,Mackenzie Fox,DeSales
2026,Maddie Sandt,DeSales
2026,Jocelyn Castro,DeSales
2026,Alexis Hoyer,DeSales
2026,Brooke Praskievicz,Eastern Conn. St.
2026,Sierra York,Eastern Conn. St.
2026,Maggie Barr,Eastern Conn. St.
2026,Lyla Passwater,Eastern Conn. St.
2026,Emma Robinson,Eastern Conn. St.
2026,Lauren Mosca,Eastern Conn. St.
2026,Sonya Nielsen,Eastern Conn. St.
2026,Maya Wynn,Eastern Conn. St.
2026,Samantha Melillo,Eastern Conn. St.
2026,Lauren Lacy,Eastern Conn. St.
2026,Keegan Connolly,Eastern Conn. St.
2026,Sarah Eldredge,Eastern Conn. St.
2026,Mara Torino,Eastern Conn. St.
2026,Abby Piramo,Eastern Conn. St.
2026,Elena Stein,Eastern Conn. St.
2026,Haley Jo Bridges,Eastern Conn. St.
2026,Genna Hyde,Eastern Conn. St.
2026,Emerson Conigliaro,Eastern Conn. St.
2026,Finnley Wilson,Eastern Conn. St.
2026,Katie Moser,MSOE
2026,Annabella Visak,MSOE
2026,Gillian McDaniel,MSOE
2026,Makynna Crook,MSOE
2026,Joelle Harrington,MSOE
2026,Liviah Grant,MSOE
2026,Sydney Emineth,MSOE
2026,Abby Balkema,MSOE
2026,Ana Knutson,MSOE
2026,Brooke Fledderman,MSOE
2026,Katie Taticek,MSOE
2026,Natalie Martinez,MSOE
2026,Emma Schattschneider,MSOE
2026,Madalynn Skwarek,MSOE
2026,Morgan Borchardt,MSOE
2026,Ashley Murphy,MSOE
2026,Nina De La Cruz,MSOE
2026,Brenna Fledderman,MSOE
2026,Maddie Abel,MSOE
2026,Rylee Hull,MSOE
2026,Alyssa Rusch,MSOE
2026,Emerson Moats,East. Mennonite
2026,Felicity Jones,East. Mennonite
2026,Emma Rogers,East. Mennonite
2026,Hannah Hensley,East. Mennonite
2026,Reese Fitton,East. Mennonite
2026,Kassidy Meadows,East. Mennonite
2026,Rebekah Allen,East. Mennonite
2026,Logan Turchetta,East. Mennonite
2026,Jada Parker,East. Mennonite
2026,Alyssa Carr,East. Mennonite
2026,Lindsay Bly,East. Mennonite
2026,Addy May,East. Mennonite
2026,Ella Lambert,East. Mennonite
2026,Haley Atkins,East. Mennonite
2026,Zyon McClatchey,East. Mennonite
2026,Cristina Colon,East. Mennonite
2026,Alannys Rodriguez,East. Mennonite
2026,Emma Greer,East. Mennonite
2026,Ekaterina Smagily,East. Mennonite
2026,Ella Ollet,East. Mennonite
2026,Mackenzie McCormick,East. Mennonite
2026,Aaliyah Gaylord,Mont. St. Billings
2026,Jordin Taulua,Mont. St. Billings
2026,Karsyn France,Mont. St. Billings
2026,Avarie Gutierrez,Mont. St. Billings
2026,Adrienne Magdaleno,Mont. St. Billings
2026,Avarey Stuff,Mont. St. Billings
2026,Grace Lingle,Mont. St. Billings
2026,Emma Fairbairn,Mont. St. Billings
2026,Izzy Ping,Mont. St. Billings
2026,Addyson Quandt,Mont. St. Billings
2026,Ruby Grisdale,Mont. St. Billings
2026,Allie Dorman,Mont. St. Billings
2026,Laina Whitney,Mont. St. Billings
2026,Mikayla Champlin,Mont. St. Billings
2026,Avery Starr,Mont. St. Billings
2026,Jordan Garcia,Eastern N.M.
2026,Alaina Kopf,Eastern N.M.
2026,Maya Perea,Eastern N.M.
2026,Peyton Priddy,Eastern N.M.
2026,Aaliyah Butler,Eastern N.M.
2026,Linden Pennings,Eastern N.M.
2026,Natalie Ceniceros,Eastern N.M.
2026,Sophia Valdez,Eastern N.M.
2026,Amya Speller,Eastern N.M.
2026,Aleena Hubbard,Eastern N.M.
2026,Alyxa King-Greenwalt,Eastern N.M.
2026,Aspen Misch,Eastern N.M.
2026,Catalina Gutierrez,Eastern N.M.
2026,Addison Bartlett,Eastern N.M.
2026,Sydney Pipkin,Eastern N.M.
2026,Maggie Coats,Eastern N.M.
2026,Sydney Williams,Eckerd
2026,Kaitlyn Dohs,Eckerd
2026,Elayna Rickmon,Eckerd
2026,Hayden Nash,Eckerd
2026,Grace Dumont,Eckerd
2026,Avry Nelson,Eckerd
2026,Seiler Hruska,Eckerd
2026,Brigit Walsh,Eckerd
2026,Sarah Webb,Eckerd
2026,Jaelynn Tunley,Eckerd
2026,Lilli Weber,Eckerd
2026,Raegan Reeves,Eckerd
2026,Natalie Aniol,Eckerd
2026,Taylor Rice,Eckerd
2026,Maggie Turner,Eckerd
2026,Grace Herzog,Eckerd
2026,Nyla Muskovin,Eckerd
2026,Addison Kerr,Eckerd
2026,Peyton Walker,Eckerd
2026,Jaiden Harris,Eckerd
2026,Grace Petro,Edinboro
2026,Laney Burns,Edinboro
2026,Alexa Jordan,Edinboro
2026,Kennedy Caldwell,Edinboro
2026,Makayla Neelands,Edinboro
2026,Tatiana Williams,Edinboro
2026,D'Aira Whitner,Edinboro
2026,Anna Saldana,Edinboro
2026,Maggie Koster,Edinboro
2026,Suncica Lekic,Edinboro
2026,Taylor Pucky,Edinboro
2026,Reilly Parent,Edinboro
2026,Faith Schneider,Edinboro
2026,Josephine Bailey,Edinboro
2026,Christina Lockett,Edinboro
2026,Arianna Lang,Alma
2026,Allie Fish,Alma
2026,Kennedy Weston,Alma
2026,Madelyn Herzberger,Alma
2026,Nevea Bush,Alma
2026,Addisyn Calcamuggio,Alma
2026,Mallorie Nevadomski,Alma
2026,Madison Stevenson,Alma
2026,Rudy Maynard,Alma
2026,Makenna Johnson,Alma
2026,Katelyn Schell,Alma
2026,Lily LaCross,Alma
2026,Reagan Gleason,Alma
2026,Savannah Beery,Alma
2026,Mackenzie Siko,Alma
2026,Maggie McKale,Alma
2026,Cassidy Rees,Alma
2026,Grace Droste,Alma
2026,Christa Munn,Alma
2026,Maren DeBeau,Alma
2026,Grace Steiner,Alma
2026,Kendelle Aprati,Alma
2026,Grace Evans,Alma
2026,Emily Carling,Alma
2026,Monique Diehl,Alma
2026,Lucy Stern,Elizabethtown
2026,Bailey McFeaters,Elizabethtown
2026,Bailey Doherty,Elizabethtown
2026,Sam Lautenslager,Elizabethtown
2026,Leah Gormley,Elizabethtown
2026,Claire Erdman,Elizabethtown
2026,Alexa Adamek,Elizabethtown
2026,Angela Ouimet,Elizabethtown
2026,Emma Rizzutto,Elizabethtown
2026,Hope Young,Elizabethtown
2026,Kate Barbon,Elizabethtown
2026,Lucy Stanek,Elizabethtown
2026,Ida Fisher,Elizabethtown
2026,Sierra Plummer,Elizabethtown
2026,Marah Glenn,Elizabethtown
2026,Addy Reed,Elizabethtown
2026,Aubrey Sullivan,Elizabethtown
2026,Sophia Ascencio,Elmhurst
2026,Grace Johnson,Elmhurst
2026,Gianna Ptaszek,Elmhurst
2026,Aubrey LeCleir,Elmhurst
2026,Amber Otto,Elmhurst
2026,Leah Russell,Elmhurst
2026,Ashley Clardy,Elmhurst
2026,Lauren Anderson,Elmhurst
2026,Nyah Moustakas,Elmhurst
2026,Antriana Larkou,Elmhurst
2026,Madison McNairy,Elmhurst
2026,Paige Belfield,Elmhurst
2026,Grace Breeze,Elmhurst
2026,Keely Larson,Elmhurst
2026,Freddie Temple,Elmhurst
2026,Peyton Moroney,Elmhurst
2026,Olivia Mendell,Elmhurst
2026,Alexis Casey,Elmhurst
2026,Blair Johnson,Elmhurst
2026,Isabella Mendell,Elmhurst
2026,Maggie Cross,Elmhurst
2026,Cloe VanFleet,Elmira
2026,Morgan Sica,Elmira
2026,Katie Witt,Elmira
2026,Madalyn Devonshire,Elmira
2026,Julie Smith,Elmira
2026,Lilyanah Doolittle,Elmira
2026,Ellora Bynoe,Elmira
2026,Aimee Bridges,Elmira
2026,Ava Remscheid,Elmira
2026,Olivia Roccabruna,Elmira
2026,Vicki Titus,Elmira
2026,Erin Bracken,Elmira
2026,Neeva Enigk,Elmira
2026,Zoie Karcz,Elmira
2026,Gabby Lewis,Elmira
2026,Averleigh McFarlan,Elmira
2026,Rachel Mace,Chestnut Hill
2026,Bralyn Byrd,Chestnut Hill
2026,Caroline Croteau,Chestnut Hill
2026,Alex Crespin,Chestnut Hill
2026,Kass Kimmel,Chestnut Hill
2026,Sofia Rodriguez,Chestnut Hill
2026,Katelyn Dougherty,Chestnut Hill
2026,Kayle Arozio,Chestnut Hill
2026,Micah McKenzie,Chestnut Hill
2026,Lyla Bechtel,Chestnut Hill
2026,Ayla Mirarchi,Chestnut Hill
2026,Sarah Allen,Chestnut Hill
2026,Macayla Lindner,Chestnut Hill
2026,Parys Boykin,Chestnut Hill
2026,Lilian Bandel,Chestnut Hill
2026,Shirley Yu,Emerson
2026,Marisa Camp,Emerson
2026,Lily Nguyen,Emerson
2026,Dalena Garrett,Emerson
2026,Lorena Rivera,Emerson
2026,Sami Kim,Emerson
2026,Chloe Hokenson,Emerson
2026,Hannah Miller,Emerson
2026,Kori Meissner,Emerson
2026,Rachel Dickerson,Emerson
2026,Emma Luehring,Emerson
2026,Lauren Yoo,Emerson
2026,Catherine McDonough,Emerson
2026,Sophia Schiappa,Emerson
2026,Lizi Horning,Emerson
2026,Hannah Tuttle,Piedmont
2026,Grace Pruitt,Piedmont
2026,Bailey Daughtery,Piedmont
2026,Sydney Speer,Piedmont
2026,Lillian Gaskins,Piedmont
2026,Lola Lee,Piedmont
2026,Riley Blanton,Piedmont
2026,Kiki Miranda,Piedmont
2026,Hannah Haskins,Piedmont
2026,Isabella Thigpen,Piedmont
2026,Bridget Gutterman,Piedmont
2026,Erin Lemons,Piedmont
2026,Pilar Zucal,Piedmont
2026,Rylee Vessell,Piedmont
2026,Lauren Caricato,Piedmont
2026,Lucy Harvey,Piedmont
2026,Alexandrea Dorman,Piedmont
2026,Kimber Lehman,Piedmont
2026,Kinsey Prado,Piedmont
2026,Anni McCarthy,Piedmont
2026,Hanna Virts,Piedmont
2026,Emma Darley,Piedmont
2026,Chloe Brouwer,Piedmont
2026,Sydney Salazar,Stevenson
2026,Allison Gaus,Stevenson
2026,Isabella Terra,Stevenson
2026,Courtney Foose,Stevenson
2026,Rachel Lenz,Stevenson
2026,Maren Zepfel,Stevenson
2026,Laila Frye,Stevenson
2026,Lilly Eichelberger,Stevenson
2026,Logan Burge,Stevenson
2026,Charlotte McClain,Stevenson
2026,Declyn Tooze,Stevenson
2026,Emily McElwaine,Stevenson
2026,Zoe Folk,Stevenson
2026,Grace Lowry,Stevenson
2026,Autumn Henry,Stevenson
2026,Sophia Mentzer,Stevenson
2026,Lauren Garcia,Stevenson
2026,Lillianna Hornickle,Stevenson
2026,Zoya Fazal,Stevenson
2026,Emma Shaffer,Stevenson
2026,Genevieve Fitch,FDU-Florham
2026,Julyanna Gloria,FDU-Florham
2026,Samantha Schneider,FDU-Florham
2026,Arianna Wood,FDU-Florham
2026,Anya Panesar,FDU-Florham
2026,Laci Merz,FDU-Florham
2026,Stephanie Lynch,FDU-Florham
2026,Emma Robinson,FDU-Florham
2026,Brianna Genteel,FDU-Florham
2026,Tori Carrico,FDU-Florham
2026,Erin McCabe,FDU-Florham
2026,Ani Roy,FDU-Florham
2026,Mackenzie Crandall,FDU-Florham
2026,Channen Doman,FDU-Florham
2026,Amaya Ocasio,FDU-Florham
2026,Mya Porsch,FDU-Florham
2026,Ava Pecoraro,FDU-Florham
2026,Hannah Weinman,FDU-Florham
2026,Avery Tucker,Ferrum
2026,Skye Carter,Ferrum
2026,Rachel Hall,Ferrum
2026,Daniela Castillo,Ferrum
2026,Makayla Rumley,Ferrum
2026,Harleigh Propst,Ferrum
2026,Charissa Mattison,Ferrum
2026,Emma Kelley,Ferrum
2026,Catherine Bennett,Ferrum
2026,Sarabeth Johnson,Ferrum
2026,Emma Powell,Ferrum
2026,Jaylyn Holt,Ferrum
2026,Cooper Van Gorp,Ferrum
2026,Angela Castillo,Ferrum
2026,Renee Dove,Ferrum
2026,Leah Moore,Ferrum
2026,Riley Van Nest,Ferrum
2026,Danielle Worthy,Ferrum
2026,Callie Harris,Ferrum
2026,Selah Dellinger,Ferrum
2026,Lily Ritzema,Ferrum
2026,Sophia Santacroce,JWU (Providence)
2026,Bailey Koopman,JWU (Providence)
2026,Summer Treiber,JWU (Providence)
2026,Trinity Ricevuto,JWU (Providence)
2026,Delia Taridona,JWU (Providence)
2026,Carlie Tretera,JWU (Providence)
2026,Riley Matuszak,JWU (Providence)
2026,Madison Bruner,JWU (Providence)
2026,Emerson Lane,JWU (Providence)
2026,Jordan Brinkley,JWU (Providence)
2026,Vivi Mansfield,JWU (Providence)
2026,Kelsie Tretera,JWU (Providence)
2026,Nevaeh Arnold,JWU (Providence)
2026,Natalia Lyon,JWU (Providence)
2026,Eva Militi,JWU (Providence)
2026,Brooke Caquelin,JWU (Providence)
2026,Skylar Winchester,JWU (Providence)
2026,Londyn Camejo,JWU (Providence)
2026,Olivia Immel,JWU (Providence)
2026,Sophia Diphilippo,JWU (Providence)
2026,Emma Rivera Fernandez,JWU (Providence)
2026,Emma Shapiro,JWU (Providence)
2026,Kristen Moore,Florida A&M
2026,Alexandra Moore,Florida A&M
2026,Gabbie Vizek,American
2026,Sophia Schneider,Florida Tech
2026,McCoy Phister,Florida Tech
2026,Chiara Cristinzio,Florida Tech
2026,Brooke Menke,Florida Tech
2026,Zeynep Turkurkor,Florida Tech
2026,Norah Hany,Florida Tech
2026,Elisa Broggio,Florida Tech
2026,Cordelia Kearns,Florida Tech
2026,Aly Dennison,Florida Tech
2026,Ayisha Missipo,Florida Tech
2026,Scarlett Kimbrell,Florida Tech
2026,Isabelle Clark,Florida Tech
2026,Tessa Schutter,Florida Tech
2026,Hanna Schneider,Florida Tech
2026,Olivia Bush,Florida Tech
2026,Abby Koenen,Florida Tech
2026,Dora Filipovic,Florida Tech
2026,Natalie Rhodes,Florida Tech
2026,Tiyana Cissé,FIU
2026,Avery Gray,Texas-Dallas
2026,Mari Hernandez,Texas-Dallas
2026,Savannah Welch,Texas-Dallas
2026,Abby Gentner,Texas-Dallas
2026,Maya Rhamy,Texas-Dallas
2026,Lola Fisher,Texas-Dallas
2026,Audrey Berg,Texas-Dallas
2026,Scarlette Young,Texas-Dallas
2026,Lashae Goffney,Texas-Dallas
2026,Sydney Sabin,Texas-Dallas
2026,Lila Westphal,Texas-Dallas
2026,Addison Schnautz,Texas-Dallas
2026,Jane Burkhardt,Texas-Dallas
2026,Morgan Helms,Texas-Dallas
2026,Averi Frazier,Texas-Dallas
2026,Laura See,Texas-Dallas
2026,Melia Mendoza-Flores,Texas-Dallas
2026,Avery Pickard,Texas-Dallas
2026,Tylisee Brinkley,Texas-Dallas
2026,Camryn Kerlick,Texas-Dallas
2026,Sophia Watterson,Felician
2026,Emily Ferri,Felician
2026,Kayden Mallette,Felician
2026,Jaida Rainey,Felician
2026,Kylie Gajudo,Felician
2026,Faith Sibert,Felician
2026,Sandra Galas,Felician
2026,Peyton Kellam,Felician
2026,Nicole Nwaejiaku,Felician
2026,Megan Barker,Felician
2026,Kaya Mclean,Felician
2026,Rowan Jensen,Felician
2026,Bentley Rone,Felician
2026,Emily Clayton,Felician
2026,Kiah Jackson,Felician
2026,Simone Greene,Felician
2026,Ashanna Caviness,Felician
2026,Tatum Williams,Felician
2026,Leena Ortiz,Felician
2026,Taylor Zimmerman,Fla. Southern
2026,Nicole Russell,Fla. Southern
2026,Payton Nazzari,Fla. Southern
2026,Brielle Mullen,Fla. Southern
2026,Mel Garrett,Fla. Southern
2026,Tori Borton,Fla. Southern
2026,Elizabeth McDonald,Fla. Southern
2026,Mallory Baruch,Fla. Southern
2026,Lindsay Piktel,Fla. Southern
2026,Bali Coles,Fla. Southern
2026,Mariana Silva,Fla. Southern
2026,Nako Sasaki,Fla. Southern
2026,Samie Martin,Fla. Southern
2026,Ella Kuosmanen,Fla. Southern
2026,Catherine Sweeney,Fla. Southern
2026,Whitney Mall,Fla. Southern
2026,Layla Visser,Fla. Southern
2026,241,Florida
2026,238,Florida
2026,479,Florida
2026,84,Florida
2026,235,Florida
2026,319,Florida
2026,-5,Florida
2026,2,Florida
2026,0,Florida
2026,Mya Anderson,Franklin & Marshall
2026,Abby Silinski,Franklin & Marshall
2026,Angie Anderson,Franklin & Marshall
2026,Oriah Rosenfeld,Franklin & Marshall
2026,Kendall Lee,Franklin & Marshall
2026,Gretchen Eichelzer,Franklin & Marshall
2026,Chloe Wiedman,Franklin & Marshall
2026,Jillian Surkis,Franklin & Marshall
2026,Maile Lani Sugamura,Franklin & Marshall
2026,Avery Grantham,Franklin & Marshall
2026,Mia Mascherino,Franklin & Marshall
2026,Emily Dean,Franklin & Marshall
2026,Ceci Connolly,Franklin & Marshall
2026,Melissa Benkowitz,Franklin & Marshall
2026,Claire Kelly,Franklin & Marshall
2026,Paula Elguera,Franklin & Marshall
2026,Lily Harmon,Franklin & Marshall
2026,Melody Butzer,Franklin & Marshall
2026,Lina Thompson,Franklin & Marshall
2026,Carly Campbell,Franklin & Marshall
2026,Maddie Saunders,Fredonia
2026,Bria Hunter,Fredonia
2026,Molly Cassidy,Fredonia
2026,Logann Lexner,Fredonia
2026,Hannah Lombardi,Fredonia
2026,Payton Stoddard,Fredonia
2026,Megan Nottis,Fredonia
2026,Cayla Partsch,Fredonia
2026,Kylie O'Brien,Fredonia
2026,Maeve Musielak,Fredonia
2026,Donnilynn Sheldon,Fredonia
2026,Sasha Zayatz,Fredonia
2026,Keara Kincaid,Fredonia
2026,Kylie Unruh,Fredonia
2026,Dani Oakley,Fredonia
2026,Olivia Boswell,Fredonia
2026,Bella Maloney,Fredonia
2026,Daniella Chamberlain,Fredonia
2026,Gabrielle Morris,Frostburg St.
2026,Kylie Appleton,Frostburg St.
2026,Maya Johnson,Frostburg St.
2026,Bailey Rafferty,Frostburg St.
2026,Allison Brown,Frostburg St.
2026,Emma Larkins,Frostburg St.
2026,Judy Steffens,Frostburg St.
2026,Pia White,Frostburg St.
2026,Emery Kuebler,Frostburg St.
2026,Adele Evans,Frostburg St.
2026,Kayla Greene,Frostburg St.
2026,Grace Yocham,Frostburg St.
2026,Rhea Shetty,Frostburg St.
2026,Raegan Philips,Frostburg St.
2026,Alyssa Stanton,Frostburg St.
2026,Temerah Holloway,Frostburg St.
2026,Miranda Ball,Frostburg St.
2026,Alliyah McNair,Frostburg St.
2026,Kayli Cacciola,Frostburg St.
2026,Jade Romero,Concordia (TX)
2026,Hannah Francis,Concordia (TX)
2026,Kennedy Carter,Concordia (TX)
2026,Kali Schwenk,Concordia (TX)
2026,Brooklynne Fitzgerald,Concordia (TX)
2026,Lianna Kearns,Concordia (TX)
2026,Katelyn Marion,Concordia (TX)
2026,Katherine Dedear,Concordia (TX)
2026,Samantha Taylor,Concordia (TX)
2026,Aniyah Tompkins,Concordia (TX)
2026,Summer Howard,Concordia (TX)
2026,Olivia Vu,Concordia (TX)
2026,Jalyce Hodges,Concordia (TX)
2026,Morgan Taylor,Concordia (TX)
2026,Hailey Dyer,Concordia (TX)
2026,Presley Bunting,Concordia (TX)
2026,Gaby Gracia,Concordia (TX)
2026,Madeline Vaughn,Concordia (TX)
2026,Zoie Silvas,Concordia (TX)
2026,McKinley Grimm,Concordia (TX)
2026,Lauren Atwell,Gannon
2026,Gabby Beaubrun,Gannon
2026,Alexis Fowler,Gannon
2026,Ava Gainer,Gannon
2026,Ela Demirel,Gannon
2026,Carlee Webber,Gannon
2026,Carissa Treser,Gannon
2026,Val Wadas,Gannon
2026,Addi Claxon,Gannon
2026,Abbey Williams,Gannon
2026,Nehir Yazicioglu,Gannon
2026,Meg Kalenowski,Gannon
2026,Reese Sitter,Gannon
2026,Ella Woltman,Gannon
2026,Brooke Gwiazda,Gannon
2026,Ani Cree,Gannon
2026,Sydney Wake,Gannon
2026,Kotryna Melstrad,Nova Southeastern
2026,Brooke Spurgeon,Nova Southeastern
2026,Mia Mccurley,Nova Southeastern
2026,Natalya Bergant,Nova Southeastern
2026,Taylor Teaman,Nova Southeastern
2026,Abbie Roth,Nova Southeastern
2026,Langdon Blackstock,Nova Southeastern
2026,Hadley Dantzler,Nova Southeastern
2026,Jillian McCarty,Nova Southeastern
2026,Taylor Norris,Nova Southeastern
2026,Erika Spankus,Nova Southeastern
2026,Callie Largent,Nova Southeastern
2026,Caiden Largent,Nova Southeastern
2026,Amalee Doyle,Nova Southeastern
2026,Dana Gibbons,Nova Southeastern
2026,Macy Lentz,Nova Southeastern
2026,Ayana Solan,Nova Southeastern
2026,Cami Sekanina,Nova Southeastern
2026,Zooey Gagnier,SUNY Geneseo
2026,McKenna Callari,SUNY Geneseo
2026,Daphne Paul-LaRonca,SUNY Geneseo
2026,Ellie McLennan,SUNY Geneseo
2026,Aubrie Tomlinson,SUNY Geneseo
2026,Cory Elder,SUNY Geneseo
2026,Alicia Acevedo,SUNY Geneseo
2026,Molly McKinney,SUNY Geneseo
2026,Sophie Hunter,SUNY Geneseo
2026,Brooke Borkowski,SUNY Geneseo
2026,Emma Gallet,SUNY Geneseo
2026,Emily Lupini,SUNY Geneseo
2026,Kate Barba,SUNY Geneseo
2026,Jessica Macken,SUNY Geneseo
2026,Peyton Cole,SUNY Geneseo
2026,Sydney Leigh-Manuell,SUNY Geneseo
2026,Gianna Lucchi,SUNY Geneseo
2026,Lauren Hosenfeld,SUNY Geneseo
2026,Ayla Pas'cal,SUNY Geneseo
2026,Finnly Pas'cal,SUNY Geneseo
2026,Dyllan Thomas,SUNY Geneseo
2026,Gabi Ashcraft,Angelo St.
2026,Madison Scrivner,Angelo St.
2026,Hollie Santos,Angelo St.
2026,Alli Kirkpatrick,Angelo St.
2026,Chanelle Cancel,Angelo St.
2026,Madi Parrish,Angelo St.
2026,Olivia Pena,Angelo St.
2026,Taryn Barnes,Angelo St.
2026,Sydney Thornton,Angelo St.
2026,Mary Johnson,Angelo St.
2026,Julia Hopkins,Angelo St.
2026,Malia Miller,Angelo St.
2026,Kennedi Walls,Angelo St.
2026,Leah Klueber,Angelo St.
2026,Allie Duitsman,Angelo St.
2026,Vivian Parker,Angelo St.
2026,Hannah Barnhill,Angelo St.
2026,Krizia Perez,Angelo St.
2026,Erin Gonzalez,Gettysburg
2026,Gianna Galli,Gettysburg
2026,Halle Feth,Gettysburg
2026,Nala Shearer,Gettysburg
2026,Kierra Fox,Gettysburg
2026,Ellen Manke,Gettysburg
2026,Kaitlyn Hedrich,Gettysburg
2026,Ava Grall,Gettysburg
2026,Azzurra Manca Bitti,Gettysburg
2026,Eliza Jauregui,Gettysburg
2026,Riley Smialowicz,Gettysburg
2026,Emma Bradshaw,Gettysburg
2026,MJ Finn,Gettysburg
2026,Ellie Sanborn,Gettysburg
2026,Keelin O'Connell,Gettysburg
2026,Clare Farrell,Gettysburg
2026,Reece Benner,Gettysburg
2026,Elle Lang,Gettysburg
2026,Lainey Evans,Grambling
2026,Abby Huddleston,A&M-Corpus Christi
2026,Olivia Behen,Grand Valley St.
2026,Shelby Fabbri,Grand Valley St.
2026,Sara Pahl,Grand Valley St.
2026,Lexi Armstrong,Grand Valley St.
2026,Taelynn Rodeghero,Grand Valley St.
2026,Paige Sanders,Grand Valley St.
2026,Autumn Gorman,Grand Valley St.
2026,Caroline Baker,Grand Valley St.
2026,Laene Voortman,Grand Valley St.
2026,Grace Busold,Grand Valley St.
2026,Sydney Stanfield,Grand Valley St.
2026,Brianna Stawski,Grand Valley St.
2026,Autumn Sanders,Grand Valley St.
2026,Kate Goudreau,Grand Valley St.
2026,Johanna Tillman,Grand Valley St.
2026,Ella Chaapel,Grand Valley St.
2026,Finley Arp,Grand Valley St.
2026,Kennedy Arp,Grand Valley St.
2026,Gabby Orlet,Grand Valley St.
2026,Sadie Tiemeyer-Haase,Grand Valley St.
2026,Kylie-Ann Smith,Grinnell
2026,Leticia Machado,Grinnell
2026,Charlotte Sigler,Grinnell
2026,Gracie Lim,Grinnell
2026,Mia Meert,Grinnell
2026,Marlowe Hurst,Grinnell
2026,Paige Lundgren,Grinnell
2026,Emilee Appel,Grinnell
2026,Ella Tulimieri,Grinnell
2026,Millie Leonard,Grinnell
2026,Molly Kuhn,Grinnell
2026,Kinsey Carrigan,Grinnell
2026,Keira Sullivan,Grinnell
2026,Sophia Ochoa,Grinnell
2026,Eliana Porta,Grove City
2026,Annie Atwood,Grove City
2026,Sarah Harris,Grove City
2026,Reagan Riordan,Grove City
2026,Ella D'Ippolito,Grove City
2026,Taylor Ripple,Grove City
2026,Cassidy Johncour,Grove City
2026,Brooke Manfull,Grove City
2026,Lilly Wojtala,Grove City
2026,Lilly Pool,Grove City
2026,Sarah Bookmiller,Grove City
2026,Kendra Klusch,Grove City
2026,Sarah Hart,Grove City
2026,Evelyn Hatzikian,Grove City
2026,Caitlyn Garrett,Grove City
2026,Alayna Dorst,Grove City
2026,Lily Lagaras,Grove City
2026,Caitlin Penola,Grove City
2026,Sahara Morken,Gust. Adolphus
2026,Sydney Timm,Gust. Adolphus
2026,Ella Olson,Gust. Adolphus
2026,Leah Brigson,Gust. Adolphus
2026,Logan Brent,Gust. Adolphus
2026,Macie Malchow,Gust. Adolphus
2026,Leah Berg,Gust. Adolphus
2026,Jordis Neeley,Gust. Adolphus
2026,Grace Banse,Gust. Adolphus
2026,Addison Dirkes,Gust. Adolphus
2026,Marissa Mancine,Gust. Adolphus
2026,Ava Hahn,Gust. Adolphus
2026,Greta Tompkins,Gust. Adolphus
2026,Kyra Johnson,Gust. Adolphus
2026,Olivia Stockham,Gust. Adolphus
2026,Maren Sundberg,Gust. Adolphus
2026,Sophia Deyak,Gust. Adolphus
2026,Kyla Kephart,Geneva
2026,Laura Goonewardene,Geneva
2026,Amanda Mitan,Geneva
2026,Chloe Borisuk,Geneva
2026,Caitlyn Wolfe,Geneva
2026,Jane Holdeman,Geneva
2026,Kendall Anderson,Geneva
2026,Vanessa Crider,Geneva
2026,Ruthie Land,Geneva
2026,Madi DeRuiter,Geneva
2026,Sarah Elkins,Geneva
2026,Tirzah George,Geneva
2026,Gracyn Lee,Geneva
2026,Bridget Campbell,Geneva
2026,Rachel Baird,Geneva
2026,Josalin McCauley,Geneva
2026,Katie Seboe,Geneva
2026,Daphne Alexander,Geneva
2026,Sophia Johnson,Hamline
2026,Grace Bathurst,Hamline
2026,Lindsey Meizo,Hamline
2026,Kayli Starkey,Hamline
2026,Nora Cairns,Hamline
2026,Claire Siems,Hamline
2026,Cameryn Sand,Hamline
2026,Shannon Graham,Hamline
2026,Lexi Helmin,Hamline
2026,Britta Lund,Hamline
2026,Siena Busalacchi,Hamline
2026,Kaitlyn Kotek,Hamline
2026,Mandy Dierks,Hamline
2026,Claire Kaups,Hamline
2026,Quincy Asmus,Hamline
2026,Campbell Sims,Hamline
2026,Cale Quade,Hamline
2026,Emily Woodbury,Hamline
2026,Cintsaiab Shiong,Hamline
2026,Zoey Bradford,Belmont Abbey
2026,Renata Bolado,Belmont Abbey
2026,Jordan Medina,Belmont Abbey
2026,Mallory Swain,Belmont Abbey
2026,Sheridan Young,Belmont Abbey
2026,Cailyn Myers,Belmont Abbey
2026,Tyler Case,Belmont Abbey
2026,Maya Swenson,Belmont Abbey
2026,Emma Youngblood,Belmont Abbey
2026,Lola Sultenfuss,Belmont Abbey
2026,Delaney Watson,Belmont Abbey
2026,Hailey Hall,Belmont Abbey
2026,Alexandra Lynch,Belmont Abbey
2026,Katie Brookins,Belmont Abbey
2026,Lauren Swanson,Belmont Abbey
2026,Madelyn Szafran,Belmont Abbey
2026,Sophia Kane,Belmont Abbey
2026,Emily Lopez,Belmont Abbey
2026,Claudia Lee,Belmont Abbey
2026,Taylor Marts,Belmont Abbey
2026,Austen Graziano,Belmont Abbey
2026,Olivia Currier,Belmont Abbey
2026,Mary Grace Hogue,Belmont Abbey
2026,Olivia Engeman,Belmont Abbey
2026,CC Goss,Belmont Abbey
2026,Ava Provinsal,Belmont Abbey
2026,Grace Perry,Belmont Abbey
2026,Sofia Vargas,Belmont Abbey
2026,Skylyr Merriman,Franklin
2026,Jenna Batty,Franklin
2026,Lily Gena,Franklin
2026,Grace Sailors,Franklin
2026,Addison Walton,Franklin
2026,Addie Smith,Franklin
2026,Kim Busateri,Franklin
2026,Bayleigh Moore,Franklin
2026,Leah Middleton,Franklin
2026,Sydney Kegley,Franklin
2026,Katelyn Barnard,Franklin
2026,Emma Stanley,Franklin
2026,Anna Kute,Franklin
2026,McKenzie Schroeder,Franklin
2026,Kammi Sparks,Franklin
2026,Brionna Linkel,Franklin
2026,Mireily Colomba,Franklin
2026,Jayde Billings,Franklin
2026,Morgan Kurzawski,Franklin
2026,Tayler Anderson,Franklin
2026,Avery Smith,Franklin
2026,Kaitlyn Lowes,Franklin
2026,Lauren Kinsey,Franklin
2026,Ava Hollis,Franklin
2026,Lauren White,IUPUI
2026,Grace Purichia,IUPUI
2026,Morgan Begley,IUPUI
2026,Jillian Tippmann,IUPUI
2026,Kate White,IUPUI
2026,Lila Britt,IUPUI
2026,Lexi Grissett,IUPUI
2026,Brynn Zastrow,IUPUI
2026,Maia Long,IUPUI
2026,Elle Patterson,IUPUI
2026,Laura Roeder,IUPUI
2026,Kennedy Seputis,IUPUI
2026,Bailey Sinish,IUPUI
2026,Amanda Stephens,IUPUI
2026,Ninah Miranda,IUPUI
2026,Chloe Macias,IUPUI
2026,Sophie Wischmeier,IUPUI
2026,Ashley Nielsen,Kansas City
2026,Jadyn Hernandez,Hardin-Simmons
2026,Molly O'Shaughnessy,Hardin-Simmons
2026,Brylee Pursley,Hardin-Simmons
2026,Addy Delgado,Hardin-Simmons
2026,Whitlee Blacklock,Hardin-Simmons
2026,Ellie Carter,Hardin-Simmons
2026,Maelee Montgomery,Hardin-Simmons
2026,Natalie Johnson,Hardin-Simmons
2026,Allison O'Shaughnessy,Hardin-Simmons
2026,Maddie Hanson,Hardin-Simmons
2026,Rachel Nordt,Hardin-Simmons
2026,Addy Cunningham,Hardin-Simmons
2026,Eden Glaus,Hardin-Simmons
2026,Grace Gholson,Hardin-Simmons
2026,Paige Stegall,Hardin-Simmons
2026,Avery Tumlinson,Hardin-Simmons
2026,Abby Wheeler,Oglethorpe
2026,Autumn Lilly,Oglethorpe
2026,Laney Higgins,Oglethorpe
2026,Ella Hughes,Oglethorpe
2026,Lauren Coursey,Oglethorpe
2026,Isabelle Zwirn,Oglethorpe
2026,Gracie Sims,Oglethorpe
2026,Madison Williams,Oglethorpe
2026,Lauryn Frazier,Oglethorpe
2026,Toki Ingram,Oglethorpe
2026,Madison Thompson,Oglethorpe
2026,Symantha Lewis,Oglethorpe
2026,Ariana Roeder,Oglethorpe
2026,Ashlynn Stephens,Oglethorpe
2026,Alise Mayers,Oglethorpe
2026,Camdyn George,Oglethorpe
2026,Aubrey Hill,Oglethorpe
2026,Morgan Phillips,Oglethorpe
2026,Delanna Harper,Colorado St.-Pueblo
2026,Emma Luce,Colorado St.-Pueblo
2026,Finja Schul,Colorado St.-Pueblo
2026,Grace Helzer,Colorado St.-Pueblo
2026,Lilly Zwart,Colorado St.-Pueblo
2026,Kacee Garcia,Colorado St.-Pueblo
2026,Elena Stankovic,Colorado St.-Pueblo
2026,Nicole Monge,Colorado St.-Pueblo
2026,Brianna Pino,Colorado St.-Pueblo
2026,Andi Nothdurft,Colorado St.-Pueblo
2026,Natalie Mobley,Colorado St.-Pueblo
2026,Madison Gardner,Colorado St.-Pueblo
2026,Kendall Schmitz,Colorado St.-Pueblo
2026,Chinaru Pao,Colorado St.-Pueblo
2026,Kathryn Scholl,Colorado St.-Pueblo
2026,Lola King,Colorado St.-Pueblo
2026,Janie Gonzales,Colorado St.-Pueblo
2026,Brooke Logue,Colorado St.-Pueblo
2026,Gabriela Hudson,Colorado St.-Pueblo
2026,Jamie Suazo,Colorado St.-Pueblo
2026,Malia Dake,Hartwick
2026,Ellie Kalbach,Hartwick
2026,Mallory Muglio,Hartwick
2026,Mary Kinnane,Hartwick
2026,Briana Juncaj,Hartwick
2026,Samantha Garback,Hartwick
2026,Shelby Swartz,Hartwick
2026,Adisyn Bobish,Hartwick
2026,Isabella Gracias,Hartwick
2026,Sophia Palladino,Hartwick
2026,Lucille Walker,Hartwick
2026,Thylia Keoviengsamay,Hartwick
2026,Mackenzie Cahan,Hartwick
2026,Braelyn Hornick,Hartwick
2026,Jadyn White,Howard Payne
2026,Tara Bennett,Howard Payne
2026,Keira Jones,Howard Payne
2026,Baylee Burns,Howard Payne
2026,Addison Roden,Howard Payne
2026,Londynn Whitworth,Howard Payne
2026,Sydnie Mullens,Howard Payne
2026,Madai Suarez,Howard Payne
2026,Emma Rosier,Howard Payne
2026,Ashlyn Kelly,Howard Payne
2026,Gracie Dixon,Howard Payne
2026,Kyah Cleveland,Howard Payne
2026,Emilee Casey,Howard Payne
2026,Sam Torres,Howard Payne
2026,Carli Briese,Howard Payne
2026,Abby Henderson,Howard Payne
2026,Kyla Rodriguez,Howard Payne
2026,Bella Buzzell,Howard Payne
2026,Chloe Waller,Howard Payne
2026,Taylor Sanderson,Howard Payne
2026,Kaylee Honc,Howard Payne
2026,Bella Kessler,Lake Erie
2026,Kennedy Stewart,Lake Erie
2026,Sadie Nawrocki,Lake Erie
2026,Kylie Anderson,Lake Erie
2026,Dylan Fox,Lake Erie
2026,Nora Larson,Lake Erie
2026,Jocelyn Rogers,Lake Erie
2026,Rori Hanken,Lake Erie
2026,Paige Jestadt,Lake Erie
2026,Lexi Stooksbury,Lake Erie
2026,Kennady Wiley,Lake Erie
2026,Cecelia Mullen,Lake Erie
2026,Jenna Sayles,Lake Erie
2026,Ni'yah Fuggs,Lake Erie
2026,Gabrielle Jones,Lake Erie
2026,Allison Kirch,Lake Erie
2026,Quinn Freitag,Pacific (OR)
2026,Megan Myers,Pacific (OR)
2026,Emma Velchek,Pacific (OR)
2026,Emma Young,Pacific (OR)
2026,Whitney Olson,Pacific (OR)
2026,Kayla-Jane Padayao,Pacific (OR)
2026,Jersey Villanueva,Pacific (OR)
2026,Emmi-Lin Felten,Pacific (OR)
2026,Drew Johnson,Pacific (OR)
2026,Makenna Ennes,Pacific (OR)
2026,Isabelle Darnell,Pacific (OR)
2026,Samantha Nickell,Pacific (OR)
2026,Hannah Carlson,Pacific (OR)
2026,Taylor Paleka,Pacific (OR)
2026,Kira Fujimoto,Pacific (OR)
2026,McKenzie Uyehara,Pacific (OR)
2026,Callie Turner,Pacific (OR)
2026,Caitlin Cripe,Pacific (OR)
2026,Megan Howard,Southwest Baptist
2026,Allie Hawk,Southwest Baptist
2026,Chloe Chafins,Southwest Baptist
2026,Kiera Dent,Southwest Baptist
2026,Aubrie Fellmeth,Southwest Baptist
2026,Essence Gilmer,Southwest Baptist
2026,Audrey Weber,Southwest Baptist
2026,Gabriela Dupree,Southwest Baptist
2026,Madison Garza,Southwest Baptist
2026,Marissa Demuth,Southwest Baptist
2026,Taryn Cleary,Southwest Baptist
2026,Danika Mejico,Southwest Baptist
2026,Grace Whalen,Southwest Baptist
2026,Skylar Johnson,Southwest Baptist
2026,Hanna Klein,Southwest Baptist
2026,Hannah Jackson,Southwest Baptist
2026,Kailey Sexton,Southwest Baptist
2026,Melissa Patel,Southwest Baptist
2026,Addison Cuquet,Southwest Baptist
2026,Julia Marinesi,Southwest Baptist
2026,Natalie Percival,Southwest Baptist
2026,Makaelah Paulino,Western Colo.
2026,Galatia Andrew,Western Colo.
2026,Andrea Torres,Western Colo.
2026,Kailee Padilla,Western Colo.
2026,Sierra Long,Western Colo.
2026,Anuhea Ka'alele,Western Colo.
2026,Emily Robins,Western Colo.
2026,Page Oothoudt,Western Colo.
2026,Kyra Kidd,Western Colo.
2026,Maggie Legg,Western Colo.
2026,Sophia Hernandez,Western Colo.
2026,Breanna Nohava,Western Colo.
2026,Olivia Moore,Western Colo.
2026,Lauren Jacobson,Western Colo.
2026,Mary Hamann,Western Colo.
2026,Emily McMillan,Western Colo.
2026,Karease Broeker,Western Colo.
2026,Delaney Harris,Heidelberg
2026,Camry Eveningred,Heidelberg
2026,Emily Miller,Heidelberg
2026,Olivia Miller,Heidelberg
2026,Kailee Rank,Heidelberg
2026,Sophia Simon,Heidelberg
2026,Reagan Davis,Heidelberg
2026,Karlie Wideman,Heidelberg
2026,Ava Devereaux,Heidelberg
2026,Maya Beck,Heidelberg
2026,Soraya Jackson,Heidelberg
2026,Cassandra Bower,Heidelberg
2026,Emily Barnes,Heidelberg
2026,Dixie Potter,Heidelberg
2026,Madison Knox,Heidelberg
2026,Kaitlyn Mohr,Heidelberg
2026,Braelynn Logsdon,Heidelberg
2026,Maddie Reed,Heidelberg
2026,Corinne Stamm,Heidelberg
2026,Riley Tople,Heidelberg
2026,Addy Castle,Heidelberg
2026,Emily Marino,Heidelberg
2026,Emma Jones,Heidelberg
2026,Ellery Ehresmann,Minn.-Crookston
2026,Madison Carsten,Minn.-Crookston
2026,Brooklyn Gysbers,Minn.-Crookston
2026,Hannah Nesdahl,Minn.-Crookston
2026,Lexi Scharold,Minn.-Crookston
2026,Kailee Waasdorp,Minn.-Crookston
2026,Abigail Ernster,Minn.-Crookston
2026,Madilyn Dinges,Minn.-Crookston
2026,Penelope Vertin,Minn.-Crookston
2026,Megan Schoenfelder,Minn.-Crookston
2026,Ava Leingang,Minn.-Crookston
2026,Jacelyn Crane,Minn.-Crookston
2026,Brook Orazem,Minn.-Crookston
2026,Bella Peters,Minn.-Crookston
2026,Adrienne Venditto,Minn.-Crookston
2026,Emma Malek,Minn.-Crookston
2026,Carizma Muth,Minn.-Crookston
2026,Mia Berardino,Farmingdale St.
2026,Alexa Hansen,Farmingdale St.
2026,Sarah Kollarik,Farmingdale St.
2026,Janiya Grant,Farmingdale St.
2026,Ashley Anderson,Farmingdale St.
2026,Melfy Sarmiento,Farmingdale St.
2026,Delaney Keegan,Farmingdale St.
2026,Allison Marino,Farmingdale St.
2026,Jessica Farrell,Farmingdale St.
2026,Samantha Russo,Farmingdale St.
2026,Mackenzie Marquardt,Farmingdale St.
2026,Allison Salinas,Farmingdale St.
2026,Alyssa Conzatti,Farmingdale St.
2026,Sarah Rende,Farmingdale St.
2026,Sophia Rose,Farmingdale St.
2026,Lauren Offermann,Farmingdale St.
2026,Bailey Katz,Farmingdale St.
2026,Samantha DiBiasi,Farmingdale St.
2026,Emily Chiappetta,Farmingdale St.
2026,Caroline Lange,Farmingdale St.
2026,Jaeda Patrick,Farmingdale St.
2026,Alana Henry,Farmingdale St.
2026,Asia Perkes,Farmingdale St.
2026,Meaghan Grieco,Farmingdale St.
2026,Liza Beigel,Hamilton
2026,Grace Jansen,Hamilton
2026,Grace Seaman,Hamilton
2026,Kathryn Fox,Hamilton
2026,Mia Jessen,Hamilton
2026,Mackenzie Sickinger,Hamilton
2026,Elodie McGeiver,Hamilton
2026,Lucy Proud,Hamilton
2026,Anna Bradley,Hamilton
2026,Amelia Hahn,Hamilton
2026,Allie Steel,Hamilton
2026,Rebecca McCloskey,Hamilton
2026,Issy Fottrell,Hamilton
2026,Charli Skinner,Hamilton
2026,Lana Cvijetinovic,Hamilton
2026,Ayzlinn Trefren,Hamilton
2026,Caitlin Allen,Hamilton
2026,Kendall Scholz,Hamilton
2026,Zua Vang,Hamilton
2026,Autumn Gibbs,Washburn
2026,Brooklyn Benoit,Washburn
2026,Brynne Topolski,Washburn
2026,Morgan Sears,Washburn
2026,Taylor Rottinghaus,Washburn
2026,Keilah Rivers,Washburn
2026,Emma Siron,Washburn
2026,Chloe Carlgren,Washburn
2026,Sydney Buscher,Washburn
2026,Chloe Traffas,Washburn
2026,Hayden Meats,Washburn
2026,Kennedy Derks,Washburn
2026,Kalyn Sampson,Washburn
2026,Lauren Tyler,Washburn
2026,Natalie Hedlund,Washburn
2026,Brooklyn Morrissey,Washburn
2026,Avery Willey,Washburn
2026,Josie Cleveringa,Washburn
2026,Shannon Frakes,Washburn
2026,Finley Rieke,Washburn
2026,Emery Keebaugh,Washburn
2026,Aliyah Lightsey,Hollins
2026,Anisia Dean,Hollins
2026,Carina Dolci,Hollins
2026,Meredith Crawley,Hollins
2026,Fin Bolt,Hollins
2026,Norah Madrey,Hollins
2026,Ivy Collins,Hollins
2026,Bella Schultz,Hollins
2026,Brenna Rea,Hollins
2026,Ava Willard,Hollins
2026,Abby Neel,Hollins
2026,Dara Peterson,Hollins
2026,Peyton Bartholow,Hollins
2026,Cassidy Henderson,Hollins
2026,Sydney Mitchell,Hollins
2026,Laken Tingler,Hollins
2026,Evelyn Harris,Hollins
2026,Annabelle Kemper,Hollins
2026,Claire Hayes,Birmingham-Southern
2026,Taylor Bentley,Birmingham-Southern
2026,Kylie Wilhelmi,Birmingham-Southern
2026,Grace Waddell,Birmingham-Southern
2026,Sydney Bixby,Birmingham-Southern
2026,Chloe Staggs,Birmingham-Southern
2026,Gracie Sims,Birmingham-Southern
2026,Madison Williams,Birmingham-Southern
2026,Emily Buhl,Birmingham-Southern
2026,Ainsley Schultz,Birmingham-Southern
2026,Lily Williamson,Birmingham-Southern
2026,Abby Dunford,Birmingham-Southern
2026,Samarin Kipple,Birmingham-Southern
2026,Izzy Karasek,Hiram
2026,Olivia Goetz,Hiram
2026,Ella Crist,Hiram
2026,Madelyn Petrulis,Hiram
2026,Jacey English,Hiram
2026,Erin Winfield,Hiram
2026,Hailie Pylant,Hiram
2026,Tori Burdette,Hiram
2026,Maddie Neville,Hiram
2026,Delaney Dean,Hiram
2026,Abigail Guyette,Hiram
2026,Maggie Riley,Hiram
2026,Sofia Smotek,Hiram
2026,Courtney Johnson,Hiram
2026,Mia Nelson,Hiram
2026,Madison Dustman,Hiram
2026,Megan Chiang,Hiram
2026,Tessa Cavey,Hiram
2026,Addyson Rumskey,Hiram
2026,Sydney Wenzel,Hiram
2026,Rebecca Volpe,Hiram
2026,Angelina Weems,Hiram
2026,Olivia Maynard,Transylvania
2026,Hannah Morrison,Transylvania
2026,Alex O'Connor,Transylvania
2026,Megan Sweeney,Transylvania
2026,Lilly Kaiser,Transylvania
2026,Audrey Gass,Transylvania
2026,Peyton Mast,Transylvania
2026,Isabella Myers,Transylvania
2026,Soleil Sabin,Transylvania
2026,Clara Rogers,Transylvania
2026,Kennedy Beatty,Transylvania
2026,Chloe Jensen,Transylvania
2026,Addie Atcher,Transylvania
2026,Mya Welling,Transylvania
2026,Alyvia Gradel,Transylvania
2026,Morgan Crawford,Transylvania
2026,Cecelia Roberts,Transylvania
2026,Macy Lentz,Transylvania
2026,Addison Jarvis,Transylvania
2026,Julia Brown,Transylvania
2026,Elizabeth Jade Andrade,Cal Poly Humboldt
2026,Lily Ruiz,Cal Poly Humboldt
2026,Sadie Scott,Cal Poly Humboldt
2026,Delaney Buchanan,Cal Poly Humboldt
2026,Graysen Trupp,Cal Poly Humboldt
2026,Rahni Greene,Cal Poly Humboldt
2026,Branson Lennon,Cal Poly Humboldt
2026,Zoey Blanchard,Cal Poly Humboldt
2026,Phoebe Bland,Cal Poly Humboldt
2026,Isabella Hartwig,Cal Poly Humboldt
2026,Nyah Johnson,Cal Poly Humboldt
2026,Brielle Wilson,Cal Poly Humboldt
2026,Emma Fauth,Cal Poly Humboldt
2026,Anayah Rucker,Cal Poly Humboldt
2026,Claire Crawford,Cal Poly Humboldt
2026,Tatyana Jennings,Cal Poly Humboldt
2026,Kendall Fenstermacher,Cal Poly Humboldt
2026,Hailey Colyar,Cal Poly Humboldt
2026,Addison Bookstaber,Cal Poly Humboldt
2026,Avary Spoja,Cal Poly Humboldt
2026,Madeline Snyder,Hunter
2026,Tassin Habib,Hunter
2026,Vera Montalbano,Hunter
2026,Natalie Morrill,Hunter
2026,Ana Duran,Hunter
2026,Daphne Reyeg,Hunter
2026,Simone McIntyre,Hunter
2026,Michelle Liu,Hunter
2026,Amina Moummad,Hunter
2026,Natalie Polanco,Hunter
2026,Kassidy Cruz Nuesi,Hunter
2026,Theano Liodakis,Hunter
2026,Varvara Kudinova,Hunter
2026,Deanna Vinitski,Hunter
2026,Lily Mattison,Hunter
2026,Bella Beatty,Idaho St.
2026,Haylie Orton,Illinois Col.
2026,Delani Klaas,Illinois Col.
2026,Kahli O'Neal,Illinois Col.
2026,Keyleigh Thomas,Illinois Col.
2026,Ari Leslie,Illinois Col.
2026,Amy Frerichs,Illinois Col.
2026,Caidyn Tate,Illinois Col.
2026,Laura Kaiser,Illinois Col.
2026,Summer Brandis,Illinois Col.
2026,Riley Drake,Illinois Col.
2026,Angelina Rogers,Illinois Col.
2026,Ella Ausmus,Illinois Col.
2026,Elliana Huckstep,Illinois Col.
2026,Mady Salisbury,Illinois Col.
2026,Alyssa Burglund,Illinois Col.
2026,Reagan Oster,Illinois Col.
2026,Liv Cox,Illinois Col.
2026,Abby Franco,Adelphi
2026,Autumn Moore,Adelphi
2026,Abby Smith,Adelphi
2026,Lola Clayton,Adelphi
2026,Morgan Meyer,Adelphi
2026,Ada Isik,Adelphi
2026,Madeleine Chaapel,Adelphi
2026,Gretchen Brady,Adelphi
2026,Maya Meyers,Adelphi
2026,Mackenzie Casey,Adelphi
2026,Elena Covic,Adelphi
2026,Ana Carolina Westerich,Adelphi
2026,Melana Bigelow,Adelphi
2026,Kamryn Hill,Adelphi
2026,Katie Waterman,Adelphi
2026,Reese Brunken,Adelphi
2026,Bella Meier,Adelphi
2026,Isabella Assaley,Adelphi
2026,Katie Brokes,Adelphi
2026,Rachel Jackson,Arkansas St.
2026,Karlin Lott,Arkansas St.
2026,Alysa Lawton,Ill. Wesleyan
2026,Hailey Rak,Ill. Wesleyan
2026,Cailin Shannon,Ill. Wesleyan
2026,Mallory Monahan,Ill. Wesleyan
2026,Graci Junis,Ill. Wesleyan
2026,Skyler Lambert,Ill. Wesleyan
2026,Audrey Chizzo,Ill. Wesleyan
2026,Paige Peterson,Ill. Wesleyan
2026,Libby Detweiler,Ill. Wesleyan
2026,Ashlyn Fazio,Ill. Wesleyan
2026,Ainsley Ellis,Ill. Wesleyan
2026,Eleanor Palmer,Ill. Wesleyan
2026,Ava Schell,Ill. Wesleyan
2026,Carly Whitaker,Ill. Wesleyan
2026,Alex Bardouniotis,Ill. Wesleyan
2026,Josie Neukomm,Ill. Wesleyan
2026,Shelby Sennett,Ill. Wesleyan
2026,Ashlyn Rager,Ill. Wesleyan
2026,Sophia Feeney,Ill. Wesleyan
2026,JulIana Valdez,Ill. Wesleyan
2026,Lauren O'Brien,Ill. Wesleyan
2026,Katilyn Grant,Trevecca Nazarene
2026,Megan Ellis,Trevecca Nazarene
2026,Lily Vanbebber,Trevecca Nazarene
2026,Jordan Hunt,Trevecca Nazarene
2026,Charlee Young,Trevecca Nazarene
2026,Anna Lott,Trevecca Nazarene
2026,Brianna Bowman,Trevecca Nazarene
2026,Mary Francl,Trevecca Nazarene
2026,Brynne Krangnes,Trevecca Nazarene
2026,Zoie Elrod,Trevecca Nazarene
2026,Avery Ray,Trevecca Nazarene
2026,Cailyn Kyes,Trevecca Nazarene
2026,Kayla Bullard,Trevecca Nazarene
2026,Kaylee Talmadge,Trevecca Nazarene
2026,Isabella Sherrod,Trevecca Nazarene
2026,Emma Schnitzer,Trevecca Nazarene
2026,Olivia Reevey,Lee
2026,Jasmine Terry,Lee
2026,Sophia Lippert,Lee
2026,Gracie Halminski,Lee
2026,Jessi Reece,Lee
2026,Berra Soyler,Lee
2026,Avery Sample,Lee
2026,Gaelle Gerome,Lee
2026,Mikayla Buhr,Lee
2026,Sydney Sharpe,Lee
2026,Payton Danley,Lee
2026,Gunny Brock,Lee
2026,Lillian Coleman,Lee
2026,Brynna Sands,Lee
2026,Jordyn Butler,Lee
2026,Jolie Brockman,Lee
2026,Kennedy Knight,Lee
2026,Emmi Black,Lee
2026,Esthefany Rabit,Lee
2026,Gracie Trulson,Texas-Tyler
2026,Caroline Ashley,Texas-Tyler
2026,Amari Clark,Texas-Tyler
2026,Anna Arceneaux,Texas-Tyler
2026,Emily McShan,Texas-Tyler
2026,Kailey Manes,Texas-Tyler
2026,Audrey Brandon,Texas-Tyler
2026,Autumn Perry,Texas-Tyler
2026,Kaitlyn Davis,Texas-Tyler
2026,Faith Wilkins,Texas-Tyler
2026,Makhai Lewis,Texas-Tyler
2026,Miley Myers,Texas-Tyler
2026,Sydney Atkinson,Texas-Tyler
2026,Melanie Merrill,Texas-Tyler
2026,Maya Jones,Texas-Tyler
2026,Mia Cross,Texas-Tyler
2026,Alyson Robbins,Texas-Tyler
2026,Riley Clinton,Texas-Tyler
2026,Kate Christiansen,Texas-Tyler
2026,Ava Collins,Texas-Tyler
2026,Mariah McCoy,Texas-Tyler
2026,Mo Barnes,Texas-Tyler
2026,Kylee McKinney,Crown (MN)
2026,Brooke Rummel,Crown (MN)
2026,Delaney Boone,Crown (MN)
2026,Alyssa Heagney,Crown (MN)
2026,Madilyn Smith,Crown (MN)
2026,Kamille Massey,Crown (MN)
2026,Lily Duquaine,Crown (MN)
2026,Leah Wellington,Crown (MN)
2026,Carissa Olson,Crown (MN)
2026,Casey Story,Crown (MN)
2026,Lauren Burnett,Crown (MN)
2026,Kamryn Truebenbach,Crown (MN)
2026,Brenna Clasemann,Crown (MN)
2026,Kate Stevenson,Crown (MN)
2026,Raegan Farmer,Crown (MN)
2026,Kaitlyn Drost,Crown (MN)
2026,Hannah Fawcett,Crown (MN)
2026,Faith Sperl,Crown (MN)
2026,Ari Klein,Crown (MN)
2026,Kylie Kruck,Crown (MN)
2026,Brenna Mikulak,Crown (MN)
2026,Molly Richards,Mount Aloysius
2026,Emma Middleton,Mount Aloysius
2026,Kiersten Cummings,Mount Aloysius
2026,Poliana Lazarini,Mount Aloysius
2026,Reghyn Wilson,Mount Aloysius
2026,Maya McIlwain,Mount Aloysius
2026,Paige Logsdon,Mount Aloysius
2026,Loren Stipanovich,Mount Aloysius
2026,Reagan Karcher,Mount Aloysius
2026,Isabella MacCall,Mount Aloysius
2026,Ava Patton,Mount Aloysius
2026,Alma Kuparinen,Mount Aloysius
2026,Madison Barr,Mount Aloysius
2026,Isabella Schweitzer,Mount Aloysius
2026,Kaylee Smith,Mount Aloysius
2026,Aviana Chilmaza,Mount Aloysius
2026,McKenzie Piccola,Mount Aloysius
2026,Jada McGill,Mount Aloysius
2026,Mackenzie Barr,Mount Aloysius
2026,Elsey Kephart,Mount Aloysius
2026,Vivian Peplow,Bethany Lutheran
2026,Avery Carlson,Bethany Lutheran
2026,Marissa Stamer,Bethany Lutheran
2026,Holly Hinderks,Bethany Lutheran
2026,Makia Radtke,Bethany Lutheran
2026,Brooklyn Erickson,Bethany Lutheran
2026,Sophie Wijsbeek,Bethany Lutheran
2026,Jolie Lien,Bethany Lutheran
2026,Hannah Meyer,Bethany Lutheran
2026,Cassie Stark,Bethany Lutheran
2026,Lexi Ashley,Bethany Lutheran
2026,Claire Huettl,Bethany Lutheran
2026,Lilly Mehrkens,Bethany Lutheran
2026,Aubrey Mannery,Bethany Lutheran
2026,Kennedy Halper,Bethany Lutheran
2026,Abby Maloney,Bethany Lutheran
2026,Tayler Helgemoe,Bethany Lutheran
2026,Marti Jacobson,Bethany Lutheran
2026,Mily Wordlaw,Bethany Lutheran
2026,Betsi Frahm,Bethany Lutheran
2026,Katelynn Tortorella,Bethany Lutheran
2026,Kate Williams,Bethany Lutheran
2026,Natalia Parada De Sanctis,Bethany Lutheran
2026,Izzie Reynolds,Bethany Lutheran
2026,Tatum Olson,North Central (MN)
2026,Autumn Kaczmarek,North Central (MN)
2026,Taylor Soung,North Central (MN)
2026,Jazzlyn Collier,North Central (MN)
2026,Maia Scheffler,North Central (MN)
2026,Allina Mendoza,North Central (MN)
2026,Gabbie Ruzek,North Central (MN)
2026,Abby Rhoades,North Central (MN)
2026,Ava McIntyre,Palm Beach Atl.
2026,Lexi Berry,Palm Beach Atl.
2026,Brighten Sedmack,Palm Beach Atl.
2026,Renee Direny,Palm Beach Atl.
2026,Nae Jordan,Palm Beach Atl.
2026,Leah Burlison,Palm Beach Atl.
2026,Simi Kapustova,Palm Beach Atl.
2026,Sydney Corbett,Palm Beach Atl.
2026,Juliana Imbuzeiro,Palm Beach Atl.
2026,Kaelynn Sims,Palm Beach Atl.
2026,Kelsey Rogers,Palm Beach Atl.
2026,Erin Guffin,Palm Beach Atl.
2026,Maygan Miller-Garcia,Palm Beach Atl.
2026,Lauren Venenga,Palm Beach Atl.
2026,Sofia Augusto,Palm Beach Atl.
2026,Katie Silcott,Palm Beach Atl.
2026,Jess Horn,Palm Beach Atl.
2026,Bergen Waitman,Palm Beach Atl.
2026,Rachel Smith,Palm Beach Atl.
2026,Lexi Reyes,Keystone
2026,Hannah Ely,Keystone
2026,Victoria Crampton,Keystone
2026,Sydney Frasier,Keystone
2026,Nakaya Cridge,Keystone
2026,Isabella Buonopane,Keystone
2026,Madison Woods,Keystone
2026,Kayjanai Gatlin,Keystone
2026,Aliya Noriega,Keystone
2026,Nat Reyes,Keystone
2026,Lilly Mittelstadt,Keystone
2026,Naema Alatorre,Keystone
2026,Chloe Ibarra,Keystone
2026,Jackie Hackman,Keystone
2026,Kendall William,Keystone
2026,Anna Johnson,Keystone
2026,Rachel Davis,Keystone
2026,Taylor Stephenson,Keystone
2026,Martina Chesrown,Keystone
2026,Nataly Bermudez,Keystone
2026,Madeline Mendelblatt,Ill. Springfield
2026,Madison Siefken,Ill. Springfield
2026,Kaitlyn Taylor,Ill. Springfield
2026,Khadijah Blue,Ill. Springfield
2026,Emma Frazier,Ill. Springfield
2026,Avery Gonzalez,Ill. Springfield
2026,Alyssa Gray,Ill. Springfield
2026,Alexis Schwartz,Ill. Springfield
2026,Eva Huerta,Ill. Springfield
2026,Tuana Yuce,Ill. Springfield
2026,Kendall Johnson,Ill. Springfield
2026,Marley Christy,Ill. Springfield
2026,Makenna Cox,Ill. Springfield
2026,Kierny Follmer,Newman
2026,Josie Weers,Newman
2026,Isabella Lamb,Newman
2026,Reese Johnson,Newman
2026,Avery Kelley,Newman
2026,Natalie Martinez,Newman
2026,Priscilla Raschen,Newman
2026,Alexis Kessler,Newman
2026,Reese Daugherty,Newman
2026,Blair Wiltshire,Newman
2026,Sophia Neihouse,Newman
2026,Hannah Tymitz,Newman
2026,Yasherae Teasley,Newman
2026,Ashlyn Warburton,Newman
2026,MaddyLynn Shumway,Newman
2026,Madalyn Hoot,Newman
2026,Kailee Abasolo,Newman
2026,Charissa Ninan,Newman
2026,Sky Miller,Newman
2026,Jaxsynn Bailey,Cal St. Monterey Bay
2026,Rowan Reilly,Cal St. Monterey Bay
2026,Ashley Ward,Cal St. Monterey Bay
2026,Abby Witzansky,Cal St. Monterey Bay
2026,Malia Peterson,Cal St. Monterey Bay
2026,Maya Cann,Cal St. Monterey Bay
2026,Maya Giannini,Cal St. Monterey Bay
2026,Sofia MacPherson,Cal St. Monterey Bay
2026,Macey Camacho,Cal St. Monterey Bay
2026,Gia Hoffman,Cal St. Monterey Bay
2026,Kayla Smith,Cal St. Monterey Bay
2026,Milan Harvey,Cal St. Monterey Bay
2026,Talula Crandell,Cal St. Monterey Bay
2026,Grace Liesemeyer,Cal St. Monterey Bay
2026,Lilly Bandle,Cal St. Monterey Bay
2026,Piper Olson,Cal St. Monterey Bay
2026,Malia Thorne,Cal St. Monterey Bay
2026,Savannah Schwarz,Seton Hill
2026,Avery Lipstraw,Seton Hill
2026,Courtney Smith,Seton Hill
2026,Molly Beer,Seton Hill
2026,Molly Marceric,Seton Hill
2026,Kendyl Wagner,Seton Hill
2026,Mallory Meinen,Seton Hill
2026,Lorena Sanchez,Seton Hill
2026,Emma Meurer,Seton Hill
2026,Autumn Wywadis,Seton Hill
2026,Keira Dunn,Seton Hill
2026,Catie Flohr,Seton Hill
2026,Kamilah Perez-Nemeth,Seton Hill
2026,Taylor Holland,Seton Hill
2026,Hannah Randolph,Seton Hill
2026,Haley Reed,Seton Hill
2026,Maddie Stout,Seton Hill
2026,Rachael VanSlander,Saint Vincent
2026,Aubrey Siwula,Saint Vincent
2026,Brenna McCracken,Saint Vincent
2026,Jolina Estremera,Saint Vincent
2026,Bailey Green,Saint Vincent
2026,Hannah Stone,Saint Vincent
2026,Allison Oshnock,Saint Vincent
2026,Maria Goldstein,Saint Vincent
2026,Preslee Horchak,Saint Vincent
2026,Elliot Hardy,Saint Vincent
2026,Madie Eagler,Saint Vincent
2026,Maria Piraino,Saint Vincent
2026,Meegan Williams,Saint Vincent
2026,Ashlynn Schutz,Saint Vincent
2026,Isabella Brisbane,Saint Vincent
2026,Madyson Burdge,Saint Vincent
2026,Mikena Marino,Saint Vincent
2026,Allison Strickland,Saint Vincent
2026,Sabrina George,Saint Vincent
2026,Nei'Shae Clegg,NVU-Lyndon
2026,Sydney Clunis,NVU-Lyndon
2026,Makayla Longway,NVU-Lyndon
2026,Olivia Cordova,NVU-Lyndon
2026,Hannah Badertscher,NVU-Lyndon
2026,Riley McNamara,NVU-Lyndon
2026,Kazandra Gonzalez,NVU-Lyndon
2026,Kiara Mack,NVU-Lyndon
2026,Kylie Hutchinson,SUNY Morrisville
2026,Kayla Sheasby,SUNY Morrisville
2026,Mary Trowbridge,SUNY Morrisville
2026,Samantha Siedlecki,SUNY Morrisville
2026,Sarah West,SUNY Morrisville
2026,Autumn Dailey,SUNY Morrisville
2026,Rachel Jaskier,SUNY Morrisville
2026,Morgan Barcone,SUNY Morrisville
2026,Adeline Houser,SUNY Morrisville
2026,Keely Shearer,SUNY Morrisville
2026,Cassandra Bellmore,SUNY Morrisville
2026,Mikayla Martinez,SUNY Morrisville
2026,Samantha Mehler,SUNY Morrisville
2026,Isabella Eskierka,SUNY Morrisville
2026,Tessa Miller,Franciscan
2026,Anna Guard,Franciscan
2026,Therese Heisler,Franciscan
2026,Monika Peters,Franciscan
2026,Hollyann Zitkovic,Franciscan
2026,Julia Rook,Franciscan
2026,Sydney Wilson Plunkett,Franciscan
2026,Mary Smart,Franciscan
2026,Julia Brandwein,Franciscan
2026,Kaitlan Hickey,Franciscan
2026,Sarah Clyde,Franciscan
2026,Aly Howald,Franciscan
2026,Logan Hickey,Franciscan
2026,Emma Fox,Franciscan
2026,Reese Anderson,Franciscan
2026,Lucy Miller,Franciscan
2026,Caroline Linklater,Franciscan
2026,McKenna Ryan,Franciscan
2026,Charlotte Strouble,Franciscan
2026,Cassidy Breuer,William Smith
2026,Kali Vanderhoof,William Smith
2026,Taylor Williams,William Smith
2026,Estella Homoya,William Smith
2026,Arielle Newsome,William Smith
2026,Lily Wittgraefe,William Smith
2026,Emily Fulton,William Smith
2026,Addison Werner,William Smith
2026,Delainy Williams,William Smith
2026,Senya Dorny,William Smith
2026,Sage Duerr,William Smith
2026,Jayden Hanson,William Smith
2026,Maren Hunt,William Smith
2026,Madilyn Kresl,William Smith
2026,Sierra Shoemaker,Lancaster Bible
2026,Lea Sareyka,Lancaster Bible
2026,Maggie Kwiatkowski,Lancaster Bible
2026,Tessa Kwiatkowski,Lancaster Bible
2026,Lyndsie Bomgardner,Lancaster Bible
2026,Faith Rex,Lancaster Bible
2026,Anna Yutzy,Lancaster Bible
2026,Avalyn Ramos,Lancaster Bible
2026,Rachael Speulstra,Lancaster Bible
2026,Jessica Fletcher,Lancaster Bible
2026,Kassia Jury,Lancaster Bible
2026,Kaitlyn Weitzel,Lancaster Bible
2026,Areigna Dales,Lancaster Bible
2026,Candace Fox,Lancaster Bible
2026,Chloe Belford,Lancaster Bible
2026,Eden Belford,Lancaster Bible
2026,Madeline Reed,Lancaster Bible
2026,Madison Reap,Lancaster Bible
2026,Hannah Helmer,Lancaster Bible
2026,Chloe Stenberg,Lancaster Bible
2026,Rileigh Johnson,Lancaster Bible
2026,Hannah Royer,Lancaster Bible
2026,Ericka Marks,Lancaster Bible
2026,Ashby Brummer,Lancaster Bible
2026,Layla Wetzel,Lancaster Bible
2026,Samantha Hey,Lancaster Bible
2026,Raine Dreher,Lancaster Bible
2026,Makenna Grimes,Tex. Permian Basin
2026,Kyndall Torres,Tex. Permian Basin
2026,Bentleigh Bundy,Tex. Permian Basin
2026,Carson Peoples,Tex. Permian Basin
2026,Ana Romero,Tex. Permian Basin
2026,Lynae Hands,Tex. Permian Basin
2026,Addison Parks,Tex. Permian Basin
2026,Giselle Orellana,Tex. Permian Basin
2026,Isabel Rodriguez,Tex. Permian Basin
2026,Haley Beggs,Tex. Permian Basin
2026,Tatum Gehring,Tex. Permian Basin
2026,Precious Johnson,Tex. Permian Basin
2026,Nickilah Whatley,Tex. Permian Basin
2026,Sydney Bradley,Tex. Permian Basin
2026,Kaitlyn Salgado,Tex. Permian Basin
2026,Kierra Freeman,Tex. Permian Basin
2026,Emma Gonzalez,Tex. Permian Basin
2026,Jaylee Mills,Tex. Permian Basin
2026,Amelia Fitzpatrick,Flagler
2026,Caity Clancy,Flagler
2026,Emmi Cheek,Flagler
2026,Marley Middlebrooks,Flagler
2026,Gia Lowe,Flagler
2026,Katherine Rank,Flagler
2026,Jolie Trudeau,Flagler
2026,Bella Ciolino,Flagler
2026,Bella Schwantz,Flagler
2026,Kennedy Allen,Flagler
2026,Bella Law,Flagler
2026,Mar'ley Phillips,Flagler
2026,Jilly Young,Flagler
2026,Riley Murray,Flagler
2026,Hailey Trebbien,Flagler
2026,Gracie Fleming,Flagler
2026,Stella Hollis,AUM
2026,Ellie Jaubert,AUM
2026,Gabriella Wokatsch,AUM
2026,Autumn Harper,AUM
2026,Maison Turner,AUM
2026,Amiliaa DeLeon,AUM
2026,Chelsea Daffin,AUM
2026,Ainslee Copeland,AUM
2026,Ava Boyll,AUM
2026,Addison Vinson,AUM
2026,Mya Lacey,AUM
2026,Emily Brown,AUM
2026,Jamya Powell,AUM
2026,Jori Taylor,AUM
2026,Skye Letson,AUM
2026,Kinsley Kennedy,AUM
2026,Jaslyn Montgomery,AUM
2026,Mayli Whetter,Ark.-Fort Smith
2026,Ella Shelby,Ark.-Fort Smith
2026,Lexi Wieser,Ark.-Fort Smith
2026,Lydia Warrior,Ark.-Fort Smith
2026,Grace Marshall,Ark.-Fort Smith
2026,Aspen Olson,Ark.-Fort Smith
2026,Abbey Jackson,Ark.-Fort Smith
2026,Elza Jansone,Ark.-Fort Smith
2026,Lydia Pitts,Ark.-Fort Smith
2026,Sarah LaForge,Ark.-Fort Smith
2026,Nevaeh Benjamin,Ark.-Fort Smith
2026,Bree Pardy,Ark.-Fort Smith
2026,Codi Jackson,Ark.-Fort Smith
2026,Breanna Smith,Ark.-Fort Smith
2026,Sarah Lora,Ark.-Fort Smith
2026,Emily Parker,Ark.-Fort Smith
2026,Eniko Torma,Ark.-Fort Smith
2026,Henley Gentry,Covenant
2026,Gabby Sumrall,Covenant
2026,Avery Maiden,Covenant
2026,Chloe Finn,Covenant
2026,Sparrow Sethman,Covenant
2026,Hailey Landrum,Covenant
2026,Addison Hill,Covenant
2026,Aubrianna Gerdes,Covenant
2026,Lauren Niemeyer,Covenant
2026,Carmen Harvey,Covenant
2026,Kayley Shanfelt,Covenant
2026,Cali Sandhoff,Covenant
2026,AnaClara Maik,Covenant
2026,Sarah Jennings,Covenant
2026,Delaney Stirm,Covenant
2026,Evy Hammer,Covenant
2026,Sophie Sherer,Covenant
2026,Scarlett Martz,Covenant
2026,Cadie Weldon,Covenant
2026,Marj Stark,Covenant
2026,Kennedy Barber,Covenant
2026,Christen Tarter,Ohio Dominican
2026,Macie Bowden,Ohio Dominican
2026,Lauren Dinunzi,Ohio Dominican
2026,Cadence Davis,Ohio Dominican
2026,Madelyn Demler,Ohio Dominican
2026,Isa Swiatkowski,Ohio Dominican
2026,Taylor Thiery,Ohio Dominican
2026,Annie Fincham,Ohio Dominican
2026,Ava Horn,Ohio Dominican
2026,Sylvia Haughn,Ohio Dominican
2026,Tess Hayes,Ohio Dominican
2026,Katie Zwick,Ohio Dominican
2026,Chloe Gels,Ohio Dominican
2026,Natalie Jones,Ohio Dominican
2026,Evelyn Connor,Ohio Dominican
2026,Logan Rubel,Ohio Dominican
2026,Keegan O'Keefe,Ohio Dominican
2026,Lizzy Larkins,Ohio Dominican
2026,Ashlynn Rowland,William Jewell
2026,Melanie Gardner,William Jewell
2026,Cassidy Hurst,William Jewell
2026,Brianna Witthar,William Jewell
2026,Macy Bartlett,William Jewell
2026,Lily Waters,William Jewell
2026,Silvia Fisher,William Jewell
2026,Allie Vanderbeek,William Jewell
2026,Emily Brannan,William Jewell
2026,Kami Sexton,William Jewell
2026,Kelsey Keling,William Jewell
2026,Kali Adamec,William Jewell
2026,Alexis Frazier,William Jewell
2026,Madison Roney,William Jewell
2026,Wylie Singleton,William Jewell
2026,Olivia Starr,William Jewell
2026,Katherine Von Kraut,Academy of Art
2026,Mireya Kawaguchi,Academy of Art
2026,Fina Tuinauvai,Academy of Art
2026,Alohi Garcia,Academy of Art
2026,LC-Reece Nakagawa,Academy of Art
2026,Elyse Day,Academy of Art
2026,Elly McInerney,Academy of Art
2026,Zoe Arnold,Academy of Art
2026,Paola Divis,Academy of Art
2026,Lina Ellilä,Academy of Art
2026,Nina Garcia,Academy of Art
2026,Sofia Stemberga,Academy of Art
2026,Claire Ricard,Academy of Art
2026,Kerrigan Habing,Academy of Art
2026,Chandra Reed,Academy of Art
2026,Kyriah Trefren,Academy of Art
2026,Maggie Carroll,Academy of Art
2026,Kaia Fittz,Academy of Art
2026,Kendall Lee,Academy of Art
2026,Katelyn Onespot-Danforth,Academy of Art
2026,McKayala Reuter,Cedarville
2026,Avery MacMeccan,Cedarville
2026,Sienna Hanson,Cedarville
2026,Abby Mainka,Cedarville
2026,Carley Craighead,Cedarville
2026,Emily Cook,Cedarville
2026,Kate Fourman,Cedarville
2026,Alicia Howard,Cedarville
2026,Meagan Johnson,Cedarville
2026,Sidney Shepherd,Cedarville
2026,Madelyn Hensley,Cedarville
2026,Cam Davenport,Cedarville
2026,Bekah Williams,Cedarville
2026,Cali Layne,Cedarville
2026,Sydney Low,Cedarville
2026,Allie Pilat,Cedarville
2026,Alivia Rutt,Cedarville
2026,Ella Rickert,Cedarville
2026,Ava Maibach,Cedarville
2026,Kalynn Stoner,Cedarville
2026,Maya Vibeto,Minot St.
2026,Emma Swisher,Minot St.
2026,Taya McKinna,Minot St.
2026,Katelyn Onespot-Danforth,Minot St.
2026,Anne Fricke,Minot St.
2026,Haley Saunders,Minot St.
2026,Emily Willis,Minot St.
2026,Caton Pearcy,Minot St.
2026,Olivia Murphy,Minot St.
2026,Zoe Zarr,Minot St.
2026,Logan Drennan,Minot St.
2026,Addison Zuther,Minot St.
2026,Nicole Lundquist,Minot St.
2026,Sophie Williams,Minot St.
2026,Kiera Hayes,Minot St.
2026,Ella Smith,Minot St.
2026,Presley Krahn,Minot St.
2026,Jasmin Bell,Minot St.
2026,Jayme Zoeckler,Notre Dame (OH)
2026,Molly Stayer,Notre Dame (OH)
2026,Kelly Ponzani,Notre Dame (OH)
2026,Shay Monahan,Notre Dame (OH)
2026,Reagan Stempin,Notre Dame (OH)
2026,Kelsie Palmer,Notre Dame (OH)
2026,Samantha Comer,Notre Dame (OH)
2026,Caris Cross,Notre Dame (OH)
2026,Sydney Bray,Notre Dame (OH)
2026,Grace Smotek,Notre Dame (OH)
2026,Kiley Kalina,Notre Dame (OH)
2026,Olivia Jones,Notre Dame (OH)
2026,Diamond Baker,Notre Dame (OH)
2026,Lucy Smith,Notre Dame (OH)
2026,Ryleigh Ronald,Notre Dame (OH)
2026,Lilliana Mook,Notre Dame (OH)
2026,Louise Ho,Simon Fraser
2026,Bella Tano,Simon Fraser
2026,Megan Hawkins,Simon Fraser
2026,Jayden Armstrong,Simon Fraser
2026,Chloe Rutquist,Simon Fraser
2026,Makena Simmons,Simon Fraser
2026,Nina Kovacevic,Simon Fraser
2026,Bianca Aere,Simon Fraser
2026,Lyla McKay,Simon Fraser
2026,Macyn Unger,Simon Fraser
2026,Keona Savage,Simon Fraser
2026,Katarina Damnjanovic,Simon Fraser
2026,Brooklyn Robinson,Simon Fraser
2026,Logan Remington,Simon Fraser
2026,Ella McVittie,Simon Fraser
2026,Hannah Weldon,Simon Fraser
2026,Kyleigh Tangen,Sioux Falls
2026,Maci Lerseth,Sioux Falls
2026,Bre Van Den Top,Sioux Falls
2026,Katie Van Egdom,Sioux Falls
2026,Gretchen Volk,Sioux Falls
2026,Lucy Larson,Sioux Falls
2026,Cecilia Spaeth,Sioux Falls
2026,Faith Van Eck,Sioux Falls
2026,Hollie Peterson,Sioux Falls
2026,Aubrey Gates,Sioux Falls
2026,Haley Wolfe,Sioux Falls
2026,Abby Haus,Sioux Falls
2026,Tatum Godinez,Sioux Falls
2026,Taya Thaden,Sioux Falls
2026,Maegan Cheeseman,Sioux Falls
2026,Molly Minnema,Sioux Falls
2026,Ella Walker,Sioux Falls
2026,Adyson Knake,Sioux Falls
2026,Alannah Kemmis,Black Hills St.
2026,Adelyn Bouman,Black Hills St.
2026,Mianna Cardenas,Black Hills St.
2026,Izabel Abril,Black Hills St.
2026,Keirian Barnett,Black Hills St.
2026,Makayla Dorsey,Black Hills St.
2026,Elena Atkinson,Black Hills St.
2026,Emma Kruger,Black Hills St.
2026,Peyton McLeod,Black Hills St.
2026,Izzy Saiki,Black Hills St.
2026,Aspen Baird,Black Hills St.
2026,Neva Cook,Black Hills St.
2026,Carsyn Mettler,Black Hills St.
2026,Emma Hager,Black Hills St.
2026,Zoie Husman,Black Hills St.
2026,Maddie Altstiel,Black Hills St.
2026,Keira Thompson,Black Hills St.
2026,Alayna Rudebeck,Lindenwood (MO)
2026,Valyn Donahoo,Lindenwood (MO)
2026,Kaci Johnson,Lindenwood (MO)
2026,Anna Kraemer,Lindenwood (MO)
2026,Jade Roth,Lindenwood (MO)
2026,Lauren Ortwerth,Lindenwood (MO)
2026,Shannon Monahan,Lindenwood (MO)
2026,Dana Grib,Lindenwood (MO)
2026,Greta Shadewald,Lindenwood (MO)
2026,Susanna Beretti,Lindenwood (MO)
2026,Autumn Bax,Lindenwood (MO)
2026,Ashley Geluck,Lindenwood (MO)
2026,Emma Johnson,Lindenwood (MO)
2026,Tori Staples,Lindenwood (MO)
2026,Blair Sitton,Lindenwood (MO)
2026,Mandy Lawson,Lindenwood (MO)
2026,Kylee Richey,Lindenwood (MO)
2026,Bianca Galaviz,McKendree
2026,Brielle Crose,McKendree
2026,Sara Niemerg,McKendree
2026,Cayden DeSantiago,McKendree
2026,Corinne Leech,McKendree
2026,Brooke Heimburger,McKendree
2026,Reece Distler,McKendree
2026,Delaney Nelsen,McKendree
2026,Mackenzie Yoakum,McKendree
2026,Madison Wojdyla,McKendree
2026,Ilana Reeder,McKendree
2026,Peyton Uptgraft,McKendree
2026,Gabrielle Behling,McKendree
2026,Avery Guisinger,McKendree
2026,Lexi Hoffman,McKendree
2026,Madelyn Clarke,McKendree
2026,Megan Bishton,McKendree
2026,Paige Parant,McKendree
2026,Josie Hoff,South Dakota Mines
2026,Campbell Sheffield,South Dakota Mines
2026,Laney Caskey,South Dakota Mines
2026,Lexi Glendenning,South Dakota Mines
2026,Brylin Gomer,South Dakota Mines
2026,Macey Davis,South Dakota Mines
2026,Elle Bouten,South Dakota Mines
2026,Annelise Larson,South Dakota Mines
2026,Allison Nowak,South Dakota Mines
2026,Emily Henderson,South Dakota Mines
2026,Hannah Joseph,South Dakota Mines
2026,Lily Grau,South Dakota Mines
2026,Josey Wickersham,South Dakota Mines
2026,Alexis Taylor,South Dakota Mines
2026,Grace Mak,South Dakota Mines
2026,Joy Aburto,South Dakota Mines
2026,Louisa Battin,South Dakota Mines
2026,Cate Warren,South Dakota Mines
2026,Maria Bouman,South Dakota Mines
2026,Ivy Vindivich,South Dakota Mines
2026,Nizhoni Clement,Ursuline
2026,Kimora Hansbrough,Ursuline
2026,Addyson Greene,Ursuline
2026,Vada Belt,Ursuline
2026,Madison Morris,Ursuline
2026,Mya Jackson,Ursuline
2026,Sophia Serrano,Ursuline
2026,Skye Peairson,Ursuline
2026,Alivia Martin,Ursuline
2026,Annie Quinlan,Ursuline
2026,Ariella Keys,Ursuline
2026,Frida Martinez,Ursuline
2026,Reagan Michalski,Ursuline
2026,Aniyah Wise,Ursuline
2026,Ellie Zoeckler,Ursuline
2026,Ava Starr,Walsh
2026,AJ Burick,Walsh
2026,Francesca Battaglia,Walsh
2026,Emerson Sheets,Walsh
2026,Carly Paugh,Walsh
2026,Izzy Shank,Walsh
2026,Locie Levengood,Walsh
2026,Cara Riley,Walsh
2026,Avery Budrys Rini,Walsh
2026,Brynn Egbert,Walsh
2026,Sabrina Da Silva,Walsh
2026,Whitney Watkins,Walsh
2026,Ava Budrys Rini,Walsh
2026,Ava Marek,Walsh
2026,Camille Wardin,Walsh
2026,Maggie Rolwing,Walsh
2026,McKinley Reichert,Walsh
2026,Maria Montseny,Walsh
2026,Brooke Smith,Walsh
2026,Cora Rickett,Walsh
2026,Mary Hoersten,Walsh
2026,Madison Babinec,Walsh
2026,Camryn Miller,Walsh
2026,Rylee Pitney,Fresno Pacific
2026,Makayla Smith,Fresno Pacific
2026,Taylor Boone,Fresno Pacific
2026,Jayla Iversen,Fresno Pacific
2026,Rachel Plantinga,Fresno Pacific
2026,Devyn Castaneda,Fresno Pacific
2026,Madelyn Feramisco,Fresno Pacific
2026,Amanda Lauer,Fresno Pacific
2026,Mikayla Weiss,Fresno Pacific
2026,Malia Edwardson,Fresno Pacific
2026,Addisen Hamilton,Fresno Pacific
2026,Jocelyn Yang,Fresno Pacific
2026,Julia Nicolet,Fresno Pacific
2026,Lola Highstreet,Fresno Pacific
2026,Ashley Logan,Fresno Pacific
2026,Ally Lane,Fresno Pacific
2026,Itzel Aguayo,Fresno Pacific
2026,Morgan Castaneda,Fresno Pacific
2026,Gianna Callari,Point Loma
2026,Mariah Hughes,Point Loma
2026,Ila Rose,Point Loma
2026,Kira Federico,Point Loma
2026,Hailey Wilson,Point Loma
2026,Samantha Claus,Point Loma
2026,Kyra Miles,Point Loma
2026,Kaitlyn Cabral,Point Loma
2026,Hailey Clark,Point Loma
2026,Saren Rogers,Point Loma
2026,Adeline Daniel,Point Loma
2026,Sophia Baugh,Point Loma
2026,Jolyna Salas,Point Loma
2026,Emily Pruett,Point Loma
2026,Ellie Nichols,Point Loma
2026,Finn Higginbotham,Point Loma
2026,Caitlyn Sutton,Shorter
2026,Brooke Thao,Shorter
2026,Victoria Sparks,Shorter
2026,Reaghan Whitlock,Shorter
2026,Lana Maluda,Shorter
2026,Izziey Crane,Shorter
2026,Abby McDonald,Shorter
2026,Kaliya Baker,Shorter
2026,Whitlee Harvey,Shorter
2026,Hannah Coté,Shorter
2026,Taylor-Reese Howell,Shorter
2026,Helena Kelley,Shorter
2026,Emily Drier,Shorter
2026,Ava Medina,Shorter
2026,Mia Beigh Alexander,Shorter
2026,Natalie Lunt,Shorter
2026,Hannah Smith,Shorter
2026,Acca Berube,Shorter
2026,Sutton Szoke,Shorter
2026,Caroline Sivills,Shorter
2026,Brielle Wood,Shorter
2026,Tori McNair,Shorter
2026,Alexis Williams,Shorter
2026,Aspen Wendt,Southern Nazarene
2026,Makenzie Moseley,Southern Nazarene
2026,Allie Edwards,Southern Nazarene
2026,Quinn Van Maanen,Southern Nazarene
2026,Brelee Mauldin,Southern Nazarene
2026,Ava Bell,Southern Nazarene
2026,Brooklyn Ramey-Halkyard,Southern Nazarene
2026,Rayanna Mauldin,Southern Nazarene
2026,Kate Wright,Southern Nazarene
2026,Hannah Morgan,Southern Nazarene
2026,Emma Grace Moddelmog,Southern Nazarene
2026,Sydney Marquez,Southern Nazarene
2026,Maecie Hawthorne,Southern Nazarene
2026,Riley Richardson,Southern Nazarene
2026,Maddie Haugen,Southern Nazarene
2026,Miley Simo,Southern Nazarene
2026,Reagan Glenn,Southern Nazarene
2026,Ava Permenter,Southern Nazarene
2026,Jadyn Lindgren,Southern Nazarene
2026,Melanie Long,Southern Nazarene
2026,Karina Purdin,Southern Nazarene
2026,Carleigh Charles,Union (TN)
2026,Avery Taylor,Union (TN)
2026,Parker Goff,Union (TN)
2026,Sydney Davis,Union (TN)
2026,Elizabeth Gilbert,Union (TN)
2026,Caileigh Collins,Union (TN)
2026,Julia Stuible,Union (TN)
2026,Anna Edwards,Union (TN)
2026,Emily Priddy,Union (TN)
2026,Isabella Messer,Union (TN)
2026,Hannah Hamill,Union (TN)
2026,Sam McHale,Union (TN)
2026,Carly Edwards,Union (TN)
2026,Sarahbelle Jameson,Union (TN)
2026,Sarah-Kate Savage,Union (TN)
2026,Bella Krueger,Union (TN)
2026,Kylie Creech,Union (TN)
2026,Sami Gambill,Young Harris
2026,Brooklyn Thomason,Young Harris
2026,Piper Duckworth,Young Harris
2026,Amya Dryden,Young Harris
2026,Linsey Burke,Young Harris
2026,Rebecca Heyl,Young Harris
2026,Mary Margaret Wilson,Young Harris
2026,Lauren DeSilets,Young Harris
2026,Lexie Martin,Young Harris
2026,Kathryn Urbanek,Young Harris
2026,Kellyn French,Young Harris
2026,Lyza Thigpen,Young Harris
2026,Maddie Pelfrey,Young Harris
2026,Alexa Berry,Young Harris
2026,Hannah Depp,Young Harris
2026,Maddy Stolarik,Young Harris
2026,Lauren Daniel,Young Harris
2026,MaryElla Cook,Young Harris
2026,Abby Peppers,Young Harris
2026,Alexa Belanger,Houghton
2026,Abby Reitnour,Houghton
2026,Viktoriia Lozynska,Houghton
2026,Lyndsay Kitchen,Houghton
2026,Morgan Brace,Houghton
2026,Josie Thomas,Houghton
2026,Selah Charles,Houghton
2026,Praylan Perkins,Houghton
2026,Nicola Soper,Houghton
2026,Becca Wilkins,Houghton
2026,Jessica Prentice,Houghton
2026,Paige Brennan,Houghton
2026,Mia Noble,Houghton
2026,Logan Baer,Houghton
2026,Eden Haynes,Houghton
2026,Katelyn Martin,Houghton
2026,Petra Thomas,Houghton
2026,Sierra Zinger,Houghton
2026,Arianna Farrell,Houghton
2026,Ashley Blair,Houghton
2026,Milly Guemple,Sarah Lawrence
2026,Sophia Costa,Sarah Lawrence
2026,Nikolet Vataj,Sarah Lawrence
2026,Alex Pantoliano,Sarah Lawrence
2026,Evie Iceton,Sarah Lawrence
2026,Eva Anderson,Sarah Lawrence
2026,Jenna Lehnhart,Sarah Lawrence
2026,Olivia Richard,Sarah Lawrence
2026,Caroline Combs,Sarah Lawrence
2026,Sophia Dorfman,Sarah Lawrence
2026,Bailey Gordon,Sarah Lawrence
2026,Charlee Leonard,Sarah Lawrence
2026,Kai Perkins,Sarah Lawrence
2026,Charlotte Siemsen,Sarah Lawrence
2026,Chloe Murray,Southern Va.
2026,Anne Downs,Southern Va.
2026,Adah Elam,Southern Va.
2026,Laura Forsgren,Southern Va.
2026,Baylee Mirabal,Southern Va.
2026,Lucy Richins,Southern Va.
2026,Macie Weatherly,Southern Va.
2026,Jordan Jensen,Southern Va.
2026,Clara Soulier,Southern Va.
2026,Ryann Vail,Southern Va.
2026,Tara Carter,Southern Va.
2026,Lilly Isom,Southern Va.
2026,Summer Hahn,Southern Va.
2026,Brookelyn Madland,Southern Va.
2026,Viva Bluth,Southern Va.
2026,Isabella Cruz,SUNY Canton
2026,Ava Wilson,SUNY Canton
2026,McKenna Pelech,SUNY Canton
2026,Kiley Zicari,SUNY Canton
2026,Nadia Frigon,SUNY Canton
2026,Emma Baker,SUNY Canton
2026,Emerson Coulter,SUNY Canton
2026,Daycee Bane,SUNY Canton
2026,Lauren Norman,SUNY Canton
2026,Makenna Cameron,SUNY Canton
2026,Rylan Walker,SUNY Canton
2026,Kayann Gunn,SUNY Canton
2026,Lauren Park,SUNY Canton
2026,Brooke Hite,SUNY Canton
2026,Abby Raven,SUNY Canton
2026,Madison Bigelow,SUNY Canton
2026,Tionna Edghill,SUNY Canton
2026,Kiara Arzuaga,Berea
2026,Ava Wadley,Berea
2026,Alaya Scoggins,Berea
2026,Mckenzie McIntyre,Berea
2026,Kamila Zelaya,Berea
2026,Amelie Cora Rolland,Berea
2026,Brianna Negron Torres,Berea
2026,Jade Broka,Berea
2026,Sol Yashira Rodríguez Nazario,Berea
2026,Nashaliz Garcia,Berea
2026,Camila Vargas Rivera,Berea
2026,Genesis Casillas,Berea
2026,Aryanna Erosa,Berea
2026,Madison Spradling,Berea
2026,Dayden Dyess,Daemen
2026,Maddie Schamaun,Daemen
2026,Jolie Faw,Daemen
2026,Avery Craig,Daemen
2026,Kate Trueblood,Daemen
2026,Jarielys Giraud,Daemen
2026,Molly Ryan,Daemen
2026,Vera Tops,Daemen
2026,Nicole Giardina,Daemen
2026,Olivia Urbon,Daemen
2026,Etana Murray,Daemen
2026,Payton Gaylor,Daemen
2026,Amelia González,Daemen
2026,Audrey Johnson,Daemen
2026,Peyton Lowes,Daemen
2026,Mollie Berry,Daemen
2026,Mina Faw,Daemen
2026,Kyla Farnan,Lubbock Christian
2026,Lauren Hanson,Lubbock Christian
2026,Ramsey Clark,Lubbock Christian
2026,Kat Dulin,Lubbock Christian
2026,Hope Gonsioroski,Lubbock Christian
2026,Camdyn Sears,Lubbock Christian
2026,Kristyn Grantham,Lubbock Christian
2026,Sienna Cavalier,Lubbock Christian
2026,Leigh Jespersen,Lubbock Christian
2026,Kayson Reeves,Lubbock Christian
2026,Tatum Fleitman,Lubbock Christian
2026,Shaylee Stevens,Lubbock Christian
2026,Jade Workman,Lubbock Christian
2026,Camryn Blair,Lubbock Christian
2026,Aubree Lundberg,Lubbock Christian
2026,Haley Wheeler,Lubbock Christian
2026,Chloe Crider,Lubbock Christian
2026,Ta'Niya Logart,Northwestern Okla.
2026,Jadyn Padilla,Northwestern Okla.
2026,Tess De Zanet,Northwestern Okla.
2026,Kemelly Baez Miecznikoski,Northwestern Okla.
2026,Jesselix Acevedo Lebron,Northwestern Okla.
2026,Miah Matthias,Northwestern Okla.
2026,Andrea Djordjevic,Northwestern Okla.
2026,Jayla Adams,Northwestern Okla.
2026,Cameryn Barclay,Northwestern Okla.
2026,Celia Mbaya,Northwestern Okla.
2026,Kaylee Swartz,Northwestern Okla.
2026,Bella Nicholas,Northwestern Okla.
2026,Raven Boone,Northwestern Okla.
2026,Ivanny Blackwood,Northwestern Okla.
2026,Emily Felix,Northwestern Okla.
2026,Kallie Conway,Northwestern Okla.
2026,Avery Lane,Northwestern Okla.
2026,Ryann Eastes,Northwestern Okla.
2026,Katie Wadas,Northwestern Okla.
2026,Kaylah Thomas,Northwestern Okla.
2026,Abigail Curtis,UVa-Wise
2026,Maggy Sechrist,UVa-Wise
2026,Skye Williams,UVa-Wise
2026,Braelynn Williams,UVa-Wise
2026,August Betz,UVa-Wise
2026,Mia Poag,UVa-Wise
2026,Lanie Malobabich,UVa-Wise
2026,Mia Bradley,UVa-Wise
2026,Sydney Stone,UVa-Wise
2026,Annabelle Dowell,UVa-Wise
2026,Madilyn Pardue,UVa-Wise
2026,Libby Nickels,UVa-Wise
2026,Riley Brandon,UVa-Wise
2026,Mable James,UVa-Wise
2026,Isabella Baylor,UVa-Wise
2026,Serina Petersen,UVa-Wise
2026,Olivia Amos,UVa-Wise
2026,Alahnys Galarza,Bryn Athyn
2026,Paige Lipp,Bryn Athyn
2026,Darlene Nunez,Bryn Athyn
2026,Bex Jones,Bryn Athyn
2026,Diana Boldyshev,Bryn Athyn
2026,Gigi Salomon,Bryn Athyn
2026,Sabrina Brock,Bryn Athyn
2026,Samantha Lipp,Bryn Athyn
2026,Kyra Wardley,Bryn Athyn
2026,Riley Breen,Bryn Athyn
2026,Leilah Glenn,Bryn Athyn
2026,Eleana Falkner,Penn College
2026,Kiera Clarkson,Penn College
2026,Gabby McKenzie,Penn College
2026,Avani Rainier,Penn College
2026,Callie Riddle,Penn College
2026,Samantha Prisco,Penn College
2026,Sara Seyfert,Penn College
2026,Mya Gilliam,Penn College
2026,Claire Roan,Penn College
2026,Janae Carden,Penn College
2026,Peyton Maass,Penn College
2026,Kendall Shade,Penn College
2026,Taryn Smith,Penn College
2026,Lilly Stockum,Penn College
2026,Megan Gilliland,Southern Wesleyan
2026,Faith Paxton,Southern Wesleyan
2026,Amiyah Spann,Southern Wesleyan
2026,Rylie Barriger,Southern Wesleyan
2026,Ashley Crick,Southern Wesleyan
2026,Ainsley Stovall,Southern Wesleyan
2026,Lily Clarkson,Southern Wesleyan
2026,Ellie Moore,Southern Wesleyan
2026,Hayley Ratliff,Southern Wesleyan
2026,Briley Wolff,Southern Wesleyan
2026,Elise Fulgham,Southern Wesleyan
2026,Ali Corl,Southern Wesleyan
2026,Michaela Andress,Southern Wesleyan
2026,Kylie Ramey,Southern Wesleyan
2026,Kaylon Chapman,Southern Wesleyan
2026,Lauren Smith,Southern Wesleyan
2026,Anaya Oswal,Southern Wesleyan
2026,Alexxis Wader,Southern Wesleyan
2026,Sarah Mitchell,Southern Wesleyan
2026,Goldie Lowe,Belhaven
2026,McKenna Matthews,Belhaven
2026,Mickeyla Sitsler,Belhaven
2026,Blake Ferguson,Belhaven
2026,Kylie Lindsey,Belhaven
2026,Anne Dina Leadbetter,Belhaven
2026,Angel Edwards,Belhaven
2026,Laila Gauthier,Belhaven
2026,Maggie Joy Tomlin,Belhaven
2026,Jaedyn Lang,Belhaven
2026,Cami Davis,Belhaven
2026,Tarryn Woodall,Belhaven
2026,Asia Price,Belhaven
2026,Jordyn Crenshaw,Belhaven
2026,Kayla Robinson,Belhaven
2026,Megan LaCour,Belhaven
2026,Olivia Apelado,Cal St. San Marcos
2026,Hazel Livingston-Jones,Cal St. San Marcos
2026,Annika Blas-Cedeno,Cal St. San Marcos
2026,Kassie Cooley,Cal St. San Marcos
2026,Jules Tindall,Cal St. San Marcos
2026,McKenna Kehoe,Cal St. San Marcos
2026,Ebony Lewis,Cal St. San Marcos
2026,Rachel Blankenship,Cal St. San Marcos
2026,Eleanor Brislen,Cal St. San Marcos
2026,Emma Lucchesi,Cal St. San Marcos
2026,Shelby Jackson,Cal St. San Marcos
2026,Nelia Trower,Cal St. San Marcos
2026,Blayne Seligmiller,Cal St. San Marcos
2026,Blair Keith,Cal St. San Marcos
2026,Addison Kranz,Cal St. San Marcos
2026,Zoe Liebel,Cal St. San Marcos
2026,Celia Dowell,Concordia (CA)
2026,Avery Banaag,Concordia (CA)
2026,Clara John,Concordia (CA)
2026,Delaney Gregg,Concordia (CA)
2026,Kayden Croy,Concordia (CA)
2026,Dominique VadeBoncoeur,Concordia (CA)
2026,Sofia Ajmal,Concordia (CA)
2026,Bella Loftin,Concordia (CA)
2026,Gabby Johnson,Concordia (CA)
2026,Livia Eyre,Concordia (CA)
2026,Emma Wegleitner,Concordia (CA)
2026,Sarah Guglielmana,Concordia (CA)
2026,Keely Harrington,Concordia (CA)
2026,Avery Marshall,Concordia (CA)
2026,Leah Hernandez,Concordia (CA)
2026,Grace Carollo,Concordia (CA)
2026,Kendyll Winn,Concordia (CA)
2026,Nevada Knowles,Concordia (CA)
2026,Halen Kiefer,Concordia (CA)
2026,Emily Boyer,Okla. Baptist
2026,Lauren Safrit,Okla. Baptist
2026,Sydney Lavender,Okla. Baptist
2026,Shelby Jabour,Okla. Baptist
2026,Madi Barnes,Okla. Baptist
2026,Cadence Woodruff,Okla. Baptist
2026,Grace Arnold,Okla. Baptist
2026,Rylee Unruh,Okla. Baptist
2026,Elle Parisi,Okla. Baptist
2026,Macie Smith,Okla. Baptist
2026,London Helm,Okla. Baptist
2026,Melody Donegan,Okla. Baptist
2026,Morgan Hamel,Okla. Baptist
2026,Ellie Gehrke,Okla. Baptist
2026,Maryella Weaver,Okla. Baptist
2026,Reese Renfrow,Okla. Baptist
2026,Payton Milhoan,Okla. Baptist
2026,Taya McReynolds,Okla. Baptist
2026,Chloe Davis,Okla. Baptist
2026,Bella Chittum,Okla. Baptist
2026,Kosi Obinwa,Okla. Baptist
2026,Addison Dale,Okla. Baptist
2026,Maddy Kirk,Okla. Baptist
2026,Emily Kate Jones,Okla. Baptist
2026,Mackenzie Frazee,Okla. Baptist
2026,Sydney Frazee,Okla. Baptist
2026,Addison Breymann,Okla. Baptist
2026,Hadyn Neiman,Okla. Baptist
2026,Megan Leftwich,Okla. Baptist
2026,Nora Elliot,Westminster (UT)
2026,Katelyn Eichert,Westminster (UT)
2026,Ku'uipo Hunt,Westminster (UT)
2026,Apiline White,Westminster (UT)
2026,Elaine Fareti-Tuatoo,Westminster (UT)
2026,Clara Philipsson,Westminster (UT)
2026,Tiia Heikkinen,Westminster (UT)
2026,Jocelyn Grieser,Westminster (UT)
2026,Isabella DeAntoni,Westminster (UT)
2026,Alie Coleman,Westminster (UT)
2026,Claire Cook,Westminster (UT)
2026,Ava Livolsi,Westminster (UT)
2026,Mary Fonoimoana,Westminster (UT)
2026,Mele Peaua,Westminster (UT)
2026,Elsa Gilmore,Westminster (UT)
2026,Kyra Mahler,Westminster (UT)
2026,Kanoe Haneberg,Westminster (UT)
2026,Julia Dommel,Dean
2026,Ariella Sullivan,Dean
2026,Chloe Demaio,Dean
2026,Caitlin Cooper,Dean
2026,Mia Cote,Dean
2026,Katie Jones,Dean
2026,Skylar Raskevitz,Dean
2026,Nayah Alexis,Dean
2026,Olivia Mackinnon,Dean
2026,Maddy Seymour,Dean
2026,Emma Siniscalchi,Dean
2026,Carly Rettberg,Dean
2026,Lily Miller,Dean
2026,Valeria Cabezas,Dean
2026,Ali Murphy,Dean
2026,Maddie Bell,Dean
2026,Chloe Johnson,Biola
2026,Ashlyn Beebe,Biola
2026,Sophia Knevelbaard,Biola
2026,Caprice Cooper,Biola
2026,Natalie Ojeisekhoba,Biola
2026,Abby Thies,Biola
2026,Bella Millichap,Biola
2026,Madison Moore,Biola
2026,Alexa Bell,Biola
2026,Emmy Page,Biola
2026,Addison Brown,Biola
2026,Juliana Van Ommering,Biola
2026,Camille Solovjev,Biola
2026,Hannah Hanson,Biola
2026,Grace Rice,Biola
2026,Alex Strating,Biola
2026,Lauren Waggoner,Biola
2026,Payton Tully,Biola
2026,Haylee LaFontaine,Biola
2026,Lexi Lambert,Biola
2026,Hannah Guzzetti,Biola
2026,Emily Capangpangan,Biola
2026,Savannah Simpson,Biola
2026,Jayce Keller,Davenport
2026,Karley Pretzer,Davenport
2026,Clare Beazley,Davenport
2026,Ashley Arceo,Davenport
2026,Jaide Wirth,Davenport
2026,Keira Dommer,Davenport
2026,Savanah Weathers,Davenport
2026,Hayley Carr,Davenport
2026,Amelia Werner,Davenport
2026,Livi Overbeek,Davenport
2026,Rachel Youngblood,Davenport
2026,Maddie Albright,Davenport
2026,Mariya Montgomery,Davenport
2026,Madison Berry,Davenport
2026,Julia Frederick,Davenport
2026,Kaitlyn Marsh,Davenport
2026,Abby Alan,Davenport
2026,Tami Olusola,Purdue Northwest
2026,Delanie Voss,Purdue Northwest
2026,Avery Mullin,Purdue Northwest
2026,Katrina Soto,Purdue Northwest
2026,Chloe Deckard,Purdue Northwest
2026,Alexandra Jelcic,Purdue Northwest
2026,Lauren Brohm,Purdue Northwest
2026,De'sheonna Foster,Purdue Northwest
2026,Giana Frayer,Purdue Northwest
2026,Madilyn Keifer,Purdue Northwest
2026,Julia Ross,Purdue Northwest
2026,Anika Huelskamp,Purdue Northwest
2026,Cecelia Goode,Purdue Northwest
2026,Kennedy Rowzee,Purdue Northwest
2026,Addison Smith,Purdue Northwest
2026,Ainsley Johnson,Purdue Northwest
2026,Aiden Leverick,Purdue Northwest
2026,Maddie Zechman,Indiana (PA)
2026,Charlotte Potvin,Indiana (PA)
2026,Delaney Concannon,Indiana (PA)
2026,Bridgit Murphy,Indiana (PA)
2026,Erin McCourt,Indiana (PA)
2026,Lexi McLanahan,Indiana (PA)
2026,Jasmine Sires,Indiana (PA)
2026,Kyra Schmidt,Indiana (PA)
2026,Faith Dunn,Indiana (PA)
2026,Peyton Belcher,Indiana (PA)
2026,Brooke Kessler,Indiana (PA)
2026,Sammy Stephens,Indiana (PA)
2026,Delaney Barto,Indiana (PA)
2026,Mikalah Kim,Indiana (PA)
2026,Elliott Rauch,Indiana (PA)
2026,Jessica Neiman,Indiana (PA)
2026,Abbey Zavoda,Indiana (PA)
2026,Kyla Stepp,Indiana (PA)
2026,Rachael Hein,Indiana (PA)
2026,Morgan Quinn,Indiana (PA)
2026,Adaline Eisenmann,UIndy
2026,Paige Boettcher,UIndy
2026,Maddie Pennington,UIndy
2026,Amaree Haralson,UIndy
2026,Macy Bruton,UIndy
2026,Maddie Berger,UIndy
2026,Grace Portwood,UIndy
2026,Taylor Welch,UIndy
2026,Maddie Lynch,UIndy
2026,Kelsey McKenney,UIndy
2026,Mya Trammell,UIndy
2026,Allison Jansen,UIndy
2026,Carly Fonda,UIndy
2026,Riley Laine,UIndy
2026,Makenzie Pflederer,UIndy
2026,Carmen Horn,UIndy
2026,Carson Bowling,UIndy
2026,Madeline Dettling,UIndy
2026,Shelby Emich,UIndy
2026,Sanoma Hunter,UIndy
2026,Caitlin Blomberg,UIndy
2026,Ellie Benedict,Ithaca
2026,Karina Garcia,Ithaca
2026,Julia Kelly,Ithaca
2026,Naomi Clauhs,Ithaca
2026,Brianna Owen,Ithaca
2026,Ashlyn Andrzejewski,Ithaca
2026,Zoe Strachan,Ithaca
2026,Gabriela Gonzalez-Abreu,Ithaca
2026,Bridget Altland,Ithaca
2026,Wesley Slavin,Ithaca
2026,Addison Leadbetter,Ithaca
2026,Renee McGowan,Ithaca
2026,Jayden Wiese,Ithaca
2026,Ella Graper,Ithaca
2026,Amaya Parnell,Ithaca
2026,340,Jacksonville St.
2026,501,Jacksonville St.
2026,611,Jacksonville St.
2026,865,Jacksonville St.
2026,2317,Jacksonville St.
2026,Hailey Williams,John Carroll
2026,Laney Higgins,John Carroll
2026,Allie Drlik,John Carroll
2026,Tess Humphrey,John Carroll
2026,Elena Montenegro,John Carroll
2026,Claire Beaman,John Carroll
2026,Kallan Hrics,John Carroll
2026,Caylynn Hovan,John Carroll
2026,Grace Jones,John Carroll
2026,GG Beuselinck,John Carroll
2026,Khloe Trivoli,John Carroll
2026,Brooke Conlan,John Carroll
2026,Ava Campbell,John Carroll
2026,Mary Kate Sheehan,John Carroll
2026,Amanda Scaperotta,John Carroll
2026,Ava Valenta,John Carroll
2026,Natalie Patrick,John Carroll
2026,Lauren Khoenle,John Carroll
2026,Olivia Mogyordy,John Carroll
2026,Norah Redfern,John Carroll
2026,Natalie Glowe,John Carroll
2026,Nina Bongiovanni,John Jay
2026,Caroline Guerney,John Jay
2026,Madison Mullan,John Jay
2026,Lizbeth Martinez,John Jay
2026,Alex Overkamp,John Jay
2026,Theresa Schmitt,John Jay
2026,Kaylin Hanten,John Jay
2026,Adrienne Xiao,John Jay
2026,Jadyn Orava,John Jay
2026,Hailey Waugaman,John Jay
2026,Emilia Cascapera,John Jay
2026,Heidi Geyer,John Jay
2026,Nicole Tuszynski,Johns Hopkins
2026,Charlotte Voss,Johns Hopkins
2026,Anna Pantano,Johns Hopkins
2026,Bethany Sherwood,Johns Hopkins
2026,Ai-Vy Ho,Johns Hopkins
2026,Annika Anderson,Johns Hopkins
2026,Ivy Swafford,Johns Hopkins
2026,Emma Wang,Johns Hopkins
2026,Emily Overtoom,Johns Hopkins
2026,Josephine Kinlan,Johns Hopkins
2026,Elysa Pulliam,Johns Hopkins
2026,Ella Wismer,Johns Hopkins
2026,Lizzie Descalzi,Johns Hopkins
2026,Sami Hockers,Johns Hopkins
2026,Jocelyn Pye,Johns Hopkins
2026,Grace Lovell,Johns Hopkins
2026,Jordan Price,Johns Hopkins
2026,Celine Ebert,Johns Hopkins
2026,Colleen O'Donnell,Johns Hopkins
2026,Mariah Dulan,Johnson C. Smith
2026,Rihanna Myers,Johnson C. Smith
2026,Destini Makayla Johnson,Johnson C. Smith
2026,Dalia Brown,Johnson C. Smith
2026,Marianna Diaz,Johnson C. Smith
2026,Rylea Ross,Johnson C. Smith
2026,Lapri Cromer,Johnson C. Smith
2026,Abigail Freeman,Johnson C. Smith
2026,Jadyn Chestnut,Johnson C. Smith
2026,Morgan Slay,Johnson C. Smith
2026,Dacia Lowery,Johnson C. Smith
2026,Karmah Thomas,Johnson C. Smith
2026,Naveah Baker,Johnson C. Smith
2026,Malayshia Bradley,Johnson C. Smith
2026,Elizabeth Burcham,Johnson C. Smith
2026,D'Asia Cheatham,Johnson C. Smith
2026,Lauren Joiner,Johnson C. Smith
2026,Delia Ryan,Keene St.
2026,Colleen Fraser,Keene St.
2026,Ava Harkins,Keene St.
2026,Katie Taylor,Keene St.
2026,Grace Christian,Keene St.
2026,Rebecca Tinkler,Keene St.
2026,Lauren Bender,Keene St.
2026,Ashley Sarazin,Keene St.
2026,Amanda Barry,Keene St.
2026,Kenzley Goode,Keene St.
2026,Annaliese Rudberg,Keene St.
2026,Sarah Bartels,Keene St.
2026,Gigi Stake,Keene St.
2026,Marina Miller,Keene St.
2026,Alexis Small,Keene St.
2026,Leah Bates,Kentucky St.
2026,Kirsten Mathews,Kentucky St.
2026,Zora Nooks,Kentucky St.
2026,Sydney Shelby,Kentucky St.
2026,Ananiah Huguely,Kentucky St.
2026,Madison Hightower,Kentucky St.
2026,Sienna Stewart,Kentucky St.
2026,Amya King,Kentucky St.
2026,Rogers Destiny,Kentucky St.
2026,Kyeana Biggs,Kentucky St.
2026,Lauren Bell,Kentucky St.
2026,Jasmine Henderson,Kentucky St.
2026,Jaazaniah Calvert,Kentucky St.
2026,Jayla Collins,Kentucky St.
2026,Desire McKinnon,Kentucky St.
2026,Jada Knight,Kentucky St.
2026,Laila Wheaton,Kentucky St.
2026,Layla McAuliffe,Ky. Wesleyan
2026,Juliana Greaney,Ky. Wesleyan
2026,Kami Parlin,Ky. Wesleyan
2026,Gracie Newton,Ky. Wesleyan
2026,Kiersten Taylor,Ky. Wesleyan
2026,Hadley Wolfe,Ky. Wesleyan
2026,Ana De Sevilla-Acosta,Ky. Wesleyan
2026,Grace Carter,Ky. Wesleyan
2026,Emmy Goering,Ky. Wesleyan
2026,Mackenzie Bristol,Ky. Wesleyan
2026,Ragan Brown,Ky. Wesleyan
2026,Izabella Cron,Ky. Wesleyan
2026,Marcela Fernandez,Ky. Wesleyan
2026,Arielis Hernandez,Ky. Wesleyan
2026,Gracie Lewis,Ky. Wesleyan
2026,Ava McNair,Ky. Wesleyan
2026,Sophie Spanier,Ky. Wesleyan
2026,Aalycia Stringer,Ky. Wesleyan
2026,Ella Thomas,Ky. Wesleyan
2026,Olivia Gumz,Kenyon
2026,Annie Sjolander,Kenyon
2026,Makena Rodriguez,Kenyon
2026,Abby Jackson,Kenyon
2026,Elaina Mardula,Kenyon
2026,Arianna Flota,Kenyon
2026,Naomi Polanski,Kenyon
2026,Bridget Funderburg,Kenyon
2026,Jordan Deane,Kenyon
2026,Alex Lay,Kenyon
2026,Addie Gehres,Kenyon
2026,Giada Spisak,Kenyon
2026,Bryn Carrigan,Kenyon
2026,Hannah Schwemm,Kenyon
2026,Sophia Menke,Kenyon
2026,Abby Stenger,Kenyon
2026,Jocelyn Kaden,Kenyon
2026,Rachel Ferrara,Kenyon
2026,Kendall Kirkbride,Kenyon
2026,Eva LeRoux,Kenyon
2026,Avery Craft,Kenyon
2026,Christiana Paul,Kenyon
2026,Brynn Giordano,King's (PA)
2026,Emma Bolich,King's (PA)
2026,Morgan Williams,King's (PA)
2026,Hannah Swinsburg,King's (PA)
2026,Izzy Deluco,King's (PA)
2026,Theresa Lynch,King's (PA)
2026,Lindsay Arezina,King's (PA)
2026,Ariela Towsey,King's (PA)
2026,Madisyn Heiser-Elsea,King's (PA)
2026,Mia Campanile,King's (PA)
2026,Milena Oberle,King's (PA)
2026,Devan Moses,King's (PA)
2026,Bella Salvia,King's (PA)
2026,Riley McArdle,King's (PA)
2026,Antonia Leary,King's (PA)
2026,Jessica Menze,King's (PA)
2026,Alex Haskins,Kutztown
2026,Samantha Wigginton,Kutztown
2026,Brianna Townsend,Kutztown
2026,Kristina Diaz,Kutztown
2026,Addison Lore,Kutztown
2026,Mallory Hoch,Kutztown
2026,Emma Baldridge,Kutztown
2026,Paige Skinner,Kutztown
2026,Lauren Montgomery,Kutztown
2026,Saige Thibodeaux,Kutztown
2026,Julia Riley,Kutztown
2026,Madilyn Bogovic,Kutztown
2026,Abby Polo,Kutztown
2026,Emily Leppert,Kutztown
2026,Emily Staszewski,Kutztown
2026,Ellie White,Kutztown
2026,Molly Wentz,Kutztown
2026,Marie Riehl,Kutztown
2026,Grace White,Kutztown
2026,Maren Kupris,Kutztown
2026,Jaedyn Bartholomew,Kutztown
2026,Isabella Emanuele,La Verne
2026,America Reynaga,La Verne
2026,Morgan Watkins,La Verne
2026,Emma Yogan,La Verne
2026,Tova Craig,La Verne
2026,Zacky Coaston,La Verne
2026,Lauren Gott,La Verne
2026,Mariah Ray,La Verne
2026,Malia Capistrano,La Verne
2026,Abigail Montana,La Verne
2026,Sophia-Alessandra Montano,La Verne
2026,Alanna Jones,La Verne
2026,Brisa Necochea,La Verne
2026,Kamea Vongfak,La Verne
2026,Olivia Campisi,La Verne
2026,Allison Mason,La Verne
2026,Jordyn McCoy,La Verne
2026,Camryn Muuss,La Verne
2026,Emma Read,La Verne
2026,Madison Rosal,La Verne
2026,Alyssa Snider,La Verne
2026,Lexi Pena,Lake Forest
2026,Sarah Savoia Free,Lake Forest
2026,Alisa Kevric,Lake Forest
2026,Rylie Almoradie,Lake Forest
2026,Crystyna Yates,Lake Forest
2026,Maddy Smith,Lake Forest
2026,Lilly Robinson,Lake Forest
2026,Rio Dirksen,Lake Forest
2026,Margaret Almonte,Lake Forest
2026,Simisola Osinaike,Lake Forest
2026,Sadie Fry,Lake Forest
2026,Tea Cetina,Lake Forest
2026,Daniela Bermea,Lake Forest
2026,Meghan Winston,Lake Forest
2026,Isabella Stephani,Lawrence
2026,Hannah Fisher,Lawrence
2026,Audrey Weier,Lawrence
2026,Ally Corrente,Lawrence
2026,Amara Brantner,Lawrence
2026,Britta Josephson,Lawrence
2026,Alayna Geiser,Lawrence
2026,Josephine Brozek,Lawrence
2026,Makenna Rettler,Lawrence
2026,Amanda Vlkovic,Lawrence
2026,Margaret Hahnke,Lawrence
2026,Zoe Siegel,Lawrence
2026,Meg Pfannerstill,Lawrence
2026,Chania Tinch,Lawrence
2026,Norma Glisczinski,Lawrence
2026,Hallie Neill,Lawrence
2026,Bella Van Lannen,Lawrence
2026,Emma Nilson,Lawrence
2026,Aria Wessel,Lawrence
2026,Talia Richards,Le Moyne
2026,Kylee Urban,Ashland
2026,Samantha Young,Ashland
2026,Livi Miller,Ashland
2026,Kaylee Davis,Ashland
2026,Abbey Queen,Ashland
2026,Marin Dixon,Ashland
2026,Sydney Weickert,Ashland
2026,Myia Etzler,Ashland
2026,Sara Krizsa,Ashland
2026,Kelsey Lykins,Ashland
2026,Tori Cravens,Ashland
2026,Haley Balo,Ashland
2026,Jenna Shedden,Ashland
2026,Kamryn Heldreth,Ashland
2026,Sophia Samonek,Ashland
2026,Lucy Schlotterer,Ashland
2026,Nya Hockman,Ashland
2026,Josilyn Wadas,Ashland
2026,Lily Hamilton,Ashland
2026,Brooke Olejniczak,Lebanon Valley
2026,Kylie Nagle,Lebanon Valley
2026,Natalie Huck,Lebanon Valley
2026,Teaguen Reynolds,Lebanon Valley
2026,Hadley Sparks,Lebanon Valley
2026,Riley Mack,Lebanon Valley
2026,Jasmine Sullivan,Lebanon Valley
2026,Jillian Jefferys,Lebanon Valley
2026,Sofia Rios,Lebanon Valley
2026,Laylah Chestnut,Lebanon Valley
2026,Casey Levan,Lebanon Valley
2026,Molly Thomas,Lebanon Valley
2026,Libby Lindau,Lebanon Valley
2026,Eleanor Baldrige,Lebanon Valley
2026,Breanne Rotz,Lebanon Valley
2026,Marin Grossman,Lewis
2026,Hannah Dietzenbach,Lewis
2026,Grace Erwin,Lewis
2026,Lauren Buxton,Lewis
2026,Paige Hansen,Lewis
2026,Caroline Impey,Lewis
2026,Kynzie Lilly,Lewis
2026,Rachel Smith,Lewis
2026,Peyton Benhoff,Lewis
2026,Kyra Marciniak,Lewis
2026,Sarah Newberry,Lewis
2026,Ann Kelly Velikov,Lewis
2026,Grace Malek,Lewis
2026,Kaileigh Krawiec,Lewis
2026,Hadley Rogge,Lewis
2026,Elena Gubera,Lewis
2026,Abigail Sullivan,Lewis
2026,Rachel Kaczorowski,Lewis
2026,Addison Lampe,Lewis
2026,Ella Skogman,Lewis
2026,Olivia Opstad,Lewis
2026,Sophia Tweel,Lewis
2026,Rachele Zanini,West Alabama
2026,Bianca Stütz,West Alabama
2026,Mia McGuire,West Alabama
2026,Ola Winiarek,West Alabama
2026,Ava LaCoste,West Alabama
2026,Klára Bobánová,West Alabama
2026,Jazlyn Snow,West Alabama
2026,Cadence Goeden,West Alabama
2026,Bailey Keef,West Alabama
2026,Charlotte Kerscher,West Alabama
2026,Raven Grant,West Alabama
2026,Gracie Huver,West Alabama
2026,Katerina Korre,West Alabama
2026,Duru Seber,West Alabama
2026,Josephine Gellis,Assumption
2026,Makenna Glenn,Assumption
2026,Nora Sharkey,Assumption
2026,Madison Lupino,Assumption
2026,Marissa Krawczyk,Assumption
2026,Marguerita Sharkey,Assumption
2026,Natalie Brojek,Assumption
2026,Taryn Crowley,Assumption
2026,Ava Fernandes,Assumption
2026,Lily LeDuc,Assumption
2026,Grace Presswood,Assumption
2026,Allie Barton,Assumption
2026,Tatiana Calderin,Assumption
2026,Lily Petrocelli,Assumption
2026,Alyssa McDowell,Assumption
2026,Kaitlyn Montgomery,Assumption
2026,Brennah Abilheira-Cargill,Assumption
2026,Marisa Billone,Assumption
2026,Christine Mbachi,Assumption
2026,Sydney Upton,Assumption
2026,Thalia Urso,Assumption
2026,Demi Ross,Lock Haven
2026,Natalie Gibson,Lock Haven
2026,Reagan Irons,Lock Haven
2026,Olivia Taylor,Lock Haven
2026,Natalie Acevedo,Lock Haven
2026,Salma Villa Morales,Lock Haven
2026,Katelynn Olmstead,Lock Haven
2026,Samantha Rouser,Lock Haven
2026,Maddie Mitchell,Lock Haven
2026,Maddie Lacelle,Lock Haven
2026,Kayla Wheaton,Lock Haven
2026,Gabby Gealey,Lock Haven
2026,Payton Stanton,Lock Haven
2026,Avery Smith,Lock Haven
2026,Madelyn Wagner,Lock Haven
2026,Maddy Fox,Lock Haven
2026,Lola Coulter,Lock Haven
2026,Morgan Johnson,Lock Haven
2026,Layla Katschilo,Lock Haven
2026,Gracelynn Wolzen,Lock Haven
2026,Grace Cummins,Loras
2026,Lexi Ebert,Loras
2026,Iva Senio,Loras
2026,Sedona Paprocki,Loras
2026,Anna Wentz,Loras
2026,Cat Meyer,Loras
2026,Alyssa Purvis,Loras
2026,Hailey Rautenstrauch,Loras
2026,Ella Kahl,Loras
2026,Courtney Kojis,Loras
2026,Isabel Hart,Loras
2026,McKenna Carroll,Loras
2026,Carrah Bainbridge,Loras
2026,Nola Mulcrone,Loras
2026,Jaylyn Schwartz,Loras
2026,Cydney Tath,Loras
2026,Leah McAndrews,Loras
2026,Alyssa Daughenbaugh,Loras
2026,Kyra Kuehn,Loras
2026,Emily Mohr,Loras
2026,Hannah Lee,LSU
2026,Djay Seaward,LSU
2026,Remi Nuss,LSU
2026,Tonya Johnson,LSU
2026,Kevin Inlow,LSU
2026,Trey Cruz,LSU
2026,Ashley Shook,LSU
2026,Blaire Hiler,LSU
2026,Keonte' Herrera,LSU
2026,Ashley Kowalewski,LSU
2026,Derek Calvert,LSU
2026,Cormia Lewis,LSU
2026,Ayanna Henry,Loyola Marymount
2026,Mariana Simao,Loyola Marymount
2026,Gianna Perez,Loyola Marymount
2026,Maria Tabacuks,Loyola Marymount
2026,Delfina Schuh,Loyola Marymount
2026,Camille Pomeroy,Loyola Marymount
2026,Zaria Thornton,Loyola Marymount
2026,Melania Katsitadze,Loyola Marymount
2026,Gabriella Cascione,Loyola Marymount
2026,Anya Santrac,Loyola Marymount
2026,Amanda Mikuzis,Loyola Marymount
2026,Kayla Lopez,Loyola Marymount
2026,Nicole Schuetz,Loyola Marymount
2026,Kyla Firestone,Loyola Marymount
2026,Leah Burrell,Loyola Marymount
2026,Aleksandra Stojanovic,Loyola Marymount
2026,Izzy Rand,Luther
2026,Iris Elias,Luther
2026,Ella Goodnight,Luther
2026,Jarlyne Felix,Luther
2026,Kylie Zeigler,Luther
2026,Abi Houston,Luther
2026,Lindsay Hanson,Luther
2026,Azaria McDonough,Luther
2026,Phoebe Billingslea,Luther
2026,Lisa Schiltgen,Luther
2026,Addie Leuthner,Luther
2026,Ruby Gerhard,Luther
2026,Sophia Morken,Luther
2026,McKinley Holien,Luther
2026,Liv Glumack,Luther
2026,Madalyn Schutte,Luther
2026,Avery Amsden,Luther
2026,Victoria Gomez,Luther
2026,Julianne Lundvall,Luther
2026,Kaci Ruen,Luther
2026,Ima Mercado,Lycoming
2026,August Dellinger,Lycoming
2026,Haley Balgavy,Lycoming
2026,Lara DeFreitas,Lycoming
2026,Ava Dunn,Lycoming
2026,Emi Wenger,Lycoming
2026,Charlene Petreshock,Lycoming
2026,Kamryn Skeith,Lycoming
2026,Addison Morgan,Lycoming
2026,Trinity Powell,Lycoming
2026,Elizabeth Mayer,Lycoming
2026,Gabrielle VonStein,Lycoming
2026,Alli Macensky,Lycoming
2026,Jadea Toth,Lycoming
2026,Ellie Dunkelberger,Lycoming
2026,Caroline Colucci,Lycoming
2026,Angela Farnham,Lycoming
2026,Joelanna Stephens,Lycoming
2026,Morgan Cambria,Lycoming
2026,Alexis Scipione,Lynchburg
2026,Mia Hinkamper,Lynchburg
2026,Noelle Slye,Lynchburg
2026,Ashlyn Davis,Lynchburg
2026,Haydyn Proscia,Lynchburg
2026,Cara Taylor,Lynchburg
2026,Avery Hurley,Lynchburg
2026,Emma Cash,Lynchburg
2026,Brooke DeAtley,Lynchburg
2026,Kenstin Phelps,Lynchburg
2026,Camdyn Milisitz,Lynchburg
2026,Madi Pratt,Lynchburg
2026,Olivia Clark,Lynchburg
2026,Tori Williamson,Lynchburg
2026,Sarah Paugh,Lynchburg
2026,Dylan Cline,Lynchburg
2026,Ava Meinhardt,Lynchburg
2026,Evie Ballengee,Lynchburg
2026,Cambre Phillips,Lynchburg
2026,Leah DiNardo,Lynchburg
2026,Kate Hardie,Lynchburg
2026,Jacqueline Bryant,Lynchburg
2026,Elizabeth Joo,Macalester
2026,MiLani Terrell,Macalester
2026,Camilia Jones,Macalester
2026,Hannah Morrow,Macalester
2026,Greta Seppanen,Macalester
2026,Adonia Anene,Macalester
2026,Alia Sherrow,Macalester
2026,Ella Cohen-Richie,Macalester
2026,Danielle Oji,Macalester
2026,Hannah Eisenman,Macalester
2026,Sydney Stratton,Macalester
2026,Lauren Brown,Macalester
2026,Siennah Calkins,Macalester
2026,Macy Davis,Macalester
2026,Maxine Holmes,Macalester
2026,Lydia Koshuta,Macalester
2026,Channing Smith,Macalester
2026,Kyle Speta,Macalester
2026,Morgan Stone,Macalester
2026,Allyson Wang,Macalester
2026,Yasmine DeLaGarza,MacMurray
2026,Kiley Wiechring,MacMurray
2026,Jyllian Phillips,MacMurray
2026,Lexi Nichols,MacMurray
2026,Madi Polasek,MacMurray
2026,Allison Montoya,MacMurray
2026,Jaidan Servati,MacMurray
2026,Grace Fortune,MacMurray
2026,Layleah Williams-Gibson,MacMurray
2026,Marcette Williams,MacMurray
2026,Rylie Patterson,MacMurray
2026,Kenzie Jackson,MacMurray
2026,Hanna Rubis,MacMurray
2026,Lexi Anderson,MacMurray
2026,Grace Gustafson,MacMurray
2026,Jalie Miller,MacMurray
2026,Haley McCallick,MacMurray
2026,Anya Staszko,Me.-Farmington
2026,Jen Vadnais,Me.-Farmington
2026,Jennifer Harle,Me.-Farmington
2026,Emily Bennett,Me.-Farmington
2026,Jennifer Tupper,Me.-Farmington
2026,Jordan Hohman,Me.-Farmington
2026,Kirby Silliboy,Me.-Farmington
2026,Julia Christie,Me.-Farmington
2026,Taylor Pitts,Me.-Farmington
2026,Nicole Osborne,Me.-Farmington
2026,Ameerah Rogers,Augsburg
2026,Taliah Triggs,Augsburg
2026,Ava Carlson,Augsburg
2026,Gwynn Gorter,Augsburg
2026,Marley Mitchell,Augsburg
2026,Teagan Walter,Augsburg
2026,Elly Bearstail,Augsburg
2026,Jaylin Lillquist,Augsburg
2026,Lilly Wynn,Augsburg
2026,Aloaha Ricke,Augsburg
2026,Jovial King,Augsburg
2026,Adalyn Stadheim,Augsburg
2026,Maggie Lile,Augsburg
2026,Callie Gienger,Augsburg
2026,New New,Augsburg
2026,Elise Uphoff,Augsburg
2026,Grace Hamilton,Augsburg
2026,Lola Pilon,Augsburg
2026,Samantha Andriola,Manhattanville
2026,Dominique Sanchez,Manhattanville
2026,Baudilette Lasanta,Manhattanville
2026,Sofia Napolitano,Manhattanville
2026,Eva Becerra,Manhattanville
2026,Amelia Morrison,Manhattanville
2026,Erika Erazo,Manhattanville
2026,Mia Riordan,Manhattanville
2026,Izzy Mojica,Manhattanville
2026,Caylin Caballero,Manhattanville
2026,Cassidy Fallon,Manhattanville
2026,Ava Callaghan,Manhattanville
2026,Monika Gojcaj,Manhattanville
2026,Alana Rivera Torres,Manhattanville
2026,Aurea Obradors,Manhattanville
2026,Kayla Jennings,Manhattanville
2026,Kyla Klein,Minnesota St.
2026,Avery Klein,Minnesota St.
2026,Morgan Bjella,Minnesota St.
2026,Avery Rosenberg,Minnesota St.
2026,Savannah Meyer,Minnesota St.
2026,Jaelyn LaPlante,Minnesota St.
2026,Ellie Voth,Minnesota St.
2026,Emily Clausen,Minnesota St.
2026,Olivia Sturgis,Minnesota St.
2026,Addison Foor,Minnesota St.
2026,Jadyn Lester,Minnesota St.
2026,Kaelyn Wieland,Minnesota St.
2026,Peyton Strout,Minnesota St.
2026,Aiella Burgert,Minnesota St.
2026,Lily Riese,Minnesota St.
2026,Ella Lindgren,Minnesota St.
2026,Ellery Apel,Minnesota St.
2026,Emma Antigua,Minnesota St.
2026,Camryn Yoho,Marietta
2026,Lily Bond,Marietta
2026,Karly Launder,Marietta
2026,Jayden Austermiller,Marietta
2026,Emily Grant,Marietta
2026,Karley Allwood,Marietta
2026,Haley Leslie,Marietta
2026,Elyse Smith,Marietta
2026,Emily Piehler,Marietta
2026,Emma Weiseman,Marietta
2026,Kendyl Johnson,Marietta
2026,Sarah Podkul,Marietta
2026,Freya Brokken,Marietta
2026,McKenzie Heil,Marietta
2026,AnnaBelle Hacker,Marietta
2026,Kendyl Cannon,Marietta
2026,Sofia Clark,Marietta
2026,Kamryn Haynes,Marietta
2026,Keatyn Haynes,Marietta
2026,Jenna Swale,Marietta
2026,Morgan Flaherty,Mary Baldwin
2026,Natalie Tanksley,Mary Baldwin
2026,Nicole Karvelas,Mary Baldwin
2026,Gabrielle Culanding,Mary Baldwin
2026,Sarah Buchy,Mary Baldwin
2026,Ariana Guillen,Mary Baldwin
2026,Morgan Sher,Mary Baldwin
2026,Alexa Ammerman,Mary Baldwin
2026,Delaney Bolbach,Mary Baldwin
2026,Sabrina Birts,Mary Baldwin
2026,Lindsay Cassady Rouse,Mary Baldwin
2026,Hayley DeShazo,Mary Baldwin
2026,Saniyah Gordils,Mary Baldwin
2026,Victoria Harrison,Mary Baldwin
2026,Samantha Husch,Mary Baldwin
2026,Andrea Rodriguez,Augusta
2026,Grayson Jones,Augusta
2026,Hunter MacFarland,Augusta
2026,Moni Anjous,Augusta
2026,Kinley Nicholls,Augusta
2026,Emma Haren,Augusta
2026,Molly McDonald,Augusta
2026,Sofiia Snitsarevych,Augusta
2026,Angela Mateos,Augusta
2026,Sydney Harrington,Augusta
2026,Nikol Antova,Augusta
2026,Isis Barrett,Augusta
2026,Layne Witherspoon,Augusta
2026,Essence Jones,Augusta
2026,Emerson Aber,Marymount (VA)
2026,Caylee Walsh,Marymount (VA)
2026,Elizabeth Stackpole,Marymount (VA)
2026,Angela McKenzie,Marymount (VA)
2026,Renae Rohrer,Marymount (VA)
2026,Kate Craver,Marymount (VA)
2026,Brigid Donahue,Marymount (VA)
2026,Alexis Bumah,Marymount (VA)
2026,Hailey LaBonte,Marymount (VA)
2026,Sabrina Schoeberlein,Marymount (VA)
2026,Ava Humphries,Marymount (VA)
2026,Eliana Knaub,Marymount (VA)
2026,MacKenzie Bartley,Marymount (VA)
2026,Braelyn Ottolini,Marymount (VA)
2026,Hope Parker,Marymount (VA)
2026,Layla Scott,Marymount (VA)
2026,Mallory Sell,Maryville (MO)
2026,Ella Domian,Maryville (MO)
2026,Kaitlyn Lindsay,Maryville (MO)
2026,Taylor Langland,Maryville (MO)
2026,Ellie Witthaus,Maryville (MO)
2026,Emma Hoing,Maryville (MO)
2026,Madi Hartman,Maryville (MO)
2026,Payton Mandac,Maryville (MO)
2026,Caroline Glastetter,Maryville (MO)
2026,Hailey Levinson,Maryville (MO)
2026,Emma Keele,Maryville (MO)
2026,Natalie Frazier,Maryville (MO)
2026,Tessa Arnott,Maryville (MO)
2026,Delaney Lemay,Maryville (MO)
2026,Kadie Tarasiewicz,Maryville (MO)
2026,Hannah Patton,Maryville (MO)
2026,Leslie Longanbach,Maryville (MO)
2026,Cassidy Monahan,Maryville (MO)
2026,Taylor Reynolds,Maryville (MO)
2026,Cami Kohmetscher,Maryville (MO)
2026,Joanna Gillen,Maryville (MO)
2026,Madison Smith,Marywood
2026,Tess Connolly,Marywood
2026,Piper Herauf,Marywood
2026,Billie Leet,Marywood
2026,Gracee Work,Marywood
2026,Emilie Agnoli,Marywood
2026,Mia Summa,Marywood
2026,Abby Cole,Marywood
2026,Andrea Fraga,Marywood
2026,Taylor Hallam,Marywood
2026,Leah Zambetti,Marywood
2026,Carolina Samaniego,Marywood
2026,Ayla Bransford,Marywood
2026,Genevieve Mennemeyer,Marywood
2026,Taylor Howard,Marywood
2026,Genevieve Pollock,Marywood
2026,Bailey Burns,Marywood
2026,Megan Christensen,Marywood
2026,Catie Woolf,Marywood
2026,Leila Toric,Marywood
2026,Daphne Gavros,MIT
2026,Lexi Foland,MIT
2026,Jennifer Cen,MIT
2026,Emery Fertic,MIT
2026,Ali Gibbs,MIT
2026,Amy Ye,MIT
2026,Jessie Trapp,MIT
2026,Ella Zhou,MIT
2026,Claire Underwood,MIT
2026,Jillian Amaro,MIT
2026,Kayleigh May,MIT
2026,Julia Tolstova,MIT
2026,Maya Licznerski,MIT
2026,Adelyn Wyndham,MIT
2026,Cate Haley,MIT
2026,Sophia Song,MIT
2026,Eileen Sadati,MIT
2026,Carmela Carbone,Augustana (IL)
2026,Kacie Swanson,Augustana (IL)
2026,Katelyn Turley,Augustana (IL)
2026,Mallory Coley,Augustana (IL)
2026,Alyssa Millan,Augustana (IL)
2026,Eva Zimmerman,Augustana (IL)
2026,Lucy Pufundt,Augustana (IL)
2026,Abby Kirchner,Augustana (IL)
2026,Emma McAuliffe,Augustana (IL)
2026,Samantha Carlson,Augustana (IL)
2026,Leah Rizzo,Augustana (IL)
2026,Brianna Rios,Augustana (IL)
2026,Grace Gustafson,Augustana (IL)
2026,Alita Folkening,Augustana (IL)
2026,Alexis Richards,Augustana (IL)
2026,Rory Geroux,Augustana (IL)
2026,Alyse Murphy-Spiteri,Augustana (IL)
2026,Carli Udovich,Augustana (IL)
2026,Breanna Ebert,Augustana (IL)
2026,Lanah Queckboerner,Augustana (IL)
2026,Grace Lichthardt,Augustana (IL)
2026,Emilia Frankiewicz,Augustana (IL)
2026,Kelsey Mathews,Augustana (IL)
2026,Elle Jones,Augustana (IL)
2026,Isabella Brown,Mercy
2026,Aleksandra Lucic,Mercy
2026,Grace Dilena,Mercy
2026,Stasa Stamenkovic,Mercy
2026,Devin Brunk,Mercy
2026,Adriana Rivera Rodriguez,Mercy
2026,Mia Illes-Hair,Mercy
2026,Ella Buonauro,Mercy
2026,Sophia Chapman,Mercy
2026,Mya Rodriguez,Mercy
2026,Kori Sessions,Mercy
2026,Kamila Colon,Mercy
2026,Maya Norlin,Mercy
2026,Janneliz Rodriguez Fuentes,Mercy
2026,Scarlet Griffin,Meredith
2026,Megan Murray,Meredith
2026,Kaylie Parker,Meredith
2026,Emily Haas,Meredith
2026,Caroline Prease,Meredith
2026,Kennedy King,Meredith
2026,Maddie Aveline,Meredith
2026,Hailey Evans,Meredith
2026,Karaleigh Dodson,Meredith
2026,Kaiden Hawkins,Meredith
2026,Elena Bostick,Meredith
2026,Caitlyn Russell,Meredith
2026,Saline Spalding,Meredith
2026,MarLee Dellinger,Meredith
2026,Reagan Kresho,Meredith
2026,Jeallen Holland,Meredith
2026,Daven Brabble,Meredith
2026,Sierra Fried,Augustana (SD)
2026,Lucy Cogan,Augustana (SD)
2026,Clara Hoegh,Augustana (SD)
2026,Shelby Barwick,Augustana (SD)
2026,Lucy Belisle,Augustana (SD)
2026,Sylvia Taylor,Augustana (SD)
2026,Kiylah Franke,Augustana (SD)
2026,Maya Wente,Augustana (SD)
2026,Reagan Jansen,Augustana (SD)
2026,Gabby Jones,Augustana (SD)
2026,Kelby Opland,Augustana (SD)
2026,Alexis Nelson,Augustana (SD)
2026,Sydney Tims,Augustana (SD)
2026,Karalynn Leach,Augustana (SD)
2026,Maddie Muellner,Augustana (SD)
2026,Ella Nelson,Augustana (SD)
2026,Abby Gruber,Augustana (SD)
2026,Harper Goldsmith,Augustana (SD)
2026,Ali Jones,Augustana (SD)
2026,Jazmen Kutey,Augustana (SD)
2026,Julia Blom,Augustana (SD)
2026,Brooklyn Stehlik,Augustana (SD)
2026,Courtney Wolf,Messiah
2026,Sydney Wolfe,Messiah
2026,Taylor Grove,Messiah
2026,Leah Youtzy,Messiah
2026,Lexi Hetrick,Messiah
2026,Mallory Garland,Messiah
2026,Erin Eby,Messiah
2026,Claire Marzolino,Messiah
2026,Kayla Batty,Messiah
2026,Cassidy Dell,Messiah
2026,Julie-Kathryn Tolar,Messiah
2026,Ellie Hansen,Messiah
2026,Clara Conner,Messiah
2026,Ellia Spring,Messiah
2026,Makenzie Adams,Messiah
2026,Katie Quesenberry,Messiah
2026,Hannah MacCartney,Messiah
2026,Shelby -,Messiah
2026,Trynity Martin,MSU Denver
2026,Sasha Purdin,MSU Denver
2026,Mia Accomazzo,MSU Denver
2026,Brooke Gennerman,MSU Denver
2026,Kami Scott,MSU Denver
2026,Alivia Huxoll,MSU Denver
2026,Mayah Pridgett,MSU Denver
2026,Cadynce Hill,MSU Denver
2026,Addi Schreurs,MSU Denver
2026,Megan Hagar,MSU Denver
2026,Aubrey Blake,MSU Denver
2026,Emerson Dillon,MSU Denver
2026,GabriElle Brewer,MSU Denver
2026,Kahlia Maiava,MSU Denver
2026,Hayden Liebsack,MSU Denver
2026,Katie Brisk,Aurora
2026,Peyton Darguzis,Aurora
2026,Coley Di Silvio,Aurora
2026,Erin Henkel,Aurora
2026,Alissa Hulst,Aurora
2026,Rosie Karl,Aurora
2026,Sophie Knazur,Aurora
2026,Izabella Kowalczyk,Aurora
2026,Carolyn Lippe,Aurora
2026,Meredith Milz,Aurora
2026,Trinity Nelson,Aurora
2026,Marie Reichman,Aurora
2026,Katelyn Ruse,Aurora
2026,Addyson Timpane,Aurora
2026,Izzy Turner,Aurora
2026,Devin McCormack,Middlebury
2026,Campbell Keller,Middlebury
2026,Molly MacDonald,Middlebury
2026,Lillian Caldwell,Middlebury
2026,Lauren Baxter,Middlebury
2026,Ava Tuccio,Middlebury
2026,Molly Harrison,Middlebury
2026,Sophie Fisher,Middlebury
2026,Kinaree Eichner,Middlebury
2026,Gabby Pribisich,Middlebury
2026,Campbell Bartley,Middlebury
2026,Sophie Horn,Middlebury
2026,Annabella Rando,Middlebury
2026,Ella Beebe,Middlebury
2026,Nora Harapat,Middlebury
2026,Caroline Byrne,Middlebury
2026,Kayla Trawick,Miles
2026,Karea Copeland,Miles
2026,Bailey Jones,Miles
2026,Addisyn Doss,Miles
2026,Jaharia Hunter,Miles
2026,Neveah Bellamy,Miles
2026,Kafia Jackson-Woods,Miles
2026,Cydney Moore,Miles
2026,Kennedie Manning,Miles
2026,Cydney Joviette,Miles
2026,Kori Brown,Miles
2026,Alyzia Cola,Miles
2026,Kyla Knox,Miles
2026,Aida Edwards,Miles
2026,Kabrynn Gooden,Miles
2026,Destinee Evans,Miles
2026,2,Millersville
2026,Haylee Porter,Millikin
2026,Isabelle Martinelle,Millikin
2026,Kyra Carothers,Millikin
2026,Alexis Stengel,Millikin
2026,Parker Crims,Millikin
2026,Dalila Ramirez,Millikin
2026,Sierra Stubbs,Millikin
2026,Maggye Smith,Millikin
2026,Payton Hale,Millikin
2026,Maggie Sternquist,Millikin
2026,Gabriella Ricci,Millikin
2026,Alyssa Frederking,Millikin
2026,Elle Richards,Millikin
2026,Emma Laatsch,Millikin
2026,Kylie Ramirez,Millikin
2026,Madison Slack,Millikin
2026,Kaitlynn Hartnady,Millikin
2026,Abigail Jones,Millikin
2026,Rylie Kuhle,Millikin
2026,Francesca Brandonisio,Millikin
2026,Thayleah Hall,Millikin
2026,Charley Condill,Millikin
2026,Nikkel Johnson,Millikin
2026,Samantha Breckenridge,Millikin
2026,Avaleena Stewart,Millikin
2026,Avri Tertocha,Millikin
2026,Bryleigh Boggs,Millikin
2026,Addison Maiden,Millikin
2026,Miley Quade,Millikin
2026,Lily Bumpers,Millsaps
2026,Kinney Boyle,Millsaps
2026,Caroline Russo,Millsaps
2026,Madelynn Sasser,Millsaps
2026,Lily Luneau,Millsaps
2026,Karalee Cormier,Millsaps
2026,Laila Fredieu,Millsaps
2026,London Bean,Millsaps
2026,Kaleigh Miller,Millsaps
2026,Mara Colón,Millsaps
2026,Tatum Husby,Millsaps
2026,Sandy Bourgeois,Millsaps
2026,Abigail Drury,Millsaps
2026,Jenna Nattinger,Millsaps
2026,Atlee Gonzales,Millsaps
2026,Kyla Colón,Millsaps
2026,Jada Moore,Millsaps
2026,Anna Ware,Millsaps
2026,Khloe Duncan,Millsaps
2026,Zoë LaCaze,Millsaps
2026,Amelia Bohl,Millsaps
2026,McCullough Lawson,Millsaps
2026,Rachel Zamjahn,Millsaps
2026,Lanae Phillips,Millsaps
2026,Rylie Berry,Millsaps
2026,Brietta Tims,Minn. Duluth
2026,Karsyn Winchell,Minn. Duluth
2026,McKenzie Burke,Minn. Duluth
2026,Grace Borys,Minn. Duluth
2026,Paige Decker,Minn. Duluth
2026,Kendra Behrens,Minn. Duluth
2026,Brooke Aslakson,Minn. Duluth
2026,Madison Reed,Minn. Duluth
2026,Ava Jones,Minn. Duluth
2026,Georgia Koscielak,Minn. Duluth
2026,Grace Mueller,Minn. Duluth
2026,Xada Johnson,Minn. Duluth
2026,Ella Chandler,Minn. Duluth
2026,Julianne Hon,Minn. Duluth
2026,Kenzie Kiminski,Minn. Duluth
2026,Madeline Guetzkow,Minn. Duluth
2026,Elyse Karrels,Minn. Duluth
2026,Isabella Reyes,Mississippi College
2026,Mamie Fromdahl,Mississippi College
2026,Ava Rothe,Mississippi College
2026,Emma Levingston,Mississippi College
2026,Caroline Downey,Mississippi College
2026,Aubrie Lay,Mississippi College
2026,Rylie Widener,Mississippi College
2026,Sophia Saxon,Mississippi College
2026,Audrianna Green,Mississippi College
2026,Mary Grace Foster,Mississippi College
2026,Reese Regner,Mississippi College
2026,Harper Green,Mississippi College
2026,Meg Paparella,Mississippi College
2026,Ellie Foco,Mississippi College
2026,Maeve Allen,Mississippi College
2026,Anna Grace Chason,Mississippi College
2026,Samarin Kipple,Mississippi College
2026,Cydney Mitchell,Mississippi College
2026,Sara Beth Day,Mississippi College
2026,Holland Williams,Mississippi College
2026,Rhaia Davey,Mississippi College
2026,Ashlynn Hawkins,Mississippi Valley State
2026,Mikayla Lee,Mississippi Valley State
2026,Brooklyn Brunt,Mississippi Valley State
2026,Erin Mims,Mississippi Valley State
2026,Aniyah Moore,Mississippi Valley State
2026,Taylor Wilson,Mississippi Valley State
2026,Madison Conley,Mississippi Valley State
2026,Kameryn Browne,Mississippi Valley State
2026,Dashaun Pinesette,Mississippi Valley State
2026,Aubrie Walker,Mississippi Valley State
2026,Hannah St. Croix,Mississippi Valley State
2026,Taylor Wooten,Mississippi Valley State
2026,Adelyn Weiler,Missouri S&T
2026,Anaya Roberts,Missouri S&T
2026,Addie Schoenberger,Missouri S&T
2026,Chelsea Plunkett,Missouri S&T
2026,Kaitlyn Brady,Missouri S&T
2026,Grae Hunter,Missouri S&T
2026,Avery Patton,Missouri S&T
2026,Maggie Miller,Missouri S&T
2026,Danielle Wilke,Missouri S&T
2026,Reese Massey,Missouri S&T
2026,Peyton Svendsen,Missouri S&T
2026,Elly Decker,Missouri S&T
2026,Selin Ozdemir,Missouri S&T
2026,Parker Kimball,Missouri S&T
2026,Kate Zipprich,Missouri S&T
2026,Madison Smith,Missouri S&T
2026,Lydia Hartman,Missouri-St. Louis
2026,Reese Baker,Missouri-St. Louis
2026,Addison Voorhees,Missouri-St. Louis
2026,Marly Burbach,Missouri-St. Louis
2026,Anna Kohmetscher,Missouri-St. Louis
2026,Lauren Jamruk,Missouri-St. Louis
2026,Aline Kellenberger,Missouri-St. Louis
2026,Maggie Johnson,Missouri-St. Louis
2026,Brooklyn Young,Missouri-St. Louis
2026,Kyra Jordan,Missouri-St. Louis
2026,Skylar Weaver,Missouri-St. Louis
2026,Alayna Santel,Missouri-St. Louis
2026,Brooke Brown,Missouri-St. Louis
2026,Maggie Simon,Missouri-St. Louis
2026,Bridget Cassady,Missouri-St. Louis
2026,Mady Gant,Missouri-St. Louis
2026,Kami Barth,Monmouth (IL)
2026,Tyla Mattson,Monmouth (IL)
2026,Melina Teunis,Monmouth (IL)
2026,Abriana Bruns,Monmouth (IL)
2026,Tayler Raska,Monmouth (IL)
2026,Grace Cox,Monmouth (IL)
2026,Kaylee Celus,Monmouth (IL)
2026,Jordan Hines,Monmouth (IL)
2026,Abby Viano,Monmouth (IL)
2026,Hannah Ivancho,Monmouth (IL)
2026,Mya Juenger,Monmouth (IL)
2026,Zoe Nizzia,Monmouth (IL)
2026,Katie Whitson,Monmouth (IL)
2026,Willow Marston,Monmouth (IL)
2026,Kyndal Schlei,Monmouth (IL)
2026,Chloe Strachan,Monmouth (IL)
2026,Brianna Carden,Monmouth (IL)
2026,Isa Hughes,Monmouth (IL)
2026,Sophia Kisler,Monmouth (IL)
2026,Bri Woodard,Monmouth (IL)
2026,Haley Smither,Monmouth (IL)
2026,Olivia Peterson,Monmouth (IL)
2026,Layla Green,Averett
2026,Sydney Mounce,Averett
2026,Kaya Sherman,Averett
2026,Hannah Batista,Averett
2026,Tahani Villines,Averett
2026,Megan Litman,Averett
2026,Sydney Carbone,Averett
2026,Kyleigh Rains,Averett
2026,Alyssa Hatcher,Averett
2026,Laney Beaver,Averett
2026,Lauren Marsh,Averett
2026,Katheryn Tate,Averett
2026,Hannah Sachs,Averett
2026,Emily Phillips,Averett
2026,Alexa Martin,Averett
2026,Allie Lane,Averett
2026,Fabiola Medina,Penn St.-Abington
2026,Angel Morales,Penn St.-Abington
2026,Hailey Revak,Penn St.-Abington
2026,Isabella Koch,Penn St.-Abington
2026,Naomi Seymour,Penn St.-Abington
2026,Shelleece Genaille,Penn St.-Abington
2026,Ella McDonough,Penn St.-Abington
2026,Brynn Atkins,Penn St.-Abington
2026,Kayla Mason,Penn St.-Abington
2026,Ally Sanders,Penn St.-Abington
2026,Zayna Jamaladdin,Penn St.-Abington
2026,Ryenn Mamrosch,Penn St.-Abington
2026,Maddie Welch,Penn St.-Abington
2026,Ellie Van Otten,Penn St.-Abington
2026,Olivia Juan,Penn St.-Abington
2026,Maya Giles,Penn St.-Abington
2026,Danielle Langham,Penn St.-Abington
2026,Morgan Schaefer,Penn St.-Abington
2026,Alyssa Flickinger,Penn St.-Abington
2026,Mari Banjoff,Penn St.-Abington
2026,Maddie Gajewski,Penn St.-Abington
2026,Nathalia Ferreira Morais,Morgan St.
2026,Kira DeVrieze,Morgan St.
2026,Zoe Ackerman,Babson
2026,Misaki Harte,Babson
2026,Hailey Fouche,Babson
2026,Angelina Holm,Babson
2026,Allison Molendyk,Babson
2026,Sabina Frosk,Babson
2026,Harmony Powers,Babson
2026,Emma Watts,Babson
2026,Natalie Molendyk,Babson
2026,Nora Whitehurst,Babson
2026,Cate Wasserman,Babson
2026,Nyapech Gony,Babson
2026,Ailsa Munro,Babson
2026,Devon Burke,Babson
2026,Liberty May,Babson
2026,Quinn Kane,Babson
2026,Paige Staley,CMSV
2026,Gabrielle Mills,CMSV
2026,Olivia Dutzer,CMSV
2026,Jessica Broderick,CMSV
2026,Angelia Donnelly,CMSV
2026,Emma Sioson,CMSV
2026,Anna Nolasco,CMSV
2026,Adrianna Euell,CMSV
2026,Christana Estinval,CMSV
2026,Earline Mercado-Ford,CMSV
2026,Sophia Mandalakis,CMSV
2026,Dominique Otranto,CMSV
2026,Alyssa Padgett,CMSV
2026,Evelyn Starns,CMSV
2026,Carly Snyder,CMSV
2026,Amya Aviles,CMSV
2026,Rebecca Talbert,CMSV
2026,Sylvia Kay,CMSV
2026,Stephanie Rodriguez,CMSV
2026,Ava Bolen,Mount Union
2026,Chera Schmidt,Mount Union
2026,DeLani Durst,Mount Union
2026,Jaycee Roeth,Mount Union
2026,Skylar Schmidt,Mount Union
2026,Sadie Thomas,Mount Union
2026,Hailey Rings,Mount Union
2026,Lanie Schultz,Mount Union
2026,Bailey Weirich,Mount Union
2026,Riley Meister,Mount Union
2026,Zoe Sweigart,Mount Union
2026,Abby DeGeorge,Mount Union
2026,Sam Cantrell,Mount Union
2026,Remington Dieter,Mount Union
2026,Olivia Hayes,Mount Union
2026,Averi Haley,Mount Union
2026,Ally Singer,Mount Union
2026,Elaina Sabol,Mount Union
2026,Pailee Wilson,Mount Union
2026,Cami Welty,Mount Union
2026,Ava Norfolk,Mount Union
2026,Gracelyn Skupski,Mount Union
2026,Molly McKee,Mount Union
2026,Avery Ollinger,Mount Union
2026,Anna Mihacevich,Mount Union
2026,Abigail Oswari,Muhlenberg
2026,Jenny Ryan,Muhlenberg
2026,Maddy Budris,Muhlenberg
2026,Olivia Bruno,Muhlenberg
2026,Ansley Asche,Muhlenberg
2026,Emma Laskaj,Muhlenberg
2026,Bailey Crampton,Muhlenberg
2026,Chloe Gaglione,Muhlenberg
2026,Kelliann Keogh,Muhlenberg
2026,Natalie Ma,Muhlenberg
2026,Lizzie Steinkamp,Muhlenberg
2026,Eva Myers,Muhlenberg
2026,Andrea Romero-Agosto,Muhlenberg
2026,Coley Shiflet,UNCW
2026,Chelsea Plummer,Nazareth
2026,Anna Malbone,Nazareth
2026,Alana Lucey,Nazareth
2026,Madison Wethje,Nazareth
2026,Sara Glose,Nazareth
2026,Jennifer Rundell,Nazareth
2026,Alannah Roberts,Nazareth
2026,Hailey Trank,Nazareth
2026,Leah Fusilli,Nazareth
2026,Sarah Harvey,Nazareth
2026,Katie Evans,Nazareth
2026,Olivia Atkins,Nazareth
2026,Lorianna Mattutat,Nazareth
2026,Kaitlyn Topoiski,Neb. Wesleyan
2026,Genesis DeLeon,Neb. Wesleyan
2026,Ava Bearden,Neb. Wesleyan
2026,Hayden Logan,Neb. Wesleyan
2026,Elecea Saathoff,Neb. Wesleyan
2026,Ella Foote,Neb. Wesleyan
2026,Tayva Burkey,Neb. Wesleyan
2026,Caroline Eastman,Neb. Wesleyan
2026,Jalyssa Trejo-Keyser,Neb. Wesleyan
2026,Macy Plucker,Neb. Wesleyan
2026,Hayden Harnisch,Neb. Wesleyan
2026,Ava Stone,Neb. Wesleyan
2026,Grayson Piening,Neb. Wesleyan
2026,Ava Schuchard,Neb. Wesleyan
2026,Grace Dehmer,Neb. Wesleyan
2026,Jera Schuerman,Neb. Wesleyan
2026,Ridglyn Stanczyk,Neb. Wesleyan
2026,Taytum Miller,Neb. Wesleyan
2026,Mikyna Stoppkotte,Neb. Wesleyan
2026,Kimberly Garman,Neb. Wesleyan
2026,Jordyn Hill,Neb. Wesleyan
2026,Molly Ramirez,Neb. Wesleyan
2026,Ava Hicks,Neb. Wesleyan
2026,Hailey Anderson,Neb. Wesleyan
2026,Kadence Wilson,UNLV
2026,Sanja Popović,UNLV
2026,Brooklynn Williams,UNLV
2026,Alexandra Seijas-Quea,New England Col.
2026,Tyra Kelly,New England Col.
2026,Kristina Cardello,New England Col.
2026,Lily Cunanan,New England Col.
2026,Aurora Gutierrez-Macias,New England Col.
2026,Victoria Barragan,New England Col.
2026,Naydeen Martinez-Moreno,New England Col.
2026,Maeve Amarosa,New England Col.
2026,Lily-Anne Heywood,New England Col.
2026,Ajaelah Poulin,New England Col.
2026,Kaylee Montgomery,New England Col.
2026,Samantha Winters,New England Col.
2026,Maddy Rollinson,New England Col.
2026,LisaRaye Placencio,New England Col.
2026,Teagan Saner,New England Col.
2026,Jamie Hansen,New England Col.
2026,Katie Lam,Southern N.H.
2026,Brooke Vaughan,Southern N.H.
2026,Laura Haas,Southern N.H.
2026,Jordyn Carroll,Southern N.H.
2026,Jayden Chapman,Southern N.H.
2026,Lonnie Briggs,Southern N.H.
2026,Ananda Burgos,Southern N.H.
2026,Alexandra Friebolin,Southern N.H.
2026,Julia Petersen,Southern N.H.
2026,Meri Ibrahimi,Southern N.H.
2026,Lyla Thomas,Southern N.H.
2026,Emma Martinez,Southern N.H.
2026,Efsun Semerci,Southern N.H.
2026,Gianna Greenlaw,Southern N.H.
2026,Valentina Bugnatto,Southern N.H.
2026,Elizabeth Descheneaux,Southern N.H.
2026,Ariana Davila,Southern N.H.
2026,Katherine Blinn,Southern N.H.
2026,Emma Kamau,New Haven
2026,Gracie Pufal,New Haven
2026,Kaitlyn Sato,NYU
2026,Charlotte Reff,NYU
2026,Duru Topcu,NYU
2026,Stella Dillon,NYU
2026,Alden Roberts,NYU
2026,Catherine Maffei,NYU
2026,Casey Cho,NYU
2026,Helena Foord,NYU
2026,Sienna Morales,NYU
2026,Chloe Lemons,NYU
2026,Daniela Laing,NYU
2026,Grace Nelson,NYU
2026,Jessica Spierenburg,NYU
2026,Coco Barton,NYU
2026,Sarah Beville,NYU
2026,Tatum Chase,NYU
2026,Sarah Lattan,NYU
2026,Jessica Ding,NYU
2026,Amiya Kuchibhotla,NYU
2026,Eveliena Pasmooij,NYU
2026,Felicia Wu,NYU
2026,EvaJolie Cavalier,NYU
2026,Ava Launsbach,NYU
2026,Chloe Hynes,NYU
2026,Julianna Tinari,Nichols
2026,Regan Hendricks,Nichols
2026,Faith Sydoriak,Nichols
2026,Aliza Post,Nichols
2026,Jhudny Pierre,Nichols
2026,Liliana Bottone,Nichols
2026,Ella Pratt,Nichols
2026,Caminea Layman,Nichols
2026,Naseem Hennouch,Nichols
2026,Kaitlyn Rodrigues,Nichols
2026,Gabrielle McKayle,Nichols
2026,Sofia Novak,Nichols
2026,Elizabeth Mullen,Nichols
2026,Evelynn Buy,Nichols
2026,Rayna Joquin,Nichols
2026,Lauren Decoteau,Nichols
2026,Lena Heini,Nichols
2026,Ava Martindale,North Alabama
2026,Olivia Fenoff,North Alabama
2026,Ally Greenwell,North Alabama
2026,Kinslee McGowan,North Alabama
2026,Lankford Gurner,North Alabama
2026,Phoebe Reyes Fortunato,North Alabama
2026,Kendall Barnes,North Alabama
2026,Landri Ross,North Alabama
2026,Reese Ricketts,North Alabama
2026,Kendall Buckley,North Alabama
2026,Paris McQuirter,North Alabama
2026,Jenna Kolosta,North Alabama
2026,Anna Hoffmayer,North Alabama
2026,Kennedy Bullins,North Alabama
2026,Kaylee Maikranz,North Alabama
2026,Dylann Garner,North Alabama
2026,Kae Sato,Barry
2026,Varvara Osychenko,Barry
2026,Veronika Eremeeva,Barry
2026,Maye McConnell,Barry
2026,Sofya Toropova,Barry
2026,Sarah Willey,Barry
2026,Petra Brkicic,Barry
2026,Alondra Lebron,Barry
2026,McKayla Theleus,Barry
2026,Thalia Iglesias,Barry
2026,Indigo Pruitt,Barry
2026,Ivana Žujovic,Barry
2026,Layla Pelly,Barry
2026,Valeriya Kozlova,Barry
2026,Mia Groom,Barry
2026,Frankie Good,Barry
2026,Zuzia Maciejewicz,NC State
2026,Callie Combs,NC State
2026,Sophie Groom,NC State
2026,Jadyn Smith,N.C. Wesleyan
2026,Lillian Rafferty,N.C. Wesleyan
2026,Nevaeh Ingram,N.C. Wesleyan
2026,Morgan Smith,N.C. Wesleyan
2026,Brooklynn Covic,N.C. Wesleyan
2026,Sadie Schramm,N.C. Wesleyan
2026,Cheney Jackson,N.C. Wesleyan
2026,Chloe Baggett,N.C. Wesleyan
2026,Kendall Gleason,N.C. Wesleyan
2026,Caroline York,N.C. Wesleyan
2026,Kylee Heath,N.C. Wesleyan
2026,Jada Warren,N.C. Wesleyan
2026,Jenna Pilkenton,N.C. Wesleyan
2026,Kinsey Peel,N.C. Wesleyan
2026,Savannah Banks,N.C. Wesleyan
2026,Emilee Wilson,N.C. Wesleyan
2026,Ashley Hinton,N.C. Wesleyan
2026,Brooke Mandozzi,N.C. Wesleyan
2026,An den Hamer,North Dakota
2026,Xenia Gonzales,North Park
2026,Aleks Weleski,North Park
2026,Remy Hoyt,North Park
2026,Tiziana Balestra,North Park
2026,Ivy Newville,North Park
2026,Grace Rapacz,North Park
2026,Rian Hobbs,North Park
2026,Mercy Osayemi,North Park
2026,Cate Freeman,North Park
2026,Carmella Rio,North Park
2026,Grace Morrow,North Park
2026,Cassidy Mullens,North Park
2026,Hafsa Kalami,North Park
2026,Macarena Rodriguez,North Park
2026,Reese Lackage,North Park
2026,Leila Becovic,North Park
2026,Anna Bjork,North Park
2026,Maria Bauer,North Park
2026,Kayna Kanemoto,North Park
2026,Maya Huelsman,North Park
2026,Gia Sylvestre,North Park
2026,Tessa Wabiszewski,North Park
2026,Jaida Henderson,North Park
2026,Kendal Britton,North Park
2026,Meg Rothermel,North Park
2026,Jada Clark,North Park
2026,Avery Poppe,Truman State
2026,Ella Diercks,Truman State
2026,Tori Creason,Truman State
2026,Kendra Shimon,Truman State
2026,Addy Janssen,Truman State
2026,Adalyn Galbraith,Truman State
2026,Lily Porter,Truman State
2026,Jessie Julius,Truman State
2026,Autumn Erickson,Truman State
2026,Skylar Holler,Truman State
2026,Hannah Hosty,Truman State
2026,Alanna Orton,Truman State
2026,Elise Gibson,Truman State
2026,Laci Neece,Truman State
2026,Katie Patrinos,Bates
2026,Sofia Castiglioni,Bates
2026,Jordan Blackburn,Bates
2026,Jaime Bartley-Cohen,Bates
2026,Ami Evans,Bates
2026,Ellie Asada,Bates
2026,Isabel Bettencourt,Bates
2026,Emma Patard,Bates
2026,Bella Lomet,Bates
2026,Kate Arés,Bates
2026,Nora Gilmer,Bates
2026,Malina Young,Bates
2026,Kate Norry,Bates
2026,Lauren Croom,Bates
2026,Anaïs Reneaum,Bates
2026,Logan Yogi,Bates
2026,Cece Huizingh,Northern Michigan
2026,Lauren Cardwell,Northern Michigan
2026,Taylor Smaka,Northern Michigan
2026,Olivia Ziemer,Northern Michigan
2026,Kaysie Bakke,Northern Michigan
2026,Helen Beiring,Northern Michigan
2026,KC Fortune,Northern Michigan
2026,Grace Allen,Northern Michigan
2026,Morgan Kuhl,Northern Michigan
2026,Madison York,Northern Michigan
2026,Kelley Crowley,Northern Michigan
2026,Kaylie McIntosh,Northern Michigan
2026,Laynie Russell,Northern Michigan
2026,Liesl Haugen,Northern Michigan
2026,Anna O'Keefe,Northern Michigan
2026,Sydney Bartels,Northern Michigan
2026,Lyvia Misegades,Northern Michigan
2026,Allie Barlow,Northern Michigan
2026,Larsen Bonnstetter,Northern Michigan
2026,Lily Zimmerman,Northwest Missouri State
2026,Lauren Schnettler,Northwest Missouri State
2026,Gabrielle Gartner,Northwest Missouri State
2026,Ellery Luhring,Northwest Missouri State
2026,Elle Heckenlively,Northwest Missouri State
2026,Grace Thorne,Northwest Missouri State
2026,Mya Karrick,Northwest Missouri State
2026,Sophia Gartner,Northwest Missouri State
2026,Chloee Hayes,Northwest Missouri State
2026,Ava Plassmeyer,Northwest Missouri State
2026,Abby Bulthuis,Northwest Missouri State
2026,Londyn Smith,Northwest Missouri State
2026,Jada Smith,Northwest Missouri State
2026,Maddie Roenfeld,Northwest Missouri State
2026,Natalie Herrington,Northwest Missouri State
2026,Isabella Vasapolli,Norwich
2026,Sarah DeBot,Norwich
2026,"Taylor ""Rae"" Lawing",Norwich
2026,Grace Davie,Norwich
2026,Kelsey Slane,Norwich
2026,Brook Wolcott,Norwich
2026,Cameryn Jenkins,Norwich
2026,Elexis Powell,Norwich
2026,Vanessa Whitmill,Norwich
2026,Charlotte Johnson,Norwich
2026,Bella Belldina Ray,Norwich
2026,Autumn Parkhurst,Norwich
2026,Kalli Cook,Oakland
2026,Avery Rine,Oberlin
2026,Nickiah Walker,Oberlin
2026,Klarissa Yu,Oberlin
2026,Brylie Peters,Oberlin
2026,Lucy Goebel,Oberlin
2026,Evelyn Welton,Oberlin
2026,Mary Lovelace,Oberlin
2026,Kate Budde,Oberlin
2026,Makela Reid,Oberlin
2026,Mara Geiger,Oberlin
2026,Kira Geiger,Oberlin
2026,Emily Spangler,Oberlin
2026,Genna Gauthier,Oberlin
2026,Izzy Knudsen,Occidental
2026,Kendall Taylor,Occidental
2026,Chloe Jeong,Occidental
2026,Imani West,Occidental
2026,Ruby Stone,Occidental
2026,Anna Schubert,Occidental
2026,Kayla Owens,Occidental
2026,Anna Curtis-Revelle,Occidental
2026,Abby Werbel,Occidental
2026,Sarah Boncore,Occidental
2026,Haddy Samba,Occidental
2026,Elizabeth Hermosillo,Occidental
2026,Gilena Provaznik,Occidental
2026,Audrey Makler,Occidental
2026,Lauren Neely,Occidental
2026,Corinne Van Haeren,Occidental
2026,Eyleen Sanchez,Occidental
2026,Katelyn Cajigas,Occidental
2026,Sloane Shoop,Occidental
2026,Jasmine Shum,Occidental
2026,Lila Payne,Occidental
2026,Kalea Anderson,Occidental
2026,Sloan Key,Occidental
2026,Addison Tanton,SUNY Oneonta
2026,Lillian Slattery,SUNY Oneonta
2026,Keira Welsh,SUNY Oneonta
2026,Anna Moller,SUNY Oneonta
2026,Abigail Harper,SUNY Oneonta
2026,Hailey Herrera,SUNY Oneonta
2026,Sabrina Squicciarini,SUNY Oneonta
2026,Mikayla Kendrick,SUNY Oneonta
2026,Cadence Meltz,SUNY Oneonta
2026,Lily Pugliese,SUNY Oneonta
2026,Kayla Kean,SUNY Oneonta
2026,Abby Stevens,SUNY Oneonta
2026,Shea Landversicht,SUNY Oneonta
2026,Layla Pertchik,SUNY Oneonta
2026,Corynna Manjos,SUNY Oneonta
2026,Colleen McCabe,SUNY Oneonta
2026,Emma Morretta,SUNY Oneonta
2026,Sydney Kurtz,SUNY Oneonta
2026,Juliana Santafemia,Oswego St.
2026,Harper Phinney,Oswego St.
2026,Grace Gdovin,Oswego St.
2026,Piper Adams,Oswego St.
2026,Sabine Smithwick,Oswego St.
2026,Taylor Galligan,Oswego St.
2026,Leanna Rupert,Oswego St.
2026,CJ Eidem,Oswego St.
2026,Priscilla McReynolds,Oswego St.
2026,Lauren Cropp,Oswego St.
2026,Samantha Madigan,Oswego St.
2026,Mya Bush,Oswego St.
2026,Gigi Basile,Oswego St.
2026,Alexandra Fairbanks,Oswego St.
2026,Alaina Dudzinski,Oswego St.
2026,Lilaina Nelson,Oswego St.
2026,Chloe Arnaiz,Oswego St.
2026,Emma Steiger,Otterbein
2026,Sofia Rodriguez,Otterbein
2026,Erica Raubenolt,Otterbein
2026,Madison Keith,Otterbein
2026,Julia Beatty,Otterbein
2026,Payton Powell,Otterbein
2026,Ashley Kefauver,Otterbein
2026,Ava Wolfe,Otterbein
2026,Addison Matovich,Otterbein
2026,Claire Baker,Otterbein
2026,Mallory Bledsoe,Otterbein
2026,Courtney Post,Otterbein
2026,Elise Adelman,Otterbein
2026,Lexi Scott,Otterbein
2026,Bailee Toadvine,Otterbein
2026,Makenzie Schellenberger,Otterbein
2026,Breanne Given,Otterbein
2026,Chandler Crowell,Otterbein
2026,Lauren Neisel,Otterbein
2026,Emerson Baum,Otterbein
2026,Faith Gibbs,Otterbein
2026,Olivia Krill,Otterbein
2026,Camila Rodriguez,Pace
2026,Kadence Ackmann,Pace
2026,Sara Griesbauer,Pace
2026,Jennah Figueroa,Pace
2026,Maggie Hamed,Pace
2026,Ileann Alessandra Perez,Pace
2026,Alice Bender,Pace
2026,Jaliyah Johnson,Pace
2026,Kendall Quinones,Pace
2026,Makenna Crawford,Pace
2026,Aralyn Saulys,Pace
2026,Emerson Stewart,Pace
2026,Keelah Chambliss,Pace
2026,Paola Ortiz,Pace
2026,Emily Cineus,Pace
2026,Leah Mendez,Pace
2026,Isabella Dillman,UNC Pembroke
2026,Lindsey Canty,UNC Pembroke
2026,Emily Collings,UNC Pembroke
2026,Ellivia Feliciano,UNC Pembroke
2026,Savannah Whaley,UNC Pembroke
2026,Ava Fadool,UNC Pembroke
2026,Ajahnaea Williams,UNC Pembroke
2026,Anaya Carter,UNC Pembroke
2026,Grace Brewington,UNC Pembroke
2026,Abby Peduzzi,UNC Pembroke
2026,Danika Kunkle,UNC Pembroke
2026,Caterina Coronelli,UNC Pembroke
2026,Katelynn Swain,UNC Pembroke
2026,Deorri Gaines,UNC Pembroke
2026,Addie Decker,UNC Pembroke
2026,Savannah Jackson,UNC Pembroke
2026,Tyler Patterson,UNC Pembroke
2026,Chiara Binda,UNC Pembroke
2026,Alexandria Mills,UNC Pembroke
2026,Katie Brandl,Bemidji St.
2026,Taylor Martin,Bemidji St.
2026,Anna Paquette,Bemidji St.
2026,Nevaeh Carlson,Bemidji St.
2026,Addie Warnke,Bemidji St.
2026,Madison Tripp,Bemidji St.
2026,Kayla Gallagher,Bemidji St.
2026,Lydia Bengtson,Bemidji St.
2026,Kelsey Lobitz,Bemidji St.
2026,Katrina Thompson,Bemidji St.
2026,Ava Athman,Bemidji St.
2026,Ella Kratochvil,Bemidji St.
2026,Ava Boelter,Bemidji St.
2026,Isabella Vander Velden,Bemidji St.
2026,Kylie Gustafson,Bemidji St.
2026,Grace Hoffard,Bemidji St.
2026,Jaysa Even,Jefferson
2026,Victoria Hamby,Jefferson
2026,Evelyn Banks,Jefferson
2026,Danni Fuller,Jefferson
2026,Kate Hines,Jefferson
2026,Yalerie Acevedo,Jefferson
2026,Abby Schessler,Jefferson
2026,Alexa Pomeroy,Jefferson
2026,Emily McKenna,Jefferson
2026,Evelynn Mufalli,Jefferson
2026,Pemi Areola,Jefferson
2026,Gabby Titus,Jefferson
2026,Meredith Adams,Jefferson
2026,Morgan Martin,Jefferson
2026,Liz Tanis,Jefferson
2026,Brianna Gritzman,Jefferson
2026,Arielis Valle Villegas,Pitt.-Johnstown
2026,Tatum Hall,Pitt.-Johnstown
2026,Wildaris Cortes Rivera,Pitt.-Johnstown
2026,Kamila Rodriguez Velez,Pitt.-Johnstown
2026,Avery Barrett,Pitt.-Johnstown
2026,Ellie Zuro Cirino,Pitt.-Johnstown
2026,Abby Berry,Pitt.-Johnstown
2026,Avery Koontz,Pitt.-Johnstown
2026,Alanna Rivera,Pitt.-Johnstown
2026,Riley Lockhart,Pitt.-Johnstown
2026,Caroline Knight,Pitt.-Johnstown
2026,Sadie Reese,Pitt.-Johnstown
2026,Journey Welling,Pitt.-Johnstown
2026,Brynn Cornibe,Pitt.-Johnstown
2026,Brooke Pelloni,Pitt.-Johnstown
2026,Dannika Susko,Pitt.-Johnstown
2026,Kiara Harmon,Pitt.-Johnstown
2026,Anna Ritter,Pitt.-Johnstown
2026,KC Burke,Plattsburgh St.
2026,Liya Girma,Plattsburgh St.
2026,Darby Collyear,Plattsburgh St.
2026,Brooke Anderson,Plattsburgh St.
2026,Addison Gokey,Plattsburgh St.
2026,Jen Longway,Plattsburgh St.
2026,Lindsay Pedersen,Plattsburgh St.
2026,Elena Stavroulakis,Plattsburgh St.
2026,Augustina White,Plattsburgh St.
2026,Iris Mulvey,Plattsburgh St.
2026,Jahnia Venson,Plattsburgh St.
2026,Anabella Almeida,Plattsburgh St.
2026,Emily O'Brien,Plattsburgh St.
2026,Care Elfner,Plattsburgh St.
2026,Cathryn Todd,Plattsburgh St.
2026,Avery Jackson,Plattsburgh St.
2026,Haylee Sullivan,Plattsburgh St.
2026,Sophia Kim,Pomona-Pitzer
2026,Maddie Tately,Pomona-Pitzer
2026,Nicole Rabadi,Pomona-Pitzer
2026,Alex Besteman,Pomona-Pitzer
2026,Matsa Shi,Pomona-Pitzer
2026,Mikayla Hsieh,Pomona-Pitzer
2026,CC Porter,Pomona-Pitzer
2026,Makayla Sheffer,Pomona-Pitzer
2026,Sophie Mies,Pomona-Pitzer
2026,Anna Krebs,Pomona-Pitzer
2026,Paige Butler,Pomona-Pitzer
2026,Samantha Grabb,Pomona-Pitzer
2026,Corrina Benson,Pomona-Pitzer
2026,Kayla Thienprasiddhi,Pomona-Pitzer
2026,Alena Yang,Pomona-Pitzer
2026,Norah Davis-Jeffers,Pomona-Pitzer
2026,Lexi Seres,Pomona-Pitzer
2026,Greta Klinkmann,Pomona-Pitzer
2026,Sophia Lee,Pomona-Pitzer
2026,Charlotte Sekerka,Pomona-Pitzer
2026,Ella Mesard,Pomona-Pitzer
2026,Sophia Scholz,Pomona-Pitzer
2026,Mackenzie Bravo Woo,Pomona-Pitzer
2026,Jayden Johnson,Benedict
2026,Kelsey Joshua,Benedict
2026,DeMyah Jackson,Benedict
2026,Jadyn Murry,Benedict
2026,Willow Alls,Benedict
2026,Baileigh Tillman,Benedict
2026,Angelic Carter,Benedict
2026,Dove Jackson,Benedict
2026,Kylie Jackson,Benedict
2026,Moriah Smith,Benedict
2026,Mia Burgess,Benedict
2026,Krislenn Lucas,Benedict
2026,Desire' Young,Benedict
2026,Kennedy Thompson,Benedict
2026,Kennedi Hill,Benedict
2026,Meredith Harnden,SUNY Potsdam
2026,Gabriella Luna,SUNY Potsdam
2026,Carli Knapp,SUNY Potsdam
2026,Rachel Madore,SUNY Potsdam
2026,Isabella Miller,SUNY Potsdam
2026,Violet Phillips,SUNY Potsdam
2026,Sarah Ruffos,SUNY Potsdam
2026,Ella Murtagh,SUNY Potsdam
2026,Maggie Paluch,SUNY Potsdam
2026,Alison Griffin,SUNY Potsdam
2026,Ashley Shiu,SUNY Potsdam
2026,Olivia Eves,SUNY Potsdam
2026,Anabella Marte,SUNY Potsdam
2026,Noelle Redeye,SUNY Potsdam
2026,Madison Catlin,SUNY Potsdam
2026,Mia Perez,SUNY Potsdam
2026,Samantha Clookey,SUNY Potsdam
2026,Ashlee Hagerman,SUNY Potsdam
2026,Lucy Dieterlen,Prairie View A&M
2026,Terasita Caldwell,Prairie View A&M
2026,Camille Middleton,Prairie View A&M
2026,Charli Harvin,Prairie View A&M
2026,Jade Smith,Prairie View A&M
2026,Daniella Udegbunam,Prairie View A&M
2026,Aubrey Goode,Prairie View A&M
2026,Tayler Ruffin,Prairie View A&M
2026,Carrington Cook,Prairie View A&M
2026,Iyonna Sherwood,Prairie View A&M
2026,Neenah Burton,Prairie View A&M
2026,Valencia Wilder,Prairie View A&M
2026,Shea McElroy,Prairie View A&M
2026,D'Mya Hill,Prairie View A&M
2026,Kenedy Massie,Prairie View A&M
2026,Akira Anderson,Puget Sound
2026,Hadley Haselden,Puget Sound
2026,Viviann Garcia,Puget Sound
2026,Erin Fagan,Puget Sound
2026,Samantha Keightley,Puget Sound
2026,Chamberlin Farley,Puget Sound
2026,Ashley McMaster,Puget Sound
2026,Mackenzie Leith,Puget Sound
2026,Lauren Ly,Puget Sound
2026,Jordan Warner,Puget Sound
2026,Randi Rush,Puget Sound
2026,Amelia Reed,Puget Sound
2026,Calista Davis,Puget Sound
2026,Makela Pick,Puget Sound
2026,Ellery La Fever,Puget Sound
2026,Alexis Higgins,Puget Sound
2026,Nicolette Raduziner,Puget Sound
2026,Gianna Friendy,Puget Sound
2026,Flannery Lundgren,Puget Sound
2026,Ursula Harrington,Puget Sound
2026,Meredith Coleman,Puget Sound
2026,Mia Fedota,Puget Sound
2026,Hattie Villegas,Puget Sound
2026,Maddie Badger,Puget Sound
2026,Skya Favor,Puget Sound
2026,Jaslynn Daily,Queens (NY)
2026,Olivia Hyman,Queens (NY)
2026,Alison Jefferies,Queens (NY)
2026,Zoe Sercu,Queens (NY)
2026,Mikayla Haskell,Queens (NY)
2026,Asuka Shibue,Queens (NY)
2026,Isabella Garcia Valencia,Queens (NY)
2026,Evangelia Paterakis,Queens (NY)
2026,Kaiya Banks,Queens (NY)
2026,Sophia Holland,Queens (NY)
2026,Lucia Bennett,Queens (NY)
2026,Selin Turgut,Quincy
2026,Cate McCulloch,Quincy
2026,Milica Stamenic,Quincy
2026,Faith Kientzle,Quincy
2026,Blaike Knolhoff,Quincy
2026,Lily Fjell,Quincy
2026,Alanis Hernandez,Quincy
2026,Amber Glen,Quincy
2026,Erin Matzke,Quincy
2026,Dasha Safronova,Quincy
2026,Gianna Del Bosque,Quincy
2026,Sharon Philip,Quincy
2026,Macey Rocco,Quincy
2026,Aysem Kocaalp,Quincy
2026,Kathryn Bergan,Quincy
2026,Angel Salcedo,Quincy
2026,Olivia Curry,Quincy
2026,Izzy Steiner,Quincy
2026,Ammecy Ray,Quincy
2026,Monika Bíliková,Quincy
2026,Jalisa Woods,Quincy
2026,Stella Vonder Haar,Quincy
2026,Megan Lynn,Quincy
2026,Lexi Lindsey,Quincy
2026,Aleenah Anderson,Quincy
2026,Kasidy Whitaker,Quincy
2026,Mya Gemoll,Quincy
2026,Emma Garcia,Ramapo
2026,Natalya Polkowski,Ramapo
2026,Emily Tepale,Ramapo
2026,Claudia Cosme,Ramapo
2026,Jaclyn Neira,Ramapo
2026,Scarlett Melick,Ramapo
2026,Katie Bishop,Ramapo
2026,Jalen Lacy,Ramapo
2026,Kaitlyn Van Zile,Ramapo
2026,Aubrey Agcaoili,Ramapo
2026,Emilia Ristevska,Ramapo
2026,Alyssa Edmond,Ramapo
2026,Catherine Bardzell,Ramapo
2026,Asya Akar,Ramapo
2026,Wendy Palaguachi,Ramapo
2026,Valentina Palen,Ramapo
2026,Jasmine Rolle,Ramapo
2026,Mia Goode,Randolph-Macon
2026,Sarah Temple,Randolph-Macon
2026,Emery Caylor,Randolph-Macon
2026,Caitlin Smith,Randolph-Macon
2026,Marie Hall,Randolph-Macon
2026,Olivia Leonard,Randolph-Macon
2026,Josie Osborne,Randolph-Macon
2026,Tennessee Gooch,Randolph-Macon
2026,Lily Macias,Randolph-Macon
2026,Ella Courtney,Randolph-Macon
2026,Delaney McDonald,Randolph-Macon
2026,Sydney Wade,Randolph-Macon
2026,Ashley Grace Johnstone,Randolph-Macon
2026,Ellie Rock,Randolph-Macon
2026,Karlie Morris,Randolph-Macon
2026,Olivia Roark,Randolph-Macon
2026,Allison Lach,Randolph-Macon
2026,Kennedy McDowney,Randolph-Macon
2026,Avery Jastrzemski,Randolph-Macon
2026,Aiden Jolly,Randolph-Macon
2026,Carly Schopp,Randolph
2026,Tatianna Langston,Randolph
2026,Caroline Towle,Randolph
2026,Jaelle Hinkle,Randolph
2026,Alyssa Thompson,Randolph
2026,Mary Park,Randolph
2026,Kelsey Bowler,Randolph
2026,Makayla Waiters,Randolph
2026,Chloe Dearman,Randolph
2026,Tiffany Carr,Randolph
2026,Nadia Warrior,Randolph
2026,McKayla Padgett,Randolph
2026,Meagan Kesler,Randolph
2026,Gabby Fenton,Randolph
2026,Ava Berger,Randolph
2026,Cameron Cox,Randolph
2026,Caroline Elliott,Randolph
2026,Kira Van Deusen,Randolph
2026,Destanie Ambers,Randolph
2026,Kailyn Polzin,Regis (CO)
2026,Lauryn Uyemura,Regis (CO)
2026,Kendal Allaire,Regis (CO)
2026,Maddie Lynett,Regis (CO)
2026,Lynn Sanders,Regis (CO)
2026,Sabrina Landman,Regis (CO)
2026,Eduarda Silva,Regis (CO)
2026,Callie Parker,Regis (CO)
2026,Krissy Brei,Regis (CO)
2026,Alayna Pruitt,Regis (CO)
2026,Morgan Munro,Regis (CO)
2026,Aaliyah Rodrakkwan,Regis (CO)
2026,Cady Knight,Regis (CO)
2026,Jacie Kaniho,Regis (CO)
2026,Annelise Miller,Regis (CO)
2026,Nicole Shaver,Regis (CO)
2026,Ciara Williams,Regis (CO)
2026,Paula Pesoa,Rhode Island College
2026,Brookelyn Feola,Rhode Island College
2026,Yuleisy Alvelo,Rhode Island College
2026,Daniella Escudero,Rhode Island College
2026,Caroline Morrell,Rhode Island College
2026,Talia Lewis,Rhode Island College
2026,Olivia Rollinson,Rhode Island College
2026,Andrayah Williams,Rhode Island College
2026,Carolyn Bailey,Rhode Island College
2026,Sarina Marines,Rhode Island College
2026,Grace Luchka,Rhode Island College
2026,Olivia Miranda,Rhode Island College
2026,Bethanie Jean-Philippe,Rhode Island College
2026,Marina Colonis,Rhode Island College
2026,Jocelyn Sigouin-Adorno,Rhode Island College
2026,Mackenzie Marcoux,Rhode Island College
2026,Sydnee Pires,Rhode Island College
2026,Noelle Patenaude,Rhode Island College
2026,Rachel Clarke,Rhodes
2026,Olivia Wiseman,Rhodes
2026,Anna Satterfield,Rhodes
2026,Ashley Adams,Rhodes
2026,Caroline Short,Rhodes
2026,Ariana Williams,Rhodes
2026,Martha Greene,Rhodes
2026,Meg Gebhart,Rhodes
2026,Hadley Wright,Rhodes
2026,Yzzi Dsamou,Rhodes
2026,Chloe Davis,Rhodes
2026,Isabella Kvetensky,Rhodes
2026,Izzi Ward,Rhodes
2026,Luca Prest,Rhodes
2026,Emma Clark,Rhodes
2026,Chloe Dunnigan,Rhodes
2026,Carli Murphy,Ripon
2026,Addi Johnson,Ripon
2026,Brooklyn Tranberg,Ripon
2026,Gabi Monte,Ripon
2026,Bryn Carlson,Ripon
2026,Rayna Trochinski,Ripon
2026,Mattea Jacobson,Ripon
2026,Sydney Klein,Ripon
2026,Haylee Kast,Ripon
2026,Romina Ahumada,Ripon
2026,Rilee Fletcher,Ripon
2026,Emilyanne Giese,Ripon
2026,Parker Maxey,Ripon
2026,Alexis Wieczorek,Ripon
2026,Tristin Arlen,Ripon
2026,Makenna Harren,Ripon
2026,Kiera Adams-McIntosh,Ripon
2026,Hannah Michaels,Ripon
2026,Olivia Mills,Baruch
2026,Pei Qiong Ren,Baruch
2026,Diandra Ruiz,Baruch
2026,Karolina Lundqvist,Baruch
2026,Maya Rybka,Baruch
2026,Ava Tartour,Baruch
2026,Isabel Torres,Baruch
2026,Haley Castaneda,Baruch
2026,Tika Jones,Baruch
2026,Dibjot Kaur,Baruch
2026,Karen Pozo Castro,Baruch
2026,Alicia Graves,Baruch
2026,Ella Wang,Baruch
2026,Mariajose Ortiz-Marmolejo,Baruch
2026,Sarah Sellami,Baruch
2026,Raquel Morales,Rochester (NY)
2026,Iliana Balaskas,Rochester (NY)
2026,Valeria Berrios Puig,Rochester (NY)
2026,Paige Stephenson,Rochester (NY)
2026,Violet Worms,Rochester (NY)
2026,Claire Feczko,Rochester (NY)
2026,Ellen Porter,Rochester (NY)
2026,Emelia Cruz,Rochester (NY)
2026,McKenzie McDonald,Rochester (NY)
2026,Myla Nover-Estes,Rochester (NY)
2026,Rachel Murray,Rochester (NY)
2026,Lilly Kraemer,Rochester (NY)
2026,Juliette Azzariti,Rochester (NY)
2026,Shanya Alvarez,Rochester (NY)
2026,Maren Smith,Rochester (NY)
2026,Emilyn Dienger,Rochester (NY)
2026,Emma McCrann,Rochester (NY)
2026,Lydia Weeks,Rochester (NY)
2026,Wynn Eaton,Rochester (NY)
2026,Keara Ross,Rockford
2026,Kennedy Bryant,Rockford
2026,Amelia Rodriguez,Rockford
2026,Chloe Green,Rockford
2026,Kali Szostek,Rockford
2026,Tamsy Leverton,Rockford
2026,Carlie Buetsch,Rockford
2026,Jalyn Rhodes,Rockford
2026,Ashley Mersch,Rockford
2026,Leila Cooks,Rockford
2026,Chloe Chaffin,Rockford
2026,Jayce Shaw,Rockford
2026,Emmerson Heun,Rockford
2026,Ashley Miller,Rockford
2026,Savannah Crooks,Rockford
2026,Isabella Valdes,Rockford
2026,Adele Kasper,Roger Williams
2026,Izzy Unsworth,Roger Williams
2026,Emma Bosco,Roger Williams
2026,Samantha Devino,Roger Williams
2026,Marianna Hernandez,Roger Williams
2026,Victoria Lisboa,Roger Williams
2026,Peyton Felix,Roger Williams
2026,Jillian Smith,Roger Williams
2026,Zoe Scilbelli,Roger Williams
2026,Kaylee Jackson,Roger Williams
2026,Ava McGonagle,Roger Williams
2026,Kaydence Fish,Roger Williams
2026,Lily Winsten,Roger Williams
2026,Angela West,Roger Williams
2026,Brianna Picchietti,Roger Williams
2026,Samantha Johnson,Roger Williams
2026,Michaela McGovern,Roger Williams
2026,Claire Davis,Roger Williams
2026,Cameron Grange,Rollins
2026,Jenna Garza,Rollins
2026,Morgan Coughlin,Rollins
2026,Kyla Krimmel,Rollins
2026,Molly Morris,Rollins
2026,Sinei Wood,Rollins
2026,Lelolai Paulino-Dinzey,Rollins
2026,Addilyn Kegerreis,Rollins
2026,Kai Hazelett,Rollins
2026,Vivian Scuteri,Rollins
2026,Robinson Repass,Rollins
2026,Aryanna Spainhower,Rollins
2026,Kayla Goodloe,Rollins
2026,Brynn Burgk,Rollins
2026,Tawnee Shaw,Rollins
2026,Sarah Seabrooke,Rollins
2026,Willow Barron,Rollins
2026,Gianna Gegaj,Rollins
2026,Elena Arnold,Rollins
2026,Remington Doggett,Rollins
2026,Rylee Yarborough,Rollins
2026,Heidi Fay,Rose-Hulman
2026,Kaia Schroeder,Rose-Hulman
2026,Morgan Dalebout,Rose-Hulman
2026,Emi Fisher,Rose-Hulman
2026,Addison Strahl,Rose-Hulman
2026,Kennedy Otwell,Rose-Hulman
2026,Desiree Beverley,Rose-Hulman
2026,Shae Clements,Rose-Hulman
2026,Rezzan Guner,Rose-Hulman
2026,Marleena Armstrong,Rose-Hulman
2026,Julia Irmen,Rose-Hulman
2026,Aurora Schmidt,Rose-Hulman
2026,Julia Vamos,Rose-Hulman
2026,Greta Carlson,Rose-Hulman
2026,Emma Blanton,Rose-Hulman
2026,Pyper Russell,Rose-Hulman
2026,Keira Ohse,Rose-Hulman
2026,Emma Schnackenberg,Rose-Hulman
2026,Peyton Blackwell-Spangler,Rose-Hulman
2026,Hannah Bergfeld,Rose-Hulman
2026,Angelyse Orellana,Rutgers-Newark
2026,Sabrina Suquinagua,Rutgers-Newark
2026,Miley Clenaghan,Rutgers-Newark
2026,Shayla Moody,Rutgers-Newark
2026,Jaedyn Simba-Malasarte,Rutgers-Newark
2026,Brianna Walters,Rutgers-Newark
2026,Katelyn Koo,Rutgers-Newark
2026,Kelly Perez,Rutgers-Newark
2026,Cyan Long,Rutgers-Newark
2026,Cameron Corino,Rutgers-Newark
2026,Olivia Neff,Rutgers-Newark
2026,Helen Bilomasur,Rutgers-Newark
2026,Nicole Sullivan,Rutgers-Newark
2026,Mia Espinoza,Rutgers-Newark
2026,Mariam Dosouki Mohamed,Rutgers-Newark
2026,Yasmin Rodrigues,Rutgers-Newark
2026,Tracey Ilderis,Rutgers-Newark
2026,Fabiana Ayala,Rutgers-Newark
2026,Madeline Burke,St. Anselm
2026,Riley Campo,St. Anselm
2026,Ashley Roinnel,St. Anselm
2026,Hollyn Frano,St. Anselm
2026,Sam Pila,St. Anselm
2026,Kaitlin McDonough,St. Anselm
2026,Georgia Stavros,St. Anselm
2026,Taylor Lacerda,St. Anselm
2026,Etta Rocco,St. Anselm
2026,Peyton Elward,St. Anselm
2026,Miia Dembski,St. Anselm
2026,Melis Kocak,St. Anselm
2026,Addison Shelton,St. Anselm
2026,Sofia Halunen,St. Anselm
2026,Mckenna O'Connell,St. Anselm
2026,Veronica Gomez,St. Anselm
2026,CJ Buron,St. Anselm
2026,Izzy Torve,Saint Benedict
2026,Kate Stadum,Saint Benedict
2026,Ginny Schuler,Saint Benedict
2026,Brooke Andries,Saint Benedict
2026,Brooke Siegle,Saint Benedict
2026,Allison Banse,Saint Benedict
2026,Antonia Chowhan,Saint Benedict
2026,Kali Jones,Saint Benedict
2026,Keira McManus,Saint Benedict
2026,Ingrid Noha,Saint Benedict
2026,Katie Blahoski,Saint Benedict
2026,Libby Burns,Saint Benedict
2026,Sydney Elliott,Saint Benedict
2026,Emma Wasiloski,Saint Benedict
2026,Addison Barbo,Saint Benedict
2026,Kyra Belleson,Saint Benedict
2026,Julia Claussen,Saint Benedict
2026,Karley Dunham,Saint Benedict
2026,Peyton Grande,Saint Benedict
2026,Stella Lambaere,Saint Benedict
2026,Tessa Magnan,Saint Benedict
2026,Aubrey Marketon,Saint Benedict
2026,Finley Polipnick,Saint Benedict
2026,Marissa Reed,Saint Benedict
2026,Lexie Rehman,Saint Benedict
2026,Adeline Schroht,Saint Benedict
2026,Bree Swanson,Saint Benedict
2026,Katie Wagener,Saint Benedict
2026,Kaelyn Wittwer,Saint Benedict
2026,Karlie Wollum,Saint Benedict
2026,Lauren Dallas,St. Catherine
2026,Jalyn Wolle,St. Catherine
2026,Josie Popp,St. Catherine
2026,Grace Nelson,St. Catherine
2026,Manee Mostaghimi,St. Catherine
2026,Claudia Chmielewski,St. Catherine
2026,Alivia Hanover,St. Catherine
2026,Addison Preuss,St. Catherine
2026,Maddie Newton,St. Catherine
2026,Marta Haugen,St. Catherine
2026,Quin Parish,St. Catherine
2026,Alexa Carlstrom,St. Catherine
2026,Emma Nordeen,St. Catherine
2026,Addison Vandereide,St. Catherine
2026,Audrey Rydell,St. Cloud St.
2026,Izzy Keaveny,St. Cloud St.
2026,Clara Keaveny,St. Cloud St.
2026,Abby Wachal,St. Cloud St.
2026,Asta Hildebrand,St. Cloud St.
2026,Carlie Willis,St. Cloud St.
2026,Kinsey Mohwinkle,St. Cloud St.
2026,Abby Leaf,St. Cloud St.
2026,Alexis Heinle,St. Cloud St.
2026,Brynn Panek,St. Cloud St.
2026,Kendall Huhnerkoch,St. Cloud St.
2026,Keira Nagle,St. Cloud St.
2026,Hannah Bruskiewicz,St. Cloud St.
2026,Braya LaPlant,St. Cloud St.
2026,Laurin Hamann,St. Cloud St.
2026,Emery Thury,St. Cloud St.
2026,Mollie Hobson,St. Cloud St.
2026,Shelby Kimm,St. Cloud St.
2026,Cailyn Hollinquest,Alabama A&M
2026,Mckenzie Charles,Alabama A&M
2026,Madison Drummond,Alabama A&M
2026,Jourdin Brooks,Alabama A&M
2026,Aspen Creekmore,Alabama A&M
2026,Jordyn Brown,Alabama A&M
2026,Sage Jackson,Alabama A&M
2026,Cali Johnson,Bethel (MN)
2026,Lauren Hetfeld,Bethel (MN)
2026,Sara Scherber,Bethel (MN)
2026,Eleanor Pelzel,Bethel (MN)
2026,Peyton Howie,Bethel (MN)
2026,Chiara Houser,Bethel (MN)
2026,Adalyn Hermanson,Bethel (MN)
2026,Bridget Quinn,Bethel (MN)
2026,Mattie Petersen,Bethel (MN)
2026,Ellie Van Namen,Bethel (MN)
2026,Kaylynn Barns,Bethel (MN)
2026,Grace Therrien,Bethel (MN)
2026,Rachel Dieleman,Bethel (MN)
2026,Lexi Tuma,Bethel (MN)
2026,Sophie Jacques,Bethel (MN)
2026,Gabriella Arntson,Bethel (MN)
2026,Jada Henrikson,Bethel (MN)
2026,Olivia Johnson,Bethel (MN)
2026,Cosette Carto,Bethel (MN)
2026,Sophia Rubio,Bethel (MN)
2026,Hannah Penke,Bethel (MN)
2026,Emma Codden,St. John Fisher
2026,Mari Hansen,St. John Fisher
2026,Lydia Fraser,St. John Fisher
2026,Meadow Berube,St. John Fisher
2026,Cadence Milligan,St. John Fisher
2026,Kalyna Dannenberg,St. John Fisher
2026,Audrey Vogt,St. John Fisher
2026,Teagan Moore,St. John Fisher
2026,Kate Gernold,St. John Fisher
2026,Kaylene Noble,St. John Fisher
2026,Emma Lawler,St. John Fisher
2026,Adeline Phillips,St. John Fisher
2026,Ana Gutman,St. John Fisher
2026,Abigail Morphy,St. John Fisher
2026,Zofia Keogh,St. John Fisher
2026,Julianna Lucie,St. John Fisher
2026,Alexa Hogan,St. John Fisher
2026,Ashlen Croft,St. John Fisher
2026,Bridget Lyons,St. John Fisher
2026,Kaitlyn Putman,St. Lawrence
2026,Zoe Lester,St. Lawrence
2026,Bridget Gammons,St. Lawrence
2026,Lily Snide,St. Lawrence
2026,Cassady Smith,St. Lawrence
2026,Kalina Natcheva,St. Lawrence
2026,Audrey Bibbins,St. Lawrence
2026,Sofia Velasquez,St. Lawrence
2026,Berit Brecke,St. Lawrence
2026,Rowan Mottau,St. Lawrence
2026,Araiza Acum-Santos,St. Lawrence
2026,Maggie Layman,St. Lawrence
2026,Vanessa Latam,St. Lawrence
2026,Adeline Riesenberger,St. Lawrence
2026,Kaitlyn Marshall,St. Lawrence
2026,Rose Meihaus,St. Lawrence
2026,Elle Smith,Saint Leo
2026,Mia Moser,Saint Leo
2026,Anastasia Azzan,Saint Leo
2026,Reagan Lyerla,Saint Leo
2026,Giada Solorzano,Saint Leo
2026,Shelby Toney,Saint Leo
2026,Jansen Warbritton,Saint Leo
2026,Hannah Ladewski,Saint Leo
2026,Grace Thompson,Saint Leo
2026,Kahlyn Prieto,Saint Leo
2026,Camila Villar,Saint Leo
2026,Bridget Gallagher,Saint Leo
2026,Alexa Gandolfo,Saint Leo
2026,Gina Stavile,Saint Leo
2026,Sabrina Valentin,Saint Leo
2026,Chloe Danielson,Saint Leo
2026,Linnea Preston,Saint Leo
2026,Kathleen Jones,Saint Leo
2026,Rose Kailahi,Saint Leo
2026,Emma LeTourneau,Saint Leo
2026,Amaya Rivera,Saint Leo
2026,Morgan Lawson,Saint Leo
2026,Mina Kostic,Saint Leo
2026,Samantha Patoray,Saint Leo
2026,Nicolette Albasini,Saint Leo
2026,Lauren Panageotou,St. Mary's (MD)
2026,Rocksann Smith,St. Mary's (MD)
2026,Elizabeth Childs,St. Mary's (MD)
2026,Alex Williams,St. Mary's (MD)
2026,Vlada Costenco,St. Mary's (MD)
2026,Camryn Sapp,St. Mary's (MD)
2026,Falynn Tackett,St. Mary's (MD)
2026,Stella Marrero,St. Mary's (MD)
2026,Camilla Galeano,St. Mary's (MD)
2026,Sanaa Porter,St. Mary's (MD)
2026,Erianna Mendieta,St. Mary's (MD)
2026,Faith Shockley,St. Mary's (MD)
2026,Maggie Mohler,St. Mary's (MD)
2026,Hope Parrish,St. Mary's (MD)
2026,Julia Bobrowski,St. Mary's (MD)
2026,Maya Mauro,St. Mary's (MD)
2026,Valen Mosley,St. Mary's (MD)
2026,Lavin LeJeune,Saint Mary's (MN)
2026,Tessa Trygstad,Saint Mary's (MN)
2026,Caitlin Bakken,Saint Mary's (MN)
2026,Lindsey Rossow,Saint Mary's (MN)
2026,Brianna Hanneken,Saint Mary's (MN)
2026,Claire Rahman,Saint Mary's (MN)
2026,Emma Rommes,Saint Mary's (MN)
2026,Amy Peterson,Saint Mary's (MN)
2026,Maddie Baker,Saint Mary's (MN)
2026,Kaia DePaolo,Saint Mary's (MN)
2026,McKenzie Wenger,Saint Mary's (MN)
2026,Ava Berg,Saint Mary's (MN)
2026,Brooklynn Bolton,Saint Mary's (MN)
2026,Kinlee Grattan,Saint Mary's (MN)
2026,Kayla Larsen,Saint Mary's (MN)
2026,Briley Brew,Saint Mary's (MN)
2026,Ayla Olson,Saint Mary's (MN)
2026,Kali Olson,Saint Mary's (MN)
2026,Abby Crowley,Saint Michael's
2026,Jillian Becker,Saint Michael's
2026,Caitlin Mediate,Saint Michael's
2026,Grace Almeida,Saint Michael's
2026,Justine Sharkness,Saint Michael's
2026,Lillie King,Saint Michael's
2026,D'Niaya Settles,Saint Michael's
2026,Anna Daggett,Saint Michael's
2026,Kaeleigh Cucura,Saint Michael's
2026,Sarah Gordon,Saint Michael's
2026,Mahili McKay,Saint Michael's
2026,Ashley Marshall,Saint Michael's
2026,Emily Winefield,Saint Michael's
2026,Tessa LaFrenier,Saint Michael's
2026,Rory Tower,Saint Michael's
2026,Nora Schulze,Saint Michael's
2026,Anna Kudick,St. Norbert
2026,Maddie Kitowski,St. Norbert
2026,Casey Vaughan,St. Norbert
2026,Annabel Stevenson,St. Norbert
2026,Mari Szews,St. Norbert
2026,Reese Sellers,St. Norbert
2026,Sophia Prins,St. Norbert
2026,Keira Ashenfelter,St. Norbert
2026,Mickenzi Benter,St. Norbert
2026,Andrianna Volz,St. Norbert
2026,Heidi Colburn,St. Norbert
2026,Kara Sowinski,St. Norbert
2026,Claire Leynse,St. Norbert
2026,Alli Clark,St. Norbert
2026,Emma Dries,St. Norbert
2026,Kayden Lamon,St. Norbert
2026,Mya Kapalko,St. Norbert
2026,Kirsten Klatt,St. Norbert
2026,Katie Schmidt,St. Norbert
2026,Clare Williams,St. Norbert
2026,Flynn Puttin,St. Norbert
2026,Gracie Buss,St. Norbert
2026,Claire Dailey,St. Norbert
2026,Natalie Yackley,St. Scholastica
2026,Mahlea Waters,St. Scholastica
2026,Bryn Ziegler,St. Scholastica
2026,Lauren Kahl,St. Scholastica
2026,Lindsey Baribeau,St. Scholastica
2026,Hannah Freberg,St. Scholastica
2026,Aubrey Cherrington,St. Scholastica
2026,Ava Swangstue,St. Scholastica
2026,Cassidy Lustig,St. Scholastica
2026,Ava Decker,St. Scholastica
2026,Mikala Peterson,St. Scholastica
2026,Madalyn Niemala,St. Scholastica
2026,Lilli Rechichi,St. Scholastica
2026,Sophia Alkhatib,St. Scholastica
2026,Abby Zins,St. Scholastica
2026,Tayte Borstad,St. Scholastica
2026,Bailey Husbands,St. Scholastica
2026,Carlie Beckstrand,St. Olaf
2026,Paige Christophersen,St. Olaf
2026,Zahara Johnson,St. Olaf
2026,Anna Hedrick,St. Olaf
2026,Lauren Welch,St. Olaf
2026,Dori Hobbie,St. Olaf
2026,Mehsa Krause,St. Olaf
2026,Britta Hagen,St. Olaf
2026,Liz Pederson,St. Olaf
2026,Cayla Chun,St. Olaf
2026,Iza Russe,St. Olaf
2026,Holly Jelinek,St. Olaf
2026,Karin Fowler,St. Olaf
2026,Sophie Saxton,St. Olaf
2026,Morgan Ryan,St. Olaf
2026,Caitlin Lee,St. Olaf
2026,Evelyn Kreft,St. Olaf
2026,Michaela Dooley,St. Olaf
2026,Andrea Chavarria,St. Olaf
2026,Maren Miller,St. Olaf
2026,Lilah Van Scoyoc,St. Olaf
2026,Beitris Boyreau-Millar,Salisbury
2026,Julie Altieri,Salisbury
2026,Annabelle Weis,Salisbury
2026,Kyra Douglass,Salisbury
2026,Sidney Morgan,Salisbury
2026,Isard Bernades,Salisbury
2026,Sadie Wilkinson,Salisbury
2026,Mattox Adams,Salisbury
2026,Elizabeth Villegas,Salisbury
2026,Sophia Blaufuss,Salisbury
2026,Elizabeth Gordon,Salisbury
2026,Sierra Lenzen,Salisbury
2026,Ellie Mitchell,Salisbury
2026,Sabrina Swann,Salisbury
2026,Amanda Meschi,Salisbury
2026,Sophia Tapia,Salisbury
2026,Kiley McTaggart,Salisbury
2026,Gabby Muller,San Fran. St.
2026,Grace Witcher,San Fran. St.
2026,Aidan Goodrich,San Fran. St.
2026,Rubi Harrington,San Fran. St.
2026,McKenzie Anderson,San Fran. St.
2026,Savanna Fauntleroy,San Fran. St.
2026,Alana Larson,San Fran. St.
2026,Lilly Rix,San Fran. St.
2026,Lindsey Olsen,San Fran. St.
2026,Drew deGuzman,San Fran. St.
2026,Ayden Jacobson,San Fran. St.
2026,Paige Moyneur,San Fran. St.
2026,Sophia Terry,San Fran. St.
2026,Melanie Hewlett,San Fran. St.
2026,Grace Kool,San Fran. St.
2026,Cate Bradley,Scranton
2026,Danielle Kramer,Scranton
2026,Maddie Forry,Scranton
2026,Lexi Brown,Scranton
2026,Sydney Wilt,Scranton
2026,Cammi Quirk,Scranton
2026,Erin Gretsky,Scranton
2026,Macey Brown,Scranton
2026,Gabby Konrad,Scranton
2026,Gwen Koester,Scranton
2026,Camryn Hoffman,Scranton
2026,Deanna Whelpley,Scranton
2026,Isabel Rios,Scranton
2026,Adria Vargas,Scranton
2026,Caitlyn McGonigal,Scranton
2026,Ally Edgington,Scranton
2026,Ava Seidenstein,Scranton
2026,Lauren Angelucci,Scranton
2026,Peyton Ensign,Seattle Pacific
2026,Makayla Hickman,Seattle Pacific
2026,Megan Omlid,Seattle Pacific
2026,Charlize Espinosa,Seattle Pacific
2026,Sophia Chambers,Seattle Pacific
2026,Amaya Evans,Seattle Pacific
2026,Joslyn Greff,Seattle Pacific
2026,Brooke Williams,Seattle Pacific
2026,Maiya Lester,Seattle Pacific
2026,Charlotte Hastings,Seattle Pacific
2026,Avery Veenendall,Seattle Pacific
2026,Stella Pollack,Seattle Pacific
2026,Grace Holstrom,Seattle Pacific
2026,Christina Lopez,Seattle Pacific
2026,Audra Rose,Seattle Pacific
2026,Mackenna Golden,Seattle Pacific
2026,Samantha Shy,Shenandoah
2026,Autumn Stroop,Shenandoah
2026,Ava Thacker,Shenandoah
2026,Ashlynn Spence,Shenandoah
2026,Kiyah Robinson,Shenandoah
2026,Zandria Burton,Shenandoah
2026,Alana Washington,Shenandoah
2026,Amber Shifflett,Shenandoah
2026,Vanessa Rodriguez,Shenandoah
2026,Ava Pannullo,Shenandoah
2026,Danica Duncan,Shenandoah
2026,Kamryn Keasey,Shenandoah
2026,Kameron Roberts,Shenandoah
2026,Amanda Ingrassia,Shenandoah
2026,Chillis Oke,Shenandoah
2026,Kali Highlander,Shenandoah
2026,Camiya Thomas,Shenandoah
2026,Kylie Danella,Shenandoah
2026,Cara Butler,Shenandoah
2026,Hannah Hylton,Shenandoah
2026,Susan Smith,Shenandoah
2026,Jaiden Anderson,Shippensburg
2026,Elise Bragg,Shippensburg
2026,Lauren Beamer,Shippensburg
2026,Sophia Barrera,Shippensburg
2026,Shay Kolivoski,Shippensburg
2026,Natalya Montague,Shippensburg
2026,Alia Schmidt,Shippensburg
2026,Hailey Cappleman,Shippensburg
2026,Nizaya Hawkins,Shippensburg
2026,Kylie Snyder,Shippensburg
2026,Mya Davis,Shippensburg
2026,Addison Haley,Shippensburg
2026,Alycia Miller,Shippensburg
2026,Molly Seifert,Shippensburg
2026,Riley Blank,Shippensburg
2026,Augusta DeVos,Shippensburg
2026,Shea Stevens,Shippensburg
2026,Clara Wildermuth,Shippensburg
2026,Charlotte Campbell,Shippensburg
2026,Emma Ferrigno,Skidmore
2026,Isobel Streeper,Skidmore
2026,Angie Mozrall,Skidmore
2026,Marlowe McIntyre,Skidmore
2026,Natalie Pedersen,Skidmore
2026,Gabriella Imburgia,Skidmore
2026,Chloe Heitman,Skidmore
2026,Samantha McCloskey,Skidmore
2026,Maya Stolarz,Skidmore
2026,Athena Braverman,Skidmore
2026,Catriona Hoelperl,Skidmore
2026,Claire Sabo,Skidmore
2026,Rudi Reyes,Skidmore
2026,Madison Manning,Skidmore
2026,Jazlin Chen,Skidmore
2026,Katy O'Connell,Skidmore
2026,Stella Jones,Smith
2026,Maddie Hliboki,Smith
2026,Ruth Tullis,Smith
2026,Anna Feuer,Smith
2026,Isis Boyd,Smith
2026,Hana Suzuki,Smith
2026,Skye Higashihara,Smith
2026,Addison Klunder,Smith
2026,Uma Schulz,Smith
2026,Nola Gannon,Smith
2026,Kate Nordyke,Smith
2026,Mia Etheridge,Smith
2026,Ruby Woodward,Smith
2026,Sara Warren,Smith
2026,Alison Chapin,Smith
2026,Olivia Mendoza,Smith
2026,Natalia Rossi,Smith
2026,Jillian Hitt,Sonoma St.
2026,Kaden Young,Sonoma St.
2026,Amy Herman,Sonoma St.
2026,Emily Hernandez,Sonoma St.
2026,Kaili Spooner,Sonoma St.
2026,Amber Walker,Sonoma St.
2026,Netzach Hernadez,Sonoma St.
2026,Theo Hayse,Sonoma St.
2026,Meadow Cooper,Sonoma St.
2026,Brynna Slayton,Sonoma St.
2026,Kya Payne,Sonoma St.
2026,Peyton McBride,Sonoma St.
2026,Jackie Winfield,Sonoma St.
2026,Jules Tan,Sonoma St.
2026,Rahasya Hernandez,Sonoma St.
2026,Abri Rogers,Sonoma St.
2026,Hailey Newell,Sonoma St.
2026,Jordyn Waite-Ward,Sonoma St.
2026,Brooklyn Jackson,Sonoma St.
2026,Sophia Heller,Sonoma St.
2026,Anna Sanzaro,Sonoma St.
2026,De'oni McPherson,South Carolina St.
2026,Sasha Moody,Bloomsburg
2026,Emma Hudson,Bloomsburg
2026,Emily Gustie,Bloomsburg
2026,Lena Jones,Bloomsburg
2026,Angelina Gaal,Bloomsburg
2026,Clare McKenzie,Bloomsburg
2026,Julia Holmes,Bloomsburg
2026,Hannah Au,Bloomsburg
2026,Addison Arms,Bloomsburg
2026,Jessica Rimbo,Bloomsburg
2026,Charlie Mann,Bloomsburg
2026,Danielle Mascolo,Bloomsburg
2026,Sara Kokolus,Bloomsburg
2026,Jordan Pryor,Bloomsburg
2026,Marley Kline,Bloomsburg
2026,Lanna Thomas,Bloomsburg
2026,Sophie Wales,Bloomsburg
2026,Alynna Haggadone,Bloomsburg
2026,Abigail Eagler,Bloomsburg
2026,Katie Kuehl,Bloomsburg
2026,Vendela Moyer,Bloomsburg
2026,Sicilia Clement,Bloomsburg
2026,Aubrey Pupa,Bloomsburg
2026,Brooke Borvansky,Bloomsburg
2026,Lydia Worthing,Bloomsburg
2026,Sophia Caruso,Sewanee
2026,Jane Gambel,Sewanee
2026,Bela Cancado,Sewanee
2026,Romy Ahn,Sewanee
2026,Maria Kennedy,Sewanee
2026,Estela Gonzalez,Sewanee
2026,Keira Baldwin,Sewanee
2026,Anna Ellison,Sewanee
2026,Mollie White,Sewanee
2026,Charlotte Lee,Sewanee
2026,Sydney Bixby,Sewanee
2026,Sydney Thaxton,Sewanee
2026,Suna Merkler,Sewanee
2026,Elena Sipe,Sewanee
2026,Ella Reynolds,Sewanee
2026,Savannah Gann,Sewanee
2026,Laney Barnes,Sewanee
2026,Jordan Krise,Sewanee
2026,Eleanor Loggie,Sewanee
2026,Beatrice Wiggins,Sewanee
2026,Jane McAuley,Sewanee
2026,Allison Pate,UMass Dartmouth
2026,Maddie Carter,UMass Dartmouth
2026,Tehya Killam,UMass Dartmouth
2026,Juliyana Hristova,UMass Dartmouth
2026,Emily Pogorelec,UMass Dartmouth
2026,Ashley Serverius,UMass Dartmouth
2026,Aleek Kuot,UMass Dartmouth
2026,Maria Torres,UMass Dartmouth
2026,Milowa Frias,UMass Dartmouth
2026,Lauren Powers,UMass Dartmouth
2026,Tiffany London,UMass Dartmouth
2026,Skye Peters,UMass Dartmouth
2026,Olivia Seutter,UMass Dartmouth
2026,Lea Selfridge,UMass Dartmouth
2026,Sabrina Bordone,UMass Dartmouth
2026,McKenna Highlander,UMass Dartmouth
2026,Vivian Neyman,UMass Dartmouth
2026,Jasmine Johnson,Southern Conn. St.
2026,Mianna Brown,Southern Conn. St.
2026,Kimi Mitchell,Southern Conn. St.
2026,Sarah Henault,Southern Conn. St.
2026,Katie Bardak,Southern Conn. St.
2026,Lauren Dumont,Southern Conn. St.
2026,Isabel Alvarez,Southern Conn. St.
2026,Aleciyah Brodley,Southern Conn. St.
2026,Morgan Daughters,Southern Conn. St.
2026,Sarah Stark,Southern Conn. St.
2026,Victoria Pascual,Southern Conn. St.
2026,Jasmine Stroud,Southern Conn. St.
2026,Charly Williams,Southern Conn. St.
2026,Sophia Guzman,Southern Conn. St.
2026,Sydney Bennett,Southern Conn. St.
2026,Alyssa Ferreira,Southern Conn. St.
2026,Marisabelle Sias,Southern Conn. St.
2026,Kerrigan Habing,Southern Conn. St.
2026,Maria Martinez,Southern Conn. St.
2026,Jaiden Binning,Southern Conn. St.
2026,Julia Jaworowski,Southern Conn. St.
2026,Camilla Fernandez,Southern Conn. St.
2026,Ava Carpenter,Southern Ind.
2026,McKenzie Murphy,Southern Ind.
2026,Alicia Beatty,Southern Me.
2026,Amelia Beatty,Southern Me.
2026,Casey Murillo,Southern Me.
2026,Chloe Whittaker,Southern Me.
2026,Lizzy Harbester,Southern Me.
2026,Scarlett Squires,Southern Me.
2026,Reese Helisek,Southern Me.
2026,Sophia Sardella,Southern Me.
2026,Mariah Eaton,Southern Me.
2026,Haylie Bidegain,Southern Me.
2026,Alondra Lopez-Aquino,Southern Me.
2026,Taylor Joyal,Southern Me.
2026,Caitlyn McGranahan,Southern Me.
2026,Kylee Eubanks-Hemme,Southern Me.
2026,Anyelis Hernandez,Southern Me.
2026,0,Missouri St.
2026,Celina Mendez,Staten Island
2026,Arianna Spears,Staten Island
2026,Francesca Castellano,Staten Island
2026,Liliana Vasquez,Staten Island
2026,Arlybeth Rodriguez,Staten Island
2026,Alexandria Boachie-Ansah,Staten Island
2026,Cassandra DiPietro,Staten Island
2026,Jacqueline Roloph,Staten Island
2026,Margaret O'Malley-Rebovich,Staten Island
2026,Jay-La Guy,Staten Island
2026,Caitlin Esposito,Staten Island
2026,Cassidy Iannariello,Staten Island
2026,Julia Kalinowski,Susquehanna
2026,Hannah Burdge,Susquehanna
2026,Olivia Lupole,Susquehanna
2026,Sarah Murphy,Susquehanna
2026,Addie Wellington,Susquehanna
2026,Natalia Baca,Susquehanna
2026,Ella Lefelon,Susquehanna
2026,Camille Ince,Susquehanna
2026,Amelia Secor,Susquehanna
2026,Isabella Sallie,Susquehanna
2026,Sami Kline,Susquehanna
2026,Riley Buckingham,Susquehanna
2026,Abby Madigan,Susquehanna
2026,Molly Devaney,Susquehanna
2026,Callie Wince,Susquehanna
2026,Emma Nkanza,Susquehanna
2026,Lauren Halsey,Susquehanna
2026,Maria Gialanella,Susquehanna
2026,Addison Dodge,Susquehanna
2026,Makenzie Cober,Susquehanna
2026,Stella Robinson,Susquehanna
2026,Elliott Schleicher,Susquehanna
2026,Sakura Shimozono,Swarthmore
2026,Kate Roberts,Swarthmore
2026,Aleida Moreno,Swarthmore
2026,Aiste Bardauskaite,Swarthmore
2026,Lois Matsukawa,Swarthmore
2026,Isabel Adam,Swarthmore
2026,Nicole Kim,Swarthmore
2026,Maya Sheridan,Swarthmore
2026,Keira Miles,Swarthmore
2026,Maggie Rankin,Swarthmore
2026,Mailey Wang,Swarthmore
2026,Ella Tsai,Swarthmore
2026,Melissa Eyer,Swarthmore
2026,Alexia Enache,Swarthmore
2026,Lily Janas,Bowdoin
2026,Gillian Colledge,Bowdoin
2026,Skye LaMendola,Bowdoin
2026,Alison Smith,Bowdoin
2026,Mina Mittler,Bowdoin
2026,Kelsey Kim,Bowdoin
2026,Annie Stent,Bowdoin
2026,Zoe Ryu,Bowdoin
2026,Cameron Shelly,Bowdoin
2026,Anna Yeh,Bowdoin
2026,Haley Campau,Bowdoin
2026,Hannah Woolley,Bowdoin
2026,Chloe Snyder,Bowdoin
2026,Mackensie Wolfson,Bowdoin
2026,Tamara Gisiger,Bowdoin
2026,Kaeden Robinson,Tennessee St.
2026,Laila N’diaye,Chattanooga
2026,Tayae-Renae Garcia,Tex. A&M-Kingsville
2026,Cristella Rojas,Tex. A&M-Kingsville
2026,Kendra Denoon,Tex. A&M-Kingsville
2026,Milauni Williams,Tex. A&M-Kingsville
2026,Sloane Paugh,Tex. A&M-Kingsville
2026,Kamryn Briggs,Tex. A&M-Kingsville
2026,Allison Warden,Tex. A&M-Kingsville
2026,Karli Krueger,Tex. A&M-Kingsville
2026,Karrington Crawford,Tex. A&M-Kingsville
2026,Cambelle Brammer,Tex. A&M-Kingsville
2026,Monique Gonzalez,Tex. A&M-Kingsville
2026,Gabby Ramon,Tex. A&M-Kingsville
2026,Alayna Guerrero,Tex. A&M-Kingsville
2026,Haley Shinske,Tex. A&M-Kingsville
2026,Natalee Rush,Tex. A&M-Kingsville
2026,Christin Cowart,Tex. A&M-Kingsville
2026,Alexiah Thompson,Tex. A&M-Kingsville
2026,Isabel Weis,Tex. A&M-Kingsville
2026,Lacey Kusiner,Texas Southern
2026,Morelia Diaz,Texas Southern
2026,Emori Harper,Texas Southern
2026,Launna Pino,Texas Southern
2026,Melisa Anacius,Bowie St.
2026,Gabrielle Hale,Bowie St.
2026,Taylor Johnson,Bowie St.
2026,Christina San,Bowie St.
2026,Reese Culver,Bowie St.
2026,Corey Bradley,Bowie St.
2026,Bracey Gross,Bowie St.
2026,Abena Asomani-Martin,Bowie St.
2026,Madyson Brinson,Bowie St.
2026,Trinity Loundmon,Bowie St.
2026,Spring Terry,Bowie St.
2026,Iman Wright,Bowie St.
2026,Jy'Asha Cousins,Bowie St.
2026,Dyllan Chandler,Bowie St.
2026,Kimiko Evans,Bowie St.
2026,Jasmine Brewer,Bowie St.
2026,Madison James,Bowie St.
2026,Amara Pope,Bowie St.
2026,Damani Myers,Bowie St.
2026,Mil'lanni Marte,Bowie St.
2026,Payton Swinton,Bowie St.
2026,Melanie Guevara,Texas Woman's
2026,Lorena Gómez,Texas Woman's
2026,Bailey Black,Texas Woman's
2026,Teagan Hill,Texas Woman's
2026,Nia Johnson,Texas Woman's
2026,Trinity McDaniel,Texas Woman's
2026,Charlise Smith,Texas Woman's
2026,Jonaida Donowa,Texas Woman's
2026,Cat Millsap,Texas Woman's
2026,Benedite Anuman,Texas Woman's
2026,Sydney Garrison,Texas Woman's
2026,Alyssa Rojo,Texas Woman's
2026,Bird Moffitt,Texas Woman's
2026,Gracie Erichsen,Texas Woman's
2026,Montserrat Soto-Talavera,Texas Woman's
2026,Kaysie Nabors,Texas Woman's
2026,Trinity Blackwood,Texas Woman's
2026,Allie Watson,Texas Woman's
2026,Mary Grace King,Texas Woman's
2026,Macie Williams,Thiel
2026,Cindy Viera,Thiel
2026,MJ Hernandez,Thiel
2026,Hannah Myers,Thiel
2026,Megan Darno,Thiel
2026,Caitlin Stephens,Thiel
2026,Anna Grandas,Thiel
2026,Emily Bone,Thiel
2026,Kelly Peplowski,Thiel
2026,Sarah Wilson,Thiel
2026,Madalyn Dehart,Thiel
2026,Isabella McCutcheon,Thiel
2026,Rian Owens,Thiel
2026,Arin DeLattre,Thiel
2026,Madyson Cikosh,Thiel
2026,Owen Hansen,Thiel
2026,Sierra Zelenak,Thiel
2026,Lyndzee Amory,Thiel
2026,Jordan Yoder,Thiel
2026,Ava Byer,Thiel
2026,Kristina Varion,Thiel
2026,Addilyn Vagi,Thiel
2026,Madeline Lambros,Chicago
2026,Ava Miller,Chicago
2026,Thalita Marangon,Chicago
2026,Olivia Zamis,Chicago
2026,Kailee Kuan,Chicago
2026,Nadia Ivarson-West,Chicago
2026,Isabel Cai,Chicago
2026,Grace Xu,Chicago
2026,Adelee Kaiton,Chicago
2026,Kennedy Cheung,Chicago
2026,Gabi Spellings,Chicago
2026,Gaby Miriki,Chicago
2026,Julia Lewkowitz,Chicago
2026,Ellie Maxwell,Chicago
2026,Frances Smith,Chicago
2026,Jordan Jones,Chicago
2026,Waverly Cullison,Trinity (CT)
2026,Emma Ewart,Trinity (CT)
2026,Erica Biner,Trinity (CT)
2026,Maggie Barnes,Trinity (CT)
2026,Scarlett Jago,Trinity (CT)
2026,Annette Schlunk,Trinity (CT)
2026,Caroline Howell,Trinity (CT)
2026,Maya Hall,Trinity (CT)
2026,Angelina Allen,Trinity (CT)
2026,Maya Pace,Trinity (CT)
2026,Sarai Davis,Trinity (CT)
2026,Chloe Gentile,Trinity (CT)
2026,Grace Soltis,Trinity (CT)
2026,Amy Boller,Trinity (CT)
2026,Tallulah Glancy,Trinity (CT)
2026,Sarah Jeremias,Trinity (CT)
2026,Madeleine Aldecoa,Trinity (CT)
2026,Bella Nash,Trinity (CT)
2026,Ellie Gordon,Trinity (CT)
2026,Catalina Hendricks,Trinity (CT)
2026,Amelia Payton,Trinity (TX)
2026,Lauren St. Charles,Trinity (TX)
2026,Mae Noerager,Trinity (TX)
2026,Annabelle Lanik,Trinity (TX)
2026,Angelica Medina,Trinity (TX)
2026,Lolo Jose,Trinity (TX)
2026,Kendall DeRivel,Trinity (TX)
2026,Anna Verhoff,Trinity (TX)
2026,Lily Long,Trinity (TX)
2026,Brynn Bishop,Trinity (TX)
2026,Courtney Pope,Trinity (TX)
2026,Lauren McCarthy,Trinity (TX)
2026,Connelley McWilliams,Trinity (TX)
2026,Taylor Starr,Trinity (TX)
2026,Olivia Smitelli,Trinity (TX)
2026,Annie Fulton,Trinity (TX)
2026,Emma Reeves,Trinity (TX)
2026,Kaylin Starling,Trinity (TX)
2026,Annie Witt,Trinity (TX)
2026,Aeris Vera,Trinity (TX)
2026,Lola Tortorello,Tufts
2026,Dylan Whisenant,Tufts
2026,Sofia Finn,Tufts
2026,Rianna Liu,Tufts
2026,Keller Mobley,Tufts
2026,Becca DePencier Piñero,Tufts
2026,Amanda Freehill,Tufts
2026,Jocelyn Chang,Tufts
2026,Bridget Lonergan,Tufts
2026,Akpevwe Akpoigbe,Tufts
2026,Destiny Francis,Tufts
2026,Ellery Clark,Tufts
2026,Hazel Nelson,Tufts
2026,Bryce Buchner,Tufts
2026,Maiwenn Kamdje,Tufts
2026,Claire Castor,Tufts
2026,Tessa Fergusson,Tufts
2026,Emma Heckman,Tufts
2026,Celina Savage,Tufts
2026,Chelsea Webb,Tuskegee
2026,Carmyn Lawson,Tuskegee
2026,Sakiah Logan,Tuskegee
2026,Micah Floyd,Tuskegee
2026,Rae'ana Chastine,Tuskegee
2026,Breonna Smith,Tuskegee
2026,Tamara Cooper,Tuskegee
2026,Erin Rogers,Tuskegee
2026,Helena Pommeret,Tuskegee
2026,Jasmine Brantley,Tuskegee
2026,Michaela Branner,Tuskegee
2026,Kayla Coleman,Tuskegee
2026,Amelia Oliver,Tuskegee
2026,Kyndal Seals,Tuskegee
2026,Faviour Agholor,Tuskegee
2026,Amerie Bullock,Tuskegee
2026,Sahnee Dillahunt-Nedd,Tuskegee
2026,Ta'Mya Hicks,Tuskegee
2026,Jordyn Jones,Tuskegee
2026,Najwa Williams,Tuskegee
2026,Jameah Chappell,Tuskegee
2026,Vickie Mancine,Coast Guard
2026,Bella Samaniego,Coast Guard
2026,Amelia Matson,Coast Guard
2026,Alaina Corbin,Coast Guard
2026,Laila Baameur,Coast Guard
2026,Maddie Oates,Coast Guard
2026,Abby Schweitzer,Coast Guard
2026,Holly Davis,Coast Guard
2026,Julia Gallinger,Coast Guard
2026,Eloise Shirley,Coast Guard
2026,Courtney Shire,Coast Guard
2026,Sophia Rosenberg,Coast Guard
2026,Ava Ahokovi,Coast Guard
2026,Sarah Somer,Coast Guard
2026,Mary Grace Delfino,Coast Guard
2026,Sam Ventimiglia,Coast Guard
2026,Corey Lemmer,Coast Guard
2026,Dylan Elferdink,Coast Guard
2026,Mack Boose,Coast Guard
2026,Eleanor Watson,Union (NY)
2026,Madisen Bailey,Union (NY)
2026,Adrienne Long,Union (NY)
2026,Kayla Martinez Cartagena,Union (NY)
2026,Sydney Scanlon,Union (NY)
2026,Shannon McGrath,Union (NY)
2026,Madelyn Frederick,Union (NY)
2026,Allie Kronenberg,Union (NY)
2026,Georgia Pool,Union (NY)
2026,Georgia Pinciaro,Union (NY)
2026,Shea Ringel,Union (NY)
2026,Emma Main,Union (NY)
2026,Shelby McKim,Union (NY)
2026,Graciela Escobar,Union (NY)
2026,Maddie McCarron,Union (NY)
2026,Samantha Janker,Union (NY)
2026,Melody Herrin,Union (NY)
2026,Erin Stevens,Union (NY)
2026,Addy Vaughn,Upper Iowa
2026,Natalie Bystol,Upper Iowa
2026,Claire Edwards,Upper Iowa
2026,Ellie Modaff,Upper Iowa
2026,Caylee Rowley,Upper Iowa
2026,Avery Agnew,Upper Iowa
2026,Morgan Block,Upper Iowa
2026,Grace Fruzen,Upper Iowa
2026,Amaralyse Rodriguez,Upper Iowa
2026,Erica Conger,Upper Iowa
2026,Alexis Moses,Upper Iowa
2026,Marissa Cahoy,Upper Iowa
2026,Faith Fisher,Upper Iowa
2026,Brooke Krogmann,Upper Iowa
2026,Ava Ketelsen,Upper Iowa
2026,Abby Buchanan-Kenzinger,Upper Iowa
2026,Marissa Becker,Upper Iowa
2026,Gracen Klima,Upper Iowa
2026,Kailey Porter,Upper Iowa
2026,Kennedy Hilson,Brandeis
2026,Evelyn Burke,Brandeis
2026,Anabelle Olson,Brandeis
2026,Ava Ferrigno,Brandeis
2026,Katya Belyakova,Brandeis
2026,Taylor Lewis,Brandeis
2026,Talia Celotto,Brandeis
2026,Camila Valenzuela,Brandeis
2026,Alexa Ho,Brandeis
2026,Kennedy Lilly,Brandeis
2026,Nina Schweigert,Brandeis
2026,Emmory Casto,Brandeis
2026,Olivia Nirode,Brandeis
2026,Madison Haft-Abromovitch,Brandeis
2026,Ashlyn Oessenick,Ursinus
2026,Molly Stevenson,Ursinus
2026,Marissa Ortiz,Ursinus
2026,Nayda Bookman,Ursinus
2026,Annabelle Farnsworth,Ursinus
2026,Gabriella Gandia,Ursinus
2026,Kayce Titus,Ursinus
2026,Chloe Kamp,Ursinus
2026,Lauren McGinn,Ursinus
2026,Alonna McCummings,Ursinus
2026,Alexa Mazzeo,Ursinus
2026,Mackenzie Nardone,Ursinus
2026,Madison Small,Ursinus
2026,Samantha Orlando,Ursinus
2026,Madi Rich,Utah St.
2026,AC Gibbs,Utah St.
2026,Maddie Goodwin,Valdosta St.
2026,Maddie Kilmer,Valdosta St.
2026,Niah Redmond,Valdosta St.
2026,Mia Verger,Valdosta St.
2026,Aubrie Arnold,Valdosta St.
2026,Eimy Negron Domenech,Valdosta St.
2026,Kinsley Timmons,Valdosta St.
2026,Hailey Holder,Valdosta St.
2026,Addison Cooley,Valdosta St.
2026,Ava Keuntjes,Valdosta St.
2026,Eva LaRochelle,Valdosta St.
2026,Asia Montagnani,Valdosta St.
2026,Peyton Mikles,Valdosta St.
2026,Paola Aviles,Valdosta St.
2026,Camryn Childers,Valdosta St.
2026,Kaylie McKinney,Valdosta St.
2026,Avery Mullins,Valdosta St.
2026,Sophia Ierulli,Vassar
2026,Riley Huang,Vassar
2026,T Petro,Vassar
2026,Holland Kaplan,Vassar
2026,Ellen Zwerling,Vassar
2026,Gina O'Connell,Vassar
2026,Erin Lovett,Vassar
2026,Francesca Medrano,Vassar
2026,Amy Melchior,Vassar
2026,Chloe Mau,Vassar
2026,Caroline Brabeck,Vassar
2026,Maura McAusland,Vassar
2026,Eleanor Gegen,Vassar
2026,Elena Feuer,Vassar
2026,Cayla Hoskins-Pfeiffer,Vassar
2026,Caylen Carroll,Va. Wesleyan
2026,Adoniya Awoye,Va. Wesleyan
2026,Abbey Samples,Va. Wesleyan
2026,Alissa Clabo,Va. Wesleyan
2026,Ava Baker,Va. Wesleyan
2026,Hannah Smith,Va. Wesleyan
2026,Casey Wright,Va. Wesleyan
2026,Elizabeth York,Va. Wesleyan
2026,Maddie Thompson,Va. Wesleyan
2026,Anna Moody,Va. Wesleyan
2026,Vanessa Jarvis,Va. Wesleyan
2026,Aajah Vazquez,Va. Wesleyan
2026,Niya Nash,Va. Wesleyan
2026,Brenna Raymond,Va. Wesleyan
2026,Landry Tartt,Va. Wesleyan
2026,Maelyn Thams,Va. Wesleyan
2026,Valerie Nolan,Va. Wesleyan
2026,Riley Stever,Va. Wesleyan
2026,Laura Miller,Va. Wesleyan
2026,Kathryn Liles,Va. Wesleyan
2026,Shannon Wells,Virginia
2026,Jake Hong,Virginia
2026,Ryan Wills,Virginia
2026,Rhamat Alhassan,Virginia
2026,Walter Spurlock,Virginia
2026,Ansley McClain,Virginia
2026,Brianna Bartaczewicz,Virginia
2026,Alexis Currie,Bridgewater (VA)
2026,Virginia Collins,Bridgewater (VA)
2026,Marlee Backover,Bridgewater (VA)
2026,Claire Griffith,Bridgewater (VA)
2026,Maya Veselinovic,Bridgewater (VA)
2026,Jillian Levin,Bridgewater (VA)
2026,Faith DePew,Bridgewater (VA)
2026,Julia Bellis,Bridgewater (VA)
2026,Anna Black,Bridgewater (VA)
2026,Rebecca Huddleston,Bridgewater (VA)
2026,Gabby Atwell,Bridgewater (VA)
2026,Brooklyn Williams,Bridgewater (VA)
2026,Olivia Mason,Bridgewater (VA)
2026,Sarah Furst,Bridgewater (VA)
2026,Reagan Stoop,Bridgewater (VA)
2026,Vivi Liquorie,Bridgewater (VA)
2026,Lindsay Kelley,Bridgewater (VA)
2026,Agnes Alford,Bridgewater (VA)
2026,Gracie Hoskins,Wartburg
2026,Peyton Robinson,Wartburg
2026,Haedyn Rebelsky,Wartburg
2026,Alexa Melcher,Wartburg
2026,Ashlynn Hodges,Wartburg
2026,Leah Hayungs,Wartburg
2026,Anna Sash,Wartburg
2026,Addison Huffman,Wartburg
2026,Kaylee Koudelka,Wartburg
2026,Neah Bunkers,Wartburg
2026,Sophie Williams,Wartburg
2026,Aspen Falk,Wartburg
2026,Ema Roberts,Wartburg
2026,Abigale Merritt,Wartburg
2026,Dakota Poen,Wartburg
2026,Callie Welsch,Wartburg
2026,Brenna Baumgardner,Wartburg
2026,McKenzie Becker,Wartburg
2026,Rachel Borwick,Wartburg
2026,Alexa Buhman,Wartburg
2026,Kruiz Ewoldt,Wartburg
2026,Lillian Frazer,Wartburg
2026,Keely Kauten,Wartburg
2026,Emma Liechti,Wartburg
2026,Lucy Maassen,Wartburg
2026,Karsyn Michael,Wartburg
2026,Emily Naughton,Wartburg
2026,Alyssa Trn,Washington & Jefferson
2026,Kaelyn Hatzel,Washington & Jefferson
2026,Bella Anzevino,Washington & Jefferson
2026,Isabella Bottiglieri,Washington & Jefferson
2026,Anna Watson,Washington & Jefferson
2026,Gabby Leadbitter,Washington & Jefferson
2026,Brielle Moorhouse,Washington & Jefferson
2026,Rian Benz,Washington & Jefferson
2026,Emma Padovano,Washington & Jefferson
2026,Jordan Sirianni,Washington & Jefferson
2026,Callie Dorsey,Washington & Jefferson
2026,Aubrey Fetchik,Washington & Jefferson
2026,Cali Dagen,Washington & Jefferson
2026,Eva McKnight,Washington & Jefferson
2026,Stella Stossel,Washington & Jefferson
2026,Kenna Adams,Washington & Jefferson
2026,Abby Oldham,Washington & Jefferson
2026,Sydney Allen,Washington & Jefferson
2026,Morgan Gale,Washington & Jefferson
2026,Lola Jacobs,Washington & Jefferson
2026,Ayla Altman,Washington & Jefferson
2026,Sophie Little,Washington & Jefferson
2026,Ella DiNisio,Washington Col.
2026,Kaysie Lynch,Washington Col.
2026,Emily Hartnett,Washington Col.
2026,Vanessa Lange,Washington Col.
2026,Alexis Stubbs,Washington Col.
2026,Izzy Diehl,Washington Col.
2026,Grace Salveron,Washington Col.
2026,Georgia Tyler,Washington Col.
2026,Addison Carr,Washington Col.
2026,Lucy Jones,Washington Col.
2026,Bethany Haughton,Washington Col.
2026,Emma Shaner,Washington Col.
2026,Gianna Folke,Washington Col.
2026,Lyndsey Wessel,Washington Col.
2026,Ava Mack,Washington Col.
2026,Nora Biddle,Washington Col.
2026,Ellie Laird,WashU
2026,Keely Kawamura,WashU
2026,Avery Reed,WashU
2026,Isabel Campie,WashU
2026,Emma Quast,WashU
2026,Baylor McInturff,WashU
2026,McKenna Schubmehl,WashU
2026,Saoirse Henderson,WashU
2026,Lilli Thompson,WashU
2026,Leah Oyewole,WashU
2026,Abby Krause,WashU
2026,Anaia Montaque-Harrison,WashU
2026,Anya Mikhailenko,WashU
2026,Eileen Chavez,WashU
2026,Maya DeValk,WashU
2026,Megan Manaj,WashU
2026,Olivia Szymkiewicz,WashU
2026,Georgia Hite,WashU
2026,Nia Jones,WashU
2026,Grace McCluskey,WashU
2026,Emma McGough,WashU
2026,Naya Ohuabunwa,WashU
2026,Ela Bartu,WashU
2026,Marley Onken,Wayne St. (MI)
2026,Giselle Burlingame,Wayne St. (MI)
2026,Saige Martin,Wayne St. (MI)
2026,Abby Parrish,Wayne St. (MI)
2026,Kayla Dulgar,Wayne St. (MI)
2026,Skyye Frailey,Wayne St. (MI)
2026,Katie Smith,Wayne St. (MI)
2026,Abby Baushke,Wayne St. (MI)
2026,Aubree Garcia,Wayne St. (MI)
2026,Lauren Essenpreis,Wayne St. (MI)
2026,Doga Muhtaroglu,Wayne St. (MI)
2026,Paige Giehtbrock,Wayne St. (MI)
2026,Nicole Dupre,Wayne St. (MI)
2026,Alina Ike,Wayne St. (MI)
2026,Katerina Stout,Wayne St. (MI)
2026,Kyleigh Weck,Wayne St. (MI)
2026,Amelia Klos,Wayne St. (MI)
2026,Bryn Mullins,Wayne St. (MI)
2026,Sydney Hendrickson,Webster
2026,Carley Hersberger,Webster
2026,Mea Bystrom,Webster
2026,Reagan Howe,Webster
2026,Addison Urbanski,Webster
2026,Shalamar Szarka,Webster
2026,Julia Stroup,Webster
2026,Catherine Rennier,Webster
2026,Lexi Filkins,Webster
2026,Cameron Garcia,Webster
2026,Leah McGrath,Webster
2026,Hana Delkic,Webster
2026,Eva Tarlos,Webster
2026,Karen Lewis,Webster
2026,Lauren Brown,Webster
2026,Jessie Leach,Webster
2026,Kate Moleski,Webster
2026,Chloe Hendrix,Webster
2026,Maddie Bock,Webster
2026,Emma Price,Webster
2026,Lilly Bott,Webster
2026,Ella Blair,Wesleyan (CT)
2026,Keira Sweetnam,Wesleyan (CT)
2026,Elliana Moreno,Wesleyan (CT)
2026,Paulina Marino-Bindi,Wesleyan (CT)
2026,Bea Kotuk,Wesleyan (CT)
2026,Siena Steines,Wesleyan (CT)
2026,Fiona LaCamera,Wesleyan (CT)
2026,Katelyn Olin,Wesleyan (CT)
2026,Claire Buletza,Wesleyan (CT)
2026,Morgan Mattson,Wesleyan (CT)
2026,Maddy Andrews,Wesleyan (CT)
2026,Alexa Schnell,Wesleyan (CT)
2026,Adrienne Nguyen,Wesleyan (CT)
2026,Carly Grumet,Wesleyan (CT)
2026,Coley Cassidy,Wesleyan (CT)
2026,Adelyn Watkins,Wesleyan (CT)
2026,India Clark,Wesleyan (CT)
2026,Mila Chan,Wesleyan (CT)
2026,Bella Brand,Wesleyan (CT)
2026,Ariella Garrell,Wesleyan (CT)
2026,Violet Tirelli,Wesleyan (CT)
2026,Jordan Crespin,Wesleyan (CT)
2026,Emily Krauss,Wesleyan (CT)
2026,Kailani Yap,Wesleyan (CT)
2026,Lucy Konisky,Wesleyan (CT)
2026,Pauline Gonzales,West Texas A&M
2026,Kaycee Cavanaugh,West Texas A&M
2026,Hannah Pemberton,West Texas A&M
2026,Caty Havekost,West Texas A&M
2026,Tatum Busch,West Texas A&M
2026,Hailey Baker,West Texas A&M
2026,Anna Ruter,West Texas A&M
2026,Camryn Heiser,West Texas A&M
2026,Parker Gladhill,West Texas A&M
2026,Skyler Massey,West Texas A&M
2026,Casey Loewer,West Texas A&M
2026,Bromli Watson,West Texas A&M
2026,Kaitlin Waak,West Texas A&M
2026,Kael Wilcox,West Texas A&M
2026,Bree Rumschlag,West Texas A&M
2026,Gracie Schobel,West Texas A&M
2026,Logan Garcia,West Texas A&M
2026,Marin Brummund,West Texas A&M
2026,Avery Ramos,West Texas A&M
2026,Ellie Koprek,West Texas A&M
2026,Jersey Jones,Western Connecticut St.
2026,Sydney Slupatchuk,Western Connecticut St.
2026,Delia Clouden,Western Connecticut St.
2026,Ava Grace Gardner,Western Connecticut St.
2026,Isabella Pincince,Western Connecticut St.
2026,Ella Hubert,Western Connecticut St.
2026,Arianna LaPointe,Western Connecticut St.
2026,Hallie Robillard,Western Connecticut St.
2026,Sophia Siruchek,Western Connecticut St.
2026,Teagan White,Western Connecticut St.
2026,Ali Rondeau,Western Connecticut St.
2026,Noor Eldeib,Western Connecticut St.
2026,Alba Gjikolli,Western Connecticut St.
2026,Jordyn Grey,Western Connecticut St.
2026,Maggie Ferguson,Western Connecticut St.
2026,Julia Stoliker,Western Connecticut St.
2026,1,Western Ky.
2026,0,Western Ky.
2026,Natalia Johnson,McDaniel
2026,Sydney Turner,McDaniel
2026,Stephanie Buttons,McDaniel
2026,Abigail May,McDaniel
2026,Kailey Young,McDaniel
2026,Reese Beck,McDaniel
2026,Chaeli Flotildes,McDaniel
2026,Mariya Carson,McDaniel
2026,Christiana Alapa,McDaniel
2026,Samantha Fadel,McDaniel
2026,Kaylee Comstock,McDaniel
2026,Cassy Poteet,McDaniel
2026,Renita Bankole-Gibson,McDaniel
2026,Abigayle Bowley,McDaniel
2026,Emily Osborne,McDaniel
2026,Kaitlyn Saidat,McDaniel
2026,Adrionne Sharp,Western New Eng.
2026,Olivia Long,Western New Eng.
2026,Sage Pycz,Western New Eng.
2026,Morgan Bonin,Western New Eng.
2026,Leah Warren,Western New Eng.
2026,Abby Krulis,Western New Eng.
2026,Rachel Critz,Western New Eng.
2026,Katie Garland,Western New Eng.
2026,Léa Barber,Western New Eng.
2026,Ariana Barbosa,Western New Eng.
2026,Deana Baez,Western New Eng.
2026,Brianna Manes,Western New Eng.
2026,Abby Thomas,Western New Eng.
2026,Lauren Chagnon,Western New Eng.
2026,Charlei Henkel,Western New Eng.
2026,Laney Melvin,Western New Eng.
2026,Cassie Durocher,Western New Eng.
2026,Evelyn Taylor,Western New Eng.
2026,Madison Stauss,Western New Eng.
2026,Sarah Sanderson,Wheaton (IL)
2026,Cat Wilhite,Wheaton (IL)
2026,Heidi Horan,Wheaton (IL)
2026,Paris Griffin,Wheaton (IL)
2026,Miriam Pozdol-Niego,Wheaton (IL)
2026,Haley Hanavan,Wheaton (IL)
2026,Elle Hudepohl,Wheaton (IL)
2026,Meghan Shah,Wheaton (IL)
2026,Maddie Gowan,Wheaton (IL)
2026,Mary Patrick,Wheaton (IL)
2026,Avery Nance,Wheaton (IL)
2026,Alaina Niño,Wheaton (IL)
2026,Kennedy Kemp,Wheaton (IL)
2026,Mary Hamann,Wheaton (IL)
2026,Sydney Overweg,Wheaton (IL)
2026,Katherine Adkison,Wheaton (IL)
2026,Adasyn Konopka,Wheaton (IL)
2026,Ellen Landon,Wheaton (IL)
2026,Karalyn Osborne,Wheaton (IL)
2026,Chelsea Poskocil,Wheaton (IL)
2026,Jane Holmberg,Wheaton (IL)
2026,Dorie McNamara,Wheaton (MA)
2026,Hollis Hanson,Wheaton (MA)
2026,Ajsa Orbán,Wheaton (MA)
2026,Lillie Zickert,Wheaton (MA)
2026,Jackie Hochberg,Wheaton (MA)
2026,Haley Jenkins,Wheaton (MA)
2026,Emily Cordell,Wheaton (MA)
2026,Elena Timo,Wheaton (MA)
2026,Mary Caroline Mazzanti,Wheaton (MA)
2026,Katie de la Pena,Wheaton (MA)
2026,Sydney Lyon,Wheaton (MA)
2026,Molly Gleason,Wheaton (MA)
2026,Arianna Tanksley,Wheaton (MA)
2026,Abbie Dixon,Wheaton (MA)
2026,Celina Henn,Wheaton (MA)
2026,Julia Wingler,Wheaton (MA)
2026,0,St. Thomas (MN)
2026,31,St. Thomas (MN)
2026,42,St. Thomas (MN)
2026,46,St. Thomas (MN)
2026,50,St. Thomas (MN)
2026,169,St. Thomas (MN)
2026,Lauren Fogliani,Whitman
2026,Lindy Stirrat,Whitman
2026,Elena Flansburg,Whitman
2026,Kyndal Koski,Whitman
2026,Moana Massey,Whitman
2026,Haylee Pruse,Whitman
2026,Sammy Holmer,Whitman
2026,Lexie Uchima,Whitman
2026,Addie Belt,Whitman
2026,Nadia Shepherd,Whitman
2026,Sophie Broesamle,Whitman
2026,Rowyn Lee,Whitman
2026,Bella Vickers,Whitman
2026,Taryn Fleharty,Whitman
2026,Arina Gushchina,Whitman
2026,Marlo Carpenter,Whitman
2026,Milla Hansen,Whitman
2026,Sam Downey,Whitman
2026,Melia Ferraro,Whitman
2026,Kendall Herman,Whitman
2026,Mira Canali,Widener
2026,Isabella Reilly,Widener
2026,Marissa Miller,Widener
2026,Mary Carter,Widener
2026,Elizabeth Barnes,Widener
2026,Kayla Sicher,Widener
2026,Gabriella Bottino,Widener
2026,Campbell Chronister,Widener
2026,Hayley Haxton,Widener
2026,Azira Benjamin,Widener
2026,Meghan Prior,Widener
2026,Kaitlyn Guessford,Widener
2026,Julia Schwab,Widener
2026,Gabriela Santell,Widener
2026,Airyn Zimmerman,Widener
2026,Ava Kramer,Widener
2026,Kristen Vacca,Widener
2026,Diana Fuentes,Wilkes
2026,Isabella Maopolski,Wilkes
2026,Abby Dornblaser,Wilkes
2026,Maddy Durfee,Wilkes
2026,Rachael Anderson,Wilkes
2026,Makiya Vanderburg,Wilkes
2026,Olivia Contreras,Wilkes
2026,Charlize Leukus,Wilkes
2026,Mia Leon,Wilkes
2026,Molly Siemon,Wilkes
2026,Annalyse Santowasso,Wilkes
2026,Mackenzie Adams,Wilkes
2026,Ava Wahlers,Wilkes
2026,Mikaela Hughes,Wilkes
2026,Emilee Atherholt,Wilkes
2026,Leah Nagle,Wilkes
2026,Kendra Kalp,Wilkes
2026,Cecilia Miller,William Paterson
2026,Taylor Grady,William Paterson
2026,Leah Molnar,William Paterson
2026,Jillian Hitt,William Paterson
2026,Sofia Zablackis,William Paterson
2026,Tinashe Magura,William Paterson
2026,Korinne Bakken,William Paterson
2026,Emeli Giesler,William Paterson
2026,Abby Houpt,William Paterson
2026,Abigail Hayth,William Paterson
2026,Bella Demers,William Paterson
2026,Dilara Pak,William Paterson
2026,Riley Elliott,William Paterson
2026,Kristian Glenn,William Paterson
2026,Katie Bleeker,Winona St.
2026,Layla Merlin,Winona St.
2026,Kenna Kornely,Winona St.
2026,Callie Carr,Winona St.
2026,Jayda Berg,Winona St.
2026,Ellie Bruns,Winona St.
2026,Maddie Brown,Winona St.
2026,Zoe Haan,Winona St.
2026,Liv Myhre,Winona St.
2026,Quinn Robak,Winona St.
2026,Abby Ongna,Winona St.
2026,Gracie Clary,Winona St.
2026,Ashlyn Steding,Winona St.
2026,Lily Shields,Winona St.
2026,Sylvia Marlock,Winona St.
2026,Norah Merow,Winona St.
2026,Trinity Pearce,Winona St.
2026,Hailee Peters,Winona St.
2026,Sophia Armstrong,Winona St.
2026,Brooke Barrois,Winona St.
2026,Zaria Keys,Winston-Salem
2026,Celina Johnson,Winston-Salem
2026,Tiffany Blakely,Winston-Salem
2026,Tehani Moniz,Winston-Salem
2026,Amada Sawyer,Winston-Salem
2026,Kamiyah Wilson,Winston-Salem
2026,Aria Caldwell,Winston-Salem
2026,Skylar White,Winston-Salem
2026,Alyssa Noble,Winston-Salem
2026,Sarah Sanders,Winston-Salem
2026,Angelica Turnage,Winston-Salem
2026,Zoe Chesson,Winston-Salem
2026,Jewel Pitt,Winston-Salem
2026,Kalyn Cuthbertson,Winston-Salem
2026,Holiday Ellis,Winston-Salem
2026,Brie Young,Winston-Salem
2026,Alex Kiebel,Wis.-Eau Claire
2026,Abby Stanwood,Wis.-Eau Claire
2026,Mya Cinnamo,Wis.-Eau Claire
2026,Katie Mercure,Wis.-Eau Claire
2026,Mary Zettle,Wis.-Eau Claire
2026,Bailey Leeke,Wis.-Eau Claire
2026,Kaitlyn Erickson,Wis.-Eau Claire
2026,Darienne Andre,Wis.-Eau Claire
2026,Hanne Johnson,Wis.-Eau Claire
2026,Abigail Wherland,Wis.-Eau Claire
2026,Sasha Bovard,Wis.-Eau Claire
2026,Izzy Grace,Wis.-Eau Claire
2026,Norah Erickson,Wis.-Eau Claire
2026,Hannah Thole,Wis.-Eau Claire
2026,Makina Larson,Wis.-Eau Claire
2026,Autumn Stream,Wis.-Eau Claire
2026,Lili Hagg,Wis.-Eau Claire
2026,Rachel Johnson,Wis.-Eau Claire
2026,Marah Gruen,Wis.-Eau Claire
2026,Ivy Manning,Wis.-Eau Claire
2026,Amelia Herrick,Wis.-Eau Claire
2026,Grace Nommensen,Wisconsin-La Crosse
2026,Kailyn Kurth,Wisconsin-La Crosse
2026,Megan Jasperson,Wisconsin-La Crosse
2026,Megan Lund,Wisconsin-La Crosse
2026,Kennedy Myers,Wisconsin-La Crosse
2026,Bella Kottke,Wisconsin-La Crosse
2026,Maddy Wilson,Wisconsin-La Crosse
2026,Laurel Erickson,Wisconsin-La Crosse
2026,Grace Turlais,Wisconsin-La Crosse
2026,Annie Werner,Wisconsin-La Crosse
2026,Sydney Marx,Wisconsin-La Crosse
2026,Sydney Hoeft,Wisconsin-La Crosse
2026,Natalie Harris,Wisconsin-Parkside
2026,Emily Zaper,Wisconsin-Parkside
2026,Avary Polavin,Wisconsin-Parkside
2026,Sam Fisch,Wisconsin-Parkside
2026,Kalyn Schueller,Wisconsin-Parkside
2026,Gracyn Meyer,Wisconsin-Parkside
2026,Lauren Peters,Wisconsin-Parkside
2026,Lucy Russ,Wisconsin-Parkside
2026,Sierra Kilbourn,Wisconsin-Parkside
2026,Danielle Kopacz,Wisconsin-Parkside
2026,Hailey Warfel,Wisconsin-Parkside
2026,Audrey Musselman,Wisconsin-Parkside
2026,Monica Lukasiewicz,Wisconsin-Parkside
2026,Delaney Molloy,Wisconsin-Parkside
2026,Maia Olson,Wisconsin-Parkside
2026,Rayna Nelson,Wisconsin-Parkside
2026,Masina Reuter,Wisconsin-Parkside
2026,Abby Alms,Wisconsin-Parkside
2026,Samantha Molenhouse,Wisconsin-Parkside
2026,1,Brown
2026,516,Brown
2026,718,Brown
2026,745,Brown
2026,1979,Brown
2026,0,Brown
2026,-1,Brown
2026,Sabrina Hartmann,Wisconsin-River Falls
2026,Gracie Tallier,Wisconsin-River Falls
2026,Ellie Mascotti,Wisconsin-River Falls
2026,Emily Brenner,Wisconsin-River Falls
2026,Stella Pires,Wisconsin-River Falls
2026,Audrey Petersen,Wisconsin-River Falls
2026,Cora Sayotovich,Wisconsin-River Falls
2026,Olivia Noble,Wisconsin-River Falls
2026,Lily Lewis,Wisconsin-River Falls
2026,Grace McDole,Wisconsin-River Falls
2026,Amanda Baumann,Wisconsin-River Falls
2026,Audrey Johnson,Wisconsin-River Falls
2026,Ava Goldsberry,Wisconsin-River Falls
2026,Ada Schlenker,Wisconsin-River Falls
2026,Lauren Noth,Wisconsin-River Falls
2026,Sarah Miller,Wisconsin-River Falls
2026,Blessing Adebisi,Wisconsin-River Falls
2026,Jaelyn Thomas,Wisconsin-River Falls
2026,Shay Wilfahrt,Wisconsin-River Falls
2026,Ella Trieloff,Wisconsin-Stevens Point
2026,Maysen Brissette,Wisconsin-Stevens Point
2026,Tessa Erlandson,Wisconsin-Stevens Point
2026,Savanna Moe,Wisconsin-Stevens Point
2026,Sadie Grabarski,Wisconsin-Stevens Point
2026,Abby Nevins,Wisconsin-Stevens Point
2026,Delilah Hyland,Wisconsin-Stevens Point
2026,Maggie O'Brien,Wisconsin-Stevens Point
2026,Logan Cregan,Wisconsin-Stevens Point
2026,Bella Lucero,Wisconsin-Stevens Point
2026,Jadynn Gruner,Wisconsin-Stevens Point
2026,Hannah Strege,Wisconsin-Stevens Point
2026,Lauren Shaw,Wisconsin-Stevens Point
2026,Emma Ballweg,Wisconsin-Stevens Point
2026,Samantha Kempinger,Wisconsin-Stevens Point
2026,Carly Thomka,Wisconsin-Stevens Point
2026,Jaiden Schneiderman,Wisconsin-Stevens Point
2026,Isabella Digman,Wisconsin-Stevens Point
2026,Lainey Todd,Wisconsin-Stout
2026,Brooke McCune,Wisconsin-Stout
2026,Taylor Mosher,Wisconsin-Stout
2026,Rio Beaulieu,Wisconsin-Stout
2026,Avery McNutt,Wisconsin-Stout
2026,Kailey Kline,Wisconsin-Stout
2026,Brynn Hessel,Wisconsin-Stout
2026,Devyn Masloski,Wisconsin-Stout
2026,Emma Barton,Wisconsin-Stout
2026,Sam Siehr,Wisconsin-Stout
2026,Lauren Duenkel,Wisconsin-Stout
2026,Kyra Giffen,Wisconsin-Stout
2026,Stephanie Petrbok,Wisconsin-Stout
2026,Sloan Horgan,Wisconsin-Stout
2026,Hope Bushendorf,Wisconsin-Stout
2026,Maggie Paulsen,Wisconsin-Stout
2026,Gabby Ehlers,Wisconsin-Stout
2026,Molly Fell,Wisconsin-Stout
2026,Falon Hepola,Wisconsin-Stout
2026,Addison Kessler,Wisconsin-Stout
2026,Phoebe Kim,Wisconsin-Stout
2026,Elise Plaggemeyer,Wisconsin-Stout
2026,Coral Cook,Wisconsin-Superior
2026,Grace Dose,Wisconsin-Superior
2026,Olivia Kriewaldt,Wisconsin-Superior
2026,Carlie Lohman,Wisconsin-Superior
2026,Savanna Hering,Wisconsin-Superior
2026,Melissa Hoff,Wisconsin-Superior
2026,Kyndra Peterson,Wisconsin-Superior
2026,Sydney Smith,Wisconsin-Superior
2026,Aspen Gentele,Wisconsin-Superior
2026,Kate Jamtgaard,Wisconsin-Superior
2026,Makenna Hohbein,Wisconsin-Superior
2026,Taylor Tollefson,Wisconsin-Superior
2026,Kenzie Aber,Wisconsin-Superior
2026,Claire Egnash,Wisconsin-Superior
2026,Chesney Phillipp,Wisconsin-Superior
2026,Alaina Wilberg,Wisconsin-Superior
2026,Alayna Schultz,Wisconsin-Superior
2026,Ella Jenkins,Wisconsin-Whitewater
2026,Olivia Donovan,Wisconsin-Whitewater
2026,Emma Bludgen,Wisconsin-Whitewater
2026,Emily Lego,Wisconsin-Whitewater
2026,Kyanne Wusterbarth,Wisconsin-Whitewater
2026,Natalie Lawton,Wisconsin-Whitewater
2026,Kameron Brand,Wisconsin-Whitewater
2026,Lexi Jensen,Wisconsin-Whitewater
2026,Gaby DiMotto,Wisconsin-Whitewater
2026,Delaney Ward,Wisconsin-Whitewater
2026,Faith Corbett,Wisconsin-Whitewater
2026,Kylee Altendorf,Wisconsin-Whitewater
2026,Amanda Hillmann,Wisconsin-Whitewater
2026,Michelyn Hansen,Wisconsin-Whitewater
2026,Keaten Davis,Wisconsin-Whitewater
2026,Aubrie Krzus,Wisconsin-Whitewater
2026,Olivia Doppke,Wisconsin-Whitewater
2026,Abbie Dix,Wisconsin-Whitewater
2026,Maura Oslosky,WPI
2026,Julia Colantuoni,WPI
2026,Phia Fisher,WPI
2026,Preslie Jerebker,WPI
2026,Olivia Hutchinson,WPI
2026,Anysha Audrey,WPI
2026,Shayna Hailey,WPI
2026,Abigail Malone,WPI
2026,Bridget Spees,WPI
2026,Zeala VanDamme,WPI
2026,Anastasia Kelnik,WPI
2026,Abby Harrington,WPI
2026,Kylie Welcher,WPI
2026,Jennah DiMartino,WPI
2026,Christina Femino,WPI
2026,Liz Higday,WPI
2026,Ariana Tapia-Stridiron,WPI
2026,Lauren Boycourt,WPI
2026,Taylor Simpson,WPI
2026,Amelia Lynch,WPI
2026,Sienna Barry,WPI
2026,Niki Szavuly,WPI
2026,Halle Albers,Westminster (PA)
2026,Maggie Shadle,Westminster (PA)
2026,Julia Mason,Westminster (PA)
2026,Morgan O'Brien,Westminster (PA)
2026,Grace Hayden,Westminster (PA)
2026,Kylie Anthony,Westminster (PA)
2026,Liv Trent,Westminster (PA)
2026,Suzie Bishop,Westminster (PA)
2026,Jenna Renner,Westminster (PA)
2026,Sarah Hayes,Westminster (PA)
2026,Zoie Reid,Westminster (PA)
2026,Lexi Markun,Westminster (PA)
2026,Alex Boda,Westminster (PA)
2026,Stephanie Strenk,Westminster (PA)
2026,Ava Commons,Westminster (PA)
2026,Violet Seaman,Westminster (PA)
2026,Brooke Gecina,Westminster (PA)
2026,Dakota Hershberger,Westminster (PA)
2026,Emma McCosby,Westminster (PA)
2026,Anna-Kate Davis,Westminster (PA)
2026,Jayda Coriano,Westminster (PA)
2026,Amara Defrank,Westminster (PA)
2026,Kaiya Coleman,Westminster (PA)
2026,JayLynn Sherred,Westminster (PA)
2026,Gabriella Revel,Westminster (PA)
2026,165,Wright St.
2026,842,Wright St.
2026,865,Wright St.
2026,1075,Wright St.
2026,2947,Wright St.
2026,Gabriele Stasys,Yale
2026,Katelyn Adams,York (PA)
2026,Lily Morton,York (PA)
2026,Gabby Gigliotti,York (PA)
2026,Morgan Nolte,York (PA)
2026,Kelsey Fahey,York (PA)
2026,Shae Ramberger,York (PA)
2026,Alex Helm,York (PA)
2026,Kendall Jenkins,York (PA)
2026,Sami Baer,York (PA)
2026,Sophia Peifer-Del Valle,York (PA)
2026,Hannah Runyard,York (PA)
2026,Claire Bond,York (PA)
2026,Ashley Lamme,York (PA)
2026,Gracie Plunkert,York (PA)
2026,Maddie Hoffman,York (PA)
2026,Saniya Esters,York (PA)
2026,Darby Stetter,York (PA)
2026,Tiffani King,York (PA)
2026,Liz Kerin,York (PA)
2026,Izzy Henry,Youngstown St.
2026,Lindsay Madigan,Hilbert
2026,Charly Mathews,Hilbert
2026,Jessee Jonathan,Hilbert
2026,Jazzelle McLean,Hilbert
2026,Jenna Yauger,Hilbert
2026,Jordan Austin,Hilbert
2026,Mackenzie Mitchell,Hilbert
2026,Riley O'Neill,Hilbert
2026,McKenna Rice,Hilbert
2026,Michaela Rice,Hilbert
2026,Samantha Healy,Hilbert
2026,Jenna Revak,Hilbert
2026,Molly McKinnon,Hilbert
2026,Jade Schiller,Hilbert
2026,Meghan Balen,Hilbert
2026,Lezly McComber,Hilbert
2026,Charley Hernandez,Buena Vista
2026,Kylie Trappe,Buena Vista
2026,Josey Freel,Buena Vista
2026,Macy Welsh,Buena Vista
2026,Merced Ramirez,Buena Vista
2026,Faith Fitzgerald,Buena Vista
2026,Ashlyne Havermann,Buena Vista
2026,Reese Nieuwenhuis,Buena Vista
2026,Genevieve Livingston,Buena Vista
2026,Sydney Meints,Buena Vista
2026,Sophia Hisek,Buena Vista
2026,Sophia Taylor,Buena Vista
2026,Peyton Ogle,Buena Vista
2026,Hope Vanderlinden,Buena Vista
2026,Kyla Vaughn,Buena Vista
2026,Marti Flores,Buena Vista
2026,Mariah Dutcher,Buena Vista
2026,Kenna Harskamp,Buena Vista
2026,Lydia Hook,Buena Vista
2026,Chloe Hustedt,Buena Vista
2026,Natya Khamphanh,Buena Vista
2026,Nora Konz,Buena Vista
2026,Jocelyn O'Neal,Buena Vista
2026,Addison Wagoner,Buena Vista
2026,Carsen Wellhausen,Buena Vista
2026,Kaylee Wray,Buena Vista
2026,Alyssa Marshall,Hood
2026,Katie Goddard,Hood
2026,Isabelle Garrett,Hood
2026,Malia Tillstrum,Hood
2026,Brynn Cochran,Hood
2026,Tara Gosney,Hood
2026,Jaylin Anderson,Hood
2026,Janiyah Thornton,Hood
2026,Mary LeBlanc,Hood
2026,Kendall Massey,Hood
2026,Madison Powell,Hood
2026,Ava Pollock,Hood
2026,Anna Huber,Hood
2026,Samyra-Lin Foxie-Fields,Hood
2026,Grace Tamburin,Hood
2026,Meara Mason,Hood
2026,Whitney Paul,Hood
2026,Emerson O'Connor,Hood
2026,Sami Betley,Hood
2026,Cam Madden,Hood
2026,Maria Ricketts,Hood
2026,Kyonias Chambers,Ark.-Monticello
2026,Jalen Scroggins,Ark.-Monticello
2026,Maelie Cooke,Ark.-Monticello
2026,Kylie Miller,Ark.-Monticello
2026,Sophia Grubbs,Ark.-Monticello
2026,Ja'Miah Thomas,Ark.-Monticello
2026,Holland Hickman,Ark.-Monticello
2026,Evalyn Dang,Ark.-Monticello
2026,Hannah Hubbard,Ark.-Monticello
2026,Laura Sofia Moreno,Ark.-Monticello
2026,Summer Stephens,Ark.-Monticello
2026,Brianna White,Ark.-Monticello
2026,Ella Cline,Ark.-Monticello
2026,Allyson Rosa,Ark.-Monticello
2026,Shayla Lacamiento,Ark.-Monticello
2026,Isabella Garcia,Ark.-Monticello
2026,Eveyn Main,Ark.-Monticello
2026,Sia Caballero,LeTourneau
2026,Taylor Williams,LeTourneau
2026,Nora Lockhart,LeTourneau
2026,Ashlyn Walther,LeTourneau
2026,Madi Love,LeTourneau
2026,Maddy Hirneise,LeTourneau
2026,Logan Lear,LeTourneau
2026,Gabby Ovalle,LeTourneau
2026,Aidyn Love,LeTourneau
2026,Claire Bezanilla,LeTourneau
2026,Rebekah Dragoo,LeTourneau
2026,Elyse McKinney,LeTourneau
2026,Kylee Marksberry,LeTourneau
2026,Kassidy Meyer,LeTourneau
2026,Emily Mullin,LeTourneau
2026,Hailee Perry,LeTourneau
2026,Elizabeth Corbitt,LeTourneau
2026,Yasmine DeLaGarza,McMurry
2026,Kiley Wiechring,McMurry
2026,Jyllian Phillips,McMurry
2026,Lexi Nichols,McMurry
2026,Madi Polasek,McMurry
2026,Allison Montoya,McMurry
2026,Jaidan Servati,McMurry
2026,Grace Fortune,McMurry
2026,Layleah Williams-Gibson,McMurry
2026,Marcette Williams,McMurry
2026,Rylie Patterson,McMurry
2026,Kenzie Jackson,McMurry
2026,Hanna Rubis,McMurry
2026,Lexi Anderson,McMurry
2026,Grace Gustafson,McMurry
2026,Jalie Miller,McMurry
2026,Haley McCallick,McMurry
2026,Reese Collins,Buffalo
2026,Mya Krystosek,Southwest Minn. St.
2026,Kennedy Drake,Southwest Minn. St.
2026,Natalie Pilney,Southwest Minn. St.
2026,Sydney Thein,Southwest Minn. St.
2026,Mollie Rupp,Southwest Minn. St.
2026,Reese Drake,Southwest Minn. St.
2026,Tatem Schmidt,Southwest Minn. St.
2026,Maddy Range,Southwest Minn. St.
2026,Paige Steinmetz,Southwest Minn. St.
2026,Leah Jones,Southwest Minn. St.
2026,Avery Fahl,Southwest Minn. St.
2026,Lindsay Kruse,Southwest Minn. St.
2026,Ashlynn Schroeder,Southwest Minn. St.
2026,Trevyn Smith,Southwest Minn. St.
2026,Josie Pundt,Southwest Minn. St.
2026,Makenzie Walsh,Southwest Minn. St.
2026,Ashley Peltier,Southwest Minn. St.
2026,Madeline Harris,Southwestern Okla.
2026,Jenna Houk,Southwestern Okla.
2026,Mackenzie Sims,Southwestern Okla.
2026,Josci Buckley,Southwestern Okla.
2026,Morgan Ritchie,Southwestern Okla.
2026,Sydnee Winfrey,Southwestern Okla.
2026,Libbie Hughs,Southwestern Okla.
2026,Layla Collins,Southwestern Okla.
2026,Jada Permenter,Southwestern Okla.
2026,Willow Deckinger,Southwestern Okla.
2026,Alexia Ene,Southwestern Okla.
2026,Haley Thomas,Southwestern Okla.
2026,Lydia Steckel,Southwestern Okla.
2026,Katja Blanchat,Southwestern Okla.
2026,Taylor Hill,Chowan
2026,Brooke Hart,Chowan
2026,Jada Caruthers,Chowan
2026,Kennedy Mills,Chowan
2026,Andrea Krgovic,Chowan
2026,Emma Soride,Chowan
2026,Alauna Wilson-Linn,Chowan
2026,Gabriella Figueroa,Chowan
2026,Madison Henderson,Chowan
2026,Alexa Fricker,Chowan
2026,Malyshia Bailey,Chowan
2026,Kiara Lopez,Chowan
2026,Rosa Collier,Chowan
2026,Jada Virgin,Chowan
2026,Anna Holcombe,Chowan
2026,Alanna Verme,Chowan
2026,Marissa Till,Caltech
2026,Jeylin Lee,Caltech
2026,Stephanie Wallen,Caltech
2026,Rena Zhang,Caltech
2026,Alize Bakker,Caltech
2026,Brittany Rosario,Caltech
2026,Shreeya Thuppul,Caltech
2026,Emma Berg,Caltech
2026,Ailsa Shen,Caltech
2026,Veda Chennupati,Caltech
2026,Giulia Murgia,Caltech
2026,Noelle Wilkinson,Caltech
2026,Elexa Varden,Wis. Lutheran
2026,Morgan Curcio,Wis. Lutheran
2026,Hannah Rood,Wis. Lutheran
2026,Alyssa Koval,Wis. Lutheran
2026,Kayla Schiebel,Wis. Lutheran
2026,Lorelai Gallo,Wis. Lutheran
2026,Brooke Bartelt,Wis. Lutheran
2026,Lydia Neeb,Wis. Lutheran
2026,Isabel Baudhuin,Wis. Lutheran
2026,Juliet Boche,Wis. Lutheran
2026,Lauren Charbonneau,Wis. Lutheran
2026,Brooklyn Lenz,Wis. Lutheran
2026,Willa Hollander,Wis. Lutheran
2026,Keiveana Petersons,Wis. Lutheran
2026,Brenna Valerio,Wis. Lutheran
2026,Faith Smith,Wis. Lutheran
2026,Veronica Tollakson,Wis. Lutheran
2026,Makenna Burg,Wis. Lutheran
2026,Ireland Zyzo,Wis. Lutheran
2026,Alex Emberger,Wis. Lutheran
2026,Elizabeth Ehlke,Wis. Lutheran
2026,Bree Lyons,Converse
2026,Blair Mull,Converse
2026,Scarlett Xiong,Converse
2026,Emilia Estrada,Converse
2026,Emma Blackstar,Converse
2026,Ariel Bryant,Converse
2026,Alysha Arroyo,Converse
2026,Daisy Woods,Converse
2026,Ella Ruckman,Converse
2026,Aubree James,Converse
2026,Alayah Robertson,Converse
2026,Landon Garbade,Converse
2026,Gabrielle Leigh,Converse
2026,Hannah Johnson,Converse
2026,Arianna Almonte,Converse
2026,McKayla St. Clair,Converse
2026,Ariana Bryant,Converse
2026,Samiya Bolton,Converse
2026,Jaden Walker,Converse
2026,Allie Rushing,East Central
2026,Gabriela Etter,East Central
2026,Briley Marion,East Central
2026,Mia Little,East Central
2026,Peyton Spahn,East Central
2026,Seran Eran,East Central
2026,Emily Pena,East Central
2026,Jada Faulkner,East Central
2026,Jaylani Evans,East Central
2026,Annabelle Nichter,East Central
2026,Addison Iman,East Central
2026,Faiana Halatoa,East Central
2026,Tatum Flemming,East Central
2026,Isabel Gabbert,East Central
2026,Reagan Hutchinson,East Central
2026,Jayla Buford,East Central
2026,Kensington White,East Central
2026,Bryleigh Wallace,East Central
2026,Kendyl Keenan,East Central
2026,Morgan Menard,East Central
2026,Lana Wright,East Central
2026,Jadyn Rambo,East Central
2026,Breana Timms,East Central
2026,Emily Mundaray,Georgian Court
2026,Leora Atiles,Georgian Court
2026,Maggy Hallihan,Georgian Court
2026,Saige Harvey,Georgian Court
2026,Kyla Davis,Georgian Court
2026,Madison Wilbert,Georgian Court
2026,Roshell Chevres Sanchez,Georgian Court
2026,Ava Churnesky,Georgian Court
2026,Ziahna Frazier,Georgian Court
2026,Carmen Rivera Colon,Georgian Court
2026,Kaitlyn Leonardo,Georgian Court
2026,Anna Trojan,Georgian Court
2026,Kathymar Laboy Negron,Georgian Court
2026,Ana Nikolic,Georgian Court
2026,Flavia Pecora,Georgian Court
2026,Mya Johnson,Georgian Court
2026,Keira Mullen,Georgian Court
2026,Carsyn Cormaney,Fort Hays St.
2026,Regan Widener,Fort Hays St.
2026,Ella Goodwin,Fort Hays St.
2026,Peyton Bergschneider,Fort Hays St.
2026,Annie Eaton,Fort Hays St.
2026,Haylee Wolf,Fort Hays St.
2026,Ashlyn Reeves,Fort Hays St.
2026,Kaitlyn Cure,Fort Hays St.
2026,Hannah Schade,Fort Hays St.
2026,Hope Duncan,Fort Hays St.
2026,Mylie Brown,Fort Hays St.
2026,Delaney Gish,Fort Hays St.
2026,Sophie Sander,Fort Hays St.
2026,Madison Crowe,Fort Hays St.
2026,Avery Eshleman,Fort Hays St.
2026,Jaden Goldberg,Fort Hays St.
2026,Lauren Clawson,Fort Hays St.
2026,Sofia Ricci,Fort Hays St.
2026,Hanna Lauterbach,Mo. Southern St.
2026,Epifania Salamasina,Mo. Southern St.
2026,Reagan Ashby,Mo. Southern St.
2026,Addysen Alvis,Mo. Southern St.
2026,Presli Harts,Mo. Southern St.
2026,Kasey Goldberg,Mo. Southern St.
2026,Brenna Weaver,Mo. Southern St.
2026,Ashlee Chavez,Mo. Southern St.
2026,Tiana Simmons,Mo. Southern St.
2026,Olivia Burmeister,Mo. Southern St.
2026,Preslee Alaniz,Mo. Southern St.
2026,Kenzie Jones,Mo. Southern St.
2026,Ella Breazeale,Mo. Southern St.
2026,Kaelyn Kendrick,Mo. Southern St.
2026,Abby Morris,Mo. Southern St.
2026,Jordyn Whitfield,Mo. Southern St.
2026,Grace Gardner,Mo. Southern St.
2026,Anna Weberg,Missouri Western
2026,Taylor Russell,Missouri Western
2026,Hayley Barsky,Missouri Western
2026,Skylar Walters,Missouri Western
2026,Ella Anderson,Missouri Western
2026,Emma Ammon,Missouri Western
2026,Tanith Roush,Missouri Western
2026,Emily Loy,Missouri Western
2026,Summer Anderson,Missouri Western
2026,Dakota Hendricks,Missouri Western
2026,Anna Strohmeier,Missouri Western
2026,Mackenzie Peters,Missouri Western
2026,Emma Duff,Missouri Western
2026,Brooklyn Gormley,Missouri Western
2026,Katelyn Diani-O'Day,Missouri Western
2026,Holly Heldt,Missouri Western
2026,Noelle Sutcliffe,Missouri Western
2026,Reagan Hickey,Concordia-St. Paul
2026,Audrey Waterman,Concordia-St. Paul
2026,Makenna Nold,Concordia-St. Paul
2026,Mehlayna Straub,Concordia-St. Paul
2026,Josie Tingelhoff,Concordia-St. Paul
2026,Vivie Dempsey,Concordia-St. Paul
2026,Kaydence White,Concordia-St. Paul
2026,Annika Swenson,Concordia-St. Paul
2026,Kaelyn Snoozy,Concordia-St. Paul
2026,Marta Leeland,Concordia-St. Paul
2026,Abby Rolbiecki,Concordia-St. Paul
2026,Kelsey Cooper,Concordia-St. Paul
2026,Julia Gordon,Concordia-St. Paul
2026,Olivia Stier,Concordia-St. Paul
2026,Charlotte Koerber,Cal Poly Pomona
2026,Elle Walker,Cal Poly Pomona
2026,Keira Limbrick,Cal Poly Pomona
2026,Kiyomi Kohno,Cal Poly Pomona
2026,Rachel Mau,Cal Poly Pomona
2026,Bronwyn Rowse,Cal Poly Pomona
2026,Dylyn Williams,Cal Poly Pomona
2026,Addi Knight,Cal Poly Pomona
2026,Amelia Bonnema,Cal Poly Pomona
2026,Lilinoe Spencer,Cal Poly Pomona
2026,Sarah Ybarra,Cal Poly Pomona
2026,Alexia Zammit,Cal Poly Pomona
2026,Hadassah Makama,Cal Poly Pomona
2026,Abryannah Mama,Cal Poly Pomona
2026,Alexia Athans,Cal Poly Pomona
2026,Renee Nachtigall,Cal Poly Pomona
2026,Paige Bowyer,Cal Poly Pomona
2026,Giovannina De Sisto,Cal St. Dom. Hills
2026,Makena Morrison,Cal St. Dom. Hills
2026,Jasmine Soto-Castro,Cal St. Dom. Hills
2026,Malia Jones,Cal St. Dom. Hills
2026,Keilyn Flores,Cal St. Dom. Hills
2026,Jaidan Alexander,Cal St. Dom. Hills
2026,Rilee Graham,Cal St. Dom. Hills
2026,Jayla Yoder,Cal St. Dom. Hills
2026,Lainey Johnson,Cal St. Dom. Hills
2026,Jaiden Pierson,Cal St. Dom. Hills
2026,Dakota Carvo,Cal St. Dom. Hills
2026,Kylie Leopard,Cal St. Dom. Hills
2026,Jordan Kennedy,Cal St. Dom. Hills
2026,Shyla Williams,Cal St. Dom. Hills
2026,Natalia Walden-Schulz,Cal St. Dom. Hills
2026,Anna Sanzaro,Cal St. Dom. Hills
2026,Ryann Bennett,Cal St. Dom. Hills
2026,Mercy Martinez,Adams St.
2026,Rowan Tribelhorn,Adams St.
2026,Aubrey Rothermich,Adams St.
2026,Tatianna Staab,Adams St.
2026,Nora Conway,Adams St.
2026,Ariel Barrera,Adams St.
2026,Amar'e Stout,Adams St.
2026,Taylor Matthews,Adams St.
2026,Ashlyn Jones,Adams St.
2026,Sienna Markovich,Adams St.
2026,Isa Folau,Adams St.
2026,Ella Augustaitus,Adams St.
2026,Isabella Hidalgo,Adams St.
2026,Katie Bauer,Adams St.
2026,Brooklynn Morgan,Adams St.
2026,Giovanna Marins,Adams St.
2026,Isabella DeLaRosa,Adams St.
2026,Ellie Miller,Adams St.
2026,Lizzie Macintosh,Adams St.
2026,Haedyn Heyes,Cal St. San Bernardino
2026,Sarai Ross,Cal St. San Bernardino
2026,Allison Legates,Cal St. San Bernardino
2026,Saniyah Sobers,Cal St. San Bernardino
2026,Lailah Thompson,Cal St. San Bernardino
2026,McKenna Edwards,Cal St. San Bernardino
2026,Addie Cameron,Cal St. San Bernardino
2026,M'Kera Drake,Cal St. San Bernardino
2026,Lilly Hartman,Cal St. San Bernardino
2026,Kailey Ethington,Cal St. San Bernardino
2026,Analei Bradley,Cal St. San Bernardino
2026,Allison Chase,Cal St. San Bernardino
2026,Cali Tirado,Cal St. San Bernardino
2026,Kacie Pedersen,Cal St. San Bernardino
2026,Kisa Sagiao,Cal St. San Bernardino
2026,Jaiden Van Horn,Cal St. San Bernardino
2026,Olivia Rohrbaugh,Alvernia
2026,Melina Stinsky,Alvernia
2026,Kimberly Nieves,Alvernia
2026,Casey Treude,Alvernia
2026,Christianna Figurelli,Alvernia
2026,Olivia VonNeida,Alvernia
2026,Maylin Ortiz,Alvernia
2026,Caroline Buggy,Alvernia
2026,Sophia Gaglione,Alvernia
2026,Allison Wolf,Alvernia
2026,Molly Blore,Alvernia
2026,Angelina Salera,Alvernia
2026,Julia Lassandro,Alvernia
2026,Hannah Dillon,Alvernia
2026,Kira Abers,Alvernia
2026,Olivia Jones,Alvernia
2026,Marli Emrich,Alvernia
2026,Zoe Velez,Alvernia
2026,Erika Hernandez,Arkansas Tech
2026,Kylie Lambert,Arkansas Tech
2026,Ashtyn Werth,Arkansas Tech
2026,Samantha Wojtowicz,Arkansas Tech
2026,Kaitlyn Hanger,Arkansas Tech
2026,Alex Newland,Arkansas Tech
2026,Amy Hernandez,Arkansas Tech
2026,Juliana Borchers,Arkansas Tech
2026,Henley Hooks,Arkansas Tech
2026,Kenzie Garrett,Arkansas Tech
2026,Sammie Smith,Arkansas Tech
2026,Karis Brinlee,Arkansas Tech
2026,Briazia Osborne,Arkansas Tech
2026,Allison Jackson,Arkansas Tech
2026,Madison Crum,Arkansas Tech
2026,Karlly Dillard,Arkansas Tech
2026,Lauren Taylor,Arkansas Tech
2026,Carson Thiebaud,Arkansas Tech
2026,Savannah Meyer,Arkansas Tech
2026,BryAnna Young,Arkansas Tech
2026,Jessica Ortiz,Chico St.
2026,Sally Winnacker,Chico St.
2026,Lexi Presser,Chico St.
2026,Finley Corona,Chico St.
2026,Catalina Trautner,Chico St.
2026,Whitney Fairfield,Chico St.
2026,Hayley Frushon,Chico St.
2026,Kassandra Nall,Chico St.
2026,Sinam Minasian,Chico St.
2026,Wyievee Binda,Chico St.
2026,Maria Wahl,Chico St.
2026,Alexis Holman,Chico St.
2026,Marley Harrison,Chico St.
2026,Claire Nordeen,Chico St.
2026,Jillian Davis,Chico St.
2026,Sophia Heller,Chico St.
2026,Paola De La Cruz,Bard
2026,Isis Pribble,Bard
2026,Alex Beer,Bard
2026,Adrianna Howell,Bard
2026,Laura Kurbanova,Bard
2026,Ava Rhinehart,Bard
2026,Xenia Vassou,Bard
2026,Fernanda Julian,Bard
2026,Kylah Demers,Bard
2026,Ninni Ylenius,Bard
2026,Nala Roman,Bard
2026,Penelope Joosten Lingo,Bard
2026,Gia Gomez,Bard
2026,Hailey Maxwell,West Va. Wesleyan
2026,Alivia Evans,West Va. Wesleyan
2026,Ava Arnold,West Va. Wesleyan
2026,Ellie Russo,West Va. Wesleyan
2026,Ameria Leonard,West Va. Wesleyan
2026,Arianna Crowley,West Va. Wesleyan
2026,Mia Myers,West Va. Wesleyan
2026,Brooke Schoening,West Va. Wesleyan
2026,Emma Edwards,West Va. Wesleyan
2026,Lacey Guthrie,West Va. Wesleyan
2026,Sydnee Clark,West Va. Wesleyan
2026,Emonie Fennell,West Va. Wesleyan
2026,Kylie Chipps,West Va. Wesleyan
2026,Zoey Hopkins,West Va. Wesleyan
2026,Addison Schultz,West Va. Wesleyan
2026,Sabrina Carleton,West Va. Wesleyan
2026,Faith Grafton,West Va. Wesleyan
2026,Leah Myers,West Va. Wesleyan
2026,Emily Denison,West Va. Wesleyan
2026,Liliana Beckstedt,West Va. Wesleyan
2026,Delaney McAtee,West Va. Wesleyan
2026,Claire Wheeler,West Va. Wesleyan
2026,Isabella Trapuzzano,West Va. Wesleyan
2026,Braeden Wall,West Va. Wesleyan
2026,Addison Gosche,West Va. Wesleyan
2026,Emma Dooley,West Va. Wesleyan
2026,Julia Territ,West Va. Wesleyan
2026,Bhrooke Axe,West Va. Wesleyan
2026,Laila Hartley,West Va. Wesleyan
2026,Ava Territ,West Va. Wesleyan
2026,Paityn Butler,West Va. Wesleyan
2026,MacKenna Halfin,West Va. Wesleyan
2026,Axelle Allais-Noblesse,West Va. Wesleyan
2026,Devon Young,Arcadia
2026,Avery Bell,Arcadia
2026,Anna Keer,Arcadia
2026,Mia Beckett,Arcadia
2026,Kaitlyn Small,Arcadia
2026,Bryana Saenz,Arcadia
2026,Katie Grimm,Arcadia
2026,Raegan Oursler,Arcadia
2026,Alexandria Coleman,Arcadia
2026,Kailyn Riggi,Arcadia
2026,Sarah Baker,Arcadia
2026,Julia Archelle,Arcadia
2026,Maddie Gavin Ruple,Arcadia
2026,Kam Wertz,Arcadia
2026,Chana Rothschild,Arcadia
2026,Morgan Orsulak,Arcadia
2026,Hannah Sanchez,Arcadia
2026,Alliy Kulas,Arcadia
2026,Katie Levin,Arcadia
2026,Stella Weisbrod,Embry-Riddle (FL)
2026,Ashlyn Koerner,Embry-Riddle (FL)
2026,Fifi Harvey,Embry-Riddle (FL)
2026,Kailey Hrbek,Embry-Riddle (FL)
2026,Dakota Zieman,Embry-Riddle (FL)
2026,Taylor Fonseca,Embry-Riddle (FL)
2026,Ashtyn Good,Embry-Riddle (FL)
2026,Geiliany Del Valle Fuster,Embry-Riddle (FL)
2026,Lindsay Smith,Embry-Riddle (FL)
2026,Maddey Cruse,Embry-Riddle (FL)
2026,Jade Rodriguez,Embry-Riddle (FL)
2026,Ashley Lunt,Embry-Riddle (FL)
2026,Haley Manjack,Embry-Riddle (FL)
2026,Grace Datil,Embry-Riddle (FL)
2026,Ruby Owen,Embry-Riddle (FL)
2026,Alyssa Wells,St. Elizabeth
2026,Dadlyna Louis,St. Elizabeth
2026,Marissa Jean Baptiste,St. Elizabeth
2026,Sienna Volpe,St. Elizabeth
2026,Amiyah Freeman,St. Elizabeth
2026,Ericka Menaling Trajano,St. Elizabeth
2026,Sophie Galchus,St. Elizabeth
2026,Mia Gonzales,St. Elizabeth
2026,Milliana Senescat,St. Elizabeth
2026,Marissa Heimbaugh,St. Elizabeth
2026,Victoria Compton,St. Elizabeth
2026,Andrea Hurt,Berry
2026,Elise Trimble,Berry
2026,Ryn Gaertner,Berry
2026,Hope Kimsey,Berry
2026,Ailee England,Berry
2026,Madie Whitehead,Berry
2026,Cali Armstead,Berry
2026,Keira Kruk,Berry
2026,Izzy Baldwin,Berry
2026,Marley Shumaker,Berry
2026,Maddie Dahl,Berry
2026,Natalie Erickson,Berry
2026,Caroline Hilton,Berry
2026,Rosemary Boylston,Berry
2026,Selena Will,Berry
2026,Sarah Dunford,Berry
2026,Ava Brovet,Berry
2026,Shelby Harris,Berry
2026,Kendall Stansbury,Berry
2026,Nicole Himebauch,UC-Colo. Springs
2026,Avery Samson,UC-Colo. Springs
2026,Michelle Fredrick,UC-Colo. Springs
2026,Alysse Marcoso,UC-Colo. Springs
2026,Sydni Lafasciano,UC-Colo. Springs
2026,Sydnee Walker,UC-Colo. Springs
2026,Tori Greeney,UC-Colo. Springs
2026,Payton Tompkins,UC-Colo. Springs
2026,Piper DeRuiter,UC-Colo. Springs
2026,Sydney Hyde,UC-Colo. Springs
2026,Charlette Albers,UC-Colo. Springs
2026,Addison Humphrey,UC-Colo. Springs
2026,Addison Kemper,UC-Colo. Springs
2026,Aubrey Miller,UC-Colo. Springs
2026,Karlee Pinell,UC-Colo. Springs
2026,Rebeca Freitas,Cal St. East Bay
2026,Gianna Navarro,Cal St. East Bay
2026,Saniya Kimbrough,Cal St. East Bay
2026,Kale'a Kuamo'o,Cal St. East Bay
2026,Carys Fouser,Cal St. East Bay
2026,Jaslyn Wallace,Cal St. East Bay
2026,Trinity Cox,Cal St. East Bay
2026,Barakat Adekola,Cal St. East Bay
2026,Sydnee Macias,Cal St. East Bay
2026,Megan Merrill,Cal St. East Bay
2026,Brooklynne Traficante,Cal St. East Bay
2026,Lamona Lauhingoa,Cal St. East Bay
2026,Makaiya Gerhardt,Cal St. East Bay
2026,Faith Stambaugh,Cal St. East Bay
2026,Pi'ilani Carvalho,Cal St. East Bay
2026,Makena Sacks,Cal St. East Bay
2026,Natali Herrera,Cal St. East Bay
2026,Malayah Adams,Cal St. East Bay
2026,Lauren Au,Cal St. East Bay
2026,Gabrielle Casino,Cal St. East Bay
2026,Isabelle Watson,Cal St. East Bay
2026,Jada Burns,Bluefield St.
2026,Mekenna Scott,Bluefield St.
2026,Londyn Sewer,Bluefield St.
2026,Jessi Williams,Bluefield St.
2026,Bethel Shimelis,Bluefield St.
2026,Soniya Garner,Bluefield St.
2026,Emily Enriquez,Bluefield St.
2026,Tessa Heffner,Bluefield St.
2026,Anani Sheppard,Bluefield St.
2026,Nylah Charles,Bluefield St.
2026,Danielle Robinson,Bluefield St.
2026,Kaileigh Solis,Bluefield St.
2026,Kandace Griffin,Bluefield St.
2026,Eliana Fuller,Bluefield St.
2026,Alexia Cunningham,Bluefield St.
2026,Lilly Gray,Bluefield St.
2026,Syah Neal,Bluefield St.
2026,Callesta Styles,Bluefield St.
2026,Grace Moliterno,Caldwell
2026,Stephanie Ramos,Caldwell
2026,Marley Rudolph,Caldwell
2026,Si'ena King,Caldwell
2026,Brooke Cvitkovic,Caldwell
2026,Andrea Enabosi,Caldwell
2026,Sarah Ojo,Caldwell
2026,Jasmine Johnson,Caldwell
2026,Sienna Reddell,Caldwell
2026,Olivia Oakley,Caldwell
2026,Kaybri Lowry,Caldwell
2026,Summer Ciresi,Caldwell
2026,Tami Adesanya,Caldwell
2026,Meredith Gatz,Caldwell
2026,Bianca Chiarella,Caldwell
2026,Taylor Silva,Cameron
2026,Emily Jaramillo,Cameron
2026,Carmen Wallace,Cameron
2026,Ana Hrle,Cameron
2026,Mavery Salisbury,Cameron
2026,Kayla Eggiman,Cameron
2026,Leticia Costa,Cameron
2026,Madison Waiki,Cameron
2026,Addison McClure,Cameron
2026,Luana Lombardi,Cameron
2026,Maria Osorio,Cameron
2026,Lillian Carollo,Cameron
2026,Presleigh Roest,Cameron
2026,Anastasija Andelic,Cameron
2026,Caitlyn Cornell,Cameron
2026,Sydney Walker,Cameron
2026,Hadassah Rivera,Valley Forge
2026,Issy Davila,Valley Forge
2026,Sierra Brown,Valley Forge
2026,Mattayah Lyndaker,Valley Forge
2026,Elizabeth Moore,Valley Forge
2026,Ally Greco,Valley Forge
2026,Abigail Sumego,Valley Forge
2026,Peyton McCray,Valley Forge
2026,Abigail Risi,Valley Forge
2026,Clarissa Lockman,Valley Forge
2026,Unique Castilho,Valley Forge
2026,Alyssa Thumma,Valley Forge
2026,Areigna Dales,Valley Forge
2026,Molly Wright,Pfeiffer
2026,Kelsey Hussey,Pfeiffer
2026,Marina Mueller,Pfeiffer
2026,Ariyan Ford,Pfeiffer
2026,Gabi Gama,Pfeiffer
2026,Shelby Belk,Pfeiffer
2026,Kady Collins,Pfeiffer
2026,Isabelle Conradie,Pfeiffer
2026,Brynne Varsamis,Pfeiffer
2026,Elisa Landaverde,Pfeiffer
2026,Emma Line,Pfeiffer
2026,Meagan Mowrey,Pfeiffer
2026,Ellen Butner,Pfeiffer
2026,Alana Herring,Pfeiffer
2026,Jada Thomas,Pfeiffer
2026,Grace Nelson,Pfeiffer
2026,Anasty Faavesi,Pfeiffer
2026,Kennedy Donley,Pfeiffer
2026,Harmony Blankenship,Pfeiffer
2026,Nevaeh Russell,Pfeiffer
2026,Leigan Lusk,Pfeiffer
2026,Karmen Rion,Pfeiffer
2025,Natalie Bland,Bellarmine
2025,Erika Smith,Bellarmine
2025,Payton Parsons,Bellarmine
2025,Addie Poehner,Bellarmine
2025,Bella Wynja,Bellarmine
2025,Maddie Hagan,Bellarmine
2025,Kenzie Chivington,Bellarmine
2025,Abby Julius,Bellarmine
2025,Kylie Van Hoy,Bellarmine
2025,Cam Herman,Bellarmine
2025,Lillie Meinhart,Bellarmine
2025,Tessa Nauert,Bellarmine
2025,Mary Herman,Bellarmine
2025,Sarah Turner,Bellarmine
2025,Mya White,Bellarmine
2025,Jess Schmidt,Bellarmine
2025,Connie Kofoed,Belmont
2025,Jordan Czajkowski,Belmont
2025,Brenna Kauffeld,Belmont
2025,Madison Lansdown,Belmont
2025,Teagan Brandsma,Belmont
2025,Hayden McGehee,Belmont
2025,Alivia Keegan,Belmont
2025,Alex Fowler,Belmont
2025,Emily Warmenhoven,Belmont
2025,Lilly Lutz,Belmont
2025,Erin McMullen,Belmont
2025,Brooke Gilleland,Belmont
2025,Anna Supe,Belmont
2025,Lucy Kay,Belmont
2025,Campbell Onell,Belmont
2025,Bella Mathis,Belmont
2025,Alexia Smollen,Belmont
2025,Mialee Dabbelt,Belmont
2025,Zeynep Ertam,Chicago State
2025,Tarcy Mayah,Chicago State
2025,Graci Littlejohn,Chicago State
2025,Nia Cummings,Chicago State
2025,Jocelyn Carter,Chicago State
2025,Tenese Buttry,Chicago State
2025,Vasiliki Dagre,Chicago State
2025,Leah Linares Castro,Chicago State
2025,Eliza Corvig,Chicago State
2025,Nayella George,Chicago State
2025,Alyssa Ferreira,Chicago State
2025,Kennedy Wagner,Clemson
2025,Katherine Sandt,Clemson
2025,Khaya Gordon,Clemson
2025,Katie Hurta,Clemson
2025,Nil Okur,Clemson
2025,Addi Rains,Clemson
2025,Claire Luoma,Clemson
2025,Audrey Armbruster,Clemson
2025,Kate Simington,Clemson
2025,Ecem Aksoy,Clemson
2025,Kate Hansen,Clemson
2025,Mia Moore,Clemson
2025,Mia McGrath,Clemson
2025,Bianca Martinez,Clemson
2025,McKenna Gildon,Clemson
2025,Coco Figueroa,Coppin State
2025,Ahzhi Coleman,Coppin State
2025,Andrea Serrano,Coppin State
2025,Ayanna Pharoah,Coppin State
2025,Deviana Walker,Coppin State
2025,Cherisse Atilano,Coppin State
2025,Ivanna Luna,Coppin State
2025,TaKenya Stafford,Coppin State
2025,Aya Rawlins,Coppin State
2025,Beatriz Cornachini,Coppin State
2025,Andrea Cintron,Coppin State
2025,Gabriela Zuquelo,Coppin State
2025,Araya Garrison,Coppin State
2025,McKenzie Parks,Coppin State
2025,Maddie Smith,Coppin State
2025,Kayden Cupid,Coppin State
2025,Azul Pilahg,Coppin State
2025,Payton Swinton,Coppin State
2025,Kaylie Baumgart,Duquesne
2025,Chloe Wilmot,Duquesne
2025,Karli Jordan,Duquesne
2025,Hanna Wilson,Duquesne
2025,Ariel Helm,Duquesne
2025,Carsyn Henschen,Duquesne
2025,Mirabella Iriarte,Duquesne
2025,Maggie Colenbrander,Duquesne
2025,Tori Newton,Duquesne
2025,Madison Grimm,Duquesne
2025,Emersen Schrom,Duquesne
2025,Ryan Hicks,Duquesne
2025,Jordan Robertson,Duquesne
2025,Kylie Griffin,Duquesne
2025,Alexa Flowers,Duquesne
2025,Katie Schulz,Green Bay
2025,Emma Best,Green Bay
2025,Kennedy Schmitz,Green Bay
2025,Olivia Neumann,Green Bay
2025,Kayla Birmingham,Green Bay
2025,Natalie Johanknecht,Green Bay
2025,Alexis Gardner,Green Bay
2025,Layla Christian,Green Bay
2025,Diane Pichelman,Green Bay
2025,Kirsten Fish,Green Bay
2025,Kendall Schara,Green Bay
2025,Emma Johnson,Green Bay
2025,Hailey Jeskewitz,Green Bay
2025,Gillian Koning,Green Bay
2025,Kelsey Justman,Green Bay
2025,Martina McGrath,Green Bay
2025,Jessica Kurpeikis,Green Bay
2025,Alexa Hernandez,Green Bay
2025,Yaiza Franco,LaSalle
2025,Allison Laucella,LaSalle
2025,Sarah Nahas,LaSalle
2025,Isa Lopez,LaSalle
2025,Samantha Graver,LaSalle
2025,Sydney Stone,LaSalle
2025,Elizabeth Osborn,LaSalle
2025,Reilly Lowe,LaSalle
2025,Drew Kofke,LaSalle
2025,Michelle Kozicki,LaSalle
2025,Teresa Garza,Manhattan
2025,Chloe Anderson,Manhattan
2025,Hunter Kwan,Manhattan
2025,Emilia Kuzniar,Manhattan
2025,Sarah Emmons,Manhattan
2025,Katie Powers,Manhattan
2025,Emma Francesconi,Manhattan
2025,Fiona VanDyke,Manhattan
2025,Abby Morreale,Manhattan
2025,Helenn Montilla,Manhattan
2025,Anna Duncan,Manhattan
2025,Mikalah Curran,Manhattan
2025,Brooke Johnson,Manhattan
2025,Hanna Kaczynska,Manhattan
2025,Laura Hernandez,Manhattan
2025,Hanah Stoddard,Northern Arizona
2025,Melia Barlow,Northern Arizona
2025,Gigi Greenlee,Northern Arizona
2025,Georgi Stein,Northern Arizona
2025,Taryn Davis,Northern Arizona
2025,Lauren Edlund,Northern Arizona
2025,Ella Hosfeld,Northern Arizona
2025,Peyton Devlin,Northern Arizona
2025,Masina Perez,Northern Arizona
2025,Lilly Holmes,Northern Arizona
2025,Laney Wilson,Northern Arizona
2025,Keira Hall,Northern Arizona
2025,Avery Gottschalk,Northern Arizona
2025,Sophia Wadsworth,Northern Arizona
2025,Kylie Moran,Northern Arizona
2025,Kate Camp,Northern Arizona
2025,Jenna Garner,Pennsylvania
2025,Abigail Reid,Pennsylvania
2025,Jenniya Lane,Pennsylvania
2025,Jalen Tennyson,Pennsylvania
2025,Nathalie Tsai,Pennsylvania
2025,Zada Sanger,Pennsylvania
2025,Haley Kerstetter,Pennsylvania
2025,Feyi Ogunlari,Pennsylvania
2025,Elsa McDermott,Pennsylvania
2025,Emery Moore,Pennsylvania
2025,Adell Murray,Pennsylvania
2025,Lauren Van Wie,Pennsylvania
2025,Bella Rittenberg,Pennsylvania
2025,Claire Deller,Pennsylvania
2025,Addison Pollock,Pennsylvania
2025,Ellie Siskin,Pennsylvania
2025,Taylor Roloff,Pennsylvania
2025,Anna Shohfi,Pennsylvania
2025,Hailey Hilsabeck,Pennsylvania
2025,Kaitlyn Brown,Robert Morris
2025,Jocelyn Jourdan,Robert Morris
2025,Tia Schultz,Robert Morris
2025,Natalie Stepanovich,Robert Morris
2025,Addyson Butts,Robert Morris
2025,Isabelle Jackson,Robert Morris
2025,Hillarie Adams,Robert Morris
2025,Layla Todd,Robert Morris
2025,Azra Eric,Robert Morris
2025,Lanie Goff,Robert Morris
2025,Jasmine Purakal,Robert Morris
2025,Madison Floyd,Robert Morris
2025,Natalie Frost,Robert Morris
2025,Keira Hornung,Robert Morris
2025,Addison Fowler,Robert Morris
2025,Maria Olga Siapani,Albany
2025,Brooke Malek,Albany
2025,Gabriella Karman,Albany
2025,Shynelle Woroniuk,Albany
2025,Kiki Provatas,Albany
2025,Dora Filipovic,Albany
2025,Anna Myhal,Albany
2025,Ava Schewe,Albany
2025,Kasia Barletta,Albany
2025,Elif Yasar,Albany
2025,Nia Gibson,Albany
2025,Tori Wilson,Albany
2025,Campbell Robinson,Albany
2025,Sabrina Kinkaid,Albany
2025,McKenna Collins,Albany
2025,Sophie Burkey,Albany
2025,Kendall Harris,Albany
2025,Duri Harden,Albany
2025,Hana Aiana,Texas-Arlington
2025,Taryn Doiron,Texas-Arlington
2025,Eliana Collins,Texas-Arlington
2025,Alondra Hernandez,Texas-Arlington
2025,Sophie Ocampo,Texas-Arlington
2025,Sophia Krichev,Texas-Arlington
2025,Andrea Nunez,Texas-Arlington
2025,Isabella Camacho,Texas-Arlington
2025,Evyn Snook,Texas-Arlington
2025,Alexis Bull,Texas-Arlington
2025,Mira Ledermueller,Texas-Arlington
2025,Marin Freeland,Texas-Arlington
2025,Camryn McMinn,Texas-Arlington
2025,Jalie Tritt,Texas-Arlington
2025,Ava Burroughs,Texas-Arlington
2025,Samantha Glenn,Texas-Arlington
2025,Grace Kremer,Western Illinois
2025,Ella Haines,Western Illinois
2025,Audrey Pender,Western Illinois
2025,Karlie Lane,Western Illinois
2025,Grace Ulatowski,Western Illinois
2025,Madelyn Norton,Western Illinois
2025,Elizabeth Ziegler,Western Illinois
2025,Ashlee Markert,Western Illinois
2025,Hillary Estes,Western Illinois
2025,Kiyah Franklin,Western Illinois
2025,Caroline Clayton,Western Illinois
2025,Kennedy Adair,Western Illinois
2025,Alysia Perez,Western Illinois
2025,Jaleah Bauss,Western Illinois
2025,Melaina Hawblitzel,Western Illinois
2025,Martyna Sowiak,Western Illinois
2025,Keyana Cruse,Western Illinois
2025,Rylan Jones,Alcorn State
2025,Bailey Upshaw,Alcorn State
2025,Juliana Henao,Alcorn State
2025,Kyla Powell,Alcorn State
2025,Kasey Watkins,Alcorn State
2025,Cristin Webb,Alcorn State
2025,Erin Mims,Alcorn State
2025,Kyla Davis,Alcorn State
2025,Ma'Kayla Coats,Alcorn State
2025,Tomoni Giddings,Alcorn State
2025,Brayla Doss,Alcorn State
2025,Jessika Martinez,Alcorn State
2025,Michaela Branner,Alcorn State
2025,Courtney Carter,Alcorn State
2025,Kayla Jones,Alcorn State
2025,Lauren Wallace,Austin Peay
2025,Reagan Anderson,Austin Peay
2025,Brooklynn Merrell,Austin Peay
2025,Taylor Sass,Austin Peay
2025,Addi Hultquist,Austin Peay
2025,Nya Browne,Austin Peay
2025,Sianna Dykes,Austin Peay
2025,Gianna Tagoa'i,Austin Peay
2025,Nicole Okojie,Austin Peay
2025,Sarah Butler,Austin Peay
2025,Reaghan Larkin,Austin Peay
2025,Taly Cloyd,Austin Peay
2025,Dayan Malavé,Austin Peay
2025,Remmi Cooke,Austin Peay
2025,Peyton Liming,Austin Peay
2025,Dani Kopacz,Austin Peay
2025,Jyriah Morgan,Alabama State
2025,Brynn Metoyer,Alabama State
2025,Norielle Battle,Alabama State
2025,Trinity Mitchell,Alabama State
2025,Sierra Scanlan,Alabama State
2025,Bailee Payne,Alabama State
2025,Tatum Young,Alabama State
2025,Taylor Williams,Alabama State
2025,Erin Rogers,Alabama State
2025,Madisynne McQueen,Alabama State
2025,Kamrynn Clay,Alabama State
2025,Camille Holloway,Alabama State
2025,Essence Jones,Alabama State
2025,Brooke Adams,Alabama State
2025,Zanobia Willis,Alabama State
2025,Breanna Swanson,Alabama State
2025,Kaylen Hines,Alabama State
2025,Kaleigh Williams,Bethune-Cookman
2025,Morgan Wingo,Bethune-Cookman
2025,Mecca Freeman,Bethune-Cookman
2025,Melissa Gonzalez,Bethune-Cookman
2025,Taylor Ellis,Bethune-Cookman
2025,Rylee Davis,Bethune-Cookman
2025,Neveah Donahoe,Bethune-Cookman
2025,Amya Jennings,Bethune-Cookman
2025,Ariel Simmons,Bethune-Cookman
2025,Sierra Herndon,Bethune-Cookman
2025,Tiyanna Preston,Bethune-Cookman
2025,Sienna Lawrence,Bethune-Cookman
2025,Shayla Henry,Bethune-Cookman
2025,Gianna Mora,Bethune-Cookman
2025,Sthefany Carvalho,Bethune-Cookman
2025,Naterah Moore,Bethune-Cookman
2025,Trinity McDaniel,Bethune-Cookman
2025,Nola Hemphill,Bethune-Cookman
2025,A'Miyrie Anderson,Sam Houston State
2025,Avery Fowler,Sam Houston State
2025,Shaelin White,Sam Houston State
2025,Chloe Monson,Sam Houston State
2025,Audrey Terry,Sam Houston State
2025,Carleigh Schluter,Sam Houston State
2025,Chelsea Butler,Sam Houston State
2025,Ella Folse,Sam Houston State
2025,Kara Wynn,Sam Houston State
2025,Ava Kostroun,Sam Houston State
2025,Rachelle Reed,Sam Houston State
2025,Avery Pruitt,Sam Houston State
2025,Lauren Malone,Sam Houston State
2025,Michaela Panekova,Sam Houston State
2025,Lillian Hamilton,Sam Houston State
2025,Bella Wood,Sam Houston State
2025,Eve Roman,Binghamton
2025,Alexandra Koleva,Binghamton
2025,Regan Kadel,Binghamton
2025,Matilda Tjernqvist,Binghamton
2025,Eleanor Dorritie,Binghamton
2025,Maya Coblentz-Brown,Binghamton
2025,Maia Marin,Binghamton
2025,Emily Cronkhite,Binghamton
2025,Hannah Olmstead,Binghamton
2025,Viktoria Dimitrova,Binghamton
2025,Sophia Holland,Binghamton
2025,Jalia Dublin,Binghamton
2025,Merima Smajlovic,Binghamton
2025,Haiden Fuhrmann,Binghamton
2025,Selestine Liu Asomua,Binghamton
2025,Celeste Ocampo,Binghamton
2025,Briana Binagi,Binghamton
2025,Francesca Pierdonati,Binghamton
2025,Aubrie Arnold,Presbyterian College
2025,Elyse Hutchinson,Presbyterian College
2025,Aliza Hart,Presbyterian College
2025,Courtney Williams,Presbyterian College
2025,Amaris Alvarez,Presbyterian College
2025,Anisa Dorlouis,Presbyterian College
2025,Emma McHatten,Presbyterian College
2025,Emily Warner,Presbyterian College
2025,Julia Yurkovich,Presbyterian College
2025,Ava Smith,Presbyterian College
2025,Brittney Daphnis,Presbyterian College
2025,Celimar Hoyos,Presbyterian College
2025,Elany Santos,Presbyterian College
2025,Sophia Del Valle,Presbyterian College
2025,Ashley Miller,Presbyterian College
2025,Meleah Foster,Western Carolina
2025,Halley Tang,Western Carolina
2025,Courtney Graham,Western Carolina
2025,Elise Gurley,Western Carolina
2025,Samantha Jo Mikosky,Western Carolina
2025,Danielle Wheat,Western Carolina
2025,Peri Subat,Western Carolina
2025,Abbie Willis,Western Carolina
2025,Tatum Sharp,Western Carolina
2025,Janelle Blue,Western Carolina
2025,Samantha Kranzler,Western Carolina
2025,Evelyn Keefer,Western Carolina
2025,Katie Boney,Western Carolina
2025,Eda Yalçinkaya,Western Carolina
2025,Zoe Zudans,Western Carolina
2025,Bailee Earnhardt,Coastal Carolina
2025,Anna Smith,Coastal Carolina
2025,Kibi Huggins,Coastal Carolina
2025,Jalyn Stout,Coastal Carolina
2025,Ava Wallis,Coastal Carolina
2025,Elin Andersson,Coastal Carolina
2025,Anna Rita,Coastal Carolina
2025,Emma Van Elslande,Coastal Carolina
2025,Leah Olsen,Coastal Carolina
2025,Julia Rivera,Coastal Carolina
2025,Emily Fowler,Coastal Carolina
2025,Bella Loeswick,Coastal Carolina
2025,Anzley Rinard,Coastal Carolina
2025,Kayla Channell,Coastal Carolina
2025,Becca Micelle,Coastal Carolina
2025,Sophia Ahrens,Cornell
2025,Sara Pomar,Cornell
2025,Sydney Zanca,Cornell
2025,CJ Holdsworth,Cornell
2025,Avarie Adams,Cornell
2025,Doga Ozalp,Cornell
2025,Trinidy Tien,Cornell
2025,Haley Clark,Cornell
2025,Amrit Dhaliwal,Cornell
2025,Nicole Mallus,Cornell
2025,Mary Wolcott,Cornell
2025,Eliza Konvicka,Cornell
2025,Ava Bogan,Cornell
2025,Joy Liu,Cornell
2025,Mikayla Gray,Cornell
2025,Charley Goberville,Cornell
2025,Mackenzie Parsons,Cornell
2025,Meghan Gaffigan,Cornell
2025,Jaida Sione,Cornell
2025,Madison Wood,Cornell
2025,Luiza Da Cruz,Cal State Bakersfield
2025,Torrin Higginbotham,Cal State Bakersfield
2025,Analiese Gagliano,Cal State Bakersfield
2025,Suelen Lima,Cal State Bakersfield
2025,Eva Erzen,Cal State Bakersfield
2025,Sabrina Jones,Cal State Bakersfield
2025,Nele Broszat,Cal State Bakersfield
2025,Boden Liljedahl,Cal State Bakersfield
2025,Karla Kosutic,Cal State Bakersfield
2025,Nicole Zake,Cal State Bakersfield
2025,Julia Udell,Cal State Bakersfield
2025,Druegan Davis,Cal State Bakersfield
2025,Evelyn Trivino Espinosa,Cal State Bakersfield
2025,Agnes Shakirova,Cal State Bakersfield
2025,Reese Jackson,Cal State Bakersfield
2025,Emersyn Reiter,Charleston Southern
2025,Skylar Yates,Charleston Southern
2025,Presley Morris,Charleston Southern
2025,Tristin Sutton,Charleston Southern
2025,Emily Struckmeyer,Charleston Southern
2025,Sophia Kluska,Charleston Southern
2025,Naya Martinez,Charleston Southern
2025,Ola Matusiak,Charleston Southern
2025,Emma Bednarek,Charleston Southern
2025,Dillia Lowry,Charleston Southern
2025,Manon Braunsteffer,Charleston Southern
2025,Cara McLean,Charleston Southern
2025,Faith Burch,Charleston Southern
2025,Kylee Roberts,Charleston Southern
2025,Emmy Rollins,Charleston Southern
2025,Laila Hilton,Charleston Southern
2025,Oliwia Durka,Charleston Southern
2025,Gerren Tomlin,Delaware State
2025,Kira Devrieze,Delaware State
2025,Aubree Mon,Delaware State
2025,Hannah Sanders,Delaware State
2025,Emma Crakow,Delaware State
2025,Kelsie Dawson,Delaware State
2025,Maria Verrier,Delaware State
2025,Aaliyah Mitchell,Delaware State
2025,Paige Ahakuelo,Delaware State
2025,Autumn Richardson,Delaware State
2025,Haley Crawford,Delaware State
2025,Lelaini Diggs,Delaware State
2025,Myracle Davis,Delaware State
2025,Shalyn Garcia,Delaware State
2025,Ailena Mykins,Delaware State
2025,Naz Tuncay,Delaware State
2025,Martyna Kmuk,Delaware State
2025,Emma Patmon,Delaware State
2025,Landyn Langham,Delaware State
2025,Julia Kneba,Delaware State
2025,Amanda Santos Juliao,Delaware State
2025,Ariadna Pereles,Eastern Illinois
2025,Laura Paniagua,Eastern Illinois
2025,Tori Mohesky,Eastern Illinois
2025,Destiny Walker,Eastern Illinois
2025,Katie Kopshever,Eastern Illinois
2025,Giorgia Cappelletti,Eastern Illinois
2025,Jorah Rutter,Eastern Illinois
2025,Catalina Rochaix,Eastern Illinois
2025,Alanys Nieves,Eastern Illinois
2025,Anaya Rawlinson,Eastern Illinois
2025,Jasmyne Boone,Eastern Illinois
2025,Lilli Amettis,Eastern Illinois
2025,Alana Guibert,Eastern Illinois
2025,Alex Dever,Eastern Illinois
2025,Sydney Javes,Eastern Illinois
2025,Emma Schroeder,Eastern Illinois
2025,Sylvia Hasz,Eastern Illinois
2025,Emily Melton,Eastern Kentucky
2025,Isa Blackwell,Eastern Kentucky
2025,Emersyn Robbins,Eastern Kentucky
2025,Cassidy Trahan,Eastern Kentucky
2025,Emilee Hill,Eastern Kentucky
2025,Lydia Stephens,Eastern Kentucky
2025,AG Hynes,Eastern Kentucky
2025,Cooper Abney,Eastern Kentucky
2025,Amanda Mack,Eastern Kentucky
2025,Caitlyn Flees,Eastern Kentucky
2025,Stella Terpening,Eastern Kentucky
2025,Carson Ledford,Eastern Kentucky
2025,Madi Tolzman,Eastern Kentucky
2025,Addison Burke,Eastern Kentucky
2025,Emma Closurdo,Eastern Kentucky
2025,Alexis Woolf,Eastern Kentucky
2025,Valeria Matias,Maryland-Eastern Shore
2025,Gabrielle McCoy,Maryland-Eastern Shore
2025,Kate-Linh Eden,Maryland-Eastern Shore
2025,Jocelyn Torres,Maryland-Eastern Shore
2025,Alivia Proctor,Maryland-Eastern Shore
2025,Margarette Vasquez,Maryland-Eastern Shore
2025,Jayda Hutchins,Maryland-Eastern Shore
2025,Kyra Bradford,Maryland-Eastern Shore
2025,Anjola Omolewa,Maryland-Eastern Shore
2025,Arianna Warner,Maryland-Eastern Shore
2025,Karielys Melendez,Maryland-Eastern Shore
2025,Nkemjika Ikemefuna,Maryland-Eastern Shore
2025,Jaelyn Stewart,Maryland-Eastern Shore
2025,Lilliana Montes,Maryland-Eastern Shore
2025,Tola Maczka,Maryland-Eastern Shore
2025,Malaysia Shaw,Maryland-Eastern Shore
2025,Rayah Howell,Maryland-Eastern Shore
2025,Gianna Blair,East Tennessee State
2025,Sophie Davis,East Tennessee State
2025,Chloe Smith,East Tennessee State
2025,Brianna Cantrell,East Tennessee State
2025,Raegan Waller,East Tennessee State
2025,Isabelle Iosua,East Tennessee State
2025,Kari Wilson,East Tennessee State
2025,Melanie Morris,East Tennessee State
2025,Alex Kreutzmann,East Tennessee State
2025,Zeynep Özer,East Tennessee State
2025,Makayla Bays,East Tennessee State
2025,Malia Brinkman,East Tennessee State
2025,Bailey Gohlke,East Tennessee State
2025,Emma MacFerran,East Tennessee State
2025,Whitley Rammel,East Tennessee State
2025,Camryn Hagel,Eastern Washington
2025,Olivia Burns,Eastern Washington
2025,Quincey McCoy,Eastern Washington
2025,Sophia Lindemann,Eastern Washington
2025,Cassandra Moeller,Eastern Washington
2025,Jailyn Davenport,Eastern Washington
2025,Quincy Moran,Eastern Washington
2025,Sidney Gray,Eastern Washington
2025,Kalista Lukovich,Eastern Washington
2025,Judith Bolomboy,Eastern Washington
2025,Bria Carlisle,Eastern Washington
2025,Mia Polloi,Eastern Washington
2025,Elle Bruegman,Eastern Washington
2025,Anna Bolich,Eastern Washington
2025,Erin McInnes,Eastern Washington
2025,Alyssa Radke,Eastern Washington
2025,Mikaela Brennan,Fordham
2025,Lola Fernandez,Fordham
2025,Gabby Destler,Fordham
2025,Zoe Talabong,Fordham
2025,Özge Özaslan,Fordham
2025,Mackenzie Colvin,Fordham
2025,Audrey Brown,Fordham
2025,Erynn Sweeney,Fordham
2025,Sophia Kuyn,Fordham
2025,Sophia Oliveira,Fordham
2025,Bridget Woodruff,Fordham
2025,Addison Newblatt,Fordham
2025,Ana Del Angel Aguilar,Fordham
2025,Tatum Holderied,Fordham
2025,Avery Boothe,Fordham
2025,Whitney Woodrow,Fordham
2025,Mila Micunovic,Fordham
2025,Elon Smith,Cal State Fullerton
2025,Mya Tillman,Cal State Fullerton
2025,Mia Feldhaus,Cal State Fullerton
2025,Neeva Gaine,Cal State Fullerton
2025,Lira Pukl Verdel,Cal State Fullerton
2025,Devin Hicks,Cal State Fullerton
2025,Carissa Wiles,Cal State Fullerton
2025,Ketesia Hall,Cal State Fullerton
2025,Hannah Hass,Cal State Fullerton
2025,Marisa Nakata,Cal State Fullerton
2025,Emilia Graham,Cal State Fullerton
2025,Kaia Herweg,Cal State Fullerton
2025,Kahea Carvalho,Cal State Fullerton
2025,Sarah Schubert,Cal State Fullerton
2025,Kaieva Christensen,Cal State Fullerton
2025,Zariah Crosby,Cal State Fullerton
2025,Fina Tuinauvai,Cal State Fullerton
2025,Feao Saluni,Cal State Fullerton
2025,Lauren Wheeler,Campbell
2025,Olivia Miller,Campbell
2025,Maddie Lambers,Campbell
2025,Maddie Converse,Campbell
2025,Leah Freesemann,Campbell
2025,Victoria Tupy,Campbell
2025,Ella Duong,Campbell
2025,Hannah Pattie,Campbell
2025,Sadie Johnston,Campbell
2025,Abbie Tuyo,Campbell
2025,Bella Illig,Campbell
2025,Maja Daca,Campbell
2025,Hailey Heytvelt,Campbell
2025,Meredith Reisman,Campbell
2025,Ashley Artura,Campbell
2025,Gwen Wolkow,Campbell
2025,Aley Clent,Campbell
2025,Isabel Junior,Northern Illinois
2025,Ella Strausberger,Northern Illinois
2025,Ava Grevengoed,Northern Illinois
2025,Kiana Shields,Northern Illinois
2025,Kylie Schulze,Northern Illinois
2025,Emma McCartney,Northern Illinois
2025,Sydney Robinson,Northern Illinois
2025,Rylea Alvin,Northern Illinois
2025,Delaney Steers,Northern Illinois
2025,Eva Finnessy,Northern Illinois
2025,Savannah Gogel,Northern Illinois
2025,Alexa Hayes,Northern Illinois
2025,Naomi Dowd,Northern Illinois
2025,Autumn Flynn,Northern Illinois
2025,Jordyn Tynsky,Northern Illinois
2025,Ellie Smith,Northern Illinois
2025,Hadley Porter,Georgia Southern
2025,Lexi Duffy,Georgia Southern
2025,Mayte Camacho,Georgia Southern
2025,Ava Olsen,Georgia Southern
2025,Maddie Cugino,Georgia Southern
2025,Maggie Sale,Georgia Southern
2025,Alex Myers,Georgia Southern
2025,Sam Bowron,Georgia Southern
2025,Claire Smith,Georgia Southern
2025,Lydia Seymour,Georgia Southern
2025,Kayla Knowles,Georgia Southern
2025,Amelia Robinson,Georgia Southern
2025,Anna Powell,Georgia Southern
2025,Ailie Hair,Georgia Southern
2025,Kirsten Barrett,Georgia Southern
2025,Gabby Babinski,Georgia Southern
2025,Reagan Barth,Georgia Southern
2025,Lucy Dieterlen,Hartford
2025,Kalle Legassey,Hartford
2025,Emily Theobald,Hartford
2025,Lauren Johnson,Hartford
2025,Gabriela Caucci,Hartford
2025,Nyanakuak Piok,Hartford
2025,Camille Earl,Hartford
2025,Kylee Connally,Hartford
2025,Jenna Murphy,Hartford
2025,Jordan Murphy,Hartford
2025,Emilie Hatje,Hartford
2025,Mattea Cosby,Hartford
2025,Juliana Robinshaw,Hartford
2025,Grace O'Brien,Hartford
2025,Andrea Martir-Perez,Hartford
2025,Gigi Churn,Hartford
2025,Sophia Wei,Harvard
2025,Sophia Jo,Harvard
2025,Brynne Faltinsky,Harvard
2025,Hannah Nguyen,Harvard
2025,Nicole Cornell,Harvard
2025,Taylor Larkin,Harvard
2025,Alicia Guo,Harvard
2025,Ali Farquhar,Harvard
2025,Bennett Trubey,Harvard
2025,Bridget Egan,Harvard
2025,Yvette Easton,Harvard
2025,Riley Resmer,Harvard
2025,Ryleigh Patterson,Harvard
2025,Peyton Hollis,Harvard
2025,Sofia Rossi,Harvard
2025,Kennedy Schramm,Houston Christian
2025,Chloe Richards,Houston Christian
2025,Savanna Stevens,Houston Christian
2025,Taylor Bonner-Williams,Houston Christian
2025,Jade Smith,Houston Christian
2025,Anna Melgren,Houston Christian
2025,Sa'Myah Medford,Houston Christian
2025,Hannah Redrow,Houston Christian
2025,Bianca Byerly,Houston Christian
2025,Cassidy Drapela,Houston Christian
2025,Allana Archie,Houston Christian
2025,Katy Barger,Houston Christian
2025,Madison Hess,Houston Christian
2025,Joya Euhus,Houston Christian
2025,Ana Garza,Houston Christian
2025,Peyton Fadal,Houston Christian
2025,Tobey Allen,Houston Christian
2025,KK Green,Holy Cross
2025,Adriana Aquino,Holy Cross
2025,Tuana Ozarpaci,Holy Cross
2025,Madelyn Blakey,Holy Cross
2025,Emilia Powderly,Holy Cross
2025,Katie Russell,Holy Cross
2025,Lacey Murphy,Holy Cross
2025,Savannah Baron,Holy Cross
2025,Emma Sorensen,Holy Cross
2025,Gracie Reisman,Holy Cross
2025,Gabby Wold,Holy Cross
2025,Isa Glover,Holy Cross
2025,Lily Eigner,Holy Cross
2025,Elizabeth Hall,Holy Cross
2025,Taliah Lee,Holy Cross
2025,Kyla Harris,Holy Cross
2025,Ava White,Holy Cross
2025,Alana Whitwell,Holy Cross
2025,Lilia Duczek,Hofstra
2025,Clara Bal,Hofstra
2025,Emilly Nunes,Hofstra
2025,Nil Kayaalp,Hofstra
2025,Mairi Hadjipetrou,Hofstra
2025,Beatriz Braga,Hofstra
2025,Izadora Stedile,Hofstra
2025,Ellie Pamatat,Hofstra
2025,Pinar Erol,Hofstra
2025,Stella Becker,Hofstra
2025,Valentina Lopez Moya,Hofstra
2025,Julia Amorim,Hofstra
2025,Ellia Zhang,Hofstra
2025,Constanza Perez Sain,Hofstra
2025,Lauren Konzen,Hofstra
2025,Georgia Ahlert,Hofstra
2025,Cecilia Anderson,Hofstra
2025,Nina Jioshvili-Ravva,Hofstra
2025,Gia Padilla,High Point
2025,Brooke Briscoe,High Point
2025,Ella Grace Holloway,High Point
2025,Kea Whillock,High Point
2025,Addison Freeland,High Point
2025,Brooke Jeffrey,High Point
2025,Ryley Boyne,High Point
2025,Maya Bukovcan,High Point
2025,Remy Catojo,High Point
2025,Allie Gray,High Point
2025,Gabby Hill,High Point
2025,Sydney McKay,High Point
2025,Grace Killion,High Point
2025,Talia Lardner,High Point
2025,Jasmine Oduro,High Point
2025,Julia Johnson,High Point
2025,Élodie Lalonde,High Point
2025,Sydni Weber,Indiana State
2025,Chloe Gilley,Indiana State
2025,Sydney King,Indiana State
2025,Ella Scott,Indiana State
2025,Cadence Gilley,Indiana State
2025,Lily Mueller,Indiana State
2025,Ava Robart,Indiana State
2025,Hadley Hardersen,Indiana State
2025,Anna Ptacin,Indiana State
2025,Emily Weber,Indiana State
2025,Emmy Sher,Indiana State
2025,Corinne Knapp,Indiana State
2025,Sophia Mayo,Indiana State
2025,Curry Kendall,Indiana State
2025,Macy Lengacher,Indiana State
2025,Kira Holland,Indiana State
2025,Avery Hales,Indiana State
2025,Taylor Knuth,Indiana State
2025,Kimora Whetstone,Indiana State
2025,Ziya Nettles,Southern
2025,Zion Robinson,Southern
2025,Sophie Diouf,Southern
2025,Elise Doomes,Southern
2025,Mariah Mott,Southern
2025,Nadia Lewis,Southern
2025,Ayana Johnson,Southern
2025,Jordan Felix,Southern
2025,Iyanah Taylor,Southern
2025,Alana Pierce,Southern
2025,Sereniti Johnson,Southern
2025,Bailee St. Romain,Southern
2025,Hanna Pereira,Southern
2025,Leslie Warren,Southern
2025,Ariana Brown,Southern
2025,Zaria Nelson,Southern
2025,Najah Harris,Southern
2025,Logan Hart,Southern
2025,Jasmin Robertson,Southern
2025,Kiyla Mighty,Southern
2025,Elle Kennedy,Jacksonville
2025,Sydney Fischer,Jacksonville
2025,Bella Dearinger,Jacksonville
2025,Rebekah Williams,Jacksonville
2025,Jamie Seward,Jacksonville
2025,Alija Heins,Jacksonville
2025,Claire Mrukowski,Jacksonville
2025,Lydia Mesusan,Jacksonville
2025,Jade Cuya Cobos,Jacksonville
2025,Haley Yount,Jacksonville
2025,Kathryn Adler,Jacksonville
2025,Ana Tobar,Jacksonville
2025,Breanna McDonough,Jacksonville
2025,Addison Krieger,Jacksonville
2025,Kristina Nika,Jacksonville
2025,Zoey Vandel,Jacksonville
2025,Madi Novak,Jacksonville
2025,Sophia Wilson,Lafayette
2025,Emily Gouldrup,Lafayette
2025,Auma Mbeche-Odhiambo,Lafayette
2025,Paige Chmura,Lafayette
2025,Mackenzie Calhoun,Lafayette
2025,Ella Xiong,Lafayette
2025,Maria Rawlek,Lafayette
2025,Ally Feczko,Lafayette
2025,Carol Ulichney,Lafayette
2025,Kadi Pynchon,Lafayette
2025,Olivia Brewster,Lafayette
2025,Hannah Ehrich-Pollock,Lafayette
2025,Rebecca Baldwin,Lafayette
2025,Jada Aksu,Lafayette
2025,Destiny McKenzie,Lafayette
2025,Abby Nicholson,Lafayette
2025,Alexa Gonzalez,Lamar
2025,Addison Stanley,Lamar
2025,Emily Moon,Lamar
2025,Riley Johnson,Lamar
2025,Kinley Elms,Lamar
2025,Hailey McEllrath,Lamar
2025,Jo Moffitt,Lamar
2025,Keeley Nellis,Lamar
2025,Ashlyn Gamble,Lamar
2025,Maja Malinowska,Lamar
2025,Ceci Bustamante,Lamar
2025,Gabby Baker,Lamar
2025,Daniella Udegbunam,Lamar
2025,Taisha Rhone,Lamar
2025,Lyric Jordan,Lamar
2025,Sydnee Griffen,Lamar
2025,Abigail Bailey,Southeastern Louisiana
2025,Ainsley Driska,Southeastern Louisiana
2025,Mina Petrovic,Southeastern Louisiana
2025,Anicka Panchartek,Southeastern Louisiana
2025,Lily Morgan,Southeastern Louisiana
2025,Lindsey Wickersham,Southeastern Louisiana
2025,Gracie Brown,Southeastern Louisiana
2025,Ashley Richardson,Southeastern Louisiana
2025,Keira Beverly,Southeastern Louisiana
2025,Peyton Stokley,Southeastern Louisiana
2025,Alexis Logarbo,Southeastern Louisiana
2025,Kyra McKelvey,Southeastern Louisiana
2025,India Bennett,Southeastern Louisiana
2025,Lexi Gonzalez,Southeastern Louisiana
2025,Ayla Klingenberg,Southeastern Louisiana
2025,Taylor Stockwell,Southeastern Louisiana
2025,Audrey Vielguth,Southeastern Louisiana
2025,Anne Brauckmiller,Southeastern Louisiana
2025,Carissa Young,Southeastern Louisiana
2025,Cora ter Kuile,Lipscomb
2025,Courtney Jones,Lipscomb
2025,Sydney Strenger,Lipscomb
2025,Hallie Hendrickx,Lipscomb
2025,Sophia Hudepohl,Lipscomb
2025,Kenzie Kucks,Lipscomb
2025,Anna Claire Brown,Lipscomb
2025,Luca Bredenberg,Lipscomb
2025,Berkley Mischler,Lipscomb
2025,Kelsey Schenck,Lipscomb
2025,Brooklyn Fuchs,Lipscomb
2025,Allison Barrick,Lipscomb
2025,Ella Durham,Lipscomb
2025,Brooke Boyles,Long Island
2025,Neela Feliberty,Long Island
2025,Saniya Kimbrough,Long Island
2025,Miabella Musignac,Long Island
2025,Ella Pallagi,Long Island
2025,Anna Ligart,Long Island
2025,Katelyn Heitert,Long Island
2025,Sofia Varela,Long Island
2025,Bella Correia,Long Island
2025,Daniela De Los Santos Castillo,Long Island
2025,Yasmeen Muhammad,Long Island
2025,Riley Greene,Long Island
2025,Sara van Gisteren,Long Island
2025,Mia Rojas-Avila,Long Island
2025,Sara Garcia,Long Island
2025,Karly Klaer,Long Island
2025,Addie Lowe,Loyola-Maryland
2025,Riley Hamilton,Loyola-Maryland
2025,Leah Hunter,Loyola-Maryland
2025,Ally Bauer,Loyola-Maryland
2025,Addie Huber,Loyola-Maryland
2025,Ellie Joffe,Loyola-Maryland
2025,Gabi Verdicchio,Loyola-Maryland
2025,Ava Nepkin,Loyola-Maryland
2025,Kacy Sekunda,Loyola-Maryland
2025,Elsie Afful,Loyola-Maryland
2025,Mariah Sanabia,Loyola-Maryland
2025,Ansley Keel,Loyola-Maryland
2025,Sarah Tate,Loyola-Maryland
2025,Kennedy Stevens,Loyola-Maryland
2025,Maggie Smith,Loyola-Maryland
2025,Morgan Crawford,Loyola-Maryland
2025,Haylee Wenner,Marist
2025,Ava Lanzetta,Marist
2025,Claire Lewis,Marist
2025,Claudia Kasperski,Marist
2025,Cecilia,Marist
2025,Taylor Miller,Marist
2025,Eden Bristow,Marist
2025,Sara Dasic,Marist
2025,Sarah Bumstead,Marist
2025,Mikayla Keefer,Marist
2025,Eleana Koute,Marist
2025,Gabby Flamish,Marist
2025,Mallory Reck,Marist
2025,Trinity Woods,Marist
2025,Savannah Smith,Marist
2025,Vallane Sneva,Marist
2025,Caelyn Dumas,Marist
2025,Gracjana Rozanska,McNeese State
2025,Kinga Ziolkowska,McNeese State
2025,Corynne Hausler,McNeese State
2025,Carli Banks,McNeese State
2025,Maleah Mutterback,McNeese State
2025,Sophie Twigg,McNeese State
2025,Bailey Foolkes,McNeese State
2025,Summer Anderson,McNeese State
2025,Olivia Moffett,McNeese State
2025,D'Nari Mills,McNeese State
2025,Mary-Alice Dohmann,McNeese State
2025,Neal Grace Berry,McNeese State
2025,Brooklyn Barger,McNeese State
2025,Nylah Gray,McNeese State
2025,Jordan Gamble,McNeese State
2025,Lauren Fuller,McNeese State
2025,Kayla Wilson,McNeese State
2025,Ava Henry,McNeese State
2025,Aubrey Baker,Merrimack
2025,Vaia Tsioutsioulas,Merrimack
2025,Marissa Kobelski,Merrimack
2025,Maddy Fennessy,Merrimack
2025,Sophia DeBonis,Merrimack
2025,Fabiola Betancourt,Merrimack
2025,Molly O'Donnell,Merrimack
2025,Jocelyn Hammerstrand,Merrimack
2025,Avry Bryant,Merrimack
2025,Mckenna Shotwell,Merrimack
2025,Amanda Gately,Merrimack
2025,Ella Maldonado,Merrimack
2025,Lilly Konrad,Merrimack
2025,Vivian Suhy,Merrimack
2025,Ella Gizmunt,Merrimack
2025,Mia Izzo,Merrimack
2025,Morgan Thurlow,Merrimack
2025,Elizabeth Kenney,Merrimack
2025,Sam Vanda,Milwaukee
2025,Julia Kellner,Milwaukee
2025,Annie Eschenbach,Milwaukee
2025,Josie Johnson,Milwaukee
2025,Milica Tomic,Milwaukee
2025,Josie Noble,Milwaukee
2025,Hailey Hutchings,Milwaukee
2025,Jenna Soerens,Milwaukee
2025,Kati Goba,Milwaukee
2025,Braylin Bosetski,Milwaukee
2025,Natalie Schmitz,Milwaukee
2025,Bella Lipski,Milwaukee
2025,Kara Erdmann,Milwaukee
2025,Ella Schuetz,Milwaukee
2025,Emily Hansen,Milwaukee
2025,Carol Herrero,Milwaukee
2025,Hallie Cook,Milwaukee
2025,Audrey Griffin,Mount St. Joseph
2025,Keira Magers,Mount St. Joseph
2025,Ava Moore,Mount St. Joseph
2025,Sydney Doty,Mount St. Joseph
2025,Hannah Graves,Mount St. Joseph
2025,Tori Chasteen,Mount St. Joseph
2025,Brooke Shelton,Mount St. Joseph
2025,Mallory Witsken,Mount St. Joseph
2025,Emma Sicking,Mount St. Joseph
2025,Brayah Conley,Mount St. Joseph
2025,Claudia Mueller,Mount St. Joseph
2025,Jordan Birdsong,Mount St. Joseph
2025,Grace Crider,Mount St. Joseph
2025,Ava Maxwell,Mount St. Joseph
2025,Ginger Johnson,Mount St. Joseph
2025,Lyndsey Stephenson,Mount St. Joseph
2025,Katie Rolf,Mount St. Joseph
2025,Rose Brinkman,Mount St. Joseph
2025,Aubrey Miranda,Mount St. Joseph
2025,Avery Kerr,Mount St. Joseph
2025,Mary Austing,Mount St. Joseph
2025,Logan Smith,Morehead State
2025,Sarah Heath,Morehead State
2025,Tinsley Brown,Morehead State
2025,M.E. Hargan,Morehead State
2025,Courtney Fitzgerald,Morehead State
2025,Kylie Sharp,Morehead State
2025,Amelia Nott,Morehead State
2025,Kennedy Tinch,Morehead State
2025,Bailey Brashear,Morehead State
2025,Avery Ray,Morehead State
2025,Hollan Everett,Morehead State
2025,Sydney Sennett,Morehead State
2025,Shea Hefner,Morehead State
2025,Leanna Beaty,North Carolina Central
2025,Neira Joldic,North Carolina Central
2025,Shalyn Bell,North Carolina Central
2025,Amarah Johnson,North Carolina Central
2025,Talia Emmen,North Carolina Central
2025,Loren Johnson,North Carolina Central
2025,Tayah Little,North Carolina Central
2025,Allyson Rouse,North Carolina Central
2025,Kamren Harper,North Carolina Central
2025,Makenzi Searcy,North Carolina Central
2025,Manuela Cripa Nasser,North Carolina Central
2025,Jaelyn Hall,North Carolina Central
2025,Addie Reid,North Carolina Central
2025,Summer Campbell,North Carolina Central
2025,Hailey Gibbons,North Carolina Central
2025,Jenelle Mason,North Carolina Central
2025,Gabriela Felix-Baeza,North Carolina Central
2025,Kylie Blessing,Niagara
2025,Natasa Ljubicic,Niagara
2025,Paisley Ka’ahanui,Niagara
2025,Katie Jacobs,Niagara
2025,Kinga Wronska,Niagara
2025,Mia Schaefer,Niagara
2025,Taylor Jenkins,Niagara
2025,Lizzie Kraft,Niagara
2025,Liana Tolliver,Niagara
2025,Janiah Robinson,Niagara
2025,Sydney Wilkes,Niagara
2025,Kaitlyn Doyle,Niagara
2025,Noel Perkins,Niagara
2025,Leah Allen,Niagara
2025,Gabrielle Belony,Niagara
2025,Payton Lee,Niagara
2025,Katelynn Rottman,Niagara
2025,Olivia Besson,Nicholls State
2025,Ava-Claire Calais,Nicholls State
2025,Melanie Guevara,Nicholls State
2025,Ava Pennison,Nicholls State
2025,Maelie Chupin,Nicholls State
2025,Karina Smith,Nicholls State
2025,Isabella Padilla,Nicholls State
2025,Tierney Terrell,Nicholls State
2025,Tamara Chavez,Nicholls State
2025,Jenna Cicherski,Nicholls State
2025,Alyssa Williams,Nicholls State
2025,Harper Holden,Nicholls State
2025,Ana Clara Valentim do Vale,Nicholls State
2025,Neriah Tualaulelei-Malele,Nicholls State
2025,Madison Smith,Nicholls State
2025,Mariana Cova,New Jersey Institute of Technology
2025,Aries Fontaine,New Jersey Institute of Technology
2025,Ela Akay,New Jersey Institute of Technology
2025,Emma Wild,New Jersey Institute of Technology
2025,Taylor West,New Jersey Institute of Technology
2025,Sara Siefert,New Jersey Institute of Technology
2025,Martina Gonzalo Cortes,New Jersey Institute of Technology
2025,Giselle Parker,New Jersey Institute of Technology
2025,Doga Emil,New Jersey Institute of Technology
2025,Cece Marino,New Jersey Institute of Technology
2025,Ema Torres,New Jersey Institute of Technology
2025,Rowan Schreiber,New Jersey Institute of Technology
2025,Madison MacKaig,New Jersey Institute of Technology
2025,Ashlynn Berns,New Jersey Institute of Technology
2025,Olivia Grall,New Jersey Institute of Technology
2025,Finley McAndrew,New Jersey Institute of Technology
2025,Sydney McCree,Norfolk State
2025,Jasmine Mataira,Norfolk State
2025,Paula Sigurani,Norfolk State
2025,Mikayla Middleton,Norfolk State
2025,Isis Castille,Norfolk State
2025,Jolie Faw,Norfolk State
2025,Mina Faw,Norfolk State
2025,Briana Ellis,Norfolk State
2025,Gabrielle Gilbert,Norfolk State
2025,Catori Crawford,Norfolk State
2025,Reagan Chisholm,Norfolk State
2025,Gabriella Viana daSilva,Norfolk State
2025,Erin Armstrong,Norfolk State
2025,Mya Wood,Norfolk State
2025,Kaden Sanders,Norfolk State
2025,Mary Nahinu,Norfolk State
2025,Ava Berry,Norfolk State
2025,Jala Dixon,Norfolk State
2025,Julia Whitfield,Northwestern State
2025,Emmarie McFarland,Northwestern State
2025,Riley Schubert,Northwestern State
2025,Kenadii Winfrey,Northwestern State
2025,Olivia Bush,Northwestern State
2025,Harper Cauley,Northwestern State
2025,Reagan Hamm,Northwestern State
2025,Melis Özipek,Northwestern State
2025,Jade Longlad,Northwestern State
2025,Samaya Wesson,Northwestern State
2025,Makenna Tryon,Northwestern State
2025,Elsie Sanchez Oliver,Northwestern State
2025,Deja Benjamin,Northwestern State
2025,Maui Robins,Portland
2025,Meki Maile,Portland
2025,Havannah Hoeft,Portland
2025,Jeryn Hildenbrand,Portland
2025,Jules Tan,Portland
2025,Larkin Chock,Portland
2025,Sydney Cazimero,Portland
2025,Lucia Busso,Portland
2025,Lila Krall,Portland
2025,Vanessa Haddock,Portland
2025,Elin Larsson,Portland
2025,Amiyah Eason,Portland
2025,Tinoa Woodward-Hart,Portland
2025,Nevaeh Bray,Portland
2025,Callie Pieper,Portland
2025,Una Rajkovic,Portland
2025,Taina Kaauwai,Portland
2025,Georgia Haynes,Portland
2025,Alana Villela,Portland
2025,Alessandra Meoni,New Orleans
2025,Estrella Vazquez,New Orleans
2025,Kaila Baker,New Orleans
2025,Ryan Williams,New Orleans
2025,Peyton Cole,New Orleans
2025,Lani Alleman,New Orleans
2025,Defne Eciroglu,New Orleans
2025,Celia Mbaya,New Orleans
2025,Rylie Hallman,New Orleans
2025,Laura Piva,New Orleans
2025,Vanae Sapp,New Orleans
2025,Ania Anderson,New Orleans
2025,Ella Moss,New Orleans
2025,Ava Kennon,New Orleans
2025,Sarah Jean Van Horn,New Orleans
2025,Elani Ratchkovska,New Orleans
2025,Courtney Roundtree,New Orleans
2025,Akeir Scales,New Orleans
2025,Paige Stepaniuk,Portland State
2025,Brenna Coffman,Portland State
2025,Allison Panter,Portland State
2025,Naomi White,Portland State
2025,Sydney Stenson,Portland State
2025,Cali-Jo Shigemasa,Portland State
2025,Elisabeth Levick,Portland State
2025,Jessica Truong,Portland State
2025,Katie Brewer,Portland State
2025,Amber Walker,Portland State
2025,Alivia Eikenberg,Portland State
2025,Ashley Repetti,Portland State
2025,Willow Watson,Portland State
2025,Reese Biesemeyer,Portland State
2025,Ava Blascziek,Portland State
2025,Tyra Schaub,Portland State
2025,Sara Johnson,Radford
2025,Rylee Sloss,Radford
2025,Wiktoria Jakubik,Radford
2025,Alyssa Cadavid,Radford
2025,Alaina Roman,Radford
2025,Jackeline Nerro,Radford
2025,Katrina Miller,Radford
2025,Olivia Ryno,Radford
2025,Kennedy Robinson,Radford
2025,Alana Kolb,Radford
2025,Taryn Roberts,Radford
2025,Miranda Howard,Radford
2025,Gabriela Smolenska,Radford
2025,Lea Gage,Radford
2025,Julia Murdy,Radford
2025,Aubrey Hatch,Radford
2025,Maja Bochenek,Radford
2025,Sierra Moore,Radford
2025,Ruth Ziegler,Illinois State
2025,Khenedi Guest,Illinois State
2025,Caitlyn Little,Illinois State
2025,Madison Smith,Illinois State
2025,Sammi Bunch,Illinois State
2025,Logan Grevengoed,Illinois State
2025,Aida Shadewald,Illinois State
2025,Ella Craggs,Illinois State
2025,Oliwia Caputa,Illinois State
2025,Arianna Rossi,Illinois State
2025,Ne'Khaela Rogers,Illinois State
2025,Colleen Hege,Illinois State
2025,Devynn Schulze,Illinois State
2025,Abby Reck,Illinois State
2025,Lauren Salata,Illinois State
2025,Hannah Reichensperger,Illinois State
2025,Audrey Clark,Illinois State
2025,Ryleigh Powers,Rhode Island
2025,Sydney Houchens,Rhode Island
2025,Jessica Parker,Rhode Island
2025,Cansu Kornosor,Rhode Island
2025,McKenna Melton,Rhode Island
2025,Autumn Tombline,Rhode Island
2025,Kiera McCarles,Rhode Island
2025,Erika Bracey,Rhode Island
2025,Ipek Ulukutlu,Rhode Island
2025,Chloe Abuto,Rhode Island
2025,Havyn Rolle,Rhode Island
2025,Emma Vente,Rhode Island
2025,Ema Stermenska,Rhode Island
2025,Aerin Bowman,Rhode Island
2025,Hannah Jonick,Rhode Island
2025,Dakota Henry,Rhode Island
2025,Grace Borys,Rider
2025,Madison Daley,Rider
2025,Keegan O'Connor,Rider
2025,Annabell Zachritz,Rider
2025,Brynn Johnson,Rider
2025,Molly Rohde,Rider
2025,Rylah Robinson,Rider
2025,Anji Vishwanathan,Rider
2025,Makenna Mason,Rider
2025,Carly Allen,Rider
2025,Kiannisha Santiago,Rider
2025,Carley McAleavey,Rider
2025,Tyler Adams,Rider
2025,Katie Cook,Rider
2025,Simone Langford,Rider
2025,Erynn Gotsch,Rider
2025,Cecilia DeCaro,Rider
2025,Anja Kelly,Rider
2025,Lade Adeniyi,UMass Lowell
2025,Jessica Jubb,UMass Lowell
2025,Kate Bilyeu,UMass Lowell
2025,Lindsey Visvardis,UMass Lowell
2025,Katherine Claybaugh,UMass Lowell
2025,Malia Randolph,UMass Lowell
2025,Morgan Given,UMass Lowell
2025,Madi Bell,UMass Lowell
2025,Ariel Dulaney,UMass Lowell
2025,McKenna Bova,UMass Lowell
2025,Aleyna Kennel,UMass Lowell
2025,Grace Burkett,UMass Lowell
2025,Delaney Mendez,UMass Lowell
2025,Erica Cappellino,UMass Lowell
2025,Eliana Rodgers,Sacred Heart
2025,Taylor Pratt,Sacred Heart
2025,Lauren Hubert,Sacred Heart
2025,Miliani Villarreal,Sacred Heart
2025,Tiana Brasby,Sacred Heart
2025,Brielle Laferriere,Sacred Heart
2025,Ava Roodbol,Sacred Heart
2025,Cristina Montanez,Sacred Heart
2025,Georgia Murphy,Sacred Heart
2025,Kelli Ennis,Sacred Heart
2025,Ryleigh Short,Sacred Heart
2025,Molly Newton,Sacred Heart
2025,Addison Murphy,Sacred Heart
2025,Emily Sawyer,Sacred Heart
2025,Gracie DiNardo,Sacred Heart
2025,Samantha Alberghini,Sacred Heart
2025,Abbie Hagedorn,Sacred Heart
2025,Katie Lam,Sacred Heart
2025,Karlie Spohn,Sacramento State
2025,Reese Ampi,Sacramento State
2025,Abbey Kadillak,Sacramento State
2025,Amy Ito,Sacramento State
2025,Allison Mimbs,Sacramento State
2025,Greta Davis,Sacramento State
2025,Skyler Gartin,Sacramento State
2025,Eleanor Weeks,Sacramento State
2025,Kelsey Heffner,Sacramento State
2025,Kate Doorn,Sacramento State
2025,Victoria Marthaler,Sacramento State
2025,Ashlynn Archer,Sacramento State
2025,Mia Guevara,Sacramento State
2025,Keonahi'ilani Solaita,Sacramento State
2025,Kaylee Piepho,Sacramento State
2025,Charlee Lepp,Sacramento State
2025,Chloe Maughan,Saint Louis
2025,Athena Tsalapatanis,Saint Louis
2025,Kennedy Cooper,Saint Louis
2025,Irmak Gokcen,Saint Louis
2025,Averie Summerlin,Saint Louis
2025,Tea Kalajdzic,Saint Louis
2025,Addy Polk,Saint Louis
2025,Alivia Bronner,Saint Louis
2025,Anna Alexander,Saint Louis
2025,Tamia Maddox,Saint Louis
2025,Jetta Brenning,Saint Louis
2025,Vivian Kieffer,Saint Louis
2025,Justina Asamoa,Saint Louis
2025,Ellie Rink,Saint Louis
2025,Kayla Jansen,Saint Louis
2025,Lucy Rankin,Saint Louis
2025,Carly Minatel,Samford
2025,Samantha Horn,Samford
2025,Brianna Hamilton,Samford
2025,Kaleigh Meritt,Samford
2025,Shea Bruntmyer,Samford
2025,Brooklyn Drumwright,Samford
2025,Ashley Evans,Samford
2025,Tatelyn Brandsma,Samford
2025,Emma Sorensen,Samford
2025,Sydney Waller,Samford
2025,Ally Cordes,Samford
2025,Greer Golden,Samford
2025,Janie Stinchcomb,Samford
2025,Sophia Plasman,Samford
2025,Amelia Johnston,Samford
2025,Macy Hinshaw,Santa Clara
2025,Kaia Grieve,Santa Clara
2025,Danielle Brown,Santa Clara
2025,Amy Veargason,Santa Clara
2025,Caitlin Johnson,Santa Clara
2025,Grace Flanagan,Santa Clara
2025,Alyssa Eimer,Santa Clara
2025,Selin Aslayan,Santa Clara
2025,Ashlynn Reilly,Santa Clara
2025,Lexi Trapani,Santa Clara
2025,Tristen Lujan,Santa Clara
2025,Cate Shanahan,Santa Clara
2025,Layla Truitt,Santa Clara
2025,Hailey Newell,Santa Clara
2025,Morgan Hayes,Santa Clara
2025,Bryn Shankle,Santa Clara
2025,Tia Kapihe,Santa Clara
2025,Kate Holthaus,South Dakota
2025,Avery Van Hook,South Dakota
2025,Ava Ball,South Dakota
2025,Lauren Medeck,South Dakota
2025,Audrey Nelson,South Dakota
2025,Cate Legel,South Dakota
2025,Morgan Bode,South Dakota
2025,Amelia Dugger,South Dakota
2025,Sierra Pokharel,South Dakota
2025,Cora Hokenstad,South Dakota
2025,Amanda Loschen,South Dakota
2025,Ella Rogers,South Dakota
2025,Sam Untiedt,South Dakota
2025,Kamryn Farris,South Dakota
2025,Katherine Thompson,South Dakota
2025,Carly Ries,South Dakota
2025,Samantha Laird,South Dakota
2025,Gwen Atkins,Saint Francis (PA)
2025,Alexa Chapla,Saint Francis (PA)
2025,Nevaeh Ingram,Saint Francis (PA)
2025,Kori McClure,Saint Francis (PA)
2025,Chandler Alter,Saint Francis (PA)
2025,Paloma Gonzalez Jaramillo,Saint Francis (PA)
2025,Aaliyah Toppin,Saint Francis (PA)
2025,Korrin Burns,Saint Francis (PA)
2025,Hailey Atkins,Saint Francis (PA)
2025,Ava Holden,Saint Francis (PA)
2025,Alyssa Irwin,Saint Francis (PA)
2025,Elsa Richards,Saint Francis (PA)
2025,Alexandra Sappia,Saint Francis (PA)
2025,Mamie Krubally,Fairfield
2025,Sophia Nagy,Fairfield
2025,Delaney Moon,Fairfield
2025,Emma Bortolotti,Fairfield
2025,Abby Jandro,Fairfield
2025,Katelyn Cook,Fairfield
2025,Nicole Macalintal,Fairfield
2025,Zofia Sykut,Fairfield
2025,Maya Walker,Fairfield
2025,Allie Elliott,Fairfield
2025,Lindsey Healey,Fairfield
2025,Daniella Suarez,Fairfield
2025,Caroline Collins,Fairfield
2025,Natalie Carlin,Fairfield
2025,Mia Jean Claude,Fairfield
2025,Harlan Wyche,Fairfield
2025,Ella Paniagua,Fairfield
2025,Rayanne Wheat,Stony Brook
2025,Aajaylah Zeno,Stony Brook
2025,Carey-Jean Block,Stony Brook
2025,Hanna Berkefelt,Stony Brook
2025,Lei Lasike,Stony Brook
2025,Ayanna Pierre Louis,Stony Brook
2025,Ava Zamora,Stony Brook
2025,Mercedes Motton,Stony Brook
2025,Mopelola Ojo,Stony Brook
2025,Liv Hertzog,Stony Brook
2025,Quinn Anderson,Stony Brook
2025,Kali Moore,Stony Brook
2025,Avery Meide,Stony Brook
2025,Zayda Fuertez,Stony Brook
2025,Madison Cigna,Stony Brook
2025,Erin Brothers,Towson
2025,Temuulen Sansarbold,Towson
2025,Natalia PeBenito,Towson
2025,Ava Drye,Towson
2025,Sydney Stewart,Towson
2025,Malinah Purcell-Telefoni,Towson
2025,Addison Leber,Towson
2025,Tshilanda Diouf,Towson
2025,Alexa Mork,Towson
2025,Peyton Meyer,Towson
2025,Kendall Minta,Towson
2025,Maisie Jesse,Towson
2025,Sarah Callender,Towson
2025,Taylor Pagan,Towson
2025,Destini Pickett,Towson
2025,Kaitlyn Moran,Towson
2025,Ella Sanders,Towson
2025,Zeynep Belgutay,Towson
2025,J'nireah Henry,Arkansas-Pine Bluff
2025,Haley Reeves,Arkansas-Pine Bluff
2025,Jada Shepherd,Arkansas-Pine Bluff
2025,Trinity Gibbs,Arkansas-Pine Bluff
2025,Martyna Lubowicz,Arkansas-Pine Bluff
2025,Amayah Jones,Arkansas-Pine Bluff
2025,Ja'kira Brown,Arkansas-Pine Bluff
2025,Samantha Newman,Arkansas-Pine Bluff
2025,Ashanti Butler,Arkansas-Pine Bluff
2025,Marlina Anderson,Arkansas-Pine Bluff
2025,Ngozi Nwoku,Arkansas-Pine Bluff
2025,MacKenzie McDowell,Arkansas-Pine Bluff
2025,Zuzanna Zietek,Arkansas-Pine Bluff
2025,Laci Bohannan,Central Arkansas
2025,Trinity Hamilton,Central Arkansas
2025,Karlyn Frazier,Central Arkansas
2025,Kennady Martindale,Central Arkansas
2025,Cameron McDaniel,Central Arkansas
2025,Caylan Koons,Central Arkansas
2025,McKinzee Haas,Central Arkansas
2025,Alexa Carranza,Central Arkansas
2025,Ella Chaney,Central Arkansas
2025,Samantha Cousins,Central Arkansas
2025,Sarah Carnathan,Central Arkansas
2025,Vivian Spradlin,Central Arkansas
2025,Brinley Burdette,Central Arkansas
2025,Greyson Button,Central Arkansas
2025,Gabby Tuiaana,Central Arkansas
2025,Alexis McDaniel,Central Arkansas
2025,Sophie Skinner,Central Arkansas
2025,Breeze Czapinski,UC Davis
2025,Mia Starr,UC Davis
2025,Laela Burgess,UC Davis
2025,Jade Light,UC Davis
2025,Rachel Dunagan,UC Davis
2025,Maike Bertens Deckart,UC Davis
2025,Faith Rabb-Patterson,UC Davis
2025,Demi Cole,UC Davis
2025,Allie Caldwell,UC Davis
2025,Makena Morrison,UC Davis
2025,Victoria Vanos,UC Davis
2025,Ally Chandler,UC Davis
2025,Ximena Cordero Barr,UC Davis
2025,Kendall Rogers,UC Davis
2025,Brooke Hibino,UC Davis
2025,Haden Bones,UC Davis
2025,Reese Diersbock,UC Davis
2025,Maren B.,UC Davis
2025,McKynzee Beddes,UC Riverside
2025,Makena Tong,UC Riverside
2025,Mia Delahoussaye,UC Riverside
2025,Jessica Dean,UC Riverside
2025,Brianna Bowyer,UC Riverside
2025,Rachel Schwartz,UC Riverside
2025,Vanessa Imoh,UC Riverside
2025,Layla Hooks,UC Riverside
2025,Nikki Hughes,UC Riverside
2025,Evelyn Hendrix,UC Riverside
2025,Izzy Jeffery,UC Riverside
2025,Kylie Proctor,UC Riverside
2025,Misu Nguyen,UC Riverside
2025,Andrea Brewer,UC Riverside
2025,Sophia Ewalefo,UC Riverside
2025,Kiersten Schmitt,UC Santa Barbara
2025,Sandrea Thomas,UC Santa Barbara
2025,Ema Petkovic,UC Santa Barbara
2025,Bianca Nistor,UC Santa Barbara
2025,Caroline Foraker,UC Santa Barbara
2025,Eva Travis,UC Santa Barbara
2025,Milan Rex,UC Santa Barbara
2025,Cortni Youngblood,UC Santa Barbara
2025,Kate Martin,UC Santa Barbara
2025,Layanna Green,UC Santa Barbara
2025,Avery Gibbs,UC Santa Barbara
2025,Sophie Reavis,UC Santa Barbara
2025,Anna Boatner,UC Santa Barbara
2025,Michelle Zhao,UC Santa Barbara
2025,Gabi Martinez,UC Santa Barbara
2025,Ayva Ostovar,UC Santa Barbara
2025,Katrina Catalan,UC Santa Barbara
2025,Jordyn Johnson,UC Santa Barbara
2025,Grace Wuischpard,UC Santa Barbara
2025,Emma McDermott,UC Santa Barbara
2025,Carlotta Pascual Centelles,Evansville
2025,Jenna Heidbreder,Evansville
2025,Maddie Hawkins,Evansville
2025,Sabrina Ripple,Evansville
2025,Angelica Gonzalez Maltes,Evansville
2025,Lexi Owen,Evansville
2025,Josdarilee Caraballo,Evansville
2025,Kora Ruff,Evansville
2025,Brynne Krangnes,Evansville
2025,Ainoah Cruz,Evansville
2025,Hinsley Everett,Evansville
2025,Holland Morris,Evansville
2025,Chloe Cline,Evansville
2025,Brooke Herdes,Evansville
2025,Ryan Scheu,Evansville
2025,Makenzie Miller,Evansville
2025,Kendall Agler,Evansville
2025,McKenzie Laubach,Evansville
2025,Alex Beauchamp,Incarnate Word
2025,Finley Evans,Incarnate Word
2025,Calissa Allison,Incarnate Word
2025,Victoria Hall,Incarnate Word
2025,Lilly Roach,Incarnate Word
2025,Kitana Tu'ufuli,Incarnate Word
2025,Karli Krueger,Incarnate Word
2025,Sofia Grimm,Incarnate Word
2025,Gabby Fish,Incarnate Word
2025,Ashton Rogers,Incarnate Word
2025,Teyhlor Thomas,Incarnate Word
2025,Jadyn Molina,Incarnate Word
2025,Kade Thomas,Incarnate Word
2025,Kyla Malone,Incarnate Word
2025,Bella Ceja,Incarnate Word
2025,Dylyn Williams,Incarnate Word
2025,Vanessa Eregie,Incarnate Word
2025,Liliana Brisco,Incarnate Word
2025,Sandlin Short,Louisiana Monroe
2025,Camryn Kimes,Louisiana Monroe
2025,Amelia Piekut,Louisiana Monroe
2025,Briana Raney,Louisiana Monroe
2025,Chavon Weaver,Louisiana Monroe
2025,Aniya Hall,Louisiana Monroe
2025,Kenzie Behl,Louisiana Monroe
2025,Kennedy Plummer,Louisiana Monroe
2025,Kristine Bakhad,Louisiana Monroe
2025,Madison Derden,Louisiana Monroe
2025,Ariel Gogley,Louisiana Monroe
2025,Molly Muller,Louisiana Monroe
2025,Jaliyah Cohnes,Louisiana Monroe
2025,Morgan Howard,Louisiana Monroe
2025,Eden Pietrzak,Louisiana Monroe
2025,Paige Meins,Louisiana Monroe
2025,Defne Aydin,Louisiana Monroe
2025,Beril Celik,Louisiana Monroe
2025,Natalie Harris,UMBC
2025,Molly Penn,UMBC
2025,Serin Maden,UMBC
2025,Hannah Dobbs,UMBC
2025,Laura Fuehrer,UMBC
2025,Jada James,UMBC
2025,Izzy Ostvig,UMBC
2025,Jalynn Brown,UMBC
2025,Claudia Llamas,UMBC
2025,Hannah Howard,UMBC
2025,Ema Djordjevic,UMBC
2025,Alissa Grant,UMBC
2025,Ella McAllister,UMBC
2025,Helen Frankovich,UMBC
2025,Bloom Princell,UNC Greensboro
2025,McKenna Timmerman,UNC Greensboro
2025,Izora Gragg,UNC Greensboro
2025,Megan Carron,UNC Greensboro
2025,Lauren Janosy,UNC Greensboro
2025,Allie Sweet,UNC Greensboro
2025,Mia Nicklas,UNC Greensboro
2025,Chloe Nussbaum,UNC Greensboro
2025,Aylin Baran,UNC Greensboro
2025,Gabby Seeds,UNC Greensboro
2025,Siena Smiejek,UNC Greensboro
2025,Graylinn Serge,UNC Greensboro
2025,Robin Rosser,UNC Greensboro
2025,Kendall Lanclos,UNC Greensboro
2025,Elenoa Sing,UNC Greensboro
2025,Connore' Siler-Nixon,UNC Greensboro
2025,Kalia Kohler,Texas-El Paso
2025,Jordan Imperial,Texas-El Paso
2025,Sydney Frazier,Texas-El Paso
2025,Fuka Sekita,Texas-El Paso
2025,Torrance Lovesee,Texas-El Paso
2025,Alexis Massey,Texas-El Paso
2025,Ella Meador,Texas-El Paso
2025,Hannah Crowe,Texas-El Paso
2025,Lauren Perry,Texas-El Paso
2025,Ema Uskokovic,Texas-El Paso
2025,Landry Braziel,Texas-El Paso
2025,Mackenzi Davis,Texas-El Paso
2025,Luvina Oguntimehin,Texas-El Paso
2025,Mattie Gantt,Texas-El Paso
2025,Danika Washington,Texas-El Paso
2025,Lexee Salas,Texas-El Paso
2025,Kaya Weaver,Texas-El Paso
2025,Sara Pustahija,Texas-El Paso
2025,Martina Franco,UT-Rio Grande Valley
2025,Aaliyah Snead,UT-Rio Grande Valley
2025,Nadine Zech,UT-Rio Grande Valley
2025,Jasmine Allen,UT-Rio Grande Valley
2025,Celianiz Cabranes,UT-Rio Grande Valley
2025,Ana Julia Peixoto,UT-Rio Grande Valley
2025,Maria Angeliki Tsagkopoulou,UT-Rio Grande Valley
2025,Valentina Sarti Cipriani,UT-Rio Grande Valley
2025,Giovana Ribeiro,UT-Rio Grande Valley
2025,Sujeili Mermella,UT-Rio Grande Valley
2025,Isa Bento,UT-Rio Grande Valley
2025,Natalie Reyes,UT-Rio Grande Valley
2025,Dimitra Nanou,UT-Rio Grande Valley
2025,Carmina Tijerina,UT-Rio Grande Valley
2025,Julianna Bryant,UT-Rio Grande Valley
2025,Shylah Totten,UT-Rio Grande Valley
2025,Isabella Costantini,UT-Rio Grande Valley
2025,Maranda Woolf,Utah Valley
2025,Alyvia Jaffa,Utah Valley
2025,Madi Standifird,Utah Valley
2025,Alyssa Erickson,Utah Valley
2025,Avery Page,Utah Valley
2025,Brooke Stauffer,Utah Valley
2025,Rylee Busse,Utah Valley
2025,Lani Matavao,Utah Valley
2025,Natalie Riggs,Utah Valley
2025,Lauren Feiler,Utah Valley
2025,Evalyn Chism,Utah Valley
2025,Kenna McClure,Utah Valley
2025,Sami Blackett,Utah Valley
2025,Bella Wooden,Utah Valley
2025,Olivia Gloeckner,Utah Valley
2025,Moana Peaua,Utah Valley
2025,Steliyana Chakarova,Utah Valley
2025,Makenzie Malloy,Winthrop
2025,Trabrece Marbley,Winthrop
2025,Lexi Thatcher,Winthrop
2025,Paige Bennett,Winthrop
2025,KeAra Bowen,Winthrop
2025,Giselle Little,Winthrop
2025,Avery Jolley,Winthrop
2025,Sophia Matthews,Winthrop
2025,Reece Rhoads,Winthrop
2025,Alyah Cadavid,Winthrop
2025,Addison Torain,Winthrop
2025,Isabella Murray,Winthrop
2025,Maeve Rehmann,Winthrop
2025,Rachel McCollum,Winthrop
2025,Sydney Nolan,Winthrop
2025,Laila Glover,Winthrop
2025,Teagan Sychterz,Winthrop
2025,Damisi Osibodu,William & Mary
2025,Beatriz Silva,William & Mary
2025,Olivia Esposito,William & Mary
2025,Cate Hatfield,William & Mary
2025,Shylah Swope,William & Mary
2025,Sophia Van Name,William & Mary
2025,Tulasi Nalluri,William & Mary
2025,Kaitlyn Dunnigan,William & Mary
2025,Audrey Brcka,William & Mary
2025,Avery Horejsi,William & Mary
2025,Ryann Love,William & Mary
2025,Berkeley Konrady,William & Mary
2025,Madison Monahan,William & Mary
2025,Nicole Smith,William & Mary
2025,Devereaux Hoxsie,William & Mary
2025,Olivia Westfort,William & Mary
2025,Katherine Arnason,William & Mary
2025,Oluwatoyin Sunday,Cal State LA
2025,Seriah Demski,Cal State LA
2025,Brooke Paige,Cal State LA
2025,McKinley Chase,Cal State LA
2025,Jameson Sanders,Cal State LA
2025,Agnieszka Gastala,Cal State LA
2025,Rachel Lowe,Cal State LA
2025,Samarah DaCoud,Cal State LA
2025,Naomi Jackson,Cal State LA
2025,Juliana Speiski,Cal State LA
2025,Rebeca Marquez,Cal State LA
2025,Mariana Alvarado,Cal State LA
2025,Mia Webster,Cal State LA
2025,Tehya Chadwick,Cal State LA
2025,Madison Clark,Cal State LA
2025,Anaiya Cooper,Cal State LA
2025,Ayjah Landers,Cal State LA
2025,Zuhal Cetin,Cal State LA
2025,Arielle Chandler,Cal State LA
2025,Rebecca Topete,Cal State LA
2025,Savannah Risley,Cal State LA
2025,Havannah Vogel,Cal State LA
2025,Avalon Heintz,Cal State LA
2025,Lindsey Houran,Central Okla.
2025,Mayli Whetter,Central Okla.
2025,Kedron Burk,Central Okla.
2025,Taylor Nielsen,Central Okla.
2025,Andrea Coady,Central Okla.
2025,Sawyer Franz,Central Okla.
2025,Kamryn Glover,Central Okla.
2025,Emma Halstead,Central Okla.
2025,Kaitlyn Parrott,Central Okla.
2025,Lari Migliorino,Central Okla.
2025,Riley Roberts,Central Okla.
2025,Jordyn Baker,Central Okla.
2025,Sydney Huck,Central Okla.
2025,Mikiah Perdue,Central Okla.
2025,Myla Unterweger,Central Okla.
2025,Morgan Manning,Central Okla.
2025,Kayleigh-Shay Chang,Central Wash.
2025,Addie Allen,Central Wash.
2025,Scottie Ellsworth,Central Wash.
2025,Carissa Stratman,Central Wash.
2025,Kennedy Webb,Central Wash.
2025,Ellie Marble,Central Wash.
2025,Mya VanderYacht,Central Wash.
2025,Hayli Tri,Central Wash.
2025,Mackenzie Godden,Central Wash.
2025,Ashton McMahon,Central Wash.
2025,Corinne Westby,Central Wash.
2025,Kailey Willsey,Central Wash.
2025,Brooklyn Parker,Central Wash.
2025,Taylor Speake,Central Wash.
2025,Payton Davis,Central Wash.
2025,Stella Petersen,Central Wash.
2025,Ella Bines,Central Wash.
2025,Kaitlyn Leaverton,Central Wash.
2025,Paige Sturing,Central Wash.
2025,Chloe Grady,Chadron St.
2025,Katie Bell,Chadron St.
2025,Naomi Starr,Chadron St.
2025,Jillian Donovan,Chadron St.
2025,Avery Lacy,Chadron St.
2025,Alejandra Briseno,Chadron St.
2025,Kally Kirkwood,Chadron St.
2025,Kiera Alfred,Chadron St.
2025,Shelby Harding,Chadron St.
2025,Gibson Beckler,Chadron St.
2025,Natali Keni,Chadron St.
2025,Shelbi Hazlitt,Chadron St.
2025,Brandi Helzer,Chadron St.
2025,Cydnie Eskew,Chadron St.
2025,Sydney Strode,Chadron St.
2025,Mataya Ward,Chadron St.
2025,Josie Loosvelt,Chadron St.
2025,Bella Adams,Chadron St.
2025,Rylee Ward,Chadron St.
2025,Bo French,Chadron St.
2025,Mattie Sewell,Christian Brothers
2025,Sarah Bandi,Christian Brothers
2025,Abby Wheaton,Christian Brothers
2025,Sofia Rathheim-Hilton,Christian Brothers
2025,Ella Schumacher,Christian Brothers
2025,Alexis Goodman,Christian Brothers
2025,Lilly Oxford,Christian Brothers
2025,Carleiny Morillo,Christian Brothers
2025,Sophia Nowacki,Christian Brothers
2025,Stella Lukaszuk,Christian Brothers
2025,Aliyah Babler,Christian Brothers
2025,Abby Wertz,Christian Brothers
2025,Jenifer Cuyler,Christian Brothers
2025,Addison Waggoner,Christian Brothers
2025,Calah Jackson,Christian Brothers
2025,Ella LeDoux,Christian Brothers
2025,Ava Hillyer,Christian Brothers
2025,Jamela Glass,Christian Brothers
2025,Lizzie Edwards,Christian Brothers
2025,Emily Helms,Christian Brothers
2025,Mercy Osayemi,Christian Brothers
2025,Sarah Helms,Christian Brothers
2025,Camille Testerman,Concord
2025,Maddie Stull,Concord
2025,Meg Williams,Concord
2025,Allie Davis,Concord
2025,Chloe Thompson,Concord
2025,Sadie Robinson,Concord
2025,Paige Richmond,Concord
2025,Meagan Poticher,Concord
2025,Haley Sweeney,Concord
2025,Jasmine Anderson,Concord
2025,Brooklyn McCroskey,Concord
2025,Addison Adkins,Concord
2025,Zora Stradford,Concord
2025,Mackenzie Wright,Concord
2025,Alexis Stack,Concord
2025,Livia Balling,Concord
2025,Elaina Balling,Concord
2025,Addy Johnson,Concord
2025,Gretchen Davila,Concord
2025,Savannah Davila,Concord
2025,Hannah Rhodes,Concord
2025,Josi Ervin,Concord
2025,Ella Sarver,Concord
2025,Summer Kohler,USC Upstate
2025,Hannah Campbell,USC Upstate
2025,Bri Brathol,USC Upstate
2025,Morgan Powell,USC Upstate
2025,Alyssa Hook,USC Upstate
2025,Savannah Page,USC Upstate
2025,Sophia Overholt,USC Upstate
2025,Cora Hamilton,USC Upstate
2025,Brielle Ellis,USC Upstate
2025,Ady O'Grady,USC Upstate
2025,Emma DeSensi,USC Upstate
2025,Lauren DeOrio,USC Upstate
2025,Katia Nikolic,USC Upstate
2025,Olivia Callipo,USC Upstate
2025,Kensley Haneline,USC Upstate
2025,Kamyla Vega David,USC Upstate
2025,Skylar Hilton,Drury
2025,Megan Howard,Drury
2025,Gracie Kimrey,Drury
2025,Kim Quinit,Drury
2025,Ella Rademaker,Drury
2025,Mailie Chretien,Drury
2025,Lauren Tyler,Drury
2025,Mary Henry,Drury
2025,Phoebe Riddle,Drury
2025,Kyla Clubb,Drury
2025,Emerson Grossman,Drury
2025,Abby Renshaw,Drury
2025,Alyssa Lindemann,Drury
2025,Jenna LaBarge,Drury
2025,Kennedy Outler,Drury
2025,Caroline Red,Drury
2025,Grace Gardner,Drury
2025,Payton Mitchell,Drury
2025,Amelia White,Drury
2025,Chaney Barth,Drury
2025,Jacy Bray,Drury
2025,Hannah Williams,Drury
2025,Gabrielle Dials,D'Youville
2025,Lauren Scully,D'Youville
2025,Maddie Boglev,D'Youville
2025,Ailanice Rodriguez,D'Youville
2025,Isabelle Prentice,D'Youville
2025,Cameron Ulinski,D'Youville
2025,Angelyn Jaramillo,D'Youville
2025,Madison Bradshaw,D'Youville
2025,Melissa Bracero,D'Youville
2025,Michelina Estremera,D'Youville
2025,Anna Chechelnytska,D'Youville
2025,Alina Bertens-Deckart,D'Youville
2025,Madeline O'Brien,D'Youville
2025,Giselle Ramirez,D'Youville
2025,Trinity Foster,D'Youville
2025,Adrianna Favata,Cal U (PA)
2025,Kasie Meek,Cal U (PA)
2025,Kay Lindenfelser,Cal U (PA)
2025,Nina Conte,Cal U (PA)
2025,Tayla Pascoe,Cal U (PA)
2025,Morgan Johnson,Cal U (PA)
2025,Anna-Marie Petricevic,Cal U (PA)
2025,Ava Norfolk,Cal U (PA)
2025,Laurell McClurkin,Cal U (PA)
2025,Caroline Mercer,Cal U (PA)
2025,Bailey Maxin,Cal U (PA)
2025,Olivia Weiseman,Cal U (PA)
2025,Elisa Rugiero,Cal U (PA)
2025,Riley Evans,Cal U (PA)
2025,Lindsey Scammell,Cal U (PA)
2025,Sarah Stephenson,Cal U (PA)
2025,Ella Meedel,Cal U (PA)
2025,Lexi Muck,Cal U (PA)
2025,Zoee Smith,Cal U (PA)
2025,Alayna Jones,Cal U (PA)
2025,McKenzie Mansell,East Tex. Baptist
2025,Heidi Wilson,East Tex. Baptist
2025,Sadie Kasowski,East Tex. Baptist
2025,Lara Hornsby,East Tex. Baptist
2025,Callie Humphrey,East Tex. Baptist
2025,Halie McDaniel,East Tex. Baptist
2025,Kacie Trimble,East Tex. Baptist
2025,Jenna McGuire,East Tex. Baptist
2025,Taylor Poore,East Tex. Baptist
2025,Graycee Mosley,East Tex. Baptist
2025,McKinzie Riley,East Tex. Baptist
2025,Lexi Moody,East Tex. Baptist
2025,Sydney Temple,East Tex. Baptist
2025,Anita Hancock,East Tex. Baptist
2025,Reegan Hammer,East Tex. Baptist
2025,Katherine Server,East Tex. Baptist
2025,Emily Sitton,East Tex. Baptist
2025,Lindsey Gooch,East Tex. Baptist
2025,Sophia Peterson,Edgewood
2025,Sade Partlow,Edgewood
2025,Mia Hinkamper,Edgewood
2025,Anna Hennessey,Edgewood
2025,Ari Partlow,Edgewood
2025,Anna Leong,Edgewood
2025,Payton Millin,Edgewood
2025,Abbey Eivins,Edgewood
2025,Natalie Murphy,Edgewood
2025,Haley Chavez,Edgewood
2025,Gabby Hack,Edgewood
2025,Kate Gunderson,Edgewood
2025,Jennacy Wille,Edgewood
2025,Nida Zukauskaite,Edgewood
2025,Kennedy Kabat,Edgewood
2025,Scarlett Simkowski,Edgewood
2025,Katie Borchert,Edgewood
2025,Shannon Rusch,Edgewood
2025,Anna Marinier,Edgewood
2025,Molly Amendt,Edgewood
2025,Bella Braun,Edgewood
2025,Marina Hosticka,Edgewood
2025,Ella O'Neill,Edgewood
2025,Ellie Hunt,Elon
2025,Dani Wallace,Elon
2025,Casey Brower,Elon
2025,Allie Schultz,Elon
2025,Kyla Johnson,Elon
2025,Clara Simmons,Elon
2025,Lindsey Harris,Elon
2025,Shannon O'Laughlin,Elon
2025,Caroline Berlekamp,Elon
2025,Kayla Palmer,Elon
2025,Cameron Lanier,Elon
2025,Anna Sewell,Elon
2025,Simrin Carlsen,Elon
2025,Catherine Rucker,Elon
2025,April Rice,Elon
2025,Keyshla Rivera,Emporia St.
2025,Mia Frisbie,Emporia St.
2025,Brailee Bogle,Emporia St.
2025,Willow Deckinger,Emporia St.
2025,Sydney Fiatte,Emporia St.
2025,Kinzie Perdue,Emporia St.
2025,Boglarka Rady,Emporia St.
2025,Emma Klett,Emporia St.
2025,Nyia Anderson,Emporia St.
2025,Brooklynn Weaver,Emporia St.
2025,Brenna Smith,Emporia St.
2025,Delainee Dexter,Emporia St.
2025,Lavra Krizanic,Emporia St.
2025,Camilla Ossola,Emporia St.
2025,Kiley Armstrong,Erskine
2025,Mahayla Law,Erskine
2025,Madison Bagwell,Erskine
2025,Jadyn Anderson,Erskine
2025,Kerri O'Shields,Erskine
2025,Becca Yohe,Erskine
2025,Ali Angell,Erskine
2025,Rylee Bath,Erskine
2025,Paige Nims,Erskine
2025,Charleston Parker,Erskine
2025,Aimee Loj,Erskine
2025,Meghan DeWalt,Erskine
2025,Ella Dietrich,Erskine
2025,Bryce Bendig,Erskine
2025,Kimmy Stiltner,Erskine
2025,Kinslee Smith,Erskine
2025,Kyleigh Upton,Erskine
2025,Jordyn Autry,Erskine
2025,Maggie Norris,Erskine
2025,Alexis Waddy,Erskine
2025,MJ Hurd,Erskine
2025,Laural Davis,Erskine
2025,Josie Skinn,Fairmont St.
2025,Kelsie Dangerfield,Fairmont St.
2025,Kelsea Vandine,Fairmont St.
2025,Adella Rodriguez,Fairmont St.
2025,Ashlyn Six,Fairmont St.
2025,Baylie Ostvig,Fairmont St.
2025,Josie Nobbe,Fairmont St.
2025,Natalie Zemba,Fairmont St.
2025,Rylee Burkhamer,Fairmont St.
2025,Janai Turner,Fairmont St.
2025,Ava Strange,Fairmont St.
2025,Zoe Ringer,Fairmont St.
2025,Joey Borelle,Fairmont St.
2025,Olivia Perkins,Fairmont St.
2025,Belle DeVall,Fairmont St.
2025,Kaylen Pot,Fairmont St.
2025,Chloe McDaniel,Fairmont St.
2025,McKenzi Martin,Fairmont St.
2025,Cayden Anschutz,Fairmont St.
2025,Alexa Martin,Fairmont St.
2025,Gabi Smith,Fairmont St.
2025,Grace DeVall,Fairmont St.
2025,Ashton Henrich,Fairmont St.
2025,Aubrey Haskins,Fairmont St.
2025,Elena Thompson,Fairmont St.
2025,Ragan Greeneisen,Findlay
2025,Reagan Price,Findlay
2025,Victoria Mescher,Findlay
2025,Grace Auer,Findlay
2025,Olivia Pearce,Findlay
2025,Alana Pohlman,Findlay
2025,Lauren Foerster,Findlay
2025,Emma White,Findlay
2025,Zoya Winkelfoos,Findlay
2025,Kirsten Bomholt,Findlay
2025,Lilly Barhorst,Findlay
2025,Miya Ellerbrock,Findlay
2025,Keira Turek,Findlay
2025,Hannah Miller,Findlay
2025,Abria Lomax,Findlay
2025,Jenna Leugers,Findlay
2025,Stephanie Smith,Findlay
2025,Makenna Belcher,Findlay
2025,Cecilia Palm,Findlay
2025,Alyx Daugherty,Fort Lewis
2025,Ivy Schoditsch,Fort Lewis
2025,Chloe Ruhl,Fort Lewis
2025,Jordan DeJesus,Fort Lewis
2025,Kiya Wilson,Fort Lewis
2025,Emery Pomroy,Fort Lewis
2025,Ryli Kalahiki,Fort Lewis
2025,Arianna Reyna,Fort Lewis
2025,Addie Garn,Fort Lewis
2025,Ellie Ames,Fort Lewis
2025,Cambria Freymuth,Fort Lewis
2025,Caroline Munson,Fort Lewis
2025,Alina Nunez,Fort Lewis
2025,Averie Dembickie,Fort Lewis
2025,Ella Butler,Fort Lewis
2025,Caleigh Sommers,Fort Lewis
2025,McKenna Wiseman,Francis Marion
2025,McKayla Stockwell,Francis Marion
2025,Katie Floyd,Francis Marion
2025,Aubrey Johnson,Francis Marion
2025,Kayla Clayworth,Francis Marion
2025,Madilyn Gartner,Francis Marion
2025,Katie Kemp,Francis Marion
2025,Ella Martinez,Francis Marion
2025,Allison Miller,Francis Marion
2025,Caroline Lucas,Francis Marion
2025,Ella Curbow,Francis Marion
2025,Camryn Faggart,Francis Marion
2025,Myla Ronchetto,Francis Marion
2025,Lily Puritis,Francis Marion
2025,Vanessa Blake,Francis Marion
2025,Mya Mendoza,Francis Marion
2025,Skyy Ruben,Francis Marion
2025,Andrea Delcher,Francis Marion
2025,Emily Ryder,Shepherd
2025,Alaina Garling,Shepherd
2025,Gracie Zartman,Shepherd
2025,Mikayla Riehl,Shepherd
2025,Kiela Sanger,Shepherd
2025,Brielle Borvansky,Shepherd
2025,Macy Buso,Shepherd
2025,Madigan Faircloth,Shepherd
2025,Brooke Borvansky,Shepherd
2025,Sofia De Los Mozos,Shepherd
2025,Ada McCoy,Shepherd
2025,Rylee Lenz,Shepherd
2025,Amya Davis,Shepherd
2025,Paige Hansen,Shepherd
2025,Sophia Ryan,Shepherd
2025,Jasmine Sires,Shepherd
2025,Isabella Avila,George Fox
2025,Breanne Dowdy,George Fox
2025,Chloe Wiersma,George Fox
2025,Allaire Gilder,George Fox
2025,Lexi Baer,George Fox
2025,Bridget Philipsen,George Fox
2025,Jordan Hahn,George Fox
2025,Jenna Knibbs,George Fox
2025,Laelie Rasmussen,George Fox
2025,LeAna Cimarra,George Fox
2025,Mikaila Kronholm,George Fox
2025,Lexi Herber,George Fox
2025,Addison Goff,George Fox
2025,Hannah Huffman,George Fox
2025,Gabriela Yepez Suarez,George Fox
2025,Gracie Bearden,George Fox
2025,Sadie Parkerson,Georgia College
2025,Milla Smith,Georgia College
2025,Emersyn Mullvain,Georgia College
2025,Alanis Bernis,Georgia College
2025,Finley Burns,Georgia College
2025,Kendra Leboehi,Georgia College
2025,Hayley Shepherd,Georgia College
2025,Liv Diaz,Georgia College
2025,Ile Bernis,Georgia College
2025,Nya Warren,Georgia College
2025,Camryn Carlton,Georgia College
2025,Lilly Swanson,Georgia College
2025,Avery Huyck,Georgia College
2025,Madeline Gilmartin,Georgia College
2025,Lexi Baum,Georgia College
2025,Lexi Polychrones,Georgia College
2025,Riese Johnson,Georgia College
2025,Kaylee Weeks,Georgia College
2025,Sierra Piland,Georgia College
2025,Ava Plunkard,Chatham
2025,Evelyn White,Chatham
2025,Chase Kossar,Chatham
2025,Kelly Dougherty,Chatham
2025,Karlye Schippert,Chatham
2025,Alexia Bowers,Chatham
2025,Zoie Bateman,Chatham
2025,Emma Burnette-Vice,Chatham
2025,Annelese Atkinson,Chatham
2025,Tanner Feite,Chatham
2025,Vanessa Mleczko,Chatham
2025,Devyn Kelley,Chatham
2025,Delanie Kaiser,Chatham
2025,Natalie Aquilio,Chatham
2025,Mackenna McBride,Chatham
2025,Annika Solfronk,Chatham
2025,Becca Gesner,Chatham
2025,Erin Grace,Chatham
2025,Maren Balint,Chatham
2025,Sierra Ricci,Chatham
2025,Raelyn Eisenhard,Chatham
2025,Paige Watson,Chatham
2025,Allison Gabelman,Chatham
2025,Delaney Schwind,Chatham
2025,Kristina Lichtenhan,Glenville St.
2025,Greta Petofi,Glenville St.
2025,Kaiya Lian,Glenville St.
2025,Katie Begley,Glenville St.
2025,Irmak Bezek,Glenville St.
2025,Nina Helder,Glenville St.
2025,Sadie Hill,Glenville St.
2025,Deniz Selen Yazar,Glenville St.
2025,Ryannah Gagau,Glenville St.
2025,Elitsa Peneva,Glenville St.
2025,Cali Queen,Glenville St.
2025,Rita Kelly,Glenville St.
2025,Kaylee Caruthers,Glenville St.
2025,Malerie Ross,Glenville St.
2025,Keleigh Chrisman,Glenville St.
2025,Ava O'Hare,Glenville St.
2025,Mylani Jackson,Glenville St.
2025,Mikayla Curry,Glenville St.
2025,Taryn Kohlphenson,Glenville St.
2025,Morgan Stephenson,Glenville St.
2025,Martina Riba,Alas. Anchorage
2025,Tia Allen,Alas. Anchorage
2025,Lauren Hutchinson,Alas. Anchorage
2025,Anna McWhorter,Alas. Anchorage
2025,Johana Malikova,Alas. Anchorage
2025,Elena Hansen,Alas. Anchorage
2025,Hannah Trotter,Alas. Anchorage
2025,Eleasha Sapon,Alas. Anchorage
2025,Madison Galloway,Alas. Anchorage
2025,Katlin Kiko,Alas. Anchorage
2025,Trinity Byrne,Alas. Anchorage
2025,Bailee Tucker,Alas. Anchorage
2025,Bella Burney,Alas. Anchorage
2025,Dorsey Booth,Alas. Anchorage
2025,Avery Northcutt,Alas. Anchorage
2025,Emma Beck,Alas. Anchorage
2025,Lee Ivakina,Alas. Anchorage
2025,Victoria Harper,Guilford
2025,Aleigh Williams,Guilford
2025,Ashlin Paul,Guilford
2025,Amber Chiarolanzio,Guilford
2025,Bailey Prewitt,Guilford
2025,Zoe Whisnant,Guilford
2025,Kaci Johnson,Guilford
2025,Madison Duvall,Guilford
2025,Karly Peacock,Guilford
2025,Chrisbel Alcantara,Guilford
2025,Lacie Evans,Guilford
2025,Vivian Cavataio,Guilford
2025,Haley Pasour,Guilford
2025,Sheryangelis Cay Barbosa,Guilford
2025,Angel Brown,Guilford
2025,Natalie Moore,Guilford
2025,Jillian Mapes,Guilford
2025,Avery Stanfill,Harding
2025,Olivia Wiedower,Harding
2025,Addie Worley,Harding
2025,Carter Fouche,Harding
2025,Mallory Weyand,Harding
2025,Ella Drake,Harding
2025,Maddie Burrough,Harding
2025,Philomina Klotz,Harding
2025,Haylie Huggins,Harding
2025,Josie Bishop,Harding
2025,Rauly Eason,Harding
2025,Sophia Noble,Harding
2025,Alex Lambert,Harding
2025,Payton Hilmer,Harding
2025,Jacey Lambert,Harding
2025,Maegan Jones,Harding
2025,Ireland McNees,UC San Diego
2025,Stefania Alupei,UC San Diego
2025,Maija Nepszy,UC San Diego
2025,Molly McCluskey,UC San Diego
2025,Madison Johnson,UC San Diego
2025,Katie Rapp,UC San Diego
2025,Paulina Baillie,UC San Diego
2025,Alba Canko,UC San Diego
2025,Katelyn Hernandez,UC San Diego
2025,Kayla Uhlick,UC San Diego
2025,Marleena Catalan,UC San Diego
2025,Mika Rome,UC San Diego
2025,Jasmine Saran,UC San Diego
2025,Maria Fernanda Afonso,UC San Diego
2025,Mina Olgar,UC San Diego
2025,Iris Canko,UC San Diego
2025,Zahara Quraishi,UC San Diego
2025,Lucia Barroso,UC San Diego
2025,Melia Smith,Henderson St.
2025,Skylar Holler,Henderson St.
2025,Meadow Jones,Henderson St.
2025,Rylee Smith,Henderson St.
2025,Jessie Jerome,Henderson St.
2025,Berkeley Berry,Henderson St.
2025,Savannah Coats,Henderson St.
2025,Tyhia Mack,Henderson St.
2025,Skye Johns,Henderson St.
2025,Faith Harris,Henderson St.
2025,Katilyn Steffes,Henderson St.
2025,Tammara Gooseberry,Henderson St.
2025,Emma Parsons,Henderson St.
2025,Kelis Battles,Henderson St.
2025,Kaylon Partain,Henderson St.
2025,Madison Proctor,Henderson St.
2025,Lasheena Gooseberry,Henderson St.
2025,Cassidi Campbell,Henderson St.
2025,Madison Widmayer,Henderson St.
2025,Trystin Ross,Henderson St.
2025,Emily Bustillos,Henderson St.
2025,Braxton Jones,Henderson St.
2025,Amelia Don,Hendrix
2025,Mary Addisyn Stubbs,Hendrix
2025,Carola Moreno,Hendrix
2025,Camryn Kennedy,Hendrix
2025,Enaiya Thompson,Hendrix
2025,Mariana Leite,Hendrix
2025,Layla Samoska,Hendrix
2025,Cadence Compton,Hendrix
2025,Ana Bastos,Hendrix
2025,Lily Meyer,Hendrix
2025,Adilynn Henry,Hendrix
2025,Riley Brady,Hendrix
2025,Hailey Gripka,Hendrix
2025,Ava Burns,Hendrix
2025,Chloe Staggs,Hendrix
2025,Rachel Pearce,Hendrix
2025,Kate Cox,Hendrix
2025,Emma Blancovich,Hendrix
2025,Perri Evans,Hendrix
2025,Faith Jones,Hendrix
2025,Alexis Mahan,Hendrix
2025,Cadence Palmer,Holy Family
2025,Mackenzie Layton,Holy Family
2025,Morgan Marziani-Radomski,Holy Family
2025,Mia Wise,Holy Family
2025,Lauren Dallas,Holy Family
2025,Jayden Bralts,Holy Family
2025,Kalia Espenlaub,Holy Family
2025,Sam Swenby,Holy Family
2025,Gianna DiPilato,Holy Family
2025,Lydia Jove Kunst,Holy Family
2025,Abby Bachman,Holy Family
2025,Leah Logan,Holy Family
2025,Rosslyn Briggs,Holy Family
2025,Reya Taylor,Holy Family
2025,Shelby Kinzer,Holy Family
2025,Keira Rogan,Holy Family
2025,Ava Kidd,Holy Family
2025,Ella Hukel,S.C. Aiken
2025,Ana Cate Loftus,S.C. Aiken
2025,Hailey Admire,S.C. Aiken
2025,Madison Fox,S.C. Aiken
2025,Bailey Corrigan,S.C. Aiken
2025,Anna Sommer,S.C. Aiken
2025,Kira Bostick,S.C. Aiken
2025,Sidney Hogan,S.C. Aiken
2025,Camie Mitrovich,S.C. Aiken
2025,Avery Pearson,S.C. Aiken
2025,Tucker Patterson,S.C. Aiken
2025,Leilani Brown,S.C. Aiken
2025,Chloe Duzenack,S.C. Aiken
2025,Lexi Rogers,S.C. Aiken
2025,Alli Bishop,S.C. Aiken
2025,Hayley Laskowski,S.C. Aiken
2025,Brynn Westby,S.C. Aiken
2025,Ashlyn Victa,UC Santa Cruz
2025,Michaela Augustine,UC Santa Cruz
2025,Alessandra Ponzo,UC Santa Cruz
2025,Shiraz Benyoucef,UC Santa Cruz
2025,Heidi Collins,UC Santa Cruz
2025,Ella Sniezek,UC Santa Cruz
2025,Olly Gordon,UC Santa Cruz
2025,Maddie Marshall,UC Santa Cruz
2025,Kate Lau,UC Santa Cruz
2025,Gabia Paliulis,UC Santa Cruz
2025,Charlotte Skulte,UC Santa Cruz
2025,Chisom Okaforize,UC Santa Cruz
2025,Claudia Moeller,UC Santa Cruz
2025,Claire Jones,UC Santa Cruz
2025,Abigail Lee,UC Santa Cruz
2025,Margo Melgoza,UC Santa Cruz
2025,Alice Taylor,UC Santa Cruz
2025,Mia Ngo,UC Santa Cruz
2025,Drew Bryant,UC Santa Cruz
2025,Julia Ellis,Husson
2025,Leah Peloquin,Husson
2025,Jonna Travis,Husson
2025,Alana Peruti,Husson
2025,Amanda Mei Morse,Husson
2025,Kimberly Daniels,Husson
2025,Autumn Balyint,Husson
2025,Daley Foss,Husson
2025,Peyton Hooker,Husson
2025,Janna Preskorn,Husson
2025,Kate McPhee,Husson
2025,Maddie Sheppard,Husson
2025,Shanteena Griffiths,Husson
2025,Julia Leavitt,Husson
2025,Mikayla Gray,Husson
2025,Ellie Shelton,Husson
2025,Maklyn Knuckles,Calvin
2025,Aerin Baker,Calvin
2025,Grace Spoelma,Calvin
2025,Jordan Steen,Calvin
2025,Sarah Bradley,Calvin
2025,Amara Viola,Calvin
2025,Jasmine Namminga,Calvin
2025,Ellie Wiersum,Calvin
2025,Delaney Kemp,Calvin
2025,Caralee Schipper,Calvin
2025,Allison Moore,Calvin
2025,Jasmin Smithers,Calvin
2025,Sarah Jensen,Calvin
2025,Emma O'Connor,Calvin
2025,Emma Ekblaw,Calvin
2025,Tryna Vander Zwaag,Calvin
2025,Mary Boa,Calvin
2025,Lina Kasuboski,Calvin
2025,Tianna Stygstra,Calvin
2025,Ava Epley,Calvin
2025,Madison Wiersema,Calvin
2025,Alyssa Sienko,Calvin
2025,Alissa Gregory-Obiedo,Colo. Christian
2025,Kate Kopas,Colo. Christian
2025,Tarryn Debenedetto,Colo. Christian
2025,Krista Traynor,Colo. Christian
2025,Suzanna Conner,Colo. Christian
2025,Connelly Kilgore,Colo. Christian
2025,Sierra Crist,Colo. Christian
2025,Brooklin Frazier,Colo. Christian
2025,Renee Phillips,Colo. Christian
2025,Emily Darwin,Colo. Christian
2025,Janelle Deboer,Colo. Christian
2025,Karen Salinger,Colo. Christian
2025,Kristina House,Colo. Christian
2025,Savannah Majeski,Colo. Christian
2025,Danielle Seabern,Colo. Christian
2025,Kate Ringer,Colo. Christian
2025,Abby Hess,Colo. Christian
2025,Mariah Potter,Colo. Christian
2025,Kaylin Starling,Colo. Christian
2025,Ashlyn Tafoya,Colorado Mesa
2025,Lauren Waters,Colorado Mesa
2025,Aesha Alrashed,Colorado Mesa
2025,Addison Wright,Colorado Mesa
2025,Sadie Scoville,Colorado Mesa
2025,Marli Clausi,Colorado Mesa
2025,Karsen Breeding,Colorado Mesa
2025,Addie Swanson,Colorado Mesa
2025,Jaycee Windorski,Colorado Mesa
2025,Macy Wood,Colorado Mesa
2025,Emma Luce,Colorado Mesa
2025,Allison Waller,Colorado Mesa
2025,Kaitlyn Hall,Colorado Mesa
2025,Henley Madsen,Colorado Mesa
2025,Charleston Tidwell,Colorado Mesa
2025,Sienna Thatcher,Colorado Mesa
2025,Coco Barnett,Colorado Mesa
2025,Addie Ritterbush,Colorado Mesa
2025,Hallie Hewlett,Colorado Mesa
2025,Mia McMillen,Queens (NC)
2025,Megan Kelly,Queens (NC)
2025,Callie DeSchryver,Queens (NC)
2025,Courtney McGuire,Queens (NC)
2025,Tyler Peluso,Queens (NC)
2025,Camryn Teasley,Queens (NC)
2025,Emma Norris,Queens (NC)
2025,Tilley Collins,Queens (NC)
2025,Ella Porter,Queens (NC)
2025,Kristina Bishop,Queens (NC)
2025,Anna Grace Sparks,Queens (NC)
2025,Elizabeth Layson,Queens (NC)
2025,Ellis Sargent,Queens (NC)
2025,Kyla Coffey,Queens (NC)
2025,Lauren Stiles,Queens (NC)
2025,Riley Ellison,Queens (NC)
2025,Brooke Thuss,Queens (NC)
2025,Marlee Cook,Queens (NC)
2025,Peyton Neff,Neb.-Kearney
2025,Rhyan Mock,Neb.-Kearney
2025,Ellie Spang,Neb.-Kearney
2025,Anna Laincz,Neb.-Kearney
2025,Julia Davenport,Neb.-Kearney
2025,Abby Rose,Neb.-Kearney
2025,Aleena Peterson,Neb.-Kearney
2025,Lizzy Spah,Neb.-Kearney
2025,Brynn Stowell,Neb.-Kearney
2025,Makayla Foster,Neb.-Kearney
2025,Megan Leedle,Neb.-Kearney
2025,Carly Purdy,Neb.-Kearney
2025,Emilee Lane,Neb.-Kearney
2025,Sydney Davis,Neb.-Kearney
2025,Bryn McNair,Neb.-Kearney
2025,Addison Budke,Neb.-Kearney
2025,Mia Berg,Neb.-Kearney
2025,Haedyn Hoos,Neb.-Kearney
2025,Addison Johnson,Neb.-Kearney
2025,Brylee Nelsen,Neb.-Kearney
2025,Phoebe Swartz,Keuka
2025,Lilah Cousins,Keuka
2025,Lilly Devine,Keuka
2025,Gabby Rodriguez,Keuka
2025,Sarah Bayly,Keuka
2025,Alessandra Castañeda,Keuka
2025,Nina Scott,Keuka
2025,India Tisdale,Keuka
2025,Summer Elza,Keuka
2025,Meaghan Knott,Keuka
2025,Rosslan Force,Keuka
2025,Addisyn Chorney,Keuka
2025,Kenya Williams,Lakeland
2025,Nadia Ibarra,Lakeland
2025,D'Janae Gilley,Lakeland
2025,Samya Hughes,Lakeland
2025,Lourdes Lester,Lakeland
2025,Addison DeKett,Lakeland
2025,Morgan O'Connell,Lakeland
2025,Vanessa Atilano,Lakeland
2025,Alix Bibb,Lakeland
2025,Kaitlyn Ramirez,Lakeland
2025,Emily Hansen,Lakeland
2025,Katelyn Kitsembel,Lakeland
2025,AnnMarie Cates,Lakeland
2025,Arfee Edwards,Lakeland
2025,Lucero Velazquez,Lakeland
2025,Olivia Parks,Lakeland
2025,Sydney Gay,Lakeland
2025,Bailey Pearson,Lakeland
2025,Olivia Swenson,Lakeland
2025,Rylee Esquibel,Lakeland
2025,Anna Hays,Lakeland
2025,Caitlyn Pernsteiner,Lakeland
2025,Lilli Puttin,Lakeland
2025,Kenzie Jackson,Lakeland
2025,Amira Szczepanski,Lakeland
2025,Maleigha Kovalaske,Lakeland
2025,Greta Vorpahl,Lakeland
2025,Ryan Figi,Lakeland
2025,Faith Baker,Lakeland
2025,Alexa Amaya,Lakeland
2025,Makenna Sullivan,Capital
2025,Kenadee Winters,Capital
2025,Morgan Metzger,Capital
2025,Shy Black,Capital
2025,Reagan Irons,Capital
2025,Ryann Bunyak,Capital
2025,Abby Brunner,Capital
2025,Abby Reed,Capital
2025,Carlee Thompson,Capital
2025,Chloe Preocanin,Capital
2025,Samaree Perkins,Capital
2025,Olivia Milton,Capital
2025,Emily Waites,Capital
2025,Gavin Billingsley,Capital
2025,Simone Daniel,Capital
2025,Lyndsie Warren,Lenoir-Rhyne
2025,Emmaleigh Allen,Lenoir-Rhyne
2025,Hadley Prince,Lenoir-Rhyne
2025,Brooke Aeschliman,Lenoir-Rhyne
2025,Leah Hinceman,Lenoir-Rhyne
2025,Lola Nolasco,Lenoir-Rhyne
2025,Brooklyn Stanbery,Lenoir-Rhyne
2025,Kiley Redfern,Lenoir-Rhyne
2025,Averie Dale,Lenoir-Rhyne
2025,Ella Scott,Lenoir-Rhyne
2025,Kayli Cleaver,Lenoir-Rhyne
2025,Sydney Karjala,Lenoir-Rhyne
2025,Addison Vary,Lenoir-Rhyne
2025,Rachael Chambers,Lenoir-Rhyne
2025,Adair Rodemaker,Lenoir-Rhyne
2025,Kendall Keaton,Lenoir-Rhyne
2025,Julie Donato,Lenoir-Rhyne
2025,Adriana Lane,Lenoir-Rhyne
2025,Hallie Brown,Lenoir-Rhyne
2025,Alicia Barbarito,Lenoir-Rhyne
2025,Emmie Modlin,Lenoir-Rhyne
2025,Emily Breazeale,West Florida
2025,Liberty McLean,West Florida
2025,Olivia Kelly,West Florida
2025,Ana Colon,West Florida
2025,Maddie Mire,West Florida
2025,Delaney Hanowell,West Florida
2025,Camryn Brooks,West Florida
2025,Haleigh Kamer,West Florida
2025,Taylor Teaman,West Florida
2025,Aniston Cochran,West Florida
2025,Gabi Moulton,West Florida
2025,Kendall Webber,West Florida
2025,Kaylin Johnson,West Florida
2025,Brighton Ferguson,West Florida
2025,Cate Wright,West Florida
2025,Reece Wright,West Florida
2025,Kumara Flanagain,West Florida
2025,Bianca Guceanu,West Florida
2025,Magdalena Vongkasemsiri,West Florida
2025,Emily Topp,West Florida
2025,Maria Alvarez,Linfield
2025,Dannika Goss,Linfield
2025,Anela Madarang-Brandes,Linfield
2025,Grace Vu,Linfield
2025,Pi'ilani Hirahara,Linfield
2025,Autumn Gaboury-Parker,Linfield
2025,Naia Alefaio-Foifua,Linfield
2025,Kaitlyn Hough,Linfield
2025,Nora Myre,Linfield
2025,Camryn Hirst,Linfield
2025,Katelyn Mawdsley,Linfield
2025,Kaylea Rietdyk,Linfield
2025,Margaritah Bañuelos,Linfield
2025,Araeya Watanabe,Linfield
2025,Cam Coughlin,Linfield
2025,Bella Rodriguez,Linfield
2025,Madison Millard,Linfield
2025,Paige Pa’aluhi,Linfield
2025,Loke Carter,Linfield
2025,Care Elfner,Linfield
2025,Lola Togia,Linfield
2025,Dani Pomele,Linfield
2025,Ella Maika,Linfield
2025,Lani Taliloa,Linfield
2025,Tatum Montiel,Linfield
2025,Megan Smith,Carleton
2025,Emily Geisen,Carleton
2025,Ellewyn Swafford,Carleton
2025,Rachel Bingham,Carleton
2025,Katelyn Harder,Carleton
2025,Ella Curtis-Revelle,Carleton
2025,Abby Kvart,Carleton
2025,Madeleine Dimitre,Carleton
2025,Aditi Mukhirala,Carleton
2025,Ella Goolsby,Carleton
2025,Sylvia Dixon,Carleton
2025,Kate Wiczynski,Carleton
2025,Jennifer Bricker,Carleton
2025,Sami Torresin,Carleton
2025,Isabel Macia,Carleton
2025,Cleo Garten,Carleton
2025,Angelina Erhardt,Carleton
2025,Sofia Indelicato,Carleton
2025,Grace Bradley,Pitt.-Greensburg
2025,Gianna Monzo,Pitt.-Greensburg
2025,Shyann Dongilli,Pitt.-Greensburg
2025,Maelyn Dutko,Pitt.-Greensburg
2025,Emily Hernandez,Pitt.-Greensburg
2025,Jackie Shields,Pitt.-Greensburg
2025,Abby Branik,Pitt.-Greensburg
2025,Ellie Althof,Pitt.-Greensburg
2025,Lily Show,Pitt.-Greensburg
2025,Ca'Mari Walden,Pitt.-Greensburg
2025,Racey Scheuerman,Pitt.-Greensburg
2025,Lilly Buckles,Pitt.-Greensburg
2025,Mia Stohon,Pitt.-Greensburg
2025,Abigail Smulik,Pitt.-Greensburg
2025,Paige Phillips,Pitt.-Greensburg
2025,Elena Guc,Alas. Fairbanks
2025,Presley Engelauf,Alas. Fairbanks
2025,Elizabeth Jackson,Alas. Fairbanks
2025,Kelli Wright,Alas. Fairbanks
2025,Kellan Flynn,Alas. Fairbanks
2025,Ava Kronenberg,Alas. Fairbanks
2025,Ruby Tansy,Alas. Fairbanks
2025,Cynphany Henderson,Alas. Fairbanks
2025,Ashlyn White,Alas. Fairbanks
2025,McKenna Smith,Alas. Fairbanks
2025,Larissa Barreiros Scatamburlo,Alas. Fairbanks
2025,Mikala Henderson,Alas. Fairbanks
2025,Tessa Onaga,Alas. Fairbanks
2025,Ainsley Smith,Alas. Fairbanks
2025,Haylee Lyons,Alas. Fairbanks
2025,Alyvia Davis,Alas. Fairbanks
2025,Peri Hoshock,Alas. Fairbanks
2025,Emily Jones,Carroll (WI)
2025,Mikayla Burback,Carroll (WI)
2025,Lindsey Christman,Carroll (WI)
2025,Gianna Bathurst,Carroll (WI)
2025,Maggie McGough,Carroll (WI)
2025,Kylie Wittnebel,Carroll (WI)
2025,Payton Depies,Carroll (WI)
2025,Avery Halstead,Carroll (WI)
2025,Lauryn Weber,Carroll (WI)
2025,Brooklynn Johnson,Carroll (WI)
2025,Audrey Rosenbaum,Carroll (WI)
2025,Bronwyn Rowse,Carroll (WI)
2025,Clara Justice,Carroll (WI)
2025,Cearstin Laird,Carroll (WI)
2025,Talia Johnson,Carroll (WI)
2025,Anna Holzer,Carroll (WI)
2025,Taylor Raley,Carroll (WI)
2025,Ashley Miller,Carroll (WI)
2025,Carly Hicklin,Carroll (WI)
2025,Karlee Riggs,Carroll (WI)
2025,Samantha Miserendino,Carroll (WI)
2025,Kendall Harrington,Mary Hardin-Baylor
2025,Sarah Rivich,Mary Hardin-Baylor
2025,Raylee Schaffner,Mary Hardin-Baylor
2025,Aspen Wendt,Mary Hardin-Baylor
2025,Peyton Sedlacek,Mary Hardin-Baylor
2025,Dravyn Hurd,Mary Hardin-Baylor
2025,Shelbee Adkins,Mary Hardin-Baylor
2025,Cameron Pesek,Mary Hardin-Baylor
2025,Sifa Olang,Mary Hardin-Baylor
2025,Addison Yates,Mary Hardin-Baylor
2025,Faith Clark,Mary Hardin-Baylor
2025,Avery Gray,Mary Hardin-Baylor
2025,Baylee Mobley,Mary Hardin-Baylor
2025,Kaysen Miller,Mary Hardin-Baylor
2025,Ella Nowlin,Mary Hardin-Baylor
2025,Makenzie Weddel,Mary Hardin-Baylor
2025,Allie Thompson,Mary Hardin-Baylor
2025,Angie Garcia,Mary Hardin-Baylor
2025,Abby Caron,Mary Hardin-Baylor
2025,Natalie Hughes,Mary Hardin-Baylor
2025,Melanie Cotes-Rivera,Cabrini
2025,Aysa Anderson,Cabrini
2025,Gina Custer,Cabrini
2025,Lexi Conte,Cabrini
2025,Amanda Purdy,Cabrini
2025,Hannah Dalton,Cabrini
2025,Lily Baynum,Cabrini
2025,Ally Kolnick,Cabrini
2025,Allison Clarke,Cabrini
2025,Alex Orr,Cabrini
2025,Victoria Camacho,Cabrini
2025,Makenzie Griffith,Cabrini
2025,Caleigh Nelson,Cabrini
2025,Alison Creeden,Cabrini
2025,Taylor Downing,Cabrini
2025,Jessie Donovan,Cabrini
2025,Sam Heenan,Cabrini
2025,Rachael Boyle,Cabrini
2025,Avery Basinger,CWRU
2025,Sophia Datto,CWRU
2025,Colleen Nudd,CWRU
2025,Emily Goodpaster,CWRU
2025,Elena Stone,CWRU
2025,Kalli Wall,CWRU
2025,Sude Naz Item,CWRU
2025,Sienna Olson,CWRU
2025,Kaitlyn Harris,CWRU
2025,Kate Williams,CWRU
2025,Thea Beran,CWRU
2025,Madeline Halter,CWRU
2025,Elena Esquivel,CWRU
2025,Olivia Myers,CWRU
2025,Amanda Ngo,CWRU
2025,Isabel Haytayan,CWRU
2025,Kiya Levy,CWRU
2025,Elizabeth Onyekwere,CWRU
2025,Katie Yanni,CWRU
2025,Kayda Herrick,Albion
2025,Camille Oxley,Albion
2025,Joelle Boeskool,Albion
2025,Annalynn Mann,Albion
2025,Margaret Jones,Albion
2025,Bri Whitfield,Albion
2025,Molly Edmunds,Albion
2025,Emma Pagliarella,Albion
2025,Melia Hosler,Albion
2025,Cameron Smith,Albion
2025,Paige Williamson,Albion
2025,Ryan Garrett,Albion
2025,Elaina Hendrix,Albion
2025,Malea Wourman,Albion
2025,Ava Wilcox,Albion
2025,Hanna Pardon,Albion
2025,Hailey Jones,Albion
2025,Zoe Reeves,Albion
2025,Rylie Ferguson,Albion
2025,Kendall Brookbank,Albion
2025,Aliyah Vesper,Albion
2025,Carson Howard,Albion
2025,Carly Frank,Albion
2025,Chelsea Russ,Albion
2025,Jynelle Lewis,Albion
2025,Mallory Hulsey,Montevallo
2025,Ellise Hanson,Montevallo
2025,Mae Mae Beatty,Montevallo
2025,Maggie McColley,Montevallo
2025,Blakeley Robbins,Montevallo
2025,Lilly Singleton,Montevallo
2025,Morgan Netcott,Montevallo
2025,Danielle Greene,Montevallo
2025,Ava Wind,Montevallo
2025,Kate Wilkin,Montevallo
2025,Nikol Antova,Montevallo
2025,Lily Erdal,Montevallo
2025,Katie Wilkerson,Montevallo
2025,Tam Nguyen,Montevallo
2025,Delaney Sisson,Montevallo
2025,Eliza Tyrrell,Montevallo
2025,Kendall Brunn,Allegheny
2025,Jacy Diaz,Allegheny
2025,Izzy Gray,Allegheny
2025,Duru Akbas,Allegheny
2025,Xania Fleming,Allegheny
2025,Bella Johnson,Allegheny
2025,MiLeena Williams,Allegheny
2025,Carlee Pepperman,Allegheny
2025,Jayne Seth,Allegheny
2025,Joanna Miller,Allegheny
2025,Skyler Fatola,Allegheny
2025,Alejandra Fernandez,Allegheny
2025,Aleia Evanko,Allegheny
2025,Isabella Quirarte,Allegheny
2025,Amaya Brooks,Allegheny
2025,Valeria Rosado Roldán,Allegheny
2025,Sydney Kirk,Allegheny
2025,Carly Beers,Allegheny
2025,Elyse Lenhart,Allegheny
2025,Chloe Diekman,Allegheny
2025,Maddie Menke,Allegheny
2025,Lorena Soares de Oliveira,Allegheny
2025,Reilly Mendez,Allegheny
2025,Yazmín Negrón,Allegheny
2025,Ana Werwie,MSU Moorhead
2025,Jocelin Feutz,MSU Moorhead
2025,Kate Halvorson,MSU Moorhead
2025,Addison Bates,MSU Moorhead
2025,Kiara Olesch,MSU Moorhead
2025,Annalise Wilson,MSU Moorhead
2025,Natalie Mix,MSU Moorhead
2025,Brielle Riess,MSU Moorhead
2025,Emily McPhee,MSU Moorhead
2025,Emily Skalicky,MSU Moorhead
2025,Ruby Bones,MSU Moorhead
2025,Jadyn Feist,MSU Moorhead
2025,Brooke Bowen,MSU Moorhead
2025,Mya Pfeifer,MSU Moorhead
2025,Madi Colby,MSU Moorhead
2025,Raiah Mandell,MSU Moorhead
2025,Maci Martini,MSU Moorhead
2025,Leah Laqua,MSU Moorhead
2025,Amanda Lisi,MSU Moorhead
2025,Brenna Beck,MSU Moorhead
2025,Alyson Dolan,Mount Olive
2025,Caroline Sheaffer,Mount Olive
2025,Kaitlyn Landis,Mount Olive
2025,Breanna Tanton,Mount Olive
2025,Naomi Hill,Mount Olive
2025,Callie Wilbanks,Mount Olive
2025,Breanna Reisinger,Mount Olive
2025,Mikalah Dale,Mount Olive
2025,Rachel Clark,Mount Olive
2025,Sara Wildes,Mount Olive
2025,Ashlyn Haynie,Mount Olive
2025,Ruby Engert,Mount Olive
2025,Olivia Melvin,Mount Olive
2025,Bayli Bryan,Mount Olive
2025,Lyndsay Reid,Mount Olive
2025,Danielle Parker,Mount Olive
2025,Kacey Gore,Mount Olive
2025,Marleigh Cooper,Mount Olive
2025,Hayden Larrimore,Mount Olive
2025,Harlee Hunter,Mount Olive
2025,Whitney McLean,Mount Olive
2025,Zoe Deese,Mount Olive
2025,Sam Widelski,Mount Olive
2025,Kyla Carney,Neumann
2025,McKenzie Dale,Neumann
2025,Hannah Strohm,Neumann
2025,Melissa Eddy,Neumann
2025,Kyndra Dale,Neumann
2025,Liv Bowers,Neumann
2025,Kera Kennedy,Neumann
2025,Delaney Jack,Neumann
2025,Raiza Batario,Neumann
2025,Taylor Long,Neumann
2025,Soleil-La'Jour Staggs,Neumann
2025,Bri Gautier,Neumann
2025,Julia Solomon,Neumann
2025,Austin Raymer,Neumann
2025,Kate Gross,Newberry
2025,Kaitlyn Clyburn,Newberry
2025,Preslee Quinn,Newberry
2025,Allyson Garcia,Newberry
2025,Jana Price,Newberry
2025,Hailey Clayworth,Newberry
2025,Annie Dill,Newberry
2025,Merryck Brackett,Newberry
2025,Madison Watson,Newberry
2025,Giovanna Ravanhani,Newberry
2025,Evie Paalman,Newberry
2025,Gretchen Surface,Newberry
2025,Gabi Garabedian,Newberry
2025,Za'Khia Davenport,Newberry
2025,Anna Schneider,Newberry
2025,Gabby Warren,Newberry
2025,Alexa Dos Santos,Newberry
2025,Taylor Blanford,Newberry
2025,D'Metria Jordan,Newberry
2025,Emma Coffman,Newberry
2025,Carole Ann Hussey,Newberry
2025,Samantha Shaffer,Newberry
2025,Katelyn Long,Newberry
2025,Victoria Persha,Northern St.
2025,Katelyn Schroeder,Northern St.
2025,Abby Schauer,Northern St.
2025,Riley Batta,Northern St.
2025,Sara Moberg,Northern St.
2025,Abby Brooks,Northern St.
2025,Ava Nilsson,Northern St.
2025,Addie Leach,Northern St.
2025,Logan Fredrickson,Northern St.
2025,Natalia Szybinska,Northern St.
2025,Alex Connatser,Northern St.
2025,Morissen Samuels,Northern St.
2025,Riley Filla,Northern St.
2025,Ashley Yost,Northern St.
2025,Linnea Nesheim,Northern St.
2025,Cara Cyr,Northern St.
2025,Leah Allan,Northland
2025,Kodie Rempp,Northland
2025,Lily Zapp,Northland
2025,Karsyn McQuaker,Northland
2025,Ellison DeZwarte,Northland
2025,Anna Campbell,Northland
2025,Hannah Peel,Northland
2025,Britta Josephson,Northland
2025,Hannah Fisher,Northland
2025,Madi Ritenour,Northland
2025,Kennedy Gruhlke,Northland
2025,Lily Owings,Northwest Nazarene
2025,Whitleigh Walsh,Northwest Nazarene
2025,Lailauni Cortes,Northwest Nazarene
2025,Addison Lynn,Northwest Nazarene
2025,Hailey Cheney,Northwest Nazarene
2025,Jenna Holm,Northwest Nazarene
2025,Abby Black,Northwest Nazarene
2025,McKaylee Becker,Northwest Nazarene
2025,Morgan Wilding,Northwest Nazarene
2025,Kaycee Kirby,Northwest Nazarene
2025,Maddy Hellem,Northwest Nazarene
2025,Lexi Douthit,Northwest Nazarene
2025,Madi Smith,Northwest Nazarene
2025,Sam Simonson,Northwest Nazarene
2025,Lexi Norisada,Northwest Nazarene
2025,Kayci Spray,Northwest Nazarene
2025,Madison Cheney,Northwest Nazarene
2025,Lily Kinloch,Northwest Nazarene
2025,Dessa Byrd,Northwest Nazarene
2025,Beatriz Muller Praun,Northwest Nazarene
2025,Cassidey Wiley,Wheeling
2025,Mara McDougal,Wheeling
2025,Faith Keifer,Wheeling
2025,Melia Gorrell,Wheeling
2025,Giana Mutersbaugh,Wheeling
2025,Cami Black,Wheeling
2025,Olivia Batch,Wheeling
2025,Myleigh Smell,Wheeling
2025,Camryn Matus,Wheeling
2025,Avery Henschen,Wheeling
2025,Bella DeBarr,Wheeling
2025,Kendall Kupper,Wheeling
2025,Megan Platt,Wheeling
2025,Katie Wilking,Wheeling
2025,Lexi Duplessis,Wheeling
2025,Autumn King,Wheeling
2025,Ava Dickerson,Wheeling
2025,Lainey Simmons,Wheeling
2025,Aleithia Wilson,Wheeling
2025,Emma Manser,Wheeling
2025,Sophia Barber,Wheeling
2025,Josie Schroder,Wheeling
2025,Poppy Skjonnemand,Centenary (NJ)
2025,Jennifer Thistlethwaite,Centenary (NJ)
2025,Casey Carvalho,Centenary (NJ)
2025,Elena Struble,Centenary (NJ)
2025,Ava Estrada,Centenary (NJ)
2025,Rey Bennett,Centenary (NJ)
2025,Gabriella Miller,Centenary (NJ)
2025,Alea Herman,Centenary (NJ)
2025,Cameron Fulcher,Centenary (NJ)
2025,Leilahni Ladipoh,Centenary (NJ)
2025,Meghan McGough,Centenary (NJ)
2025,Kahjayah Henderson,Centenary (NJ)
2025,Vanessa Pagano,Centenary (NJ)
2025,Abri Galante,Ouachita Baptist
2025,Margaret Addison Scott,Ouachita Baptist
2025,Haley Fairchild,Ouachita Baptist
2025,Paige Webb,Ouachita Baptist
2025,Madi Landry,Ouachita Baptist
2025,Kylie Kisgen,Ouachita Baptist
2025,Sophie Henry,Ouachita Baptist
2025,Riley Braziel,Ouachita Baptist
2025,Delaney Gonzalez,Ouachita Baptist
2025,Peyton Church,Ouachita Baptist
2025,Kailey Thedford,Ouachita Baptist
2025,Leah Gardner,Ouachita Baptist
2025,Emma Hill,Ouachita Baptist
2025,Mack Bidwell,Ouachita Baptist
2025,Ann Marie Tice,Ouachita Baptist
2025,Courtney Hanson,Ouachita Baptist
2025,Emily Adams,Ouachita Baptist
2025,Eryn Dawson,Ouachita Baptist
2025,Savannah Whitaker,Ouachita Baptist
2025,Grace Winkelmann,Central Mo.
2025,Lauren Blake,Central Mo.
2025,Gillian Bachali,Central Mo.
2025,Bree Messenger,Central Mo.
2025,Maya Fergerson,Central Mo.
2025,Shelbi Wilson,Central Mo.
2025,Emma Wheeler,Central Mo.
2025,Kayla Baer,Central Mo.
2025,Kirsten Harper,Central Mo.
2025,Morgan Steeby,Central Mo.
2025,Rachel Ziesman,Central Mo.
2025,Emma Siron,Central Mo.
2025,Brenna Kelly,Central Mo.
2025,Kaelyn McDonald,Central Mo.
2025,Ragin Corwin,Central Mo.
2025,Maddie Wojdyla,Central Mo.
2025,Bria Dawson,Central Mo.
2025,Aspen Nelsen,Central Mo.
2025,Shaye Koski,Central Mo.
2025,Grace Wagers,Central Mo.
2025,Sammy Klotz,Central Mo.
2025,Bella Manthe,Cairn
2025,Madison Searls,Cairn
2025,Payton Cline,Cairn
2025,Liliana Magazzu,Cairn
2025,Bridget Dahn,Cairn
2025,Abigail Di Sipio,Cairn
2025,Georgianna Thorpe,Cairn
2025,Marah Lehman,Cairn
2025,Audrey Elisondo,Cairn
2025,Addy Benjamin,Cairn
2025,Delaney Hollenbeck,Cairn
2025,Emma Dekker,Cairn
2025,Maddie Shackelford,Cairn
2025,Madison Delp,Cairn
2025,Anna Dow,Cairn
2025,Anna Dean,Pittsburg St.
2025,Josie McCroskey,Pittsburg St.
2025,Mia Brown,Pittsburg St.
2025,Kassidy Nixon,Pittsburg St.
2025,Jesa Wallace,Pittsburg St.
2025,Kennedy Behnke,Pittsburg St.
2025,Alexis Bittner,Pittsburg St.
2025,Abby Carr,Pittsburg St.
2025,Rylee Martin,Pittsburg St.
2025,Vix Vilott,Pittsburg St.
2025,Don'Yah Cosie,Pittsburg St.
2025,Olivia Seemann,Pittsburg St.
2025,Julia Hicks,Pittsburg St.
2025,Maliyah Johnson,Pittsburg St.
2025,Carmyn Lawson,Pittsburg St.
2025,Maddi LaPointe,Pittsburg St.
2025,Ana Hrle,Pittsburg St.
2025,Imerie Jones,Pittsburg St.
2025,Kaitlyn Gordon,Pittsburg St.
2025,Joselyn Roche,Benedictine (IL)
2025,Jordan Fleming,Benedictine (IL)
2025,Amanda Bagdonaite,Benedictine (IL)
2025,Rachel Chalkey,Benedictine (IL)
2025,Sophia Sommesi,Benedictine (IL)
2025,Brooke Wisniewski,Benedictine (IL)
2025,Jordan Vanarsdale,Benedictine (IL)
2025,Nicole Panzeca,Benedictine (IL)
2025,Emily Hall,Benedictine (IL)
2025,Rece Barry,Benedictine (IL)
2025,Cabery Brown,Benedictine (IL)
2025,Taylor Coutts,Benedictine (IL)
2025,Cana Jones,Benedictine (IL)
2025,Hannah Wollschlager,Benedictine (IL)
2025,Olivia Evola,Benedictine (IL)
2025,Eleanor Cassata,Benedictine (IL)
2025,Amelia Owolabi,Benedictine (IL)
2025,Hope Ihem,Benedictine (IL)
2025,Katie Dittmar,Benedictine (IL)
2025,Keira Clark,Benedictine (IL)
2025,Emma Cuzas,Benedictine (IL)
2025,Samantha Bagdonaite,Benedictine (IL)
2025,Isabella Oliver,Post
2025,Kristina Peric,Post
2025,Alyssa Groves,Post
2025,Alexa Arnold,Post
2025,Neeyah Shahid-Stevenson,Post
2025,Vivien Andrea Fehervari,Post
2025,Nuri Shahid-Stevenson,Post
2025,Alice DiFrancesco,Post
2025,Catelina Luzader,Post
2025,Rayssa Satlher,Post
2025,Elyana Ortiz,Post
2025,Alani Duncan,Post
2025,Lola Chagnon,Post
2025,Rylee Barnes,Centre
2025,Campbell Floyd,Centre
2025,Amery Galan,Centre
2025,Kendra Christopher,Centre
2025,Ally Knueven,Centre
2025,Mady Mardock,Centre
2025,Lauren Uffman,Centre
2025,Emersyn Pannell,Centre
2025,Maya Kondik,Centre
2025,Olivia Chojnacki,Centre
2025,Elise Grundy,Centre
2025,Delia Long,Centre
2025,Riley Snowden,Centre
2025,Abby Swartz,Centre
2025,Syd Bietz,Centre
2025,Sami Lanan,Centre
2025,Madi Winfield,Centre
2025,Mack Turner,Centre
2025,Ella Cox,Centre
2025,Hollye Tate,Centre
2025,Avery DeLong,Rockhurst
2025,Katie Vargo,Rockhurst
2025,Sarah Pyle,Rockhurst
2025,Victoria Gray,Rockhurst
2025,Abby Boyd,Rockhurst
2025,Sydney Raszler,Rockhurst
2025,Kaitlyn Dumpit,Rockhurst
2025,Geme Ajekwu,Rockhurst
2025,Lauren Lopez,Rockhurst
2025,Carly Rolf,Rockhurst
2025,Alyssa McDonald,Rockhurst
2025,Chloe Tyrrell,Rockhurst
2025,Riley Hays,Rockhurst
2025,Mary Kate Mulvaney,Rockhurst
2025,Jaicee Corcoran,Rockhurst
2025,Delaney Hope,Rockhurst
2025,Lexi Theis,Rockhurst
2025,Molly Trachta,Rockhurst
2025,Ali Olson,Rockhurst
2025,Sydney Stigler,Lees-McRae
2025,Kennedy Jane Nelson,Lees-McRae
2025,Emma Summerfield,Lees-McRae
2025,Jadyn Walters,Lees-McRae
2025,Rebecca Ryan,Lees-McRae
2025,Reece Edwards,Lees-McRae
2025,Sarah Cavallarin,Lees-McRae
2025,Clara Duarte,Lees-McRae
2025,Addyson Morgan,Lees-McRae
2025,Adisyn Bland,Lees-McRae
2025,Addi Stables,Lees-McRae
2025,Kaley Mabry,Lees-McRae
2025,Layla Reinbolt,Lees-McRae
2025,Iza Rosin,Lees-McRae
2025,Lauren Newcomer,Lees-McRae
2025,Peyton Volk-Tuller,Lees-McRae
2025,Karlee Mainor,Lees-McRae
2025,TreNiya Miller,Lees-McRae
2025,Brooke Ashkenase,Lees-McRae
2025,Karoline Springman,Lees-McRae
2025,Bea Angeles,St. Edward's
2025,Althea Morris,St. Edward's
2025,Kaylen Lembcke,St. Edward's
2025,Kat Neille,St. Edward's
2025,Ariana Vazquez,St. Edward's
2025,Brenna Heffron,St. Edward's
2025,Delaney Gregory,St. Edward's
2025,Mia Clay,St. Edward's
2025,Addy Badley,St. Edward's
2025,Kelli Fording,St. Edward's
2025,Giselle Ojeda,St. Edward's
2025,Jaiden LaVanway,St. Edward's
2025,Grace McDonald,St. Edward's
2025,Landry Baughman,St. Edward's
2025,Carrington Jaimes,St. Edward's
2025,Mia Arambula,Saint Martin's
2025,Kingsley Mason,Saint Martin's
2025,Sophie Fast,Saint Martin's
2025,Kaarina Geymann,Saint Martin's
2025,Sophie Armstrong,Saint Martin's
2025,Campbell Green,Saint Martin's
2025,Aundrea Oxentine,Saint Martin's
2025,Kailee Brushwood,Saint Martin's
2025,Tiffany Lam,Saint Martin's
2025,Zoey Crimin,Saint Martin's
2025,Hanna Ligons,Saint Martin's
2025,Madison Thomas,Saint Martin's
2025,Tehani Yamashita,Saint Martin's
2025,Emily Garten,Saint Martin's
2025,Emmy Hansen,Saint Martin's
2025,Aideen Bobadilla,Saint Martin's
2025,Leila Quinn,Saint Martin's
2025,Kamara White,Saint Martin's
2025,Haleigh Wilk,St. Mary's (TX)
2025,Abbey Stiffler,St. Mary's (TX)
2025,Kaitlyn Kirschner,St. Mary's (TX)
2025,Chandley Tolbert,St. Mary's (TX)
2025,Liz Salinas,St. Mary's (TX)
2025,Kaylee Cavazos,St. Mary's (TX)
2025,Natalia Rodriguez,St. Mary's (TX)
2025,Olivia Rubio,St. Mary's (TX)
2025,Landri Withers,St. Mary's (TX)
2025,Laurene Robinson,St. Mary's (TX)
2025,Madi Milligan,St. Mary's (TX)
2025,Kelly Swyers,St. Mary's (TX)
2025,Alyssa Koehl,St. Mary's (TX)
2025,Taylor Alston,St. Mary's (TX)
2025,McKenna Ferris,St. Mary's (TX)
2025,Tara Creekmore,St. Mary's (TX)
2025,Isabella Waggoner,St. Mary's (TX)
2025,Dallasstar Johnson,St. Mary's (TX)
2025,Addison Carrillo,St. Mary's (TX)
2025,Landry Cate,St. Mary's (TX)
2025,Riley McFarland,Southeastern Okla.
2025,Calista Miller,Southeastern Okla.
2025,Maci Morrison,Southeastern Okla.
2025,Noelia Rocha,Southeastern Okla.
2025,Merrick Hammel,Southeastern Okla.
2025,Gabby Jones,Southeastern Okla.
2025,Alaina Armstrong,Southeastern Okla.
2025,Faith Kruebbe,Southeastern Okla.
2025,Alexis Williams,Southeastern Okla.
2025,Jasmin Dion,Southeastern Okla.
2025,Amiley Penson,Southeastern Okla.
2025,Patience Lewis,Southeastern Okla.
2025,Jaxon Doty,Southeastern Okla.
2025,Nykeriah Allen,Southeastern Okla.
2025,Javia Burton,Southeastern Okla.
2025,Jaedyn Newman,Southeastern Okla.
2025,Kylee Turner,Southeastern Okla.
2025,Brinklee Dauenhauer,Southern Ark.
2025,Alyssa Magness,Southern Ark.
2025,Courtnee Morgan,Southern Ark.
2025,Sadie Kabisch,Southern Ark.
2025,Claire Johnson,Southern Ark.
2025,Jaci Moore,Southern Ark.
2025,Ryleigh Layton,Southern Ark.
2025,Audrey Letcher,Southern Ark.
2025,Kendall Toliver,Southern Ark.
2025,Jil Holwick,Southern Ark.
2025,Nasiya Graham,Southern Ark.
2025,Hayden Pinard,Southern Ark.
2025,Addison Anderson,Southern Ark.
2025,Allie Cooper,Southern Ark.
2025,Jessica Porten,Southern Ark.
2025,Samantha Ward,Southern Ark.
2025,Kate Schofield,Southern Ark.
2025,Addy Vollmer,Southern Ark.
2025,Maddie Hanes,Chris. Newport
2025,Elena Gonzales,Chris. Newport
2025,Carley Coghill,Chris. Newport
2025,Madison Rogers,Chris. Newport
2025,Simone Schaefer,Chris. Newport
2025,Audrey Stenger,Chris. Newport
2025,Alyssa Dozier,Chris. Newport
2025,Phoebe Adams,Chris. Newport
2025,Emmy Carpenedo,Chris. Newport
2025,Fielding Croft,Chris. Newport
2025,Simara Alexander,Chris. Newport
2025,Avery Hanly,Chris. Newport
2025,Angelina Barrera,Chris. Newport
2025,Samantha Dorn,Chris. Newport
2025,Maddi Morrison,Chris. Newport
2025,Megan James,Chris. Newport
2025,Alli Pratt,Chris. Newport
2025,Ana Smithson,Chris. Newport
2025,Lauren Hobbs,Chris. Newport
2025,Daisy Barraza,Sul Ross St.
2025,Arianne Nieto,Sul Ross St.
2025,BreAnna Quarles,Sul Ross St.
2025,Hannah Garcia,Sul Ross St.
2025,Jade Munoz,Sul Ross St.
2025,Kiara Castillo,Sul Ross St.
2025,Justyne Sierra,Sul Ross St.
2025,Anna Kasper,Sul Ross St.
2025,Eliana Mata,Sul Ross St.
2025,Angela Riusech,Sul Ross St.
2025,Zoey Quintana,Sul Ross St.
2025,Samantha Senak,Sul Ross St.
2025,Danielle Senak,Sul Ross St.
2025,Libby Foster,Sul Ross St.
2025,Sarah Chavez,Sul Ross St.
2025,Cassandra Espinoza,Sul Ross St.
2025,Novah Carrasco,Sul Ross St.
2025,Mia Espinoza,Sul Ross St.
2025,Clarissa Deleon,Sul Ross St.
2025,Emily Scott,Sul Ross St.
2025,Tehana Mo'o,Tarleton St.
2025,Leila Paraoan,Tarleton St.
2025,LaNeah Lara,Tarleton St.
2025,Breannah Peterson,Tarleton St.
2025,Megan Hodges,Tarleton St.
2025,Taylynn Biggs,Tarleton St.
2025,Leddy Rae Guinn,Tarleton St.
2025,Madison Frank,Tarleton St.
2025,Emma Burke,Tarleton St.
2025,Victoria Fontenot,Tarleton St.
2025,Alexa Earle,Tarleton St.
2025,Madison Rice-Locket,Tarleton St.
2025,Morgan Carter,Tarleton St.
2025,Alyssa Dinh,Tarleton St.
2025,Teya Nguyen,Tarleton St.
2025,Makayla White,Tarleton St.
2025,Grace Letterman,Brockport
2025,Alexis Sison,Brockport
2025,Ana Parella,Brockport
2025,Lauryn Forand,Brockport
2025,Grace Ippoliti,Brockport
2025,Ellie Cusmano,Brockport
2025,Kaylee Dickerson-Holly,Brockport
2025,Regina Salazar,Brockport
2025,Gianna Felipe,Brockport
2025,Anna Cascapera,Brockport
2025,Alenna Williamson,Brockport
2025,Ava Baty,Brockport
2025,Lauren Emke,Brockport
2025,Maddy Howell,Brockport
2025,Delaney Yusko,Brockport
2025,Madisen Jones,Brockport
2025,Luba Butcher,Brockport
2025,Kaitlyn Jewett,Brockport
2025,Peyton Size,Whitworth
2025,Haylie Steel,Whitworth
2025,Stephanie Leach,Whitworth
2025,Lindsey Short,Whitworth
2025,Claire Hamer,Whitworth
2025,Rachel Cram,Whitworth
2025,Amblessed Okemgbo,Whitworth
2025,Rylie Harnden,Whitworth
2025,Alyssa Baird,Whitworth
2025,Bryanna Dodson,Whitworth
2025,Lauren Kremer,Whitworth
2025,Josephine Thompson,Whitworth
2025,Mya Rodriguez,Whitworth
2025,Olivia Paul,Whitworth
2025,Paige McKenzie,Whitworth
2025,Ali Bush,Whitworth
2025,Emerson Lee,Whitworth
2025,Anna Borner,Wayne St. (NE)
2025,Taylor Bunjer,Wayne St. (NE)
2025,Laney Kathol,Wayne St. (NE)
2025,Chloe Hanel,Wayne St. (NE)
2025,Delaney Miller,Wayne St. (NE)
2025,JoLee Ryan,Wayne St. (NE)
2025,Kaelyn Andersen,Wayne St. (NE)
2025,Ella Myler,Wayne St. (NE)
2025,Boe Kaschner,Wayne St. (NE)
2025,Reese Johnson,Wayne St. (NE)
2025,Gracen Evans,Wayne St. (NE)
2025,Mattie Kamery,Wayne St. (NE)
2025,Bella Hedke,Wayne St. (NE)
2025,Channatee Robles,Wayne St. (NE)
2025,Molly Romano,Wayne St. (NE)
2025,Raegan Weber,Waynesburg
2025,Hanna Vaught,Waynesburg
2025,Peyton Kuhns,Waynesburg
2025,Kennedi King,Waynesburg
2025,Alenah Tyer,Waynesburg
2025,Jaina McWilliams,Waynesburg
2025,Kenzie Ammons,Waynesburg
2025,Madison Zeroski,Waynesburg
2025,Emily Stutzman,Waynesburg
2025,Riley Ruffley,Waynesburg
2025,Paige Mortimore,Waynesburg
2025,Macee Cree,Waynesburg
2025,Rayna Sleigh,Waynesburg
2025,Larissa Howe,Waynesburg
2025,Kristina Zadrozny,Waynesburg
2025,Audrey Work,Waynesburg
2025,Katie Cottis,Waynesburg
2025,Eliana Thornton,Waynesburg
2025,Ray Baniaga,Waynesburg
2025,Kirsten Shaffer,Waynesburg
2025,Mallory Boyd,Waynesburg
2025,Asia Revak,Waynesburg
2025,Olivia Podrasky,Waynesburg
2025,Amira DuPree,West Liberty
2025,Ashley Cudnik,West Liberty
2025,Grace Yoder,West Liberty
2025,Lily Brinker,West Liberty
2025,Grace Hill,West Liberty
2025,Jarynn Hartman,West Liberty
2025,Dakoda Keni,West Liberty
2025,Bella Dart,West Liberty
2025,Kyia White,West Liberty
2025,Emilee Fitzgerald,West Liberty
2025,Sidney Keni,West Liberty
2025,Adrienne Staib,West Liberty
2025,Olivia Beldean,West Liberty
2025,Liv McAtee,West Liberty
2025,Erin Blackston,West Liberty
2025,Nicole Gartner Custodio,West Virginia St.
2025,Rowe Tapley,West Virginia St.
2025,Viktória Šedová,West Virginia St.
2025,Lilly Adkins,West Virginia St.
2025,Carmen Pérez,West Virginia St.
2025,Layane Lima,West Virginia St.
2025,Kori Reckers,West Virginia St.
2025,Giatta Iquinto,West Virginia St.
2025,Inka Oksanen,West Virginia St.
2025,Emma Pomaret,West Virginia St.
2025,Daneya Morgan,West Virginia St.
2025,Marcelina Pyka,West Virginia St.
2025,Kelsey Mckeehan,West Virginia St.
2025,Baylee Smith,West Virginia St.
2025,Eva Sullivan,West Virginia St.
2025,Alyssa Hill,West Virginia St.
2025,Gabrielle Elliott,West Virginia St.
2025,Madison Spells,Clark Atlanta
2025,Nakayla James,Clark Atlanta
2025,Kendall Cook,Clark Atlanta
2025,Jadyn Harris,Clark Atlanta
2025,Sawyer Arbuckle,Clark Atlanta
2025,Kennedy Strickland,Clark Atlanta
2025,Deja Jackson,Clark Atlanta
2025,Kennedi Quarles,Clark Atlanta
2025,Amirah Alexander,Clark Atlanta
2025,Ariel Fuqua,Clark Atlanta
2025,Christen Maloney,Clark Atlanta
2025,Alyx Foster,Clark Atlanta
2025,Jordyn Quinn,Clark Atlanta
2025,Jelisa Alexander,Clark Atlanta
2025,Jasmine Moore,Clark Atlanta
2025,Morgan Williams,Clark Atlanta
2025,Dahlia Williams,Clark Atlanta
2025,Mikelle McAfee,Western N.M.
2025,Hannah Haggard,Western N.M.
2025,Isabella Brewer,Western N.M.
2025,Daphne Posthumus,Western N.M.
2025,Brynlee Barris,Western N.M.
2025,Ava Frezza,Western N.M.
2025,Astrid Aranda,Western N.M.
2025,Jayden Hughes,Western N.M.
2025,Kiara McDuffie,Western N.M.
2025,Hannah Del Rio,Western N.M.
2025,Carley Deck,Western N.M.
2025,Jayla McDuffie,Western N.M.
2025,Sailor Allred,Western N.M.
2025,Kaitlyn Salgado,Western N.M.
2025,Jade Rampton,Western N.M.
2025,Savanna Haefs,Western N.M.
2025,Hailey Meeks,Western N.M.
2025,Natalia Rivera,Western N.M.
2025,Sidney Friesen,Western Ore.
2025,Kaelyn Flores,Western Ore.
2025,Ali Millspaugh,Western Ore.
2025,Ava Ainsworth,Western Ore.
2025,Maela Honma,Western Ore.
2025,Madi Noel,Western Ore.
2025,Taya Blankenship,Western Ore.
2025,Kilinoelehua Helm,Western Ore.
2025,Malena Mathis,Western Ore.
2025,Finley Buman,Western Ore.
2025,Kate Klobas,Western Ore.
2025,Jessica Eldridge,Western Ore.
2025,Chloe Asciutto,Western Ore.
2025,Lauryn Johnson,Western Ore.
2025,Vivian Yount,Western Ore.
2025,Melissa Hadley,Western Ore.
2025,Samantha Darby,Western Ore.
2025,Kiley West,Western Ore.
2025,Kealani Rosa,Western Ore.
2025,Delaney Speer,Western Wash.
2025,Emily Vossenkuhl,Western Wash.
2025,Dani Turcinec,Western Wash.
2025,Finnley Claeys,Western Wash.
2025,Aly Skagen,Western Wash.
2025,Maleah Andrews,Western Wash.
2025,Caroline Hansen,Western Wash.
2025,Devyn Oestreich,Western Wash.
2025,Chayse Flick-Williams,Western Wash.
2025,Abby May,Western Wash.
2025,Maren Stuber,Western Wash.
2025,Janelle Grant,Western Wash.
2025,Adele Holland,Western Wash.
2025,Teya Zaddack,Western Wash.
2025,Violet Burchak,Western Wash.
2025,Brooke Berglund,Western Wash.
2025,Xela Wine,Clark (MA)
2025,Alexandra Cohen,Clark (MA)
2025,Winifred Gakidis,Clark (MA)
2025,Harper Chinn,Clark (MA)
2025,Katelyn Williams,Clark (MA)
2025,Yumeng Liu,Clark (MA)
2025,Isabella Alcott,Clark (MA)
2025,Rylie Kimball,Clark (MA)
2025,Defne Olcer,Clark (MA)
2025,Isabella Smith,Clark (MA)
2025,Julia Dopazo,Clark (MA)
2025,Ashlyn Moquin,Clark (MA)
2025,Hannah Harrington,Clark (MA)
2025,Abigail Venis,Clark (MA)
2025,Kate Badrov,Carthage
2025,Eiley Schoeneman,Carthage
2025,Ava Dettwiler,Carthage
2025,Hannah Bendoff,Carthage
2025,Madilyn Danielson,Carthage
2025,Kyla McTeague,Carthage
2025,Katie Boston,Carthage
2025,Jenna Damon,Carthage
2025,Cassidy Stahl,Carthage
2025,Tessa Davison,Carthage
2025,Emma Crow,Carthage
2025,Kristina Manojlovic,Carthage
2025,Macy Wente,Carthage
2025,Hailey Wierzgac,Carthage
2025,Della Walsh,Carthage
2025,Tatum Kebisek,Carthage
2025,Sydney Horacek,Carthage
2025,Taylor Baratta,Carthage
2025,Ava McTeague,Carthage
2025,Alyssa McQueen,Carthage
2025,Lisa Keating,Carthage
2025,Grace Wenthold,Carthage
2025,Kennedy Murton,Carthage
2025,Sophia Verplanke,Carthage
2025,Brianna Walsh,Castleton
2025,Hannah Varney,Castleton
2025,Lillirose Prevost,Castleton
2025,Grace Mack,Castleton
2025,Nicolette Vaughn,Castleton
2025,Delia Roulston,Castleton
2025,Olivia Smith,Castleton
2025,Alondra Rojas,Castleton
2025,Lilli Burrows,Castleton
2025,Sam Ford,Castleton
2025,Jocelyn Ray,Castleton
2025,Madison Sheehan,Castleton
2025,Kaitlyn Chapman,Castleton
2025,Izzie Piano,Clarkson
2025,Cecilia Velardi,Clarkson
2025,Emma Cortez,Clarkson
2025,Alyciana Alvira,Clarkson
2025,Brianna Hale,Clarkson
2025,Conley Burns,Clarkson
2025,Marin Hangliter,Clarkson
2025,Jordyn Leader,Clarkson
2025,Ashley Currier,Clarkson
2025,Natasha Aguirre,Clarkson
2025,Ainslie Reimer,Clarkson
2025,Emily Alexander,Clarkson
2025,Olivia Baxter,Clarkson
2025,Abigail Ulrich,Clarkson
2025,Briella Clinton,Clarkson
2025,Grace Hanson,Clarkson
2025,Georgia Thurmond,Clarkson
2025,Haley Currier,Clarkson
2025,Cirrae Cuffy,Clarkson
2025,Hailey Green,Wingate
2025,Jordan Griffin,Wingate
2025,Maya Van Heyst,Wingate
2025,Gabby Lund,Wingate
2025,Maggie Fillauer,Wingate
2025,Alanna Vavao,Wingate
2025,Carson Reeves,Wingate
2025,Reece Bellush,Wingate
2025,Abby Mas,Wingate
2025,Rylee Tanner,Wingate
2025,Addie Rossum,Wingate
2025,Gabby Saye,Wingate
2025,Maddie Hoffman,Wingate
2025,Emily Johnson,Wingate
2025,Ximena Padilla,Wingate
2025,Sydney Morland,Wingate
2025,Lillian Edwards,Wingate
2025,Anya Pershin,Wingate
2025,Grace Woodring,Wingate
2025,Maiya Piccarreta,Cedar Crest
2025,Tianlly Davila,Cedar Crest
2025,Elyse Holben,Cedar Crest
2025,Kayla Duenkel,Cedar Crest
2025,Jasmine Beck,Cedar Crest
2025,Phoebe Pietila,Cedar Crest
2025,Sophia Curran,Cedar Crest
2025,Addison Losik,Cedar Crest
2025,Ellise Everett,Cedar Crest
2025,Samantha Fitzpatrick,Cedar Crest
2025,Sahiomy Martes,Cedar Crest
2025,Jemma Cazabon,Cedar Crest
2025,Julia Turchiano,Catholic
2025,Chloe Mamrosch,Catholic
2025,Lily Godbold,Catholic
2025,Alani Rivera Diaz,Catholic
2025,Erin Faughnan,Catholic
2025,Laci Freitas,Catholic
2025,Marin Stensrud,Catholic
2025,Tanya Sichling,Catholic
2025,Kate Berra,Catholic
2025,Mariana Roman Cruz,Catholic
2025,Vivian O'Brien,Catholic
2025,Juliette Cummings,Catholic
2025,Alejandra Garcia,Catholic
2025,Julia Raab,Catholic
2025,Anna Maria Carella,Catholic
2025,Samantha Mitchell,Catholic
2025,Caroline Welsh,Catholic
2025,Avery Beckett,Coe
2025,Maggie Furlong,Coe
2025,Lexi Hammer,Coe
2025,Maddie Harris,Coe
2025,Jenna Mitter,Coe
2025,Kelsey Hansel,Coe
2025,Lizzie Hiniker,Coe
2025,Emme Carwin,Coe
2025,Brooke Sullivan,Coe
2025,Tessa Casebolt,Coe
2025,Marisa Newhouse,Coe
2025,Mahri Kaczmarek,Coe
2025,Morgan Beam,Coe
2025,Sydney Burmeister,Coe
2025,Elise Blaesing,Coe
2025,Najolie Price,Coe
2025,Liv Wipper,Coe
2025,Maddy Maahs,Coe
2025,Ava Czarnecki,Coe
2025,Marissa Meyer,Coe
2025,Bella Rio,Coe
2025,Jordan Lee,Colby
2025,Ansley White,Colby
2025,LJ Grant,Colby
2025,Alexa Peguero,Colby
2025,Kendall Glover,Colby
2025,Sydney Bopp,Colby
2025,Olivia Drayden,Colby
2025,Alli McKenney,Colby
2025,Jillian Roche,Colby
2025,Shayna Purow,Colby
2025,Sydney Sick,Colby
2025,Brady Moseley,Colby
2025,Lauren Pankratz,Colby
2025,Marjorie Johnson,Colby
2025,Sarah Friedrichs,Colby
2025,Reese Loyd,Colby
2025,Emma Davis,Colby
2025,Gabby Grujic,Colby
2025,Cyanne Jones,Colby
2025,Azariah Love,Colby
2025,Ingrid Zahn,Colby
2025,Issy Pribisich,Colby
2025,Addison Pillis,Colby
2025,Gabriella Towns,Colby
2025,Alex Sepcic,Colby
2025,Alexis Rollins,Colby
2025,Hayley Beigh,Colby
2025,Chloe Petrik,Colby
2025,Sydney DeProfio,Colby
2025,Brianna Hazak,Colby
2025,Lucy Bloom,Colorado Col.
2025,Carolyn Dormady,Colorado Col.
2025,Anne Haley,Colorado Col.
2025,Nyah Flores,Colorado Col.
2025,Libby Ochs,Colorado Col.
2025,Camille Sherrill,Colorado Col.
2025,Delaney Dorscht,Colorado Col.
2025,Meghan Gannon,Colorado Col.
2025,Greta Miller,Colorado Col.
2025,Grace Berry,Colorado Col.
2025,Camden Goodman,Colorado Col.
2025,Tatum Hodges,Colorado Col.
2025,Brooke Brilliant,Colorado Col.
2025,Liv Beckish,Colorado Col.
2025,Julia Reusch,Colorado Col.
2025,Tori Garrett,Colo. Sch. of Mines
2025,Brinleigh Davis,Colo. Sch. of Mines
2025,Morgan McChesney,Colo. Sch. of Mines
2025,Jada Price,Colo. Sch. of Mines
2025,Abbie O'Shay,Colo. Sch. of Mines
2025,Amanda Donais Dudley,Colo. Sch. of Mines
2025,Ava Swan,Colo. Sch. of Mines
2025,Kate Kudlac,Colo. Sch. of Mines
2025,Naomi Romslo,Colo. Sch. of Mines
2025,Olivia Murillo,Colo. Sch. of Mines
2025,Hailee Martinez,Colo. Sch. of Mines
2025,Jenna McLaughlin,Colo. Sch. of Mines
2025,Layla Padgett,Colo. Sch. of Mines
2025,Presley Powell,Colo. Sch. of Mines
2025,Avery Perreira,Colo. Sch. of Mines
2025,Allison Jansen,Colo. Sch. of Mines
2025,Cadence McDonald,Colo. Sch. of Mines
2025,Francesca Nuzzo,Colo. Sch. of Mines
2025,Adrienne Enriquez,Colo. Sch. of Mines
2025,Eryn Hiraki,Colo. Sch. of Mines
2025,Olivia Oliver,Rosemont
2025,Pearl Smith,Rosemont
2025,Cameryn Roach,Rosemont
2025,Brianna Porter,Rosemont
2025,Lori Shorten,Rosemont
2025,Mya Hanford,Rosemont
2025,Jana Ehnot,Rosemont
2025,Mikayla Moffatt,Rosemont
2025,Savannah Miller,Columbus St.
2025,Sabrina Rodgers,Columbus St.
2025,Whitney Coles,Columbus St.
2025,Jordan Screen,Columbus St.
2025,Megan Frame,Columbus St.
2025,Abby King,Columbus St.
2025,Ashley Smith,Columbus St.
2025,Nicole Pollzzie,Columbus St.
2025,Melissa Murray,Columbus St.
2025,Dayanna Barbosa,Columbus St.
2025,Zoemy Barreto Pereira,Columbus St.
2025,Kendall Smith,Columbus St.
2025,Kylie Beaubien,Columbus St.
2025,Malaisia Stallworth,Columbus St.
2025,Caytlin Merritt,Columbus St.
2025,Mary McCarty,Columbus St.
2025,Andrea Skipor,Columbus St.
2025,Rachel Etim,Albright
2025,Paige Lipp,Albright
2025,Kinsey Connor,Albright
2025,Kariana Minaya,Albright
2025,Valouria James,Albright
2025,Korrine Tillery,Albright
2025,Neve Straff,Albright
2025,Mackenzie David,Albright
2025,Laura Ordakowski,Albright
2025,Sydney Mayfield,Albright
2025,Carly Fincham,Albright
2025,Isabella Garay,Albright
2025,Aleshandra Arroyo,Albright
2025,Lucia Fernandez,Albright
2025,Samantha Lipp,Albright
2025,Orianna Edmond,Albright
2025,Elon Ruley-Donadelle,Albright
2025,Indiah Day,Concordia Chicago
2025,Neva Foster,Concordia Chicago
2025,Kirsten Bockhorst,Concordia Chicago
2025,Kate Foley,Concordia Chicago
2025,Bethany Roethel,Concordia Chicago
2025,Isabel Valle,Concordia Chicago
2025,Rylin Rimsnider,Concordia Chicago
2025,Jessalyne Perkins,Concordia Chicago
2025,Lili Hunt,Concordia Chicago
2025,Eva Fitzgerald,Concordia Chicago
2025,Jordan Brown,Concordia Chicago
2025,Rachel Livesay,Concordia Chicago
2025,McKayla LeVoy,Concordia Chicago
2025,Beatriz Goncalves,Concordia Chicago
2025,Janelle White,Concordia Chicago
2025,Malainna Adler,Concordia Chicago
2025,Rosemary Brenner,Concordia Chicago
2025,Harmonie Cooper,Concordia Chicago
2025,Ava Quevedo,Concordia Chicago
2025,Victoria Pet,Concordia Chicago
2025,Averi Kline,Misericordia
2025,Sarah Kelly,Misericordia
2025,Olivia Conza,Misericordia
2025,Meghan Peters,Misericordia
2025,Olivia Yuhas,Misericordia
2025,Lily Andersen,Misericordia
2025,Jennifer Nicometo,Misericordia
2025,Cassandra Genduso,Misericordia
2025,Sarah Steeber,Misericordia
2025,Norah Silfies,Misericordia
2025,Keira McCaffrey,Misericordia
2025,Sarah Journey,Misericordia
2025,Jenna Schuda,Misericordia
2025,Jennifer Jacobson,Misericordia
2025,Maggie Duda,Misericordia
2025,Rachel LoFaso,Misericordia
2025,Madison Tullo,Misericordia
2025,Caroline Festersen,Connecticut Col.
2025,Reagan Pace,Connecticut Col.
2025,Sienna McCormack,Connecticut Col.
2025,Evie Lockwood Mullaney,Connecticut Col.
2025,Riley Lord,Connecticut Col.
2025,Emma Hoffmann,Connecticut Col.
2025,Sarah Woodhouse,Connecticut Col.
2025,Grace Anderson,Connecticut Col.
2025,Dylan Kokkinos,Connecticut Col.
2025,Taylor Chatigny,Connecticut Col.
2025,Tilde Keatley,Connecticut Col.
2025,Zoe Watts,Connecticut Col.
2025,Rae Wartelle,Connecticut Col.
2025,Aubrie Letourneau,Connecticut Col.
2025,Vibha Sheth,Connecticut Col.
2025,Taylor Merrifield,Connecticut Col.
2025,Jocelyn Bickford,Connecticut Col.
2025,Josie Kelly,Connecticut Col.
2025,Gracie Payne,William Peace
2025,Jacqueline Janecek,William Peace
2025,Sam Perez-Gonzalez,William Peace
2025,Aubrey Chesson,William Peace
2025,Helayna Myers,William Peace
2025,Alyssa Sava,William Peace
2025,Anna Smith,William Peace
2025,Savannah Hairr,William Peace
2025,Katie Arens,William Peace
2025,Taylor Lusk,William Peace
2025,Caitlin Bailey,William Peace
2025,Aaliyah Anderson,William Peace
2025,Tameka Adams,William Peace
2025,Emma Tholen,William Peace
2025,Sarah Yates,William Peace
2025,Jordyn Chinigo,William Peace
2025,Maegan Brylski,William Peace
2025,Chloe Webster,William Peace
2025,AJ Townsend,William Peace
2025,Alexis Geyer,William Peace
2025,Kaylee Vanjo,Davis & Elkins
2025,Melisa Ozsar,Davis & Elkins
2025,Christine Rangel,Davis & Elkins
2025,Sadie St. Mary,Davis & Elkins
2025,Kelsea Moore,Davis & Elkins
2025,Keira Robinson,Davis & Elkins
2025,Saige Abbott,Davis & Elkins
2025,Rylan Sharp,Davis & Elkins
2025,Taylor Demankowski,Davis & Elkins
2025,Jill Van Der Velde,Davis & Elkins
2025,Neve Norris,Davis & Elkins
2025,Braelyn Brenneman,Davis & Elkins
2025,Emily Besten,Davis & Elkins
2025,Maddie Edicola,Davis & Elkins
2025,Kayleigh Carr,Davis & Elkins
2025,Alyssa Fink,Delaware Valley
2025,Jaelyn Kulas,Delaware Valley
2025,Nia Walker,Delaware Valley
2025,Mia Zadlo,Delaware Valley
2025,Kai Logan,Delaware Valley
2025,Cassandra Gloster,Delaware Valley
2025,Madison Alexander,Delaware Valley
2025,Monique Smith,Delaware Valley
2025,Ariana Hernandez,Delaware Valley
2025,Samantha Wilton,Delaware Valley
2025,Patricia Schwab,Delaware Valley
2025,Shanna Graham,Delaware Valley
2025,Jade Wolfer,Alfred
2025,Delaney Sims,Alfred
2025,Norah Galvin,Alfred
2025,Whitney Kilton,Alfred
2025,Taylor Malone,Alfred
2025,Cara Bratthauar,Alfred
2025,Carleigh Santavy,Alfred
2025,Julia Abbott,Alfred
2025,Acadia Winslow,Alfred
2025,Madalynn McGowan,Alfred
2025,Catherina Krause,Alfred
2025,Jessica Lucille Ramirez,Alfred
2025,Abigail Omelan,Alfred
2025,Shelby Baker,Alfred
2025,Meeghan Peterson,Alfred
2025,Lay Evans,Alfred
2025,Madeline Stein,Alfred
2025,Riley Kamer,DePauw
2025,Anna Leland,DePauw
2025,Gabriella Orozco,DePauw
2025,Kerry O'Connor,DePauw
2025,Kendall Herrick,DePauw
2025,Parker Mischler,DePauw
2025,Logan Walters,DePauw
2025,Belle Shelton,DePauw
2025,Jen Proeh,DePauw
2025,Lacey Pickering,DePauw
2025,Julia McWaters,DePauw
2025,Grace Myers,DePauw
2025,Izzy Wallace,DePauw
2025,Addison Hooker,DePauw
2025,Madeline Ozersky,DePauw
2025,Lauren Bohn,DePauw
2025,Mckenna Wilken,DePauw
2025,Kaiden Harrington,DePauw
2025,Norah Oppenheim,Dickinson
2025,Amanda Palo,Dickinson
2025,Katie Arcara,Dickinson
2025,Camille Dofiles,Dickinson
2025,Mallie Thomas,Dickinson
2025,Emery Fishbach,Dickinson
2025,Avery Butcher,Dickinson
2025,Lora Flynn,Dickinson
2025,Caroline Cusson,Dickinson
2025,Lillian Bigsby,Dickinson
2025,Amelia Kim,Dickinson
2025,Eliette Whittaker,Dickinson
2025,Iona Nelson,Dickinson
2025,Jessica Currie,Dickinson
2025,Cassidy Davis,Dickinson
2025,Kylie Schner,Dickinson
2025,Ryan Kotalik,Denison
2025,Amelia Kurtz,Denison
2025,Ayla Dunbar,Denison
2025,Bella Bergeron,Denison
2025,Maxon Perkins,Denison
2025,Bella Hackett,Denison
2025,Kate Sicklick,Denison
2025,Katelyn Chiu,Denison
2025,Claire Hamilton,Denison
2025,Emma Hampton,Denison
2025,Emily Monachino,Denison
2025,Sadie Habeeb,Denison
2025,Alice Kempf,Denison
2025,Devon Moore,Denison
2025,Katy McCaffrey,Denison
2025,Maeve Perry,Denison
2025,Carolina Parkhurst,Denison
2025,Lauren Brown,Denison
2025,Margot Lewis,Denison
2025,Whitley Metz,Denison
2025,Elena Armstrong,Denison
2025,Valentina Poti,Salem (WV)
2025,Katie Kennedy,Salem (WV)
2025,Ana Julia Avila Vian,Salem (WV)
2025,Amari Nunez,Salem (WV)
2025,Noemi Combi,Salem (WV)
2025,Marika Righi,Salem (WV)
2025,Ida Bengtsson,Salem (WV)
2025,Alexandra Vigneron,Salem (WV)
2025,McKenzie Clyncke,Salem (WV)
2025,Christeena Craddock,Salem (WV)
2025,Taylor Bechen,Dubuque
2025,Emily Collins,Dubuque
2025,Delaney Calabrese,Dubuque
2025,Morgan Pierce,Dubuque
2025,Caitlin Jensen,Dubuque
2025,Cailyn Harrington,Dubuque
2025,Christina Anderson,Dubuque
2025,Athena Kindgren,Dubuque
2025,Payton Uptagraft,Dubuque
2025,Ashley Glennon,Dubuque
2025,Megan Cooley,Dubuque
2025,Kiley Elgert,Dubuque
2025,Chloe Reiser,Dubuque
2025,Delainey Winkel,Dubuque
2025,Ashlyn McGinnis,Dubuque
2025,Haley Jones,Dubuque
2025,Skylar Julien,Dubuque
2025,Kacy Wright,Dubuque
2025,Kate Bergsten,Dubuque
2025,Alexis Kammerer,Dubuque
2025,Lilly Andrews,Dubuque
2025,Sidney Fillbach,Dubuque
2025,Halee Clare,Dubuque
2025,Haley Stoffregan,Dubuque
2025,Delaney Miller,Dubuque
2025,Harmonee Wenger,Dubuque
2025,Julia Schultz,Dubuque
2025,Samantha Wubben,Dubuque
2025,Zoey Barnes,Dubuque
2025,Ashlyn Sullivan,Dubuque
2025,Cassidy Davis,Dubuque
2025,Danielle McCue,Dubuque
2025,Gabby Gerardi,Earlham
2025,Caylee Brandes,Earlham
2025,Charish Minor,Earlham
2025,Anna Le,Earlham
2025,Erin Jones,Earlham
2025,Addison Piatt,Earlham
2025,Madison Bizjak,Earlham
2025,Jasmyn Meeker,Earlham
2025,Emma Ledford,Earlham
2025,Sydney Bleyle,Earlham
2025,Maliyah Buford,Earlham
2025,Aniyah Harrington,Earlham
2025,Ava Walters,Earlham
2025,Sheila Waruingi,Earlham
2025,Georgia Stevens,East Stroudsburg
2025,Allison Birtcil,East Stroudsburg
2025,Marta Leeland,East Stroudsburg
2025,Romina Martinez,East Stroudsburg
2025,Lainey Lichota,East Stroudsburg
2025,Harry Berry,East Stroudsburg
2025,Taylor Wise,East Stroudsburg
2025,Anna Coulter,East Stroudsburg
2025,Cailey Jones,East Stroudsburg
2025,Kata Kovacs,East Stroudsburg
2025,Allison Flynn,East Stroudsburg
2025,Natalie Small,East Stroudsburg
2025,Kailynn Dupre,East Stroudsburg
2025,Kelly Crites,East Stroudsburg
2025,Domani Collazo,East Stroudsburg
2025,Kyra Bishop,East Stroudsburg
2025,Gracie Campbell,Tex. A&M-Commerce
2025,Haley Mullaney,Tex. A&M-Commerce
2025,Jordyn Wacaster,Tex. A&M-Commerce
2025,Semaj Cox,Tex. A&M-Commerce
2025,MJ Klaumann,Tex. A&M-Commerce
2025,Jade Washington,Tex. A&M-Commerce
2025,Courtney Green,Tex. A&M-Commerce
2025,Katelyn Pritchard,Tex. A&M-Commerce
2025,Peyton Roper,Tex. A&M-Commerce
2025,Kylie Bray,Tex. A&M-Commerce
2025,Brooke Box,Tex. A&M-Commerce
2025,Giana Brown,Tex. A&M-Commerce
2025,Savannah Jennings,Tex. A&M-Commerce
2025,Rendi Fetty,Tex. A&M-Commerce
2025,Nevaeh Smith,Tex. A&M-Commerce
2025,Zoe Ruskofsky,Tex. A&M-Commerce
2025,Bryanna Purisima,DeSales
2025,Veda Doxzen,DeSales
2025,Sophia Wilson,DeSales
2025,Kylie Campbell,DeSales
2025,Ashlyn Dinan,DeSales
2025,Jess Domchek,DeSales
2025,Joy Kindall,DeSales
2025,Brooke Signorella,DeSales
2025,Nicole Decker,DeSales
2025,Tori Shamanow,DeSales
2025,Amanda Maroney,DeSales
2025,Samantha Buff,DeSales
2025,Haylee Arnold,DeSales
2025,Allison Reimer,DeSales
2025,Grace Pfaff,DeSales
2025,Mackenzie Fox,DeSales
2025,Maddie Sandt,DeSales
2025,Jocelyn Castro,DeSales
2025,Brooke Praskievicz,Eastern Conn. St.
2025,Sierra York,Eastern Conn. St.
2025,Maggie Barr,Eastern Conn. St.
2025,Mackenzie Player,Eastern Conn. St.
2025,Emma Robinson,Eastern Conn. St.
2025,Ariah Davis,Eastern Conn. St.
2025,Sonya Nielsen,Eastern Conn. St.
2025,Allegra Copeland,Eastern Conn. St.
2025,Samantha Blandford,Eastern Conn. St.
2025,Addison Soleau,Eastern Conn. St.
2025,Liz Squier,Eastern Conn. St.
2025,Sarah Eldredge,Eastern Conn. St.
2025,Lauren Mosca,Eastern Conn. St.
2025,Haley Jo Bridges,Eastern Conn. St.
2025,Stephanie Nemecek,Eastern Conn. St.
2025,Emerson Conigliaro,Eastern Conn. St.
2025,Katie Moser,MSOE
2025,Annabella Visak,MSOE
2025,Gillian McDaniel,MSOE
2025,Makynna Crook,MSOE
2025,Joelle Harrington,MSOE
2025,Liviah Grant,MSOE
2025,Sydney Emineth,MSOE
2025,Abby Balkema,MSOE
2025,Ana Knutson,MSOE
2025,Brooke Fledderman,MSOE
2025,Katie Taticek,MSOE
2025,Natalie Martinez,MSOE
2025,Emma Schattschneider,MSOE
2025,Madalynn Skwarek,MSOE
2025,Morgan Borchardt,MSOE
2025,Ashley Murphy,MSOE
2025,Nina De La Cruz,MSOE
2025,Brenna Fledderman,MSOE
2025,Maddie Abel,MSOE
2025,Rylee Hull,MSOE
2025,Alyssa Rusch,MSOE
2025,Emerson Moats,East. Mennonite
2025,Felicity Jones,East. Mennonite
2025,Emma Rogers,East. Mennonite
2025,Reese Allen,East. Mennonite
2025,Kenley Smith,East. Mennonite
2025,Kassidy Meadows,East. Mennonite
2025,Rebekah Allen,East. Mennonite
2025,Logan Turchetta,East. Mennonite
2025,Jada Parker,East. Mennonite
2025,Mckenzie Taylor,East. Mennonite
2025,Sophie Dollyhigh,East. Mennonite
2025,Lindsay Bly,East. Mennonite
2025,Kaitlyn Custis,East. Mennonite
2025,Ella Lambert,East. Mennonite
2025,Cristina Colon,East. Mennonite
2025,Alannys Rodriguez,East. Mennonite
2025,Emma Greer,East. Mennonite
2025,Claire Reichenbach,East. Mennonite
2025,Tehani Moniz,Mont. St. Billings
2025,Jordin Taulua,Mont. St. Billings
2025,Stella Scott,Mont. St. Billings
2025,Avarie Gutierrez,Mont. St. Billings
2025,Adrienne Magdaleno,Mont. St. Billings
2025,Avarey Stuff,Mont. St. Billings
2025,Marissa Allen,Mont. St. Billings
2025,Kenzie Allen,Mont. St. Billings
2025,Izzy Ping,Mont. St. Billings
2025,Allie Dorman,Mont. St. Billings
2025,Reese Sherwood,Mont. St. Billings
2025,Addison Holcomb,Mont. St. Billings
2025,Ashlynn Evans,Eastern N.M.
2025,Violeta Flores,Eastern N.M.
2025,Imahni Brown,Eastern N.M.
2025,Aaliyah Butler,Eastern N.M.
2025,Jayla David,Eastern N.M.
2025,Linden Pennings,Eastern N.M.
2025,Addycen De La Cerda,Eastern N.M.
2025,Sophia Valdez,Eastern N.M.
2025,Zakara Masibo-Ballard,Eastern N.M.
2025,Korah Ives,Eastern N.M.
2025,Brianna Hernandez,Eastern N.M.
2025,Nadia Gallegos,Eastern N.M.
2025,Catalina Gutierrez,Eastern N.M.
2025,Addison Bartlett,Eastern N.M.
2025,Amya Speller,Eastern N.M.
2025,McKenzie Hart,Eastern N.M.
2025,Nevaeh Rodriquez,Eastern N.M.
2025,Isabella Hidalgo,Eastern N.M.
2025,Jayla Yoder,Eastern N.M.
2025,Ava Landeros,Eastern N.M.
2025,Sydney Williams,Eckerd
2025,Kaitlyn Dohs,Eckerd
2025,Avry Nelson,Eckerd
2025,Hayden Nash,Eckerd
2025,Grace Dumont,Eckerd
2025,Gabi Jedrzejczak,Eckerd
2025,Seiler Hruska,Eckerd
2025,Sidney Knowles,Eckerd
2025,Jaelynn Tunley,Eckerd
2025,Kinga Michalska,Eckerd
2025,Molly Fischer,Eckerd
2025,Natalie Aniol,Eckerd
2025,Taylor Rice,Eckerd
2025,Maggie Turner,Eckerd
2025,Elayna Rickmon,Eckerd
2025,Nyla Muskovin,Eckerd
2025,Peyton Walker,Eckerd
2025,Grace Petro,Edinboro
2025,Laney Burns,Edinboro
2025,Molly Stayer,Edinboro
2025,Kennedy Caldwell,Edinboro
2025,Makayla Neelands,Edinboro
2025,Kate Flaherty,Edinboro
2025,Klaresajane Sivas,Edinboro
2025,Olivia Ruehle,Edinboro
2025,Maggie Koster,Edinboro
2025,Derin Çetin,Edinboro
2025,Reilly Parent,Edinboro
2025,Elles van Kollenburg,Edinboro
2025,Faith Schneider,Edinboro
2025,Ava Byer,Edinboro
2025,Lejla Rejzovic,Edinboro
2025,Emma Hiott,Edinboro
2025,Josephine Bailey,Edinboro
2025,Brooke Eldred,Edinboro
2025,Christina Lockett,Edinboro
2025,Arianna Lang,Alma
2025,Allie Fish,Alma
2025,Olivia Deeb,Alma
2025,Madelyn Herzberger,Alma
2025,Nevea Bush,Alma
2025,Addisyn Calcamuggio,Alma
2025,Mallorie Nevadomski,Alma
2025,Madison Stevenson,Alma
2025,Rudy Maynard,Alma
2025,Makenna Johnson,Alma
2025,Madison Munley,Alma
2025,Katelyn Schell,Alma
2025,Natalie Dutton,Alma
2025,Reagan Gleason,Alma
2025,Kacee Gray,Alma
2025,Kennedy Weston,Alma
2025,Maggie McKale,Alma
2025,Rachel McGlothin,Alma
2025,Christa Munn,Alma
2025,Cassidy Rees,Alma
2025,Grace Steiner,Alma
2025,Kendelle Aprati,Alma
2025,Vicky Villarosa,Alma
2025,Emily Carling,Alma
2025,Lucy Stern,Elizabethtown
2025,Bailey McFeaters,Elizabethtown
2025,Bailey Doherty,Elizabethtown
2025,Sam Lautenslager,Elizabethtown
2025,Leah Gormley,Elizabethtown
2025,Claire Erdman,Elizabethtown
2025,Alexa Adamek,Elizabethtown
2025,Angela Ouimet,Elizabethtown
2025,Emma Rizzutto,Elizabethtown
2025,Hope Young,Elizabethtown
2025,Kate Barbon,Elizabethtown
2025,Lucy Stanek,Elizabethtown
2025,Ida Fisher,Elizabethtown
2025,Sierra Plummer,Elizabethtown
2025,Marah Glenn,Elizabethtown
2025,Addy Reed,Elizabethtown
2025,Aubrey Sullivan,Elizabethtown
2025,Sophia Ascencio,Elmhurst
2025,Grace Johnson,Elmhurst
2025,Gianna Ptaszek,Elmhurst
2025,Aubrey LeCleir,Elmhurst
2025,Amber Otto,Elmhurst
2025,Leah Russell,Elmhurst
2025,Ashley Clardy,Elmhurst
2025,Lauren Anderson,Elmhurst
2025,Nyah Moustakas,Elmhurst
2025,Antriana Larkou,Elmhurst
2025,Madison McNairy,Elmhurst
2025,Paige Belfield,Elmhurst
2025,Grace Breeze,Elmhurst
2025,Keely Larson,Elmhurst
2025,Freddie Temple,Elmhurst
2025,Peyton Moroney,Elmhurst
2025,Olivia Mendell,Elmhurst
2025,Alexis Casey,Elmhurst
2025,Blair Johnson,Elmhurst
2025,Isabella Mendell,Elmhurst
2025,Maggie Cross,Elmhurst
2025,Cloe VanFleet,Elmira
2025,Alyson Hagberg,Elmira
2025,Gabriela Rodriguez,Elmira
2025,Morgan Sica,Elmira
2025,Katie Witt,Elmira
2025,Madalyn Devonshire,Elmira
2025,Julie Smith,Elmira
2025,Lilyanah Doolittle,Elmira
2025,Gabriella Rustine,Elmira
2025,Ellora Bynoe,Elmira
2025,Aimee Bridges,Elmira
2025,Ava Remscheid,Elmira
2025,Olivia Roccabruna,Elmira
2025,Vicki Titus,Elmira
2025,Erin Bracken,Elmira
2025,Rachel Mace,Chestnut Hill
2025,Sadie Bayko,Chestnut Hill
2025,Caroline Croteau,Chestnut Hill
2025,Alex Crespin,Chestnut Hill
2025,Nicole Dimiris,Chestnut Hill
2025,Sofia Rodriguez,Chestnut Hill
2025,Katelyn Dougherty,Chestnut Hill
2025,Micah McKenzie,Chestnut Hill
2025,Kayle Arozio,Chestnut Hill
2025,Maya Hopson,Chestnut Hill
2025,Ayla Mirarchi,Chestnut Hill
2025,Sarah Allen,Chestnut Hill
2025,Lexi Demirovic,Chestnut Hill
2025,Kass Kimmel,Chestnut Hill
2025,Parys Boykin,Chestnut Hill
2025,Lilian Bandel,Chestnut Hill
2025,Kate Hanley,Chestnut Hill
2025,Shirley Yu,Emerson
2025,Marisa Camp,Emerson
2025,Lily Nguyen,Emerson
2025,Dalena Garrett,Emerson
2025,Lorena Rivera,Emerson
2025,Sami Kim,Emerson
2025,Chloe Hokenson,Emerson
2025,Hannah Miller,Emerson
2025,Kori Meissner,Emerson
2025,Rachel Dickerson,Emerson
2025,Emma Luehring,Emerson
2025,Lauren Yoo,Emerson
2025,Catherine McDonough,Emerson
2025,Sophia Schiappa,Emerson
2025,Lizi Horning,Emerson
2025,Alli Sanchez,Piedmont
2025,Katie Hubbard,Piedmont
2025,Bailey Daughtery,Piedmont
2025,Sara Bjerke,Piedmont
2025,Aria Foerst,Piedmont
2025,Alex Wingate,Piedmont
2025,Erin Lemons,Piedmont
2025,Lauren Caricato,Piedmont
2025,Lucy Harvey,Piedmont
2025,Abbye Carver,Piedmont
2025,Zoe Coelho,Piedmont
2025,Kya Perkinson,Piedmont
2025,Bree Chappell,Piedmont
2025,Sydney Salazar,Stevenson
2025,Allison Gaus,Stevenson
2025,Mykiah Williams,Stevenson
2025,Isabella Terra,Stevenson
2025,Courtney Foose,Stevenson
2025,Rachel Lenz,Stevenson
2025,Maren Zepfel,Stevenson
2025,Ashley Stafira,Stevenson
2025,Lilly Eichelberger,Stevenson
2025,Logan Burge,Stevenson
2025,Declyn Tooze,Stevenson
2025,Autumn Henry,Stevenson
2025,Giulia Viglietta,Stevenson
2025,Adriana Anderson,Stevenson
2025,Lauren Garcia,Stevenson
2025,Lillianna Hornickle,Stevenson
2025,Emma Shaffer,Stevenson
2025,Tayla O'Connor,FDU-Florham
2025,Genevieve Fitch,FDU-Florham
2025,Olivia Abruzzo,FDU-Florham
2025,Samantha Schneider,FDU-Florham
2025,Arianna Wood,FDU-Florham
2025,Vanessa Freeman,FDU-Florham
2025,Laci Merz,FDU-Florham
2025,Stephanie Lynch,FDU-Florham
2025,Emma Robinson,FDU-Florham
2025,Gabbie Hart,FDU-Florham
2025,Tori Carrico,FDU-Florham
2025,Erin McCabe,FDU-Florham
2025,Melinda Valasek,FDU-Florham
2025,Gianna Buscarino,FDU-Florham
2025,Mackenzie Crandall,FDU-Florham
2025,Amaya Ocasio,FDU-Florham
2025,Hannah Weinmann,FDU-Florham
2025,Avery Tucker,Ferrum
2025,Heidi Crews,Ferrum
2025,Rachel Hall,Ferrum
2025,Makayla Rumley,Ferrum
2025,Harleigh Propst,Ferrum
2025,Emma Kelley,Ferrum
2025,Catherine Bennett,Ferrum
2025,Sarabeth Johnson,Ferrum
2025,Emma Powell,Ferrum
2025,Kalee Bunn,Ferrum
2025,Daniela Castillo,Ferrum
2025,Angela Castillo,Ferrum
2025,Renee Dove,Ferrum
2025,Danielle Worthy,Ferrum
2025,Cooper Van Gorp,Ferrum
2025,Felicity Adams,JWU (Providence)
2025,Sophia Santacroce,JWU (Providence)
2025,Bailey Koopman,JWU (Providence)
2025,Trinity Ricevuto,JWU (Providence)
2025,Carlie Tretera,JWU (Providence)
2025,Sierra Nausieda,JWU (Providence)
2025,Madison Bruner,JWU (Providence)
2025,Emerson Lane,JWU (Providence)
2025,Vivi Mansfield,JWU (Providence)
2025,Ajie Jagne,JWU (Providence)
2025,Nevaeh Arnold,JWU (Providence)
2025,Katelyn O'Brien,JWU (Providence)
2025,Kelsie Tretera,JWU (Providence)
2025,Brooke Caquelin,JWU (Providence)
2025,Skylar Winchester,JWU (Providence)
2025,Hannah Pereira,JWU (Providence)
2025,Olivia Immel,JWU (Providence)
2025,Sophia Diphilippo,JWU (Providence)
2025,Bengisu Kazazlar,Florida A&M
2025,Sydney Humes,Florida A&M
2025,LaDonna Trantham,Florida A&M
2025,Victoria Santana,Florida A&M
2025,Makenzie Taylor,Florida A&M
2025,Sydney Whitfield,Florida A&M
2025,Iyonnie Sanford,Florida A&M
2025,Natalie Johnson,Florida A&M
2025,Brandi Boston,Florida A&M
2025,Kristen Moore,Florida A&M
2025,Alexandra Moore,Florida A&M
2025,Yaricel Rodriguez,Florida A&M
2025,Tamia Coleman,Florida A&M
2025,Ruxandra Flueras,Florida A&M
2025,Dylan Hoskins,Florida A&M
2025,Milana Thornton,Florida A&M
2025,Farah Farooq,Florida A&M
2025,Bella Marrero,American
2025,Emma Blankenship,American
2025,Deniz Dakak,American
2025,Maddy Stewart,American
2025,Lexie Richards,American
2025,Alex Ioannou,American
2025,Sophie Dufour,American
2025,Monyay Crowder,American
2025,Elise Sterling,American
2025,Salme Adeele Hollas,American
2025,Zedo Yilmaz,American
2025,Prinzez Zeck,American
2025,Carly Sciborski,American
2025,Maiella Riva,Florida Tech
2025,Kenzie Delacher,Florida Tech
2025,Devyn Glassgold,Florida Tech
2025,Kelly Merz,Florida Tech
2025,Ashley Rants,Florida Tech
2025,Chiara Cristinzio,Florida Tech
2025,Elisa Broggio,Florida Tech
2025,Cordelia Kearns,Florida Tech
2025,María Jesús Muñoz,Florida Tech
2025,Ayisha Missipo,Florida Tech
2025,Scarlett Kimbrell,Florida Tech
2025,Courtney Capar,Florida Tech
2025,Tessa Schutter,Florida Tech
2025,Natalie Rhodes,Florida Tech
2025,Phoenix Sims,Florida Tech
2025,Kellyanne Wylie,Florida Tech
2025,Hadley Waldren,Florida Tech
2025,Abby Koenen,Florida Tech
2025,Isabelle Clark,Florida Tech
2025,Kari Voelstad Bogen,Florida Tech
2025,Kambree Rodriguez,FIU
2025,Jillian Huckabey,FIU
2025,Kaylee Musick,FIU
2025,Savannah Cook,FIU
2025,Ashlyn Blazer,FIU
2025,Mandi Morioka,FIU
2025,Haley Herndon,FIU
2025,Madison Morgan,FIU
2025,Kindyl Kilar,FIU
2025,Magda Stambrowska,FIU
2025,Kate Kuehn,FIU
2025,Kira Givans,FIU
2025,Courtney O'Brien,FIU
2025,Rebekah Pfefferkorn,FIU
2025,Jenna McClure,FIU
2025,Maliyah LaBrie,FIU
2025,Julia Thomas,FIU
2025,Natalie Powers,FIU
2025,Emma Beretich,FIU
2025,Sofie Vogel,FIU
2025,Alina Strickler,Texas-Dallas
2025,Mari Hernandez,Texas-Dallas
2025,Abby Gentner,Texas-Dallas
2025,Moriah Johnson,Texas-Dallas
2025,Morgan Helms,Texas-Dallas
2025,Melia Mendoza-Flores,Texas-Dallas
2025,Tylee Hale,Texas-Dallas
2025,Lauren Petty,Texas-Dallas
2025,Lashae Goffney,Texas-Dallas
2025,Sydney Sabin,Texas-Dallas
2025,Lila Westphal,Texas-Dallas
2025,Kira Braun,Texas-Dallas
2025,Jane Burkhardt,Texas-Dallas
2025,Jada Williams,Texas-Dallas
2025,Averi Frazier,Texas-Dallas
2025,Laura See,Texas-Dallas
2025,Avery Pickard,Texas-Dallas
2025,Camryn Kerlick,Texas-Dallas
2025,Sophia Watterson,Felician
2025,Sara Betts,Felician
2025,Kayden Mallette,Felician
2025,Elisia Hamilton,Felician
2025,Faith Sibert,Felician
2025,Sandra Galas,Felician
2025,Yolelin Canales,Felician
2025,Megan Barker,Felician
2025,Kaya Mclean,Felician
2025,Rowan Jensen,Felician
2025,Caydence Franz,Felician
2025,Sally Plagainos,Felician
2025,Kiah Jackson,Felician
2025,Emily Ferri,Felician
2025,Arieanna Sherman,Felician
2025,Ashanna Caviness,Felician
2025,Tatum Williams,Felician
2025,Cassandra Chauhan,Felician
2025,Taylor Zimmerman,Fla. Southern
2025,Nicole Russell,Fla. Southern
2025,Payton Nazzari,Fla. Southern
2025,Brielle Mullen,Fla. Southern
2025,Kathryn Almond,Fla. Southern
2025,Bailey Blackburn,Fla. Southern
2025,Tori Borton,Fla. Southern
2025,Elizabeth McDonald,Fla. Southern
2025,Mallory Baruch,Fla. Southern
2025,Lindsay Piktel,Fla. Southern
2025,Bali Coles,Fla. Southern
2025,Chloe Moreland,Fla. Southern
2025,Nako Sasaki,Fla. Southern
2025,Morgan Word,Fla. Southern
2025,Catherine Sweeney,Fla. Southern
2025,Whitney Mall,Fla. Southern
2025,Layla Visser,Fla. Southern
2025,Adyla Kerley,Fla. Southern
2025,Drew Page,Fla. Southern
2025,Mya Anderson,Franklin & Marshall
2025,Abby Silinski,Franklin & Marshall
2025,Coco Shultz,Franklin & Marshall
2025,Kendall Lee,Franklin & Marshall
2025,Liah Perez,Franklin & Marshall
2025,Chloe Wiedman,Franklin & Marshall
2025,Jillian Surkis,Franklin & Marshall
2025,Maile Lani Sugamura,Franklin & Marshall
2025,Avery Grantham,Franklin & Marshall
2025,Abby Magness,Franklin & Marshall
2025,Emily Dean,Franklin & Marshall
2025,Ceci Connolly,Franklin & Marshall
2025,Melissa Benkowitz,Franklin & Marshall
2025,Claire Kelly,Franklin & Marshall
2025,Paula Elguera,Franklin & Marshall
2025,Lily Harmon,Franklin & Marshall
2025,Lina Thompson,Franklin & Marshall
2025,Carly Campbell,Franklin & Marshall
2025,Emma Foley,Fredonia
2025,Bria Hunter,Fredonia
2025,Molly Cassidy,Fredonia
2025,Logann Lexner,Fredonia
2025,Hannah Lombardi,Fredonia
2025,Payton Stoddard,Fredonia
2025,Megan Nottis,Fredonia
2025,Cayla Partsch,Fredonia
2025,Kylie O'Brien,Fredonia
2025,Maeve Musielak,Fredonia
2025,Donnilynn Sheldon,Fredonia
2025,Sasha Zayatz,Fredonia
2025,Keara Kincaid,Fredonia
2025,Kailea Sullivan,Fredonia
2025,Olivia Boswell,Fredonia
2025,Bella Maloney,Fredonia
2025,Madison Musty,Fredonia
2025,Mackenzie Roberts,Fredonia
2025,Dani Kunkle,Frostburg St.
2025,Nevaeh Ware,Frostburg St.
2025,Maya Johnson,Frostburg St.
2025,Bailey Rafferty,Frostburg St.
2025,Allison Brown,Frostburg St.
2025,Emma Larkins,Frostburg St.
2025,Madison Reed,Frostburg St.
2025,Pia White,Frostburg St.
2025,Emery Kuebler,Frostburg St.
2025,Adele Evans,Frostburg St.
2025,Faith Stevenson,Frostburg St.
2025,Grace Yocham,Frostburg St.
2025,Phoebe Lingold,Frostburg St.
2025,Raegan Philips,Frostburg St.
2025,Devin Brunk,Frostburg St.
2025,Paige Mock,Frostburg St.
2025,Brenna Siperko,Frostburg St.
2025,Alyssa Stanton,Frostburg St.
2025,Ada Kuday,Frostburg St.
2025,Amanda Knieper,Frostburg St.
2025,Kylie Appleton,Frostburg St.
2025,Alliyah McNair,Frostburg St.
2025,Chloe Del Signore,Frostburg St.
2025,Jade Romero,Concordia (TX)
2025,Malarie Mican,Concordia (TX)
2025,Kennedy Carter,Concordia (TX)
2025,Olivia Robinson,Concordia (TX)
2025,Brooklynne Fitzgerald,Concordia (TX)
2025,Isabella Martinez,Concordia (TX)
2025,Camryn Parker,Concordia (TX)
2025,Kayden Pate,Concordia (TX)
2025,Katherine Dedear,Concordia (TX)
2025,Selena Cooper,Concordia (TX)
2025,Aniyah Tompkins,Concordia (TX)
2025,Emma Rosier,Concordia (TX)
2025,Olivia Vu,Concordia (TX)
2025,Dani Wysocki,Concordia (TX)
2025,Amaya Horton,Concordia (TX)
2025,Haylee Diebel,Concordia (TX)
2025,Kyla Rodriguez,Concordia (TX)
2025,Presley Bunting,Concordia (TX)
2025,McKinley Grimm,Concordia (TX)
2025,Madeline Vaughn,Concordia (TX)
2025,Hannah Francis,Concordia (TX)
2025,Kinlea Reeder,Concordia (TX)
2025,Grace Harwood,Concordia (TX)
2025,Lauren Atwell,Gannon
2025,Alexis Fowler,Gannon
2025,Ava Gainer,Gannon
2025,Ela Demirel,Gannon
2025,Carlee Webber,Gannon
2025,Carissa Treser,Gannon
2025,Bengisu Arslan,Gannon
2025,Abbey Williams,Gannon
2025,Nehir Yazicioglu,Gannon
2025,Ella Brokaw,Gannon
2025,Meg Kalenowski,Gannon
2025,Reese Sitter,Gannon
2025,Olivia Helfen,Gannon
2025,Ella Woltman,Gannon
2025,Brooke Gwiazda,Gannon
2025,Kasey Smith,Gannon
2025,Sydney Wake,Gannon
2025,Madelyn Hooper,Nova Southeastern
2025,Brooke Spurgeon,Nova Southeastern
2025,Brantley Chipley,Nova Southeastern
2025,Natalya Bergant,Nova Southeastern
2025,Abbie Roth,Nova Southeastern
2025,Taylor Stockman,Nova Southeastern
2025,Hadley Dantzler,Nova Southeastern
2025,Marley Navaretta,Nova Southeastern
2025,Erika Spankus,Nova Southeastern
2025,Avery Piatt,Nova Southeastern
2025,Mackenzie Pryor,Nova Southeastern
2025,Varshini Panuganti,Nova Southeastern
2025,Caiden Largent,Nova Southeastern
2025,Ella Kern,Nova Southeastern
2025,Gabrielle Spankus,Nova Southeastern
2025,Amalee Doyle,Nova Southeastern
2025,Olivia Aniol,Nova Southeastern
2025,Juliana Imbuzeiro,Nova Southeastern
2025,Ayana Solan,Nova Southeastern
2025,Cami Kelsay,Nova Southeastern
2025,Gabi Ashcraft,Angelo St.
2025,Madison Scrivner,Angelo St.
2025,Raelee Allen,Angelo St.
2025,Alli Kirkpatrick,Angelo St.
2025,Chanelle Cancel,Angelo St.
2025,Madi Parrish,Angelo St.
2025,Ireland Ferguson,Angelo St.
2025,Cate Boldrick,Angelo St.
2025,Taryn Barnes,Angelo St.
2025,Sydney Thornton,Angelo St.
2025,Mary Johnson,Angelo St.
2025,Julia Hopkins,Angelo St.
2025,Amelia Creacy,Angelo St.
2025,Indiah Maroney,Angelo St.
2025,Demi Carter,Angelo St.
2025,Annie Witt,Angelo St.
2025,Journi Jones,Angelo St.
2025,Allie Duitsman,Angelo St.
2025,Ella Unterweger,Angelo St.
2025,Hannah Spencer,Angelo St.
2025,Krizia Perez,Angelo St.
2025,Erin Gonzalez,Gettysburg
2025,Gianna Galli,Gettysburg
2025,Halle Feth,Gettysburg
2025,Nala Shearer,Gettysburg
2025,Kierra Fox,Gettysburg
2025,Ellen Manke,Gettysburg
2025,Ione Pedersen,Gettysburg
2025,Ava Grall,Gettysburg
2025,Emilie Jabbour,Gettysburg
2025,Kendall Erpenbeck,Gettysburg
2025,Riley Smialowicz,Gettysburg
2025,Emma Bradshaw,Gettysburg
2025,Alycen Radolovic,Gettysburg
2025,Clare Farrell,Gettysburg
2025,Hadlee Campbell,Gettysburg
2025,Reece Benner,Gettysburg
2025,Elle Lang,Gettysburg
2025,Mary Huegel,Gettysburg
2025,Ava Best,Rowan
2025,Aubrey Ward,Rowan
2025,Abigail Bivona,Rowan
2025,Gabriella Cooper,Rowan
2025,Raven Albrecht,Rowan
2025,Abby Chadwick,Rowan
2025,Hutton Cordrey,Rowan
2025,Evalyn Vires,Rowan
2025,Jessica Smart,Rowan
2025,Blakely Stawicki,Rowan
2025,Jena Kaul,Rowan
2025,Alexa Kelleher,Rowan
2025,Vanessa Hutchinson,Rowan
2025,Ciara Bradley,Rowan
2025,Alexis Hoyer,Rowan
2025,Nia Ipeker,Rowan
2025,Natalie Johnson,Rowan
2025,Olivia Behen,Grand Valley St.
2025,Sara Pahl,Grand Valley St.
2025,Lexi Armstrong,Grand Valley St.
2025,Kendall Stover,Grand Valley St.
2025,Paige Sanders,Grand Valley St.
2025,Autumn Gorman,Grand Valley St.
2025,Caroline Baker,Grand Valley St.
2025,Meghan O'Sullivan,Grand Valley St.
2025,Grace Busold,Grand Valley St.
2025,McKenzie Johnson,Grand Valley St.
2025,Brianna Stawski,Grand Valley St.
2025,Sydney Stanfield,Grand Valley St.
2025,Kate Goudreau,Grand Valley St.
2025,Johanna Tillman,Grand Valley St.
2025,Taelynn Rodeghero,Grand Valley St.
2025,Vienna Koenigsknecht,Grand Valley St.
2025,Kennedy Arp,Grand Valley St.
2025,Gabby Orlet,Grand Valley St.
2025,Sadie Haase,Grand Valley St.
2025,Kylie-Ann Smith,Grinnell
2025,Leticia Machado,Grinnell
2025,Gracie Lim,Grinnell
2025,Marlowe Hurst,Grinnell
2025,Millie Leonard,Grinnell
2025,Emilee Appel,Grinnell
2025,Kylie Snell,Grinnell
2025,Hayley Taka,Grinnell
2025,Molly Kuhn,Grinnell
2025,Kinsey Carrigan,Grinnell
2025,Gabby Choy,Grinnell
2025,Keira Sullivan,Grinnell
2025,Nicole Mlynski,Grinnell
2025,Eliana Porta,Grove City
2025,Annie Atwood,Grove City
2025,Sarah Harris,Grove City
2025,Bailey Elliott,Grove City
2025,Ella D'Ippolito,Grove City
2025,Taylor Ripple,Grove City
2025,Bella Costa,Grove City
2025,Brooke Manfull,Grove City
2025,Lilly Wojtala,Grove City
2025,Lilly Pool,Grove City
2025,Kendra Klusch,Grove City
2025,Sarah Hart,Grove City
2025,Jillian Pensenstadler,Grove City
2025,Caitlyn Garrett,Grove City
2025,Alayna Dorst,Grove City
2025,Lily Lagaras,Grove City
2025,Brooklyn Wirebaugh,Grove City
2025,Lila Stonehouse,Grove City
2025,Hannah Schwab,Grove City
2025,Cassidy Johncour,Grove City
2025,Sahara Morken,Gust. Adolphus
2025,Sydney Timm,Gust. Adolphus
2025,Ella Olson,Gust. Adolphus
2025,Leah Brigson,Gust. Adolphus
2025,Logan Brent,Gust. Adolphus
2025,Macie Malchow,Gust. Adolphus
2025,Leah Berg,Gust. Adolphus
2025,Jordis Neeley,Gust. Adolphus
2025,Grace Banse,Gust. Adolphus
2025,Addison Dirkes,Gust. Adolphus
2025,Marissa Mancine,Gust. Adolphus
2025,Ava Hahn,Gust. Adolphus
2025,Kiera Petersen,Gust. Adolphus
2025,Greta Tompkins,Gust. Adolphus
2025,Kyra Johnson,Gust. Adolphus
2025,Olivia Stockham,Gust. Adolphus
2025,Maren Sundberg,Gust. Adolphus
2025,Sophia Deyak,Gust. Adolphus
2025,Heather Seubert,Geneva
2025,Laura Goonewardene,Geneva
2025,Kaelyn Keefer,Geneva
2025,Hannah Kelley,Geneva
2025,Brooklen Helton,Geneva
2025,Emily Nelson,Geneva
2025,Kendall Anderson,Geneva
2025,Ruthie Land,Geneva
2025,Kaiya Coleman,Geneva
2025,Madi DeRuiter,Geneva
2025,Tirzah George,Geneva
2025,Gracyn Lee,Geneva
2025,Rachel Baird,Geneva
2025,Evelyn Stroup,Geneva
2025,Abigail Glumac,Geneva
2025,Julia McChesney,Geneva
2025,Katie Seboe,Geneva
2025,Daphne Alexander,Geneva
2025,Sophia Johnson,Hamline
2025,Grace Bathurst,Hamline
2025,Lindsey Meizo,Hamline
2025,Kayli Starkey,Hamline
2025,Nora Cairns,Hamline
2025,Claire Siems,Hamline
2025,Cameryn Sand,Hamline
2025,Shannon Graham,Hamline
2025,Lexi Helmin,Hamline
2025,Britta Lund,Hamline
2025,Siena Busalacchi,Hamline
2025,Kaitlyn Kotek,Hamline
2025,Mandy Dierks,Hamline
2025,Claire Kaups,Hamline
2025,Quincy Asmus,Hamline
2025,Campbell Sims,Hamline
2025,Cale Quade,Hamline
2025,Emily Woodbury,Hamline
2025,Cintsaiab Shiong,Hamline
2025,Cylie-Ann Wong,Belmont Abbey
2025,Renata Bolado,Belmont Abbey
2025,Ava Brown,Belmont Abbey
2025,Mallory Swain,Belmont Abbey
2025,Kyleigh Coghlan,Belmont Abbey
2025,Cailyn Myers,Belmont Abbey
2025,Tyler Case,Belmont Abbey
2025,Maya Swenson,Belmont Abbey
2025,Emma Youngblood,Belmont Abbey
2025,Lola Sultenfuss,Belmont Abbey
2025,Delaney Watson,Belmont Abbey
2025,Hailey Hall,Belmont Abbey
2025,Alexandra Lynch,Belmont Abbey
2025,Katie Brookins,Belmont Abbey
2025,Lauren Swanson,Belmont Abbey
2025,Libby Williams,Belmont Abbey
2025,Sophia Kane,Belmont Abbey
2025,Sheridan Young,Belmont Abbey
2025,Adeline Mezzanotte,Belmont Abbey
2025,Chloe Lowder,Belmont Abbey
2025,Sara Sass,Belmont Abbey
2025,Mary Grace Hogue,Belmont Abbey
2025,Jordan Medina,Belmont Abbey
2025,Landon Ozley,Belmont Abbey
2025,Ava Provinsal,Belmont Abbey
2025,Grace Perry,Belmont Abbey
2025,Hope Moring,Franklin
2025,Emily Holmer,Franklin
2025,Charlotte Goto,Franklin
2025,Jenna Batty,Franklin
2025,Addi Whitecotten,Franklin
2025,Hannah Stanton,Franklin
2025,Kylah Cales,Franklin
2025,Hannah Phegley,Franklin
2025,Kaitlyn Lavy,Franklin
2025,Leah Middleton,Franklin
2025,Nevaeh Griffin,Franklin
2025,Arabella Shepherd,Franklin
2025,Katelyn Barnard,Franklin
2025,Trinity Schroeder,Franklin
2025,Anna Kute,Franklin
2025,McKenzie Schroeder,Franklin
2025,Kammi Sparks,Franklin
2025,Brionna Linkel,Franklin
2025,Mireily Colomba,Franklin
2025,Campbell Clark,Franklin
2025,Jayde Billings,Franklin
2025,Kamzi Gross,Franklin
2025,Morgan Kurzawski,Franklin
2025,McKenna Lucas,Franklin
2025,Tayler Anderson,Franklin
2025,Kaitlyn Lowes,Franklin
2025,Lauren Kinsey,Franklin
2025,Lily Gena,Franklin
2025,Ava Hollis,Franklin
2025,Morgan Ostrowski,IUPUI
2025,Grace Purichia,IUPUI
2025,Jordyn Pax,IUPUI
2025,Jillian Tippmann,IUPUI
2025,Kate White,IUPUI
2025,Lila Britt,IUPUI
2025,Ava Harris,IUPUI
2025,Kate Jacquay,IUPUI
2025,Brynn Zastrow,IUPUI
2025,Maia Long,IUPUI
2025,Elle Patterson,IUPUI
2025,Laura Roeder,IUPUI
2025,Kennedy Seputis,IUPUI
2025,Amanda Stephens,IUPUI
2025,Ninah Miranda,IUPUI
2025,Chloe Macias,IUPUI
2025,Jadyn Hernandez,Hardin-Simmons
2025,Molly O'Shaughnessy,Hardin-Simmons
2025,Leigh Jespersen,Hardin-Simmons
2025,Brylee Pursley,Hardin-Simmons
2025,Keatyn Rodgers,Hardin-Simmons
2025,Ellie Carter,Hardin-Simmons
2025,Liv Kelley,Hardin-Simmons
2025,Ari Villanueva,Hardin-Simmons
2025,Liz Keidl,Hardin-Simmons
2025,Gabby Jones,Hardin-Simmons
2025,Allison O'Shaughnessy,Hardin-Simmons
2025,Halle Nordt,Hardin-Simmons
2025,Rachel Nordt,Hardin-Simmons
2025,Addy Cunningham,Hardin-Simmons
2025,Grace Gholson,Hardin-Simmons
2025,Kat Martinez,Hardin-Simmons
2025,Abbi Allen,Hardin-Simmons
2025,Avery Tumlinson,Hardin-Simmons
2025,Abby Wheeler,Oglethorpe
2025,Autumn Lilly,Oglethorpe
2025,Laney Higgins,Oglethorpe
2025,Ella Hughes,Oglethorpe
2025,Lauren Coursey,Oglethorpe
2025,Isabelle Zwirn,Oglethorpe
2025,Gracie Sims,Oglethorpe
2025,Madison Williams,Oglethorpe
2025,Lauryn Frazier,Oglethorpe
2025,Toki Ingram,Oglethorpe
2025,Madison Thompson,Oglethorpe
2025,Symantha Lewis,Oglethorpe
2025,Ariana Roeder,Oglethorpe
2025,Ashlynn Stephens,Oglethorpe
2025,Alise Mayers,Oglethorpe
2025,Camdyn George,Oglethorpe
2025,Aubrey Hill,Oglethorpe
2025,Morgan Phillips,Oglethorpe
2025,Megan Mattingly,Colorado St.-Pueblo
2025,Finja Schul,Colorado St.-Pueblo
2025,Grace Helzer,Colorado St.-Pueblo
2025,Lilly Zwart,Colorado St.-Pueblo
2025,Kacee Garcia,Colorado St.-Pueblo
2025,Elena Stankovic,Colorado St.-Pueblo
2025,Maddox Richtmyre,Colorado St.-Pueblo
2025,Brianna Pino,Colorado St.-Pueblo
2025,Andi Nothdurft,Colorado St.-Pueblo
2025,Taylor Cary,Colorado St.-Pueblo
2025,Golden Finch,Colorado St.-Pueblo
2025,Kendall Schmitz,Colorado St.-Pueblo
2025,Caelyn Gunn,Colorado St.-Pueblo
2025,Delanna Harper,Colorado St.-Pueblo
2025,Kathryn Scholl,Colorado St.-Pueblo
2025,Chinaru Inoue,Colorado St.-Pueblo
2025,Brooke Logue,Colorado St.-Pueblo
2025,Gabriela Hudson,Colorado St.-Pueblo
2025,Malia Dake,Hartwick
2025,Ellie Kalbach,Hartwick
2025,Mallory Muglio,Hartwick
2025,Mary Kinnane,Hartwick
2025,Briana Juncaj,Hartwick
2025,Samantha Garback,Hartwick
2025,Shelby Swartz,Hartwick
2025,Adisyn Bobish,Hartwick
2025,Isabella Gracias,Hartwick
2025,Sophia Palladino,Hartwick
2025,Lucille Walker,Hartwick
2025,Thylia Keoviengsamay,Hartwick
2025,Mackenzie Cahan,Hartwick
2025,Braelyn Hornick,Hartwick
2025,Jadyn White,Howard Payne
2025,Tara Bennett,Howard Payne
2025,Brylee Heim,Howard Payne
2025,Baylee Burns,Howard Payne
2025,Addison Roden,Howard Payne
2025,Ashley Quizon,Howard Payne
2025,Sydnie Mullens,Howard Payne
2025,Madai Suarez,Howard Payne
2025,Bryanna Ordaz,Howard Payne
2025,Halie Coon,Howard Payne
2025,Gracie Dixon,Howard Payne
2025,Brooke O'Neal,Howard Payne
2025,Bailey Schievelbein,Howard Payne
2025,Kassidy Johnson,Howard Payne
2025,Carli Briese,Howard Payne
2025,Abby Henderson,Howard Payne
2025,Ryann Jones,Howard Payne
2025,Chloe Waller,Howard Payne
2025,Ashlyn Kelly,Howard Payne
2025,Nicole Colombo,Lake Erie
2025,Bella Kessler,Lake Erie
2025,Jasmine Heyward,Lake Erie
2025,Sadie Nawrocki,Lake Erie
2025,Kylie Anderson,Lake Erie
2025,Sophia McKenzie,Lake Erie
2025,Dylan Fox,Lake Erie
2025,Nora Larson,Lake Erie
2025,Kennedy Stewart,Lake Erie
2025,Jocelyn Rogers,Lake Erie
2025,Rori Hanken,Lake Erie
2025,Paige Jestadt,Lake Erie
2025,Lexi Stooksbury,Lake Erie
2025,Kennady Wiley,Lake Erie
2025,Cecelia Mullen,Lake Erie
2025,Jenna Sayles,Lake Erie
2025,Ni'yah Fuggs,Lake Erie
2025,Gabrielle Jones,Lake Erie
2025,Allison Kirch,Lake Erie
2025,Jersey Villanueva,Pacific (OR)
2025,Justyce Schilz,Pacific (OR)
2025,Chloe Hefner,Pacific (OR)
2025,Lacy Churchfield,Pacific (OR)
2025,Emma Velchek,Pacific (OR)
2025,Maritza Nieves,Pacific (OR)
2025,Alyssa Cargill,Pacific (OR)
2025,Kayla-Jane Padayao,Pacific (OR)
2025,Diana Gardner,Pacific (OR)
2025,Jenna Hickman,Pacific (OR)
2025,Makayla Tuiolemotu,Pacific (OR)
2025,Logan Smith,Pacific (OR)
2025,Kennie Muller,Pacific (OR)
2025,Anneke Hanson,Pacific (OR)
2025,Hannah Carlson,Pacific (OR)
2025,Teegan Skjonsby,Pacific (OR)
2025,Emmi-Lin Felten,Pacific (OR)
2025,Callie Turner,Pacific (OR)
2025,McKenzie Uyehara,Pacific (OR)
2025,Rorie Frias,Pacific (OR)
2025,Lily Meyers,Pacific (OR)
2025,Katie Pogue,Southwest Baptist
2025,Shelby Olmstead,Southwest Baptist
2025,Allie Hawk,Southwest Baptist
2025,Chloe Chafins,Southwest Baptist
2025,Aubrie Fellmeth,Southwest Baptist
2025,Audrey Weber,Southwest Baptist
2025,Gabriela Dupree,Southwest Baptist
2025,Madison Garza,Southwest Baptist
2025,Marissa Demuth,Southwest Baptist
2025,Julia Marinesi,Southwest Baptist
2025,Hannah Jackson,Southwest Baptist
2025,Kailey Sexton,Southwest Baptist
2025,Rory Stanley,Southwest Baptist
2025,Natalie Percival,Southwest Baptist
2025,Grace Whalen,Southwest Baptist
2025,Olive Rolseth,Western Colo.
2025,Galatia Andrew,Western Colo.
2025,Nina Cowan,Western Colo.
2025,Elizabeth Edone,Western Colo.
2025,Anuhea Ka'alele,Western Colo.
2025,Emily Robins,Western Colo.
2025,Emalie Depew,Western Colo.
2025,Kyra Kidd,Western Colo.
2025,Sophia Hernandez,Western Colo.
2025,Kaira Willits,Western Colo.
2025,Breanna Nohava,Western Colo.
2025,Lauren Jacobson,Western Colo.
2025,Liv Marshall,Western Colo.
2025,Emily McMillan,Western Colo.
2025,Paige Coley,Western Colo.
2025,Lilinoe Nahinu,Western Colo.
2025,Mackenzie Peck,Heidelberg
2025,Grace Dohanyos,Heidelberg
2025,Ava Bowen,Heidelberg
2025,Olivia Miller,Heidelberg
2025,Kyla Halleck,Heidelberg
2025,Jada Pantaleo,Heidelberg
2025,Sophia Simon,Heidelberg
2025,Claire Halleck,Heidelberg
2025,Reagan Davis,Heidelberg
2025,Ava Devereaux,Heidelberg
2025,Rylee Ritzhaupt,Heidelberg
2025,Addyson McCallister,Heidelberg
2025,Soraya Jackson,Heidelberg
2025,Shannon Petrulis,Heidelberg
2025,Alexis Girolami,Heidelberg
2025,Anneliese Schriber,Heidelberg
2025,Gabby Wolfe,Heidelberg
2025,Sidney Troesch,Heidelberg
2025,Luci Wurtz,Heidelberg
2025,Kaitlyn Mohr,Heidelberg
2025,Kaitlyn Uffman,Heidelberg
2025,Maddie Reed,Heidelberg
2025,Corinne Stamm,Heidelberg
2025,Riley Tople,Heidelberg
2025,Cassandra Bower,Heidelberg
2025,Allison Cook,Heidelberg
2025,Kailee Rank,Heidelberg
2025,Emma Jones,Heidelberg
2025,Maya Beck,Heidelberg
2025,Ellery Ehresmann,Minn.-Crookston
2025,Madison Carsten,Minn.-Crookston
2025,Lauren Schnettler,Minn.-Crookston
2025,Lexi Scharold,Minn.-Crookston
2025,Kailee Waasdorp,Minn.-Crookston
2025,Abigail Ernster,Minn.-Crookston
2025,Penelope Vertin,Minn.-Crookston
2025,Megan Schoenfelder,Minn.-Crookston
2025,Abbi Gingerich,Minn.-Crookston
2025,Sophia Haag,Minn.-Crookston
2025,Dana Melby,Minn.-Crookston
2025,Adrienne Venditto,Minn.-Crookston
2025,Emma Malek,Minn.-Crookston
2025,Carizma Muth,Minn.-Crookston
2025,Alexa Hansen,Farmingdale St.
2025,Sarah Kollarik,Farmingdale St.
2025,Ashley Anderson,Farmingdale St.
2025,Delaney Keegan,Farmingdale St.
2025,Allison Marino,Farmingdale St.
2025,Jessica Farrell,Farmingdale St.
2025,Samantha Russo,Farmingdale St.
2025,Mackenzie Marquardt,Farmingdale St.
2025,Allison Salinas,Farmingdale St.
2025,Alyssa Conzatti,Farmingdale St.
2025,Sarah Rende,Farmingdale St.
2025,Sophia Rose,Farmingdale St.
2025,Lauren Offermann,Farmingdale St.
2025,Bailey Katz,Farmingdale St.
2025,Samantha DiBiasi,Farmingdale St.
2025,Emily Chiappetta,Farmingdale St.
2025,Caroline Lange,Farmingdale St.
2025,Jaeda Patrick,Farmingdale St.
2025,Alana Henry,Farmingdale St.
2025,Asia Perkes,Farmingdale St.
2025,Meaghan Grieco,Farmingdale St.
2025,Liza Beigel,Hamilton
2025,Grace Jansen,Hamilton
2025,Grace Seaman,Hamilton
2025,Kathryn Fox,Hamilton
2025,Mia Jessen,Hamilton
2025,Faye Roselle,Hamilton
2025,Elodie McGeiver,Hamilton
2025,Lucy Proud,Hamilton
2025,Maggie Nichols,Hamilton
2025,Amelia Hahn,Hamilton
2025,Allie Steel,Hamilton
2025,Maya Sammut,Hamilton
2025,Mackenzie Sickinger,Hamilton
2025,Ayzlinn Trefren,Hamilton
2025,Caitlin Allen,Hamilton
2025,Kendall Scholz,Hamilton
2025,Zua Vang,Hamilton
2025,Autumn Gibbs,Washburn
2025,Kali Henry,Washburn
2025,Brynne Topolski,Washburn
2025,Abby Leaf,Washburn
2025,Taylor Rottinghaus,Washburn
2025,Layla Collins,Washburn
2025,Keilah Rivers,Washburn
2025,Katie Borough,Washburn
2025,Chloe Carlgren,Washburn
2025,Sydney Buscher,Washburn
2025,Chloe Traffas,Washburn
2025,Corinna McMullen,Washburn
2025,Kennedy Derks,Washburn
2025,Sydney Conner,Washburn
2025,Natalie Hedlund,Washburn
2025,Brooklyn Morrissey,Washburn
2025,Alex Dvorak,Washburn
2025,Bella Limback,Washburn
2025,Josie Cleveringa,Washburn
2025,Shannon Frakes,Washburn
2025,Austin Broadie,Washburn
2025,Emery Keebaugh,Washburn
2025,Aliyah Lightsey,Hollins
2025,Anisia Dean,Hollins
2025,Konner Myers,Hollins
2025,Meredith Crawley,Hollins
2025,Fin Bolt,Hollins
2025,Norah Madrey,Hollins
2025,Ivy Collins,Hollins
2025,Dakota Webb-Hawkins,Hollins
2025,Brenna Rea,Hollins
2025,Gabby Hedrick,Hollins
2025,Alyssa Reed,Hollins
2025,Peyton Bartholow,Hollins
2025,Cassidy Henderson,Hollins
2025,Rachel Hull,Hollins
2025,Sydney Mitchell,Hollins
2025,Sophia Maurer,Hollins
2025,Laken Tingler,Hollins
2025,Breanna Anduiza,Hollins
2025,Claire Hayes,Birmingham-Southern
2025,Taylor Bentley,Birmingham-Southern
2025,Kylie Wilhelmi,Birmingham-Southern
2025,Grace Waddell,Birmingham-Southern
2025,Sydney Bixby,Birmingham-Southern
2025,Chloe Staggs,Birmingham-Southern
2025,Gracie Sims,Birmingham-Southern
2025,Madison Williams,Birmingham-Southern
2025,Emily Buhl,Birmingham-Southern
2025,Ainsley Schultz,Birmingham-Southern
2025,Lily Williamson,Birmingham-Southern
2025,Abby Dunford,Birmingham-Southern
2025,Samarin Kipple,Birmingham-Southern
2025,Elizabeth Golnick,Hiram
2025,Olivia Goetz,Hiram
2025,Kelly Hoffman,Hiram
2025,Morgan Tomblin,Hiram
2025,Erin Winfield,Hiram
2025,Maddy LaFramboise,Hiram
2025,Tori Burdette,Hiram
2025,Brooke Fishback,Hiram
2025,Avery Clay,Hiram
2025,Delaney Dean,Hiram
2025,Maggie Riley,Hiram
2025,Sofia Smotek,Hiram
2025,Megan Chiang,Hiram
2025,Mia Nelson,Hiram
2025,Madison Dustman,Hiram
2025,Taylor Marrs,Hiram
2025,Cyd'ni Taylor-Lewins,Hiram
2025,Angelina Weems,Hiram
2025,Sydney Wenzel,Hiram
2025,Riley France,Hiram
2025,Olivia Maynard,Transylvania
2025,Hannah Morrison,Transylvania
2025,Alex O'Connor,Transylvania
2025,Megan Sweeney,Transylvania
2025,Lilly Kaiser,Transylvania
2025,Audrey Gass,Transylvania
2025,Peyton Mast,Transylvania
2025,Isabella Myers,Transylvania
2025,Soleil Sabin,Transylvania
2025,Clara Rogers,Transylvania
2025,Kennedy Beatty,Transylvania
2025,Chloe Jensen,Transylvania
2025,Addie Atcher,Transylvania
2025,Mya Welling,Transylvania
2025,Alyvia Gradel,Transylvania
2025,Morgan Crawford,Transylvania
2025,Cecelia Roberts,Transylvania
2025,Macy Lentz,Transylvania
2025,Addison Jarvis,Transylvania
2025,Julia Brown,Transylvania
2025,Elizabeth Jade Andrade,Cal Poly Humboldt
2025,Katelynn Wakefield,Cal Poly Humboldt
2025,Sadie Scott,Cal Poly Humboldt
2025,Delaney Buchanan,Cal Poly Humboldt
2025,Graysen Trupp,Cal Poly Humboldt
2025,Rahni Greene,Cal Poly Humboldt
2025,Phoebe Bland,Cal Poly Humboldt
2025,Sophia Spoja,Cal Poly Humboldt
2025,Nyah Johnson,Cal Poly Humboldt
2025,Brielle Wilson,Cal Poly Humboldt
2025,Amelia Perla,Cal Poly Humboldt
2025,Emma Fauth,Cal Poly Humboldt
2025,Claire Crawford,Cal Poly Humboldt
2025,Tatyana Jennings,Cal Poly Humboldt
2025,Kendall Fenstermacher,Cal Poly Humboldt
2025,Addison Bookstaber,Cal Poly Humboldt
2025,Isabella Hartwig,Cal Poly Humboldt
2025,Hollis Downing,Cal Poly Humboldt
2025,Cassandra Wilke,Cal Poly Humboldt
2025,Madeline Snyder,Hunter
2025,Tassin Habib,Hunter
2025,Vera Montalbano,Hunter
2025,Natalie Morrill,Hunter
2025,Ana Duran,Hunter
2025,Daphne Reyeg,Hunter
2025,Simone McIntyre,Hunter
2025,Michelle Liu,Hunter
2025,Amina Moummad,Hunter
2025,Natalie Polanco,Hunter
2025,Kassidy Cruz Nuesi,Hunter
2025,Theano Liodakis,Hunter
2025,Varvara Kudinova,Hunter
2025,Deanna Vinitski,Hunter
2025,Lily Mattison,Hunter
2025,Sydney Hess,Idaho St.
2025,Abby McClain,Idaho St.
2025,Jenna Werbelow,Idaho St.
2025,Chloe Heimlicher,Idaho St.
2025,Claudia Antcliff,Idaho St.
2025,Meline Shulikov,Idaho St.
2025,Tana Howard,Idaho St.
2025,Nora Waddoups,Idaho St.
2025,Ashlyn Smith,Idaho St.
2025,Ava Brickner,Idaho St.
2025,Kadrianna Peterson,Idaho St.
2025,Marci Bell,Idaho St.
2025,Dani Cranford,Idaho St.
2025,Annelie Wilson,Idaho St.
2025,Kadence Marsh,Idaho St.
2025,Daelyn Harris,Idaho St.
2025,Keilee Eskelsen,Idaho St.
2025,Brinley Smith,Idaho St.
2025,Jaydin Watts,Idaho St.
2025,Kate Luurtsema,Hope
2025,Amelia Gagnon,Hope
2025,Natalie Pannucci,Hope
2025,Brooke Hehl,Hope
2025,Gracie Allen,Hope
2025,Kamryn Burbridge,Hope
2025,Abby Samol,Hope
2025,Jenna James,Hope
2025,Ella Contant,Hope
2025,Lauren Lee,Hope
2025,Kathryn Oates,Hope
2025,Ella Deklyen,Hope
2025,Angie Butler,Hope
2025,Kate VanderHill,Hope
2025,Olivia Wyma,Hope
2025,Jillian Collins,Hope
2025,Kiera Morrison,Hope
2025,Tess Herendeen,Hope
2025,Brooke Fox,Hope
2025,Haylie Orton,Illinois Col.
2025,Delani Klaas,Illinois Col.
2025,Kahli O'Neal,Illinois Col.
2025,Keyleigh Thomas,Illinois Col.
2025,Ari Leslie,Illinois Col.
2025,Amy Frerichs,Illinois Col.
2025,Caidyn Tate,Illinois Col.
2025,Laura Kaiser,Illinois Col.
2025,Summer Brandis,Illinois Col.
2025,Riley Drake,Illinois Col.
2025,Angelina Rogers,Illinois Col.
2025,Ella Ausmus,Illinois Col.
2025,Elliana Huckstep,Illinois Col.
2025,Mady Salisbury,Illinois Col.
2025,Alyssa Burglund,Illinois Col.
2025,Reagan Oster,Illinois Col.
2025,Liv Cox,Illinois Col.
2025,Sarah Munn,Adelphi
2025,Autumn Moore,Adelphi
2025,Lola Clayton,Adelphi
2025,Madeleine Chaapel,Adelphi
2025,Gretchen Brady,Adelphi
2025,Elyannah Renae Sonza,Adelphi
2025,Mackenzie Casey,Adelphi
2025,Elena Covic,Adelphi
2025,Ana Carolina Westerich,Adelphi
2025,Melana Bigelow,Adelphi
2025,Tessa LaFrenier,Adelphi
2025,Macarty McQueen,Adelphi
2025,Bella Meier,Adelphi
2025,Delaney Kiendra,Adelphi
2025,Katie Brokes,Adelphi
2025,Abby Harris,Arkansas St.
2025,Zeynep Turkurkor,Arkansas St.
2025,Libby Gee-Weiler,Arkansas St.
2025,Daedrianna Cail,Arkansas St.
2025,Rachel Jackson,Arkansas St.
2025,Yazmyn Billings,Arkansas St.
2025,Kaitlin Whitlock,Arkansas St.
2025,Erin Madigan,Arkansas St.
2025,Parker Stearns,Arkansas St.
2025,Maya Joska,Arkansas St.
2025,Mia Maloney,Arkansas St.
2025,Bailey Hall,Arkansas St.
2025,Haley Glunz,Arkansas St.
2025,Addison Collum,Arkansas St.
2025,Karlin Lott,Arkansas St.
2025,Payton van Veen,Arkansas St.
2025,Valeria Ortiz,Arkansas St.
2025,Devyn Lewis,Arkansas St.
2025,Raegan Watts,Ill. Wesleyan
2025,Alysa Lawton,Ill. Wesleyan
2025,Hailey Rak,Ill. Wesleyan
2025,Cailin Shannon,Ill. Wesleyan
2025,Mallory Monahan,Ill. Wesleyan
2025,Taylor French,Ill. Wesleyan
2025,Audrey Chizzo,Ill. Wesleyan
2025,Paige Peterson,Ill. Wesleyan
2025,Larisa Link,Ill. Wesleyan
2025,Vanessa Stasieluk,Ill. Wesleyan
2025,Hannah Tellor,Ill. Wesleyan
2025,Eleanor Palmer,Ill. Wesleyan
2025,Carly Whitaker,Ill. Wesleyan
2025,Alex Bardouniotis,Ill. Wesleyan
2025,Addi Hale,Ill. Wesleyan
2025,Shelby Sennett,Ill. Wesleyan
2025,Ashlyn Rager,Ill. Wesleyan
2025,Sophia Feeney,Ill. Wesleyan
2025,Kannyn Boyd,Ill. Wesleyan
2025,Lauren O'Brien,Ill. Wesleyan
2025,Katilyn Grant,Trevecca Nazarene
2025,Ellie Marbet,Trevecca Nazarene
2025,Megan Ellis,Trevecca Nazarene
2025,Lily Vanbebber,Trevecca Nazarene
2025,Jordan Hunt,Trevecca Nazarene
2025,Charlee Young,Trevecca Nazarene
2025,Anna Lott,Trevecca Nazarene
2025,Addison Cunnagin,Trevecca Nazarene
2025,Mackenzie Martin,Trevecca Nazarene
2025,Sydney Blackmore,Trevecca Nazarene
2025,Reese Payne,Trevecca Nazarene
2025,Skias Hainline,Trevecca Nazarene
2025,Kayla Bullard,Trevecca Nazarene
2025,Brooklynn Smith,Trevecca Nazarene
2025,Isabella Sherrod,Trevecca Nazarene
2025,Emma Schnitzer,Trevecca Nazarene
2025,Jasmine Terry,Lee
2025,Sophia Lippert,Lee
2025,Gracie Halminski,Lee
2025,Jessi Reece,Lee
2025,Berra Soyler,Lee
2025,Madison Dahl,Lee
2025,Izzy Denton,Lee
2025,Mikayla Buhr,Lee
2025,Sydney Sharpe,Lee
2025,Payton Danley,Lee
2025,Sara Palumbo,Lee
2025,Katie Nave,Lee
2025,Brynna Sands,Lee
2025,Jordyn Butler,Lee
2025,Jolie Brockman,Lee
2025,Naomi Hockless,Lee
2025,Kennedy Knight,Lee
2025,Esthefany Rabit,Lee
2025,Olivia Reevey,Lee
2025,Kota Hartman,Texas-Tyler
2025,Bella Briceno,Texas-Tyler
2025,Anna Arceneaux,Texas-Tyler
2025,Caroline Ashley,Texas-Tyler
2025,Kailey Manes,Texas-Tyler
2025,Audrey Brandon,Texas-Tyler
2025,Autumn Perry,Texas-Tyler
2025,Kaitlyn Davis,Texas-Tyler
2025,Faith Wilkins,Texas-Tyler
2025,Makhai Lewis,Texas-Tyler
2025,Saige Rivera,Texas-Tyler
2025,Kate Christiansen,Texas-Tyler
2025,Drew Bridges,Texas-Tyler
2025,Sydney Atkinson,Texas-Tyler
2025,Abby Fisher,Texas-Tyler
2025,Emma Vazquez,Texas-Tyler
2025,Maya Jones,Texas-Tyler
2025,Lesley Sanchez,Texas-Tyler
2025,Alyson Robbins,Texas-Tyler
2025,Chelsea Caskey,Texas-Tyler
2025,Riley Clinton,Texas-Tyler
2025,Jackie Velzis,Texas-Tyler
2025,Brooke Rummel,Crown (MN)
2025,Ari Klein,Crown (MN)
2025,McKenzi Brewington,Crown (MN)
2025,Delaney Boone,Crown (MN)
2025,Alyssa Heagney,Crown (MN)
2025,Madilyn Smith,Crown (MN)
2025,Kamille Massey,Crown (MN)
2025,Kiana Kendall,Crown (MN)
2025,Brook Orazem,Crown (MN)
2025,Kalah Worm,Crown (MN)
2025,Brenna Clasemann,Crown (MN)
2025,Hannah Fawcett,Crown (MN)
2025,Jalyn Lee,Crown (MN)
2025,Molly Richards,Mount Aloysius
2025,Emma Middleton,Mount Aloysius
2025,Kiersten Cummings,Mount Aloysius
2025,Poliana Lazarini,Mount Aloysius
2025,Reghyn Wilson,Mount Aloysius
2025,Maya McIlwain,Mount Aloysius
2025,Paige Logsdon,Mount Aloysius
2025,Loren Stipanovich,Mount Aloysius
2025,Reagan Karcher,Mount Aloysius
2025,Isabella MacCall,Mount Aloysius
2025,Ava Patton,Mount Aloysius
2025,Alma Kuparinen,Mount Aloysius
2025,Madison Barr,Mount Aloysius
2025,Isabella Schweitzer,Mount Aloysius
2025,Kaylee Smith,Mount Aloysius
2025,Aviana Chilmaza,Mount Aloysius
2025,McKenzie Piccola,Mount Aloysius
2025,Jada McGill,Mount Aloysius
2025,Mackenzie Barr,Mount Aloysius
2025,Elsey Kephart,Mount Aloysius
2025,Vivian Peplow,Bethany Lutheran
2025,Avery Carlson,Bethany Lutheran
2025,Marissa Stamer,Bethany Lutheran
2025,Sydney Carlson,Bethany Lutheran
2025,Ella Blazina,Bethany Lutheran
2025,Ashley Shamp,Bethany Lutheran
2025,Maddie Meyer,Bethany Lutheran
2025,Brenna Bakken,Bethany Lutheran
2025,Hannah Meyer,Bethany Lutheran
2025,Mel Raasch,Bethany Lutheran
2025,Riley Sammon,Bethany Lutheran
2025,Lexiss Trygg,Bethany Lutheran
2025,Lilly Mehrkens,Bethany Lutheran
2025,Aubrey Mannery,Bethany Lutheran
2025,Aliyah Taylor,Bethany Lutheran
2025,Abby Maloney,Bethany Lutheran
2025,Tayler Helgemoe,Bethany Lutheran
2025,Cassie Stark,Bethany Lutheran
2025,Marti Jacobson,Bethany Lutheran
2025,Abby Distad,Bethany Lutheran
2025,Kylie Smidt,Bethany Lutheran
2025,Brieanna Malecha,Bethany Lutheran
2025,Katelynn Tortorella,Bethany Lutheran
2025,Sarah Smith,Bethany Lutheran
2025,Ava Munsen,Bethany Lutheran
2025,Natalia Parada De Sanctis,Bethany Lutheran
2025,Luise Leichnitz,Bethany Lutheran
2025,Liz Sell,Bethany Lutheran
2025,Callista Weber,Bethany Lutheran
2025,Maizy Sundblad,North Central (MN)
2025,Tatum Olson,North Central (MN)
2025,Autumn Kaczmarek,North Central (MN)
2025,Maci Tripp,North Central (MN)
2025,Jazzlyn Collier,North Central (MN)
2025,Maia Scheffler,North Central (MN)
2025,Brianna Brown,North Central (MN)
2025,Maggie Kohl,North Central (MN)
2025,Allina Mendoza,North Central (MN)
2025,Lexie Semrau,North Central (MN)
2025,Gabbie Ruzek,North Central (MN)
2025,Abby Rhoades,North Central (MN)
2025,Kenedi Patin,North Central (MN)
2025,Savanna Rogers,Palm Beach Atl.
2025,Lexi Berry,Palm Beach Atl.
2025,Brighten Sedmack,Palm Beach Atl.
2025,Renee Direny,Palm Beach Atl.
2025,Nae Jordan,Palm Beach Atl.
2025,Maggie Patterson,Palm Beach Atl.
2025,Savanna FauntLeRoy,Palm Beach Atl.
2025,Sydney Corbett,Palm Beach Atl.
2025,Kelsey Rogers,Palm Beach Atl.
2025,Erin Guffin,Palm Beach Atl.
2025,Mia Rees,Palm Beach Atl.
2025,Sofia Augusto,Palm Beach Atl.
2025,Liani Sierra,Palm Beach Atl.
2025,Harper Stokes,Palm Beach Atl.
2025,Eduarda Dutra,Palm Beach Atl.
2025,Addison Chapman,Palm Beach Atl.
2025,Grace Reynolds,Palm Beach Atl.
2025,Kaley Board,Palm Beach Atl.
2025,Rachel Smith,Palm Beach Atl.
2025,Haylee Lattimer,Keystone
2025,Josie Evans-Grant,Keystone
2025,Nataly Bermudez,Keystone
2025,Isabella Buonopane,Keystone
2025,Courtney McCabe,Keystone
2025,Jamilah Higgins,Keystone
2025,Indya Rogers,Keystone
2025,Madison Woods,Keystone
2025,Serenity Marshall,Keystone
2025,Abigail Cornell,Keystone
2025,Naema Alatorre,Keystone
2025,Rachel Davis,Keystone
2025,Hailey Mowry,Keystone
2025,Nat Reyes,Keystone
2025,Kenn Zarger,Keystone
2025,Madeline Mendelblatt,Ill. Springfield
2025,Madison Siefken,Ill. Springfield
2025,Bella Hodges,Ill. Springfield
2025,Kaitlyn Taylor,Ill. Springfield
2025,Emma Frazier,Ill. Springfield
2025,Avery Gonzalez,Ill. Springfield
2025,Erica Sledge,Ill. Springfield
2025,Alexis Schwartz,Ill. Springfield
2025,Lexie Vick,Ill. Springfield
2025,Tuana Yuce,Ill. Springfield
2025,Kendall Johnson,Ill. Springfield
2025,Mazie Fleming,Ill. Springfield
2025,Marley Christy,Ill. Springfield
2025,Makenna Cox,Ill. Springfield
2025,Josie Weers,Newman
2025,Avery Kelley,Newman
2025,Sydney Henning,Newman
2025,Brooklyn Lane,Newman
2025,Hannah Tymitz,Newman
2025,Olivia Anderson-Stewart,Newman
2025,Madalyn Hoot,Newman
2025,Isabella Lamb,Newman
2025,Sky Miller,Newman
2025,Nicole Soto,Newman
2025,Mia Dilley,Cal St. Monterey Bay
2025,Rowan Reilly,Cal St. Monterey Bay
2025,Nicole McManus,Cal St. Monterey Bay
2025,Jenna Kraft,Cal St. Monterey Bay
2025,Abby Witzansky,Cal St. Monterey Bay
2025,Malia Peterson,Cal St. Monterey Bay
2025,Maya Cann,Cal St. Monterey Bay
2025,Natalie Wong,Cal St. Monterey Bay
2025,Maya Giannini,Cal St. Monterey Bay
2025,Sofia MacPherson,Cal St. Monterey Bay
2025,Macey Camacho,Cal St. Monterey Bay
2025,Zoe Haan,Cal St. Monterey Bay
2025,Juliette D’Eliseo,Cal St. Monterey Bay
2025,Lauren Neely,Cal St. Monterey Bay
2025,Talula Crandell,Cal St. Monterey Bay
2025,Grace Liesemeyer,Cal St. Monterey Bay
2025,Rilee Graham,Cal St. Monterey Bay
2025,Lilly Bandle,Cal St. Monterey Bay
2025,Piper Olson,Cal St. Monterey Bay
2025,Malia Thorne,Cal St. Monterey Bay
2025,Savannah Schwarz,Seton Hill
2025,Avery Lipstraw,Seton Hill
2025,Courtney Smith,Seton Hill
2025,Payton Rodberg,Seton Hill
2025,Elizabeth Kolkowski,Seton Hill
2025,Kaylee Mattera,Seton Hill
2025,Elysia Smith,Seton Hill
2025,Kendyl Wagner,Seton Hill
2025,Mallory Meinen,Seton Hill
2025,Lorena Sanchez,Seton Hill
2025,Emma Meurer,Seton Hill
2025,Keira Dunn,Seton Hill
2025,Abby Santacroce,Seton Hill
2025,Catie Flohr,Seton Hill
2025,Kamilah Perez-Nemeth,Seton Hill
2025,Kiersten Schmidt,Seton Hill
2025,Joanna Forrest,Seton Hill
2025,Hannah Randolph,Seton Hill
2025,Ella Deeter,Seton Hill
2025,Haley Reed,Seton Hill
2025,Maddie Stout,Seton Hill
2025,Riley Kostandinu,Saint Vincent
2025,Olivia Thatcher,Saint Vincent
2025,Aubrey Siwula,Saint Vincent
2025,Brenna McCracken,Saint Vincent
2025,Jolina Estremera,Saint Vincent
2025,Anna Grandas,Saint Vincent
2025,Bailey Green,Saint Vincent
2025,Lauren Fox,Saint Vincent
2025,Vivian Wirth,Saint Vincent
2025,Dakota Hershberger,Saint Vincent
2025,Sani Jones,Saint Vincent
2025,Madie Eagler,Saint Vincent
2025,Maria Goldstein,Saint Vincent
2025,Meegan Williams,Saint Vincent
2025,Ashlynn Schutz,Saint Vincent
2025,Emma Harclerode,Saint Vincent
2025,Maya Martell,Saint Vincent
2025,Mikena Marino,Saint Vincent
2025,Allison Strickland,Saint Vincent
2025,Sabrina George,Saint Vincent
2025,Nei'Shae Clegg,NVU-Lyndon
2025,Sydney Clunis,NVU-Lyndon
2025,Makayla Longway,NVU-Lyndon
2025,Olivia Cordova,NVU-Lyndon
2025,Hannah Badertscher,NVU-Lyndon
2025,Riley McNamara,NVU-Lyndon
2025,Kazandra Gonzalez,NVU-Lyndon
2025,Kiara Mack,NVU-Lyndon
2025,Kylie Hutchinson,SUNY Morrisville
2025,Kayla Sheasby,SUNY Morrisville
2025,Mary Trowbridge,SUNY Morrisville
2025,Samantha Siedlecki,SUNY Morrisville
2025,Sarah West,SUNY Morrisville
2025,Autumn Dailey,SUNY Morrisville
2025,Rachel Jaskier,SUNY Morrisville
2025,Morgan Barcone,SUNY Morrisville
2025,Adeline Houser,SUNY Morrisville
2025,Keely Shearer,SUNY Morrisville
2025,Cassandra Bellmore,SUNY Morrisville
2025,Mikayla Martinez,SUNY Morrisville
2025,Samantha Mehler,SUNY Morrisville
2025,Isabella Eskierka,SUNY Morrisville
2025,Mary Jean Cadman,Franciscan
2025,Molly Quinn,Franciscan
2025,Angela Sweeney,Franciscan
2025,Adeline Jakary,Franciscan
2025,Mariah Matzinger Lash,Franciscan
2025,Sarah Clyde,Franciscan
2025,Julia Brandwein,Franciscan
2025,Kaitlan Hickey,Franciscan
2025,Marnina Smeltser,Franciscan
2025,Cassidy McCollum,Franciscan
2025,Mary Updike,Franciscan
2025,Mikayla Doan,Franciscan
2025,Clare Karr,Franciscan
2025,Tessa Miller,Franciscan
2025,Mary Smart,Franciscan
2025,Therese Heisler,Franciscan
2025,Logan Hickey,Franciscan
2025,Emma Fox,Franciscan
2025,Julia Rook,Franciscan
2025,Sofia Davoli,Franciscan
2025,Caroline Linklater,Franciscan
2025,Rachel Lambert,Franciscan
2025,Marin Montagne,William Smith
2025,Kali Vanderhoof,William Smith
2025,Estella Homoya,William Smith
2025,Arielle Newsome,William Smith
2025,Lily Wittgraefe,William Smith
2025,Emily Fulton,William Smith
2025,Jaylynn McCarthy,William Smith
2025,Delainy Williams,William Smith
2025,Malya Sayre,William Smith
2025,Cydney Fernandez,William Smith
2025,Hope Von Dohlen,William Smith
2025,Maren Hunt,William Smith
2025,Madilyn Kresl,William Smith
2025,Nikki Langehammer,Montclair St.
2025,Hayden Neuhaus,Montclair St.
2025,Lucy Cornelius,Montclair St.
2025,Bryn Bautista,Montclair St.
2025,Rylee Sherman,Montclair St.
2025,Emma Hatcher,Montclair St.
2025,Breanna Craig,Montclair St.
2025,Emerson Corso,Montclair St.
2025,Zoey Horn,Montclair St.
2025,Lily Thomas,Montclair St.
2025,Camryn Muuss,Montclair St.
2025,Sammy Mizak,Montclair St.
2025,Kasey Trzaska,Montclair St.
2025,Sofia DiProfio,Montclair St.
2025,Sierra Shoemaker,Lancaster Bible
2025,Lea Sareyka,Lancaster Bible
2025,Maggie Kwiatkowski,Lancaster Bible
2025,Tessa Kwiatkowski,Lancaster Bible
2025,Zoe Weiss,Lancaster Bible
2025,Faith Rex,Lancaster Bible
2025,Madison Timberlake,Lancaster Bible
2025,Merliya Qin,Lancaster Bible
2025,Rachael Speulstra,Lancaster Bible
2025,Jessica Fletcher,Lancaster Bible
2025,Reagan Price,Lancaster Bible
2025,Kaitlyn Weitzel,Lancaster Bible
2025,Karinna Wolfe,Lancaster Bible
2025,Candace Fox,Lancaster Bible
2025,Chloe Belford,Lancaster Bible
2025,Eden Belford,Lancaster Bible
2025,Madeline Reed,Lancaster Bible
2025,Madison Reap,Lancaster Bible
2025,Riley Dodrer,Lancaster Bible
2025,Chloe Stenberg,Lancaster Bible
2025,Alyssa Smith,Lancaster Bible
2025,Jessica Hendricks,Lancaster Bible
2025,Ashby Brummer,Lancaster Bible
2025,Makenna Grimes,Tex. Permian Basin
2025,Kyndall Torres,Tex. Permian Basin
2025,Bentleigh Bundy,Tex. Permian Basin
2025,Amyah Collins,Tex. Permian Basin
2025,Canyen Rodriguez,Tex. Permian Basin
2025,Isabel Rodriguez,Tex. Permian Basin
2025,Lauren Demuth,Tex. Permian Basin
2025,Precious Johnson,Tex. Permian Basin
2025,Nickilah Whatley,Tex. Permian Basin
2025,Kimaya Webb,Tex. Permian Basin
2025,Sydney Bradley,Tex. Permian Basin
2025,Ashlee Macias,Tex. Permian Basin
2025,Jaylee Mills,Tex. Permian Basin
2025,Kierra Freeman,Tex. Permian Basin
2025,Emma Gonzalez,Tex. Permian Basin
2025,Andrea Urzua,Tex. Permian Basin
2025,Amelia Fitzpatrick,Flagler
2025,Caity Clancy,Flagler
2025,Marley Middlebrooks,Flagler
2025,Julianna Dusch,Flagler
2025,Meredith Dixon,Flagler
2025,Katherine Rank,Flagler
2025,Jolie Trudeau,Flagler
2025,Bridey Potter,Flagler
2025,Kaitlyn Anderson,Flagler
2025,Bella Schwantz,Flagler
2025,Kaity Coan,Flagler
2025,Clare Sheedy,Flagler
2025,Riley Murray,Flagler
2025,Cassidy Bloom,Flagler
2025,Gracie Fleming,Flagler
2025,Mileah Prince,AUM
2025,Elise Fulgham,AUM
2025,Carly Cooper,AUM
2025,Kathryn Lupo,AUM
2025,Makenna Dickerson,AUM
2025,Courtney Joseph,AUM
2025,Kendall McCain,AUM
2025,Kiara Vega,AUM
2025,Anyaliz Rodriguez,AUM
2025,Taylor Lewis,AUM
2025,Salome Dejesus De La Torres,AUM
2025,Addi Vinson,AUM
2025,Natalee Wheeler,AUM
2025,Emma Claire Long,AUM
2025,Emily Brown,AUM
2025,Sofia Cerebuch,AUM
2025,Jaslyn Montgomery,AUM
2025,Kaleinani Watson,Utah Tech
2025,Taylor Snow,Utah Tech
2025,Tessa Treanor,Utah Tech
2025,Nana Asiata,Utah Tech
2025,Marley Roe,Utah Tech
2025,Lusia Langi,Utah Tech
2025,Ireland Avalos,Utah Tech
2025,Emery Harrison,Utah Tech
2025,Mahealani Ikei,Utah Tech
2025,Alyia Worthen,Utah Tech
2025,Tehanie Waters,Utah Tech
2025,Mya Laufiso,Utah Tech
2025,Kaycee Bugas,Utah Tech
2025,Sydney Reese,Utah Tech
2025,Casidy Fried,Utah Tech
2025,Kennedi Knudsen,Utah Tech
2025,Trinity Funderburk,Ark.-Fort Smith
2025,Audrey Buck,Ark.-Fort Smith
2025,Kinzley Brown-Riggins,Ark.-Fort Smith
2025,Summer Meyer,Ark.-Fort Smith
2025,Lyric Steward,Ark.-Fort Smith
2025,Grace Marshall,Ark.-Fort Smith
2025,Aspen Olson,Ark.-Fort Smith
2025,Abbey Jackson,Ark.-Fort Smith
2025,Scarlette Young,Ark.-Fort Smith
2025,Lydia Pitts,Ark.-Fort Smith
2025,Crystal Smith,Ark.-Fort Smith
2025,Eriza Tamez,Ark.-Fort Smith
2025,Morgan Creer,Ark.-Fort Smith
2025,Bree Pardy,Ark.-Fort Smith
2025,Breanna Smith,Ark.-Fort Smith
2025,Jacia Hayes,Ark.-Fort Smith
2025,Lexi Wieser,Ark.-Fort Smith
2025,Henley Gentry,Covenant
2025,Gabby Sumrall,Covenant
2025,Klaudia Beach,Covenant
2025,Amber Snook,Covenant
2025,Addie HongKham,Covenant
2025,Kinsley Dupree,Covenant
2025,Sparrow Sethman,Covenant
2025,Aubrianna Gerdes,Covenant
2025,Lauren Niemeyer,Covenant
2025,Carmen Harvey,Covenant
2025,Kayley Shanfelt,Covenant
2025,Cali Sandhoff,Covenant
2025,AnaClara Maik,Covenant
2025,Sarah Jennings,Covenant
2025,Delaney Stirm,Covenant
2025,Ella Bailey,Covenant
2025,Scarlett Martz,Covenant
2025,Cadie Weldon,Covenant
2025,Kennedy Barber,Covenant
2025,Christen Tarter,Ohio Dominican
2025,Macie Bowden,Ohio Dominican
2025,Lauren Dinunzi,Ohio Dominican
2025,Cadence Davis,Ohio Dominican
2025,Jenna Peters,Ohio Dominican
2025,Isa Swiatkowski,Ohio Dominican
2025,Alyx Snyder,Ohio Dominican
2025,Ashley Chmielewski,Ohio Dominican
2025,Ava Horn,Ohio Dominican
2025,Saige Avery,Ohio Dominican
2025,Ashley Aselage,Ohio Dominican
2025,Gabrielle Kirker,Ohio Dominican
2025,Chloe Gels,Ohio Dominican
2025,Brynn Clark,Ohio Dominican
2025,Natalie Jones,Ohio Dominican
2025,Bailey Christiansen,Ohio Dominican
2025,Addy Wade,Ohio Dominican
2025,Logan Rubel,Ohio Dominican
2025,Grace Zinchuk,Ohio Dominican
2025,Ashlynn Rowland,William Jewell
2025,Alexis Nunn,William Jewell
2025,Reaghan Bible,William Jewell
2025,Brianna Witthar,William Jewell
2025,Macy Bartlett,William Jewell
2025,Sarah Madsen,William Jewell
2025,Caroline Beckmann,William Jewell
2025,Silvia Fisher,William Jewell
2025,Allie Vanderbeek,William Jewell
2025,Emily Brannan,William Jewell
2025,Kami Sexton,William Jewell
2025,Kelsey Keling,William Jewell
2025,Emma Lea Benney,William Jewell
2025,Alexis Frazier,William Jewell
2025,Madison Roney,William Jewell
2025,Wylie Singleton,William Jewell
2025,Olivia Starr,William Jewell
2025,Katherine Von Kraut,Academy of Art
2025,Mireya Kawaguchi,Academy of Art
2025,Fina Tuinauvai,Academy of Art
2025,Alohi Garcia,Academy of Art
2025,LC-Reece Nakagawa,Academy of Art
2025,Elyse Day,Academy of Art
2025,Elly McInerney,Academy of Art
2025,Zoe Arnold,Academy of Art
2025,Paola Divis,Academy of Art
2025,Lina Ellilä,Academy of Art
2025,Nina Garcia,Academy of Art
2025,Sofia Stemberga,Academy of Art
2025,Claire Ricard,Academy of Art
2025,Kerrigan Habing,Academy of Art
2025,Chandra Reed,Academy of Art
2025,Kyriah Trefren,Academy of Art
2025,Maggie Carroll,Academy of Art
2025,Kaia Fittz,Academy of Art
2025,Kendall Lee,Academy of Art
2025,Katelyn Onespot-Danforth,Academy of Art
2025,Sidney Shepherd,Cedarville
2025,Paige Hale,Cedarville
2025,Kaley Matney,Cedarville
2025,Janae Heegaard,Cedarville
2025,Carley Craighead,Cedarville
2025,Abby Mainka,Cedarville
2025,Nanea Merryman,Cedarville
2025,Sophia Miles,Cedarville
2025,Alicia Howard,Cedarville
2025,Meagan Johnson,Cedarville
2025,Haley Koch,Cedarville
2025,Madelyn Hensley,Cedarville
2025,Cam Davenport,Cedarville
2025,Cassi Shields,Cedarville
2025,Sydney Low,Cedarville
2025,Allie Pilat,Cedarville
2025,Alivia Rutt,Cedarville
2025,Jaina Macaulay,Minot St.
2025,Maya Vibeto,Minot St.
2025,Katelyn Onespot-Danforth,Minot St.
2025,Ruby Grisdale,Minot St.
2025,Azjiah Trader,Minot St.
2025,Emily Willis,Minot St.
2025,Caton Pearcy,Minot St.
2025,Olivia Murphy,Minot St.
2025,Zoe Zarr,Minot St.
2025,Sydney Upton,Minot St.
2025,Logan Drennan,Minot St.
2025,Emma Swisher,Minot St.
2025,Mia Thompson,Minot St.
2025,Kiera Hayes,Minot St.
2025,Haley Saunders,Minot St.
2025,Paulina Kowalska,Minot St.
2025,Jasmin Bell,Minot St.
2025,Ella Smith,Minot St.
2025,Jayme Zoeckler,Notre Dame (OH)
2025,Molly Stayer,Notre Dame (OH)
2025,Kelly Ponzani,Notre Dame (OH)
2025,Shay Monahan,Notre Dame (OH)
2025,Reagan Stempin,Notre Dame (OH)
2025,Kelsie Palmer,Notre Dame (OH)
2025,Samantha Comer,Notre Dame (OH)
2025,Caris Cross,Notre Dame (OH)
2025,Sydney Bray,Notre Dame (OH)
2025,Grace Smotek,Notre Dame (OH)
2025,Kiley Kalina,Notre Dame (OH)
2025,Olivia Jones,Notre Dame (OH)
2025,Diamond Baker,Notre Dame (OH)
2025,Lucy Smith,Notre Dame (OH)
2025,Ryleigh Ronald,Notre Dame (OH)
2025,Lilliana Mook,Notre Dame (OH)
2025,Eva Person,Simon Fraser
2025,Louise Ho,Simon Fraser
2025,Bella Tano,Simon Fraser
2025,Megan Hawkins,Simon Fraser
2025,Jayden Armstrong,Simon Fraser
2025,Izzy Gancevich,Simon Fraser
2025,Makena Simmons,Simon Fraser
2025,Nina Kovacevic,Simon Fraser
2025,Elianna Gerbrandt,Simon Fraser
2025,Lyla McKay,Simon Fraser
2025,Macyn Unger,Simon Fraser
2025,Keona Savage,Simon Fraser
2025,Katarina Damnjanovic,Simon Fraser
2025,Brooklyn Robinson,Simon Fraser
2025,Logan Remington,Simon Fraser
2025,Natalie Lemoine-Sells,Simon Fraser
2025,Ella McVittie,Simon Fraser
2025,Ava Khademi,Simon Fraser
2025,Davida Hill,Simon Fraser
2025,Kyleigh Tangen,Sioux Falls
2025,Maci Lerseth,Sioux Falls
2025,Sadie Voss,Sioux Falls
2025,Liz Kopp,Sioux Falls
2025,Gretchen Volk,Sioux Falls
2025,Lucy Larson,Sioux Falls
2025,Faith Van Eck,Sioux Falls
2025,Courtney Holsteen,Sioux Falls
2025,Aubrey Gates,Sioux Falls
2025,Haley Wolfe,Sioux Falls
2025,Abby Haus,Sioux Falls
2025,Tatum Godinez,Sioux Falls
2025,Jadyn Hofmeyer,Sioux Falls
2025,Lillian Vitera,Sioux Falls
2025,Molly Minnema,Sioux Falls
2025,Elise Gillen,Sioux Falls
2025,Ella Walker,Sioux Falls
2025,Hollie Peterson,Sioux Falls
2025,Mianna Cardenas,Black Hills St.
2025,Izabel Abril,Black Hills St.
2025,Ellie Thomas,Black Hills St.
2025,Makayla Dorsey,Black Hills St.
2025,Elena Atkinson,Black Hills St.
2025,Emma Kruger,Black Hills St.
2025,Peyton McLeod,Black Hills St.
2025,Izzy Saiki,Black Hills St.
2025,Carsyn Mettler,Black Hills St.
2025,Emily Freeland,Black Hills St.
2025,Randi Wellhoefer,Black Hills St.
2025,Zoie Husman,Black Hills St.
2025,Sydnie Tuioti-Mariner,Black Hills St.
2025,Keira Thompson,Black Hills St.
2025,Jaeda Davis-Golliher,Black Hills St.
2025,Alayna Rudebeck,Lindenwood (MO)
2025,Blair Sitton,Lindenwood (MO)
2025,Amelia Thro,Lindenwood (MO)
2025,Anna Kraemer,Lindenwood (MO)
2025,Jade Roth,Lindenwood (MO)
2025,Shannon Monahan,Lindenwood (MO)
2025,Dana Grib,Lindenwood (MO)
2025,Greta Shadewald,Lindenwood (MO)
2025,Faith Atkins,Lindenwood (MO)
2025,Meghan Donoughue,Lindenwood (MO)
2025,Autumn Bax,Lindenwood (MO)
2025,Ashley Geluck,Lindenwood (MO)
2025,Emma Johnson,Lindenwood (MO)
2025,Tori Staples,Lindenwood (MO)
2025,Izzy Herrbold,Lindenwood (MO)
2025,Kylee Richey,Lindenwood (MO)
2025,Bianca Galaviz,McKendree
2025,Brielle Crose,McKendree
2025,Peyton Uptgraft,McKendree
2025,Avery Wuebbels,McKendree
2025,Cayden De Santiago,McKendree
2025,Corinne Leech,McKendree
2025,Brooke Heimburger,McKendree
2025,Gabrielle Horn,McKendree
2025,Emily-Kate Lonergan,McKendree
2025,Ashlyn Berczynski,McKendree
2025,Destiny Gray,McKendree
2025,Gabrielle Behling,McKendree
2025,Avery Guisinger,McKendree
2025,Lexi Hoffman,McKendree
2025,Madelyn Clarke,McKendree
2025,Megan Bishton,McKendree
2025,Paige Parant,McKendree
2025,Sara Hinson,South Dakota Mines
2025,Hannah Joseph,South Dakota Mines
2025,Lexi Glendenning,South Dakota Mines
2025,Morgan Daugherty,South Dakota Mines
2025,Paisley Gibson,South Dakota Mines
2025,Heather Jiricek,South Dakota Mines
2025,Annelise Larson,South Dakota Mines
2025,Allison Nowak,South Dakota Mines
2025,Hannah Benes,South Dakota Mines
2025,Kiera Walsh,South Dakota Mines
2025,Josey Wickersham,South Dakota Mines
2025,Ava Sparks,South Dakota Mines
2025,Grace Mak,South Dakota Mines
2025,Joy Aburto,South Dakota Mines
2025,Louisa Battin,South Dakota Mines
2025,Cate Warren,South Dakota Mines
2025,Maria Bouman,South Dakota Mines
2025,Ivy Vindivich,South Dakota Mines
2025,Ari Nusbaum,Ursuline
2025,Hannah Coleman,Ursuline
2025,Addyson Greene,Ursuline
2025,Vada Belt,Ursuline
2025,Madison Morris,Ursuline
2025,Mya Jackson,Ursuline
2025,Karrington Green,Ursuline
2025,Elizabeth Soto,Ursuline
2025,Hannah Laurich,Ursuline
2025,Susan Ringler,Ursuline
2025,Amie McCarthy,Ursuline
2025,Grace Van Niel,Ursuline
2025,Victoria Robertson,Ursuline
2025,Ellie Zoeckler,Ursuline
2025,Reagan Michalski,Ursuline
2025,Aniyah Wise,Ursuline
2025,Natalie Mantini,Walsh
2025,AJ Burick,Walsh
2025,Kameron Stover,Walsh
2025,Morgan Hornaday,Walsh
2025,Carly Paugh,Walsh
2025,Izzy Shank,Walsh
2025,Locie Levengood,Walsh
2025,Hannah Shaw,Walsh
2025,Rachel Meyer,Walsh
2025,Brynn Egbert,Walsh
2025,Sabrina Da Silva,Walsh
2025,Camryn Miller,Walsh
2025,Sammie DiBease,Walsh
2025,Ava Marek,Walsh
2025,Camille Wardin,Walsh
2025,Grace Mazzocca,Walsh
2025,Maggie Rolwing,Walsh
2025,McKinley Reichert,Walsh
2025,Kyra Lansford,Walsh
2025,Brooke Smith,Walsh
2025,Ava Budrys Rini,Walsh
2025,Mary Hoersten,Walsh
2025,Mallory Mertic,Walsh
2025,Cara Riley,Walsh
2025,Sydney Hancock,Fresno Pacific
2025,Makayla Smith,Fresno Pacific
2025,Taylor Boone,Fresno Pacific
2025,Geneva Elliott,Fresno Pacific
2025,Rachel Plantinga,Fresno Pacific
2025,Devyn Castaneda,Fresno Pacific
2025,Madelyn Feramisco,Fresno Pacific
2025,Amanda Lauer,Fresno Pacific
2025,Mikayla Weiss,Fresno Pacific
2025,Malia Edwardson,Fresno Pacific
2025,Yajaira Gahagan,Fresno Pacific
2025,Cambria Waites,Fresno Pacific
2025,Julia Nicolet,Fresno Pacific
2025,Lola Highstreet,Fresno Pacific
2025,Itzel Aguayo,Fresno Pacific
2025,Addison McKarcher,Fresno Pacific
2025,Reese Cuttone,Fresno Pacific
2025,Macy Reynolds,Point Loma
2025,Mariah Hughes,Point Loma
2025,Kate Sullivan,Point Loma
2025,Kira Federico,Point Loma
2025,Hailey Wilson,Point Loma
2025,Samantha Claus,Point Loma
2025,Kyra Miles,Point Loma
2025,Abigail Nua,Point Loma
2025,Hailey Clark,Point Loma
2025,Saren Rogers,Point Loma
2025,Adeline Daniel,Point Loma
2025,Sophia Baugh,Point Loma
2025,Jolyna Salas,Point Loma
2025,Jill Leslie,Point Loma
2025,Ellie Nichols,Point Loma
2025,Finn Higginbotham,Point Loma
2025,Caitlyn Sutton,Shorter
2025,Claudia Loyola,Shorter
2025,Mia Beigh Alexander,Shorter
2025,Victoria Sparks,Shorter
2025,Reaghan Whitlock,Shorter
2025,Lana Maluda,Shorter
2025,Izziey Crane,Shorter
2025,Adalyn Stewart,Shorter
2025,Acca Berube,Shorter
2025,Skylar Paul,Shorter
2025,Audrey Brooks,Shorter
2025,Taylor-Reese Howell,Shorter
2025,Helena Kelley,Shorter
2025,Ava Medina,Shorter
2025,Kyleigh Powell,Shorter
2025,Brooke Thao,Shorter
2025,Abigail Klinkhamer,Shorter
2025,Emily Lalaian,Shorter
2025,Sofi Veal,Shorter
2025,Caroline Sivills,Shorter
2025,Brielle Wood,Shorter
2025,Tori McNair,Shorter
2025,Alexis Williams,Shorter
2025,Megan Branson,Southern Nazarene
2025,Jasmine Liongco,Southern Nazarene
2025,Kaley Brubaker,Southern Nazarene
2025,Quinn Van Maanen,Southern Nazarene
2025,Brelee Mauldin,Southern Nazarene
2025,Molly Langford,Southern Nazarene
2025,Gini Lu James,Southern Nazarene
2025,Rayanna Mauldin,Southern Nazarene
2025,Kate Wright,Southern Nazarene
2025,Hannah Morgan,Southern Nazarene
2025,Emma Grace Moddelmog,Southern Nazarene
2025,Sydney Marquez,Southern Nazarene
2025,Maecie Hawthorne,Southern Nazarene
2025,Riley Richardson,Southern Nazarene
2025,Katelyn Branson,Southern Nazarene
2025,Isabella Labrada,Southern Nazarene
2025,Avery Ramos,Southern Nazarene
2025,Jaidyn Reid,Southern Nazarene
2025,Emma Ringer,Southern Nazarene
2025,Georgia Byers,Southern Nazarene
2025,Carleigh Charles,Union (TN)
2025,Cami Carpenter,Union (TN)
2025,Parker Goff,Union (TN)
2025,Sydney Davis,Union (TN)
2025,Elizabeth Gilbert,Union (TN)
2025,Sydney Whittaker,Union (TN)
2025,Ajahnaea Williams,Union (TN)
2025,Sarahbelle Jameson,Union (TN)
2025,Natalie Supine,Union (TN)
2025,Emily Priddy,Union (TN)
2025,Hannah Hamill,Union (TN)
2025,Cam Hunter,Union (TN)
2025,Marie Torosian,Union (TN)
2025,Sarah-Kate Savage,Union (TN)
2025,Kylie Creech,Union (TN)
2025,Ashley Pruitt,Union (TN)
2025,Ella Matheson,Young Harris
2025,Amya Dryden,Young Harris
2025,Linsey Burke,Young Harris
2025,Mallory Ivey,Young Harris
2025,Elanah Hardeen,Young Harris
2025,Abby Schirm,Young Harris
2025,Lauren DeSilets,Young Harris
2025,Lexie Martin,Young Harris
2025,Kathryn Urbanek,Young Harris
2025,Kellyn French,Young Harris
2025,Lyza Thigpen,Young Harris
2025,Maddie Pelfrey,Young Harris
2025,Alexa Berry,Young Harris
2025,Mary Margaret Wilson,Young Harris
2025,Hannah Depp,Young Harris
2025,Jenna Pratt,Young Harris
2025,Lauren Daniel,Young Harris
2025,Rylee (Alyssa) DeSimone,Young Harris
2025,Alexa Belanger,Houghton
2025,Morgan Brace,Houghton
2025,Natalie Rivera,Houghton
2025,Selah Charles,Houghton
2025,Praylan Perkins,Houghton
2025,Becca Wilkins,Houghton
2025,Jessica Prentice,Houghton
2025,Maryn Voortman,Houghton
2025,Mia Noble,Houghton
2025,Logan Baer,Houghton
2025,Gaby Gracia,Houghton
2025,Katelyn Martin,Houghton
2025,Emma Cole,Houghton
2025,Sierra Zinger,Houghton
2025,Arianna Farrell,Houghton
2025,Lyndsay Kitchen,Houghton
2025,Josie Thomas,Houghton
2025,Milly Guemple,Sarah Lawrence
2025,Sophia Costa,Sarah Lawrence
2025,Nikolet Vataj,Sarah Lawrence
2025,Alex Pantoliano,Sarah Lawrence
2025,Eve Iceton,Sarah Lawrence
2025,Ava Castro,Sarah Lawrence
2025,Athena Kazos,Sarah Lawrence
2025,Carolyn Kelly,Sarah Lawrence
2025,Eva Anderson,Sarah Lawrence
2025,Lila Nash,Sarah Lawrence
2025,Raegan Lacombe,Sarah Lawrence
2025,Jenna Lehnhart,Sarah Lawrence
2025,Madelyn Heavens,Sarah Lawrence
2025,Emmerson McElhinney,Sarah Lawrence
2025,Brynn Beck,Sarah Lawrence
2025,Olivia Richard,Sarah Lawrence
2025,Talia Quinn,Southern Va.
2025,Gabi Hale,Southern Va.
2025,Anne Downs,Southern Va.
2025,Ruby Blamires,Southern Va.
2025,Daisy Oviedo,Southern Va.
2025,Gracie Fulton,Southern Va.
2025,Lucy Richins,Southern Va.
2025,Emma Broadbent,Southern Va.
2025,Macie Weatherly,Southern Va.
2025,Jordan Jensen,Southern Va.
2025,Laura Forsgren,Southern Va.
2025,Baylee Savage,Southern Va.
2025,Ryann Vail,Southern Va.
2025,Katelyn DeVore,Southern Va.
2025,Summer Hahn,Southern Va.
2025,Tiari Puriri,Southern Va.
2025,Brookelyn Madland,Southern Va.
2025,Aubrey Packer,Southern Va.
2025,Viva Bluth,Southern Va.
2025,Isabella Cruz,SUNY Canton
2025,Ava Wilson,SUNY Canton
2025,McKenna Pelech,SUNY Canton
2025,Kiley Zicari,SUNY Canton
2025,Nadia Frigon,SUNY Canton
2025,Emma Baker,SUNY Canton
2025,Emerson Coulter,SUNY Canton
2025,Daycee Bane,SUNY Canton
2025,Lauren Norman,SUNY Canton
2025,Makenna Cameron,SUNY Canton
2025,Rylan Walker,SUNY Canton
2025,Kayann Gunn,SUNY Canton
2025,Lauren Park,SUNY Canton
2025,Brooke Hite,SUNY Canton
2025,Abby Raven,SUNY Canton
2025,Madison Bigelow,SUNY Canton
2025,Tionna Edghill,SUNY Canton
2025,Kiara Arzuaga,Berea
2025,Ava Wadley,Berea
2025,Alaya Scoggins,Berea
2025,Mckenzie McIntyre,Berea
2025,Kamila Zelaya,Berea
2025,Amelie Cora Rolland,Berea
2025,Brianna Negron Torres,Berea
2025,Jade Broka,Berea
2025,Sol Yashira Rodríguez Nazario,Berea
2025,Nashaliz Garcia,Berea
2025,Camila Vargas Rivera,Berea
2025,Genesis Casillas,Berea
2025,Aryanna Erosa,Berea
2025,Madison Spradling,Berea
2025,Chanya Kitchaiya,Daemen
2025,Avery Dole,Daemen
2025,Maddie Schamaun,Daemen
2025,Semaj Manuel,Daemen
2025,Avery Craig,Daemen
2025,Kate Trueblood,Daemen
2025,Jarielys Giraud,Daemen
2025,Molly Ryan,Daemen
2025,Vera Tops,Daemen
2025,Nicole Giardina,Daemen
2025,Olivia Urbon,Daemen
2025,Keira Mullen,Daemen
2025,Payton Gaylor,Daemen
2025,Amelia González,Daemen
2025,Mariangelys Vazquez,Daemen
2025,Solé Rancy,Daemen
2025,Nahirka Malpica,Daemen
2025,Kyla Farnan,Lubbock Christian
2025,Olivia Elofsson,Lubbock Christian
2025,Ramsey Clark,Lubbock Christian
2025,Kat Dulin,Lubbock Christian
2025,Hope Gonsioroski,Lubbock Christian
2025,Camdyn Sears,Lubbock Christian
2025,Lily Bickley,Lubbock Christian
2025,Sienna Cavalier,Lubbock Christian
2025,Emilee Sikora,Lubbock Christian
2025,Payton Murray,Lubbock Christian
2025,Tatum Fleitman,Lubbock Christian
2025,Madyson Eberly,Lubbock Christian
2025,Jade Workman,Lubbock Christian
2025,Camryn Blair,Lubbock Christian
2025,Bryleigh Schweer,Lubbock Christian
2025,Abby Dominguez,Lubbock Christian
2025,Aubree Lundberg,Lubbock Christian
2025,Drea Laughlin,Lubbock Christian
2025,Ta'Niya Logart,Northwestern Okla.
2025,Jadyn Padilla,Northwestern Okla.
2025,Mikayla White,Northwestern Okla.
2025,Tess De Zanet,Northwestern Okla.
2025,Karsyn Smith,Northwestern Okla.
2025,Jesselix Acevedo Lebron,Northwestern Okla.
2025,Naya Danenburg,Northwestern Okla.
2025,Katy Harris,Northwestern Okla.
2025,Jayla Adams,Northwestern Okla.
2025,Cameryn Barclay,Northwestern Okla.
2025,Ece Ozdemir,Northwestern Okla.
2025,Kaylee Swartz,Northwestern Okla.
2025,Bella Nicholas,Northwestern Okla.
2025,Ivanny Blackwood,Northwestern Okla.
2025,Molly Appleby,Northwestern Okla.
2025,Avery Lane,Northwestern Okla.
2025,Dalaney Uranga,Northwestern Okla.
2025,Ryann Eastes,Northwestern Okla.
2025,Rylyn McCarty,Northwestern Okla.
2025,Sabré Robinson,Northwestern Okla.
2025,Kadence Dalton,UVa-Wise
2025,Abigail Curtis,UVa-Wise
2025,Piper Suddeth,UVa-Wise
2025,Mailea Hufnagel,UVa-Wise
2025,Braelynn Williams,UVa-Wise
2025,August Betz,UVa-Wise
2025,Mia Poag,UVa-Wise
2025,Morgan Blankenship,UVa-Wise
2025,Mia Bradley,UVa-Wise
2025,Sydney Stone,UVa-Wise
2025,Annabelle Dowell,UVa-Wise
2025,Madilyn Pardue,UVa-Wise
2025,Riley Brandon,UVa-Wise
2025,Mable James,UVa-Wise
2025,Isabella Baylor,UVa-Wise
2025,Serina Petersen,UVa-Wise
2025,Alahnys Galarza,Bryn Athyn
2025,Paige Lipp,Bryn Athyn
2025,Darlene Nunez,Bryn Athyn
2025,Bex Jones,Bryn Athyn
2025,Diana Boldyshev,Bryn Athyn
2025,Gigi Salomon,Bryn Athyn
2025,Sabrina Brock,Bryn Athyn
2025,Samantha Lipp,Bryn Athyn
2025,Kyra Wardley,Bryn Athyn
2025,Riley Breen,Bryn Athyn
2025,Leilah Glenn,Bryn Athyn
2025,Kylie Kline,Penn College
2025,Nashalie Vializ,Penn College
2025,Sara Seyfert,Penn College
2025,Mya Gilliam,Penn College
2025,Haylie Thomsen,Penn College
2025,Caitlynn Archie,Penn College
2025,Kendall Shade,Penn College
2025,Taryn Smith,Penn College
2025,Ellen Banfill,Penn College
2025,Cassandra Gower,Penn College
2025,Lilly Stockum,Penn College
2025,Megan Gilliland,Southern Wesleyan
2025,Faith Paxton,Southern Wesleyan
2025,Amiyah Spann,Southern Wesleyan
2025,Katie Fulton,Southern Wesleyan
2025,Ainsley Stovall,Southern Wesleyan
2025,Karson Haley,Southern Wesleyan
2025,Ellie Moore,Southern Wesleyan
2025,Katelyn Baxley,Southern Wesleyan
2025,Hayley Ratliff,Southern Wesleyan
2025,Briley Wolff,Southern Wesleyan
2025,Kassie Swink,Southern Wesleyan
2025,Alexxis Wader,Southern Wesleyan
2025,Michaela Andress,Southern Wesleyan
2025,Calie Covey,Southern Wesleyan
2025,Kylie Ramey,Southern Wesleyan
2025,Kaylon Chapman,Southern Wesleyan
2025,Teigen Foster,Southern Wesleyan
2025,Annasophia Vranjes,Southern Wesleyan
2025,Sarah Mitchell,Southern Wesleyan
2025,Miriam Ateca,Belhaven
2025,McKenna Matthews,Belhaven
2025,Mickeyla Sitsler,Belhaven
2025,Maggie Joy Tomlin,Belhaven
2025,Madison Butler,Belhaven
2025,Kylie Lindsey,Belhaven
2025,Kylarr Martin,Belhaven
2025,Maya Beane,Belhaven
2025,Olivia Johnson,Belhaven
2025,Jade De La Torre,Belhaven
2025,Corinne Cason,Belhaven
2025,Jordyn Crenshaw,Belhaven
2025,Rylee White,Belhaven
2025,Cami Davis,Belhaven
2025,Tarryn Woodall,Belhaven
2025,Allie Dahlman,Belhaven
2025,Kayla Robinson,Belhaven
2025,Megan LaCour,Belhaven
2025,Stella Shepard,Cal St. San Marcos
2025,Hazel Livingston-Jones,Cal St. San Marcos
2025,Annika Blas-Cedeno,Cal St. San Marcos
2025,Kassie Cooley,Cal St. San Marcos
2025,Jules Tindall,Cal St. San Marcos
2025,Makalin Goehring,Cal St. San Marcos
2025,Ebony Lewis,Cal St. San Marcos
2025,Rachel Blankenship,Cal St. San Marcos
2025,Eleanor Brislen,Cal St. San Marcos
2025,Shelby Jackson,Cal St. San Marcos
2025,Kylie Bartel,Cal St. San Marcos
2025,Nelia Trower,Cal St. San Marcos
2025,Blayne Seligmiller,Cal St. San Marcos
2025,Izabella Santa Cruz,Cal St. San Marcos
2025,Blair Keith,Cal St. San Marcos
2025,Addison Kranz,Cal St. San Marcos
2025,Zoe Liebel,Cal St. San Marcos
2025,Celia Dowell,Concordia (CA)
2025,Ally Scheidle,Concordia (CA)
2025,Caitlin Jarrell,Concordia (CA)
2025,Delaney Gregg,Concordia (CA)
2025,Kayden Croy,Concordia (CA)
2025,Dominique VadeBoncoeur,Concordia (CA)
2025,Sofia Ajmal,Concordia (CA)
2025,Bella Loftin,Concordia (CA)
2025,Cassie Prior,Concordia (CA)
2025,Mattie Prior,Concordia (CA)
2025,Emma Wegleitner,Concordia (CA)
2025,Clara John,Concordia (CA)
2025,Avery Banaag,Concordia (CA)
2025,Macy Scheer,Concordia (CA)
2025,Gabby Johnson,Concordia (CA)
2025,Grace Carollo,Concordia (CA)
2025,Mya Pinkert,Concordia (CA)
2025,Kendyll Winn,Concordia (CA)
2025,Nevada Knowles,Concordia (CA)
2025,Halen Kiefer,Concordia (CA)
2025,Emily Boyer,Okla. Baptist
2025,Lauren Safrit,Okla. Baptist
2025,Bella Babbitt,Okla. Baptist
2025,Shelby Jabour,Okla. Baptist
2025,Makenzie Moseley,Okla. Baptist
2025,Sophia Warren,Okla. Baptist
2025,Payton Sandefer,Okla. Baptist
2025,Rylee Unruh,Okla. Baptist
2025,Elle Parisi,Okla. Baptist
2025,Allie Stricker,Okla. Baptist
2025,Carly Gregory,Okla. Baptist
2025,Melody Donegan,Okla. Baptist
2025,Morgan Hamel,Okla. Baptist
2025,Ellie Gehrke,Okla. Baptist
2025,Madi Barnes,Okla. Baptist
2025,Ada Ingvardsen,Okla. Baptist
2025,Lillian Noble,Okla. Baptist
2025,Taya McReynolds,Okla. Baptist
2025,Karsyn Hunter,Okla. Baptist
2025,Bella Chittum,Okla. Baptist
2025,Ady Horn,Okla. Baptist
2025,Addison Dale,Okla. Baptist
2025,Aja Green,Okla. Baptist
2025,Emily Kate Jones,Okla. Baptist
2025,Mackenzie Frazee,Okla. Baptist
2025,Sydney Frazee,Okla. Baptist
2025,Addison Breymann,Okla. Baptist
2025,Taegan Paxton,Okla. Baptist
2025,Brooklyn Easton,Westminster (UT)
2025,Valerie Shirley,Westminster (UT)
2025,Breegan Huntsman,Westminster (UT)
2025,Apiline White,Westminster (UT)
2025,Mailei Myers,Westminster (UT)
2025,Josie Gerritsen,Westminster (UT)
2025,Kyra Mahler,Westminster (UT)
2025,Jocelyn Grieser,Westminster (UT)
2025,Isabella DeAntoni,Westminster (UT)
2025,Alie Sparrow,Westminster (UT)
2025,Sadie Parrish,Westminster (UT)
2025,Ava Livolsi,Westminster (UT)
2025,Atley Mitchell,Westminster (UT)
2025,Mary Fonoimoana,Westminster (UT)
2025,Mele Peaua,Westminster (UT)
2025,Leila Cornejo,Westminster (UT)
2025,Hailey Killett,Westminster (UT)
2025,Katelyn Eichert,Westminster (UT)
2025,Kanoe Haneberg,Westminster (UT)
2025,Julia Dommel,Dean
2025,Ariella Sullivan,Dean
2025,Chloe Demaio,Dean
2025,Caitlin Cooper,Dean
2025,Mia Cote,Dean
2025,Katie Jones,Dean
2025,Skylar Raskevitz,Dean
2025,Nayah Alexis,Dean
2025,Olivia Mackinnon,Dean
2025,Maddy Seymour,Dean
2025,Emma Siniscalchi,Dean
2025,Carly Rettberg,Dean
2025,Lily Miller,Dean
2025,Valeria Cabezas,Dean
2025,Ali Murphy,Dean
2025,Maddie Bell,Dean
2025,Shauna McDowell,Biola
2025,Ashlyn Beebe,Biola
2025,Sophia Knevelbaard,Biola
2025,Emily Page,Biola
2025,Kendall Vandertuig,Biola
2025,Abby Thies,Biola
2025,Bethany Bellfi,Biola
2025,Madison Moore,Biola
2025,Alexa Bell,Biola
2025,Bri Bellfi,Biola
2025,Juliana Van Ommering,Biola
2025,Ashley Shumate,Biola
2025,Camille Solovjev,Biola
2025,Hannah Hanson,Biola
2025,Grace Rice,Biola
2025,Simi Kapustova,Biola
2025,Payton Tully,Biola
2025,Savannah Simpson,Biola
2025,Lexi Lambert,Biola
2025,Hannah Guzzetti,Biola
2025,Emma Fairbairn,Biola
2025,Karley Pretzer,Davenport
2025,Maggie Juncaj,Davenport
2025,Ashley Arceo,Davenport
2025,Jaide Wirth,Davenport
2025,Kaitlin Jordan,Davenport
2025,Sydney Swan,Davenport
2025,Hayley Carr,Davenport
2025,Amelia Werner,Davenport
2025,Livi Overbeek,Davenport
2025,Rachel Youngblood,Davenport
2025,Maddie Albright,Davenport
2025,Mariya Montgomery,Davenport
2025,Madison Berry,Davenport
2025,Julia Frederick,Davenport
2025,Kaitlyn Marsh,Davenport
2025,Abby Alan,Davenport
2025,Morgan Tydings,Davenport
2025,Marina Gronkiewicz,Purdue Northwest
2025,Amber Cruser,Purdue Northwest
2025,Arra Cottrell,Purdue Northwest
2025,Katrina Soto,Purdue Northwest
2025,Chloe Deckard,Purdue Northwest
2025,Alexandra Jelcic,Purdue Northwest
2025,Lauren Brohm,Purdue Northwest
2025,Jaida Johnson,Purdue Northwest
2025,Giana Frayer,Purdue Northwest
2025,Livia Thomsen,Purdue Northwest
2025,Julia Ross,Purdue Northwest
2025,Anika Huelskamp,Purdue Northwest
2025,Morgan Neitzel,Purdue Northwest
2025,Amanda Hasse,Purdue Northwest
2025,Kennedy Rowzee,Purdue Northwest
2025,Allyson Cathey,Purdue Northwest
2025,Kennedi Brass,Purdue Northwest
2025,Aiden Leverick,Purdue Northwest
2025,Maddie Zechman,Indiana (PA)
2025,Charlotte Potvin,Indiana (PA)
2025,Delaney Concannon,Indiana (PA)
2025,Bridgit Murphy,Indiana (PA)
2025,Erin McCourt,Indiana (PA)
2025,Lexi McLanahan,Indiana (PA)
2025,Molly Kelly,Indiana (PA)
2025,Kyra Schmidt,Indiana (PA)
2025,Faith Dunn,Indiana (PA)
2025,Peyton Belcher,Indiana (PA)
2025,Emily Grow,Indiana (PA)
2025,Brooke Kessler,Indiana (PA)
2025,Sammy Stephens,Indiana (PA)
2025,Mikalah Kim,Indiana (PA)
2025,Ellie Rauch,Indiana (PA)
2025,Jessica Neiman,Indiana (PA)
2025,Abbey Zavoda,Indiana (PA)
2025,Rylee Brown,Indiana (PA)
2025,Morgan Quinn,Indiana (PA)
2025,Paige Parlanti,UIndy
2025,Paige Boettcher,UIndy
2025,Lucia Brown,UIndy
2025,Addison Putt,UIndy
2025,Claire Morris,UIndy
2025,Maddie Berger,UIndy
2025,Addyson Viers,UIndy
2025,Taylor Welch,UIndy
2025,Maddie Lynch,UIndy
2025,Kelsey McKenney,UIndy
2025,Kaitlin Fasbender,UIndy
2025,Carly Fonda,UIndy
2025,Riley Laine,UIndy
2025,Makenzie Pflederer,UIndy
2025,Carson Bowling,UIndy
2025,Macy Bruton,UIndy
2025,Allie Wuestenfeld,UIndy
2025,Lauren Gips,UIndy
2025,Caitlin Blomberg,UIndy
2025,Ellie Benedict,Ithaca
2025,Karina Garcia,Ithaca
2025,Julia Kelly,Ithaca
2025,Naomi Clauhs,Ithaca
2025,Brianna Owen,Ithaca
2025,Ashlyn Andrzejewski,Ithaca
2025,Zoe Strachan,Ithaca
2025,Gabriela Gonzalez-Abreu,Ithaca
2025,Bridget Altland,Ithaca
2025,Wesley Slavin,Ithaca
2025,Addison Leadbetter,Ithaca
2025,Renee McGowan,Ithaca
2025,Jayden Wiese,Ithaca
2025,Ella Graper,Ithaca
2025,Amaya Parnell,Ithaca
2025,Kamiera Watkins,Jackson St.
2025,Hope Briggs,Jackson St.
2025,Jayden James,Jackson St.
2025,Katejion Robinson,Jackson St.
2025,Naija Gadis,Jackson St.
2025,Giannelle Asomani,Jackson St.
2025,Mackenzie Moore,Jackson St.
2025,Shelby Zanders,Jackson St.
2025,Karys Dove,Jackson St.
2025,Cierra Gilbert,Jackson St.
2025,Makenzie Washington,Jackson St.
2025,Ryleigh Davis,Jackson St.
2025,Kyra Dove,Jackson St.
2025,Maya Reeves,Jackson St.
2025,Kymorah Carter,Jackson St.
2025,Kayla Troutman,Jackson St.
2025,Malaya Hall,Jackson St.
2025,Hailey Williams,John Carroll
2025,Laney Higgins,John Carroll
2025,Allie Drlik,John Carroll
2025,Tess Humphrey,John Carroll
2025,Elena Montenegro,John Carroll
2025,Claire Beaman,John Carroll
2025,Kallan Hrics,John Carroll
2025,Grace Jones,John Carroll
2025,GG Beuselinck,John Carroll
2025,Ava Campbell,John Carroll
2025,Brooke Conlan,John Carroll
2025,Haley Nicholson,John Carroll
2025,Mary Kate Sheehan,John Carroll
2025,Amanda Scaperotta,John Carroll
2025,Kendra Dziubinski,John Carroll
2025,Natalie Patrick,John Carroll
2025,Deja Whitten,John Carroll
2025,Lauren Khoenle,John Carroll
2025,Olivia Mogyordy,John Carroll
2025,Norah Redfern,John Carroll
2025,Natalie Glowe,John Carroll
2025,Nina Bongiovanni,John Jay
2025,Caroline Guerney,John Jay
2025,Madison Mullan,John Jay
2025,Lizbeth Martinez,John Jay
2025,Alex Overkamp,John Jay
2025,Theresa Schmitt,John Jay
2025,Kaylin Hanten,John Jay
2025,Adrienne Xiao,John Jay
2025,Jadyn Orava,John Jay
2025,Hailey Waugaman,John Jay
2025,Emilia Cascapera,John Jay
2025,Heidi Geyer,John Jay
2025,Nicole Tuszynski,Johns Hopkins
2025,Charlotte Voss,Johns Hopkins
2025,Anna Pantano,Johns Hopkins
2025,Helena Swaak,Johns Hopkins
2025,Annika Anderson,Johns Hopkins
2025,Ivy Swafford,Johns Hopkins
2025,Michela De Marzi,Johns Hopkins
2025,Emma Wang,Johns Hopkins
2025,Emily Overtoom,Johns Hopkins
2025,Elysa Pulliam,Johns Hopkins
2025,Ella Wismer,Johns Hopkins
2025,Alice Yu,Johns Hopkins
2025,Simone Adam,Johns Hopkins
2025,Jocelyn Pye,Johns Hopkins
2025,Grace Wilhelm,Johns Hopkins
2025,Jordan Price,Johns Hopkins
2025,Celine Ebert,Johns Hopkins
2025,Colleen O'Donnell,Johns Hopkins
2025,Jentle Brannon,Johnson C. Smith
2025,Malayshia Bradley,Johnson C. Smith
2025,Rihanna Myers,Johnson C. Smith
2025,Kailyn Hitch,Johnson C. Smith
2025,Destini Makayla Johnson,Johnson C. Smith
2025,Yasmine Cannon,Johnson C. Smith
2025,Rylea Ross,Johnson C. Smith
2025,Lapri Cromer,Johnson C. Smith
2025,Abigail Freeman,Johnson C. Smith
2025,Maci Murrell,Johnson C. Smith
2025,Jadyn Chestnut,Johnson C. Smith
2025,Marianna Diaz,Johnson C. Smith
2025,Dacia Lowery,Johnson C. Smith
2025,Karmah Thomas,Johnson C. Smith
2025,Ethaliah Edouard,Johnson C. Smith
2025,Kiera Ashburn,Johnson C. Smith
2025,Delia Ryan,Keene St.
2025,Colleen Fraser,Keene St.
2025,Ava Harkins,Keene St.
2025,Katie Taylor,Keene St.
2025,Grace Christian,Keene St.
2025,Rebecca Tinkler,Keene St.
2025,Lauren Bender,Keene St.
2025,Ashley Sarazin,Keene St.
2025,Amanda Barry,Keene St.
2025,Kenzley Goode,Keene St.
2025,Annaliese Rudberg,Keene St.
2025,Sarah Bartels,Keene St.
2025,Gigi Stake,Keene St.
2025,Marina Miller,Keene St.
2025,Alexis Small,Keene St.
2025,Leah Bates,Kentucky St.
2025,Leah Tubbs,Kentucky St.
2025,Zora Nooks,Kentucky St.
2025,Cydne Clayton,Kentucky St.
2025,Ananiah Huguely,Kentucky St.
2025,Erin Grieb,Kentucky St.
2025,Amya King,Kentucky St.
2025,Amber Gregory,Kentucky St.
2025,Destiny Rogers,Kentucky St.
2025,Kyeana Biggs,Kentucky St.
2025,Madison Hightower,Kentucky St.
2025,Sydney Shelby,Kentucky St.
2025,Sydnee Breda-Nixon,Kentucky St.
2025,Jayla Collins,Kentucky St.
2025,Sienna Stewart,Kentucky St.
2025,Jada Knight,Kentucky St.
2025,Laila Wheaton,Kentucky St.
2025,Tessa-Jo Allen,Ky. Wesleyan
2025,Layla McAuliffe,Ky. Wesleyan
2025,Juliana Greaney,Ky. Wesleyan
2025,Kami Parlin,Ky. Wesleyan
2025,Gracie Newton,Ky. Wesleyan
2025,Stella Kleffman,Ky. Wesleyan
2025,Kiersten Taylor,Ky. Wesleyan
2025,Maddie Hanshew,Ky. Wesleyan
2025,Hadley Wolfe,Ky. Wesleyan
2025,Ana De Sevilla-Acosta,Ky. Wesleyan
2025,Grace Carter,Ky. Wesleyan
2025,Emmy Goering,Ky. Wesleyan
2025,Havanah John,Ky. Wesleyan
2025,Sydney Kennedy,Ky. Wesleyan
2025,Olivia Gumz,Kenyon
2025,Annie Sjolander,Kenyon
2025,Abby Jackson,Kenyon
2025,Christiana Paul,Kenyon
2025,Elaina Mardula,Kenyon
2025,Arianna Flota,Kenyon
2025,Naomi Polanski,Kenyon
2025,Becca Gwynne,Kenyon
2025,Jordan Deane,Kenyon
2025,Aura Barinas,Kenyon
2025,Joy Carstanjen,Kenyon
2025,Lauren Blakemore,Kenyon
2025,Bryn Carrigan,Kenyon
2025,Hannah Schwemm,Kenyon
2025,Sophia Menke,Kenyon
2025,Juliette Tomamichel,Kenyon
2025,Mariyah Rumpca-Veronese,Kenyon
2025,Maggie Wolf,Kenyon
2025,Rachel Ferrara,Kenyon
2025,Kendall Kirkbride,Kenyon
2025,Brynn Giordano,King's (PA)
2025,Emma Bolich,King's (PA)
2025,Morgan Williams,King's (PA)
2025,Hannah Swinsburg,King's (PA)
2025,Izzy Deluco,King's (PA)
2025,Theresa Lynch,King's (PA)
2025,Lindsay Arezina,King's (PA)
2025,Ariela Towsey,King's (PA)
2025,Madisyn Heiser-Elsea,King's (PA)
2025,Mia Campanile,King's (PA)
2025,Milena Oberle,King's (PA)
2025,Devan Moses,King's (PA)
2025,Bella Salvia,King's (PA)
2025,Riley McArdle,King's (PA)
2025,Antonia Leary,King's (PA)
2025,Jessica Menze,King's (PA)
2025,Kayleigh Jones,Knox
2025,Zoe Pav,Knox
2025,Bri Holland,Knox
2025,Rebeca Hernandez-Rivera,Knox
2025,Elle Haddon,Knox
2025,Zoe Thunhurst,Knox
2025,Sam Black,Knox
2025,Madelyn Dittrich,Knox
2025,Cilia Conley,Knox
2025,Alisa Novikova,Knox
2025,Lydia Karli,Knox
2025,Mayra Diaz,Knox
2025,Amelia Gamez,Knox
2025,Bri Ohlson,Knox
2025,Maria Jabor Jahn,Knox
2025,Alex Haskins,Kutztown
2025,Brianna Townsend,Kutztown
2025,Kristina Diaz,Kutztown
2025,Mallory Hoch,Kutztown
2025,Emma Baldridge,Kutztown
2025,Paige Skinner,Kutztown
2025,Lauren Montgomery,Kutztown
2025,Saige Thibodeaux,Kutztown
2025,Julia Riley,Kutztown
2025,Madilyn Bogovic,Kutztown
2025,Tessa Van Dam,Kutztown
2025,Madison Lowe,Kutztown
2025,Ellie White,Kutztown
2025,Molly Wentz,Kutztown
2025,Grace White,Kutztown
2025,Emma Stalsitz,Kutztown
2025,Emily Leppert,Kutztown
2025,Isabella Emanuele,La Verne
2025,Kimi Watanabe-Mayhew,La Verne
2025,America Reynaga,La Verne
2025,Morgan Watkins,La Verne
2025,Vanessa Marquez,La Verne
2025,Emma Yogan,La Verne
2025,Tova Craig,La Verne
2025,Zacky Coaston,La Verne
2025,Lauren Gott,La Verne
2025,Valerie Gallegos,La Verne
2025,Lexi Giacobbe,La Verne
2025,Kaitlyn Bloomer,La Verne
2025,Bella Hargrave,La Verne
2025,Mariah Ray,La Verne
2025,Malia Capistrano,La Verne
2025,Abigail Montana,La Verne
2025,Keilani Mumolo,La Verne
2025,Sophia-Allesandra Montano,La Verne
2025,Mya Ray,La Verne
2025,Alanna Jones,La Verne
2025,Brisa Necochea,La Verne
2025,Kamea Vongfak,La Verne
2025,Mikayla Sekulich,Lake Forest
2025,Lexi Pena,Lake Forest
2025,Sarah Savoia Free,Lake Forest
2025,Karli Balzanto,Lake Forest
2025,Alisa Kevric,Lake Forest
2025,Rylie Almoradie,Lake Forest
2025,Crystyna Yates,Lake Forest
2025,Maddy Smith,Lake Forest
2025,Lilly Robinson,Lake Forest
2025,Rio Dirksen,Lake Forest
2025,Lilli Evans,Lake Forest
2025,Margaret Almonte,Lake Forest
2025,Simisola Osinaike,Lake Forest
2025,Sadie Fry,Lake Forest
2025,Tea Cetina,Lake Forest
2025,Daniela Bermea,Lake Forest
2025,Meghan Winston,Lake Forest
2025,Ireland Van Stone,Lake Forest
2025,Sydney Vannett,Lawrence
2025,Grace Huggenvik,Lawrence
2025,Hannah Fisher,Lawrence
2025,Audrey Weier,Lawrence
2025,Ally Corrente,Lawrence
2025,Annaliesse Schmall,Lawrence
2025,Britta Josephson,Lawrence
2025,Alayna Geiser,Lawrence
2025,Hazel Cook,Lawrence
2025,Amanda Vlkovic,Lawrence
2025,Margaret Hahnke,Lawrence
2025,Zoe Siegel,Lawrence
2025,Chania Tinch,Lawrence
2025,Mikala Seymour,Lawrence
2025,Aria Wessel,Lawrence
2025,Branwyn Lupton,Le Moyne
2025,Skylar Jehlen,Le Moyne
2025,Brooke Menke,Le Moyne
2025,Denali Louden,Le Moyne
2025,Jordyn Hamlin,Le Moyne
2025,Nil Ezgi Tasdelen,Le Moyne
2025,Nina Salas,Le Moyne
2025,Jazmin Rodriguez,Le Moyne
2025,Haley Buescher,Le Moyne
2025,Eiley Schneider,Le Moyne
2025,Haley Gerken,Le Moyne
2025,Cami Zajac,Le Moyne
2025,Piper Hooey,Le Moyne
2025,Payton Horan,Le Moyne
2025,Jules Mason,Le Moyne
2025,Kylee Urban,Ashland
2025,Samantha Young,Ashland
2025,Livi Miller,Ashland
2025,Kaylee Davis,Ashland
2025,Abbey Queen,Ashland
2025,Marin Dixon,Ashland
2025,Myia Etzler,Ashland
2025,Sara Krizsa,Ashland
2025,Kelsey Lykins,Ashland
2025,Tori Cravens,Ashland
2025,Macy McNamara,Ashland
2025,Ravin Morgan,Ashland
2025,Jenna Shedden,Ashland
2025,Sophia Samonek,Ashland
2025,Ella Bible,Ashland
2025,Lucy Schlotterer,Ashland
2025,Sydney Weickert,Ashland
2025,Josilyn Wadas,Ashland
2025,Mattea Penner,Lebanon Valley
2025,Brooke Olejniczak,Lebanon Valley
2025,Kylie Nagle,Lebanon Valley
2025,Teaguen Reynolds,Lebanon Valley
2025,Riley Mack,Lebanon Valley
2025,Jasmine Sullivan,Lebanon Valley
2025,Jillian Jefferys,Lebanon Valley
2025,Sofia Rios,Lebanon Valley
2025,Laylah Chestnut,Lebanon Valley
2025,Lyla Arfanella,Lebanon Valley
2025,Casey Levan,Lebanon Valley
2025,Margaret Cole,Lebanon Valley
2025,Libby Lindau,Lebanon Valley
2025,Sofia Okronley,Lebanon Valley
2025,Breanne Rotz,Lebanon Valley
2025,Marin Grossman,Lewis
2025,Hannah Dietzenbach,Lewis
2025,Chloe Fornetti,Lewis
2025,Grace Erwin,Lewis
2025,Avery Holubar,Lewis
2025,Lauren Buxton,Lewis
2025,Lily King,Lewis
2025,Reese Renfrow,Lewis
2025,Kynzie Lilly,Lewis
2025,Emma O'Neill,Lewis
2025,Mya Bajramovic,Lewis
2025,Sarah Newberry,Lewis
2025,Ann Kelly Velikov,Lewis
2025,Mary Zielinski,Lewis
2025,Kaileigh Krawiec,Lewis
2025,Hadley Rogge,Lewis
2025,Elena Gubera,Lewis
2025,Abigail Sullivan,Lewis
2025,Rachel Kaczorowski,Lewis
2025,Addison Lampe,Lewis
2025,Ella Skogman,Lewis
2025,Olivia Opstad,Lewis
2025,Sophia Tweel,Lewis
2025,Maggie Roddam,West Alabama
2025,Kenzie Nalls,West Alabama
2025,Mia McGuire,West Alabama
2025,Jana Petkovic,West Alabama
2025,Ava LaCoste,West Alabama
2025,Klára Bobánová,West Alabama
2025,Jazlyn Snow,West Alabama
2025,Cadence Goeden,West Alabama
2025,Bailey Keef,West Alabama
2025,Gracie Pierscinski,West Alabama
2025,Raven Grant,West Alabama
2025,Gracie Huver,West Alabama
2025,Katerina Korre,West Alabama
2025,Eli Hester,West Alabama
2025,KB Kinney,West Alabama
2025,Cloe Bonvillain,West Alabama
2025,Duru Seber,West Alabama
2025,Josephine Gellis,Assumption
2025,Makenna Glenn,Assumption
2025,Nora Sharkey,Assumption
2025,Madison Lupino,Assumption
2025,Marissa Krawczyk,Assumption
2025,Marguerita Sharkey,Assumption
2025,Natalie Brojek,Assumption
2025,Taryn Crowley,Assumption
2025,Ava Fernandes,Assumption
2025,Lily LeDuc,Assumption
2025,Grace Presswood,Assumption
2025,Allie Barton,Assumption
2025,Tatiana Calderin,Assumption
2025,Lily Petrocelli,Assumption
2025,Alyssa McDowell,Assumption
2025,Kaitlyn Montgomery,Assumption
2025,Brennah Abilheira-Cargill,Assumption
2025,Marisa Billone,Assumption
2025,Christine Mbachi,Assumption
2025,Thalia Urso,Assumption
2025,Reagan Irons,Lock Haven
2025,Olivia Taylor,Lock Haven
2025,Avery Nicholson,Lock Haven
2025,Natalie Acevedo,Lock Haven
2025,Salma Villa Morales,Lock Haven
2025,Katelynn Olmstead,Lock Haven
2025,Maddie Mitchell,Lock Haven
2025,Maddie Lacelle,Lock Haven
2025,Gabby Gealey,Lock Haven
2025,Payton Stanton,Lock Haven
2025,Avery Smith,Lock Haven
2025,Madelyn Wagner,Lock Haven
2025,Maddy Fox,Lock Haven
2025,Lola Coulter,Lock Haven
2025,Layla Katschilo,Lock Haven
2025,Myka Costanzo,Lock Haven
2025,Katrina Cowder,Lock Haven
2025,Gracelynn Wolzen,Lock Haven
2025,Elaina Schroeder,Loras
2025,Lexi Ebert,Loras
2025,Iva Senio,Loras
2025,Lucie Lambe,Loras
2025,Anna Wentz,Loras
2025,Cat Meyer,Loras
2025,Alexis Woltman,Loras
2025,Autumn Finch,Loras
2025,Zoe Schmitz,Loras
2025,Allie Burke,Loras
2025,Hailey Rautenstrauch,Loras
2025,Sophie Younkin,Loras
2025,Patrycja Jarzabek,Loras
2025,Isabel Hart,Loras
2025,McKenna Carroll,Loras
2025,Carrah Bainbridge,Loras
2025,Jaylyn Schwartz,Loras
2025,Katelyn Kitchen,Loras
2025,Leah McAndrews,Loras
2025,Jenna Gianoli,Loras
2025,Alyssa Purvis,Loras
2025,Alyssa Daughenbaugh,Loras
2025,Kyra Kuehn,Loras
2025,Emily Mohr,Loras
2025,Emerson Traylor,Louisiana Tech
2025,Sydnee Carter,Louisiana Tech
2025,Jailen Hurley,Louisiana Tech
2025,Shelby Hannah,Louisiana Tech
2025,Riley Steubing,Louisiana Tech
2025,Ryan Rusher,Louisiana Tech
2025,Carla Esquer,Louisiana Tech
2025,Giulia Bonifacio,Louisiana Tech
2025,Grace Krohn,Louisiana Tech
2025,Anaya Hairston,Louisiana Tech
2025,Gabrielle Hairston,Louisiana Tech
2025,Grace Luevanos,Louisiana Tech
2025,Sydnee Rodriguez,Louisiana Tech
2025,Charlize Williams,Louisiana Tech
2025,Kaeden Robinson,Louisiana Tech
2025,Megan Cooley,Louisiana Tech
2025,Zari Gillispie,Louisiana Tech
2025,Tasman Mullins,Loyola Marymount
2025,Isabella Ocampo,Loyola Marymount
2025,Mariana Simao,Loyola Marymount
2025,Sophia Keene,Loyola Marymount
2025,Delfina Schuh,Loyola Marymount
2025,Taly Acherboim,Loyola Marymount
2025,Kaitlyn Evans,Loyola Marymount
2025,Camille Pomeroy,Loyola Marymount
2025,Zaria Thornton,Loyola Marymount
2025,Gabriella Cascione,Loyola Marymount
2025,Sophie Stephenson,Loyola Marymount
2025,Kayla Lopez,Loyola Marymount
2025,Nicole Schuetz,Loyola Marymount
2025,Kyla Firestone,Loyola Marymount
2025,Leah Burrell,Loyola Marymount
2025,Maddie Boerstra,Loyola Marymount
2025,Cecily Bramschreiber,Loyola Marymount
2025,Izzy Rand,Luther
2025,Iris Elias,Luther
2025,Ella Goodnight,Luther
2025,Jarlyne Felix,Luther
2025,Kylie Zeigler,Luther
2025,Lindsay Hanson,Luther
2025,Hailey Schultz,Luther
2025,Lilly Hayden,Luther
2025,Phoebe Billingslea,Luther
2025,Lisa Schiltgen,Luther
2025,Mia Hernandez,Luther
2025,Ruby Gerhard,Luther
2025,McKinley Holien,Luther
2025,Joelle Halverson,Luther
2025,Natalie Crandall,Luther
2025,Jenna Langen,Luther
2025,Liv Glumack,Luther
2025,Madalyn Schutte,Luther
2025,Annika Franzen,Luther
2025,Victoria Gomez,Luther
2025,Julianne Lundvall,Luther
2025,Azaria McDonough,Luther
2025,Addie Leuthner,Luther
2025,Abi Houston,Luther
2025,Kaci Ruen,Luther
2025,Karoline Tiu,Luther
2025,Ima Mercado,Lycoming
2025,Haley Balgavy,Lycoming
2025,Lara DeFreitas,Lycoming
2025,Emi Wenger,Lycoming
2025,Charlene Petreshock,Lycoming
2025,Kamryn Skeith,Lycoming
2025,Addison Morgan,Lycoming
2025,Liz Mayer,Lycoming
2025,Gabrielle VonStein,Lycoming
2025,Alli Macensky,Lycoming
2025,Jadea Toth,Lycoming
2025,Ellie Dunkelberger,Lycoming
2025,Cameron Upcraft,Lycoming
2025,Caroline Colucci,Lycoming
2025,Angela Farnham,Lycoming
2025,Joelanna Stephens,Lycoming
2025,Morgan Cambria,Lycoming
2025,Rayna Burke,Lycoming
2025,Alexis Scipione,Lynchburg
2025,Noelle Slye,Lynchburg
2025,Cassi Blackmore,Lynchburg
2025,Ashlyn Davis,Lynchburg
2025,Haydyn Proscia,Lynchburg
2025,Morgan Clarke,Lynchburg
2025,Abbey Barlow,Lynchburg
2025,Emma Cash,Lynchburg
2025,Tiana Artese,Lynchburg
2025,Jaina Leek,Lynchburg
2025,Landon Spotts,Lynchburg
2025,Kyrie Thibodeau,Lynchburg
2025,Mya Green,Lynchburg
2025,Tori Williamson,Lynchburg
2025,Myranda Cummings,Lynchburg
2025,Ava Meinhardt,Lynchburg
2025,Kailey Keough,Lynchburg
2025,Cara Taylor,Lynchburg
2025,Leah DiNardo,Lynchburg
2025,Jamie Smith,Lynchburg
2025,Kate Hardie,Lynchburg
2025,Jacqueline Bryant,Lynchburg
2025,Brooklyn Layne,Lynchburg
2025,Bree Spainhour,Lynchburg
2025,Sarah Bohrer,Macalester
2025,Elizabeth Joo,Macalester
2025,MiLani Terrell,Macalester
2025,Avery Rahe,Macalester
2025,Camilia Jones,Macalester
2025,Hannah Morrow,Macalester
2025,Greta Seppanen,Macalester
2025,Lily Johnson,Macalester
2025,Adonia Anene,Macalester
2025,Alia Sherrow,Macalester
2025,Kailee Banta,Macalester
2025,Kalia Thao,Macalester
2025,Grace Watkins,Macalester
2025,Ella Cohen-Richie,Macalester
2025,Danielle Oji,Macalester
2025,Hannah Eisenman,Macalester
2025,Sydney Stratton,Macalester
2025,Chloe Ukle,MacMurray
2025,Kiley Wiechring,MacMurray
2025,Alexis Dolton,MacMurray
2025,Annikah Frank,MacMurray
2025,Shaely Rogers,MacMurray
2025,Carli Colbert,MacMurray
2025,Jaidan Servati,MacMurray
2025,Allison Montoya,MacMurray
2025,Layleah Williams-Gibson,MacMurray
2025,Marcette Williams,MacMurray
2025,Rylie Patterson,MacMurray
2025,Zoe Aldrich,MacMurray
2025,Madi Polasek,MacMurray
2025,Isabela Dorsey,MacMurray
2025,Lexi Anderson,MacMurray
2025,Grace Gustafson,MacMurray
2025,Jyllian Phillips,MacMurray
2025,Jesi Warren,MacMurray
2025,Jalie Miller,MacMurray
2025,Anya Staszko,Me.-Farmington
2025,Jen Vadnais,Me.-Farmington
2025,Jennifer Harle,Me.-Farmington
2025,Emily Bennett,Me.-Farmington
2025,Jennifer Tupper,Me.-Farmington
2025,Jordan Hohman,Me.-Farmington
2025,Kirby Silliboy,Me.-Farmington
2025,Julia Christie,Me.-Farmington
2025,Taylor Pitts,Me.-Farmington
2025,Nicole Osborne,Me.-Farmington
2025,Jaylin Lillquist,Augsburg
2025,Taliah Triggs,Augsburg
2025,Ava Carlson,Augsburg
2025,Sierra Washington,Augsburg
2025,Marley Mitchell,Augsburg
2025,Teagan Walter,Augsburg
2025,Ameerah Rogers,Augsburg
2025,Elizabeth Oster,Augsburg
2025,Gwynn Gorter,Augsburg
2025,Jovial King,Augsburg
2025,Emily Carrillo-Arzapalo,Augsburg
2025,Taylor Hoehns,Augsburg
2025,Maggie Lile,Augsburg
2025,Carmen Shimek,Augsburg
2025,New New,Augsburg
2025,Elise Uphoff,Augsburg
2025,Grace Hamilton,Augsburg
2025,Alayna Schultz,Augsburg
2025,Lola Pilon,Augsburg
2025,Samantha Andriola,Manhattanville
2025,Dominique Sanchez,Manhattanville
2025,Sofia Napolitano,Manhattanville
2025,Lea McIntyre,Manhattanville
2025,Amelia Morrison,Manhattanville
2025,Emily Brown,Manhattanville
2025,Izzy Mojica,Manhattanville
2025,Caylin Caballero,Manhattanville
2025,Cassidy Fallon,Manhattanville
2025,Rubi Gorospe,Manhattanville
2025,Alana Rivera Torres,Manhattanville
2025,Kaiel Maynor,Manhattanville
2025,Aurea Obradors,Manhattanville
2025,Loren Hernandez,Manhattanville
2025,Kayla Jennings,Manhattanville
2025,Madisen Miller,Minnesota St.
2025,Avery Klein,Minnesota St.
2025,Morgan Bjella,Minnesota St.
2025,Avery Rosenberg,Minnesota St.
2025,Savannah Meyer,Minnesota St.
2025,Jaelyn LaPlante,Minnesota St.
2025,Ellie Voth,Minnesota St.
2025,Olivia Sturgis,Minnesota St.
2025,Jadyn Lester,Minnesota St.
2025,Ellie Kline,Minnesota St.
2025,Emily Kern,Minnesota St.
2025,Emily Clausen,Minnesota St.
2025,Addison Foor,Minnesota St.
2025,Aiella Burgert,Minnesota St.
2025,Mary Satori,Minnesota St.
2025,Camryn Yoho,Marietta
2025,Taylor Wake,Marietta
2025,Karly Launder,Marietta
2025,Jayden Austermiller,Marietta
2025,Emily Grant,Marietta
2025,Karley Allwood,Marietta
2025,Keira Shannon,Marietta
2025,Hallie Habermehl,Marietta
2025,Emily Piehler,Marietta
2025,Emma Weiseman,Marietta
2025,Emory Spitler,Marietta
2025,Halee Williams,Marietta
2025,Jillian Fellers,Marietta
2025,McKenzie Heil,Marietta
2025,AnnaBelle Hacker,Marietta
2025,Kendyl Cannon,Marietta
2025,Sofia Clark,Marietta
2025,Kamryn Haynes,Marietta
2025,Lily Bond,Marietta
2025,Morgan Flaherty,Mary Baldwin
2025,Cydney Reyes,Mary Baldwin
2025,Tiffany O'Connell,Mary Baldwin
2025,Gabrielle Culanding,Mary Baldwin
2025,Naomi Lucas,Mary Baldwin
2025,Emily Penny,Mary Baldwin
2025,Kennedy Mills,Mary Baldwin
2025,Brooklynn Prince,Mary Baldwin
2025,Kirsten Williams,Mary Baldwin
2025,Alexa Ammerman,Mary Baldwin
2025,Delaney Bolbach,Mary Baldwin
2025,Alaina Avant,Mary Baldwin
2025,Sabrina Birts,Mary Baldwin
2025,Tiffany Carr,Mary Baldwin
2025,Kathryn Nguyen,Mary Baldwin
2025,Hayley DeShazo,Mary Baldwin
2025,Peyton Hall,Mary Baldwin
2025,Christal Newman,Mary Baldwin
2025,Hailey Bruce,Mary Baldwin
2025,Lauren Nelson,Augusta
2025,Hunter MacFarland,Augusta
2025,Giulia Rodrigues,Augusta
2025,Mia Saavedra,Augusta
2025,Serenity Jones,Augusta
2025,Lauren Posa,Augusta
2025,Ronya Shackelford,Augusta
2025,Sofiia Snitsarevych,Augusta
2025,Angela Mateos,Augusta
2025,Sydney Harrington,Augusta
2025,Libby Nickels,Augusta
2025,Shadé Rich,Augusta
2025,Isis Barrett,Augusta
2025,Layne Witherspoon,Augusta
2025,Patrycja Kabala,Augusta
2025,Emerson Aber,Marymount (VA)
2025,Caylee Walsh,Marymount (VA)
2025,Elizabeth Stackpole,Marymount (VA)
2025,Renae Rohrer,Marymount (VA)
2025,Alexis Bumah,Marymount (VA)
2025,Hailey LaBonte,Marymount (VA)
2025,Sabrina Schoeberlein,Marymount (VA)
2025,Ava Humphries,Marymount (VA)
2025,Eliana Knaub,Marymount (VA)
2025,Jessica Rothermel,Marymount (VA)
2025,Olivia Silfies,Marymount (VA)
2025,Johanna Modica,Marymount (VA)
2025,Mallory Sell,Maryville (MO)
2025,Ella Domian,Maryville (MO)
2025,Kaitlyn Lindsay,Maryville (MO)
2025,Ellie Witthaus,Maryville (MO)
2025,Emma Hoing,Maryville (MO)
2025,Olivia Klump,Maryville (MO)
2025,Lynsey Batson,Maryville (MO)
2025,Payton Mandac,Maryville (MO)
2025,Caroline Glastetter,Maryville (MO)
2025,Hailey Levinson,Maryville (MO)
2025,Ella Brinkmann,Maryville (MO)
2025,Rachel Schipper,Maryville (MO)
2025,Delaney Lemay,Maryville (MO)
2025,Kadie Tarasiewicz,Maryville (MO)
2025,Leslie Longanbach,Maryville (MO)
2025,Taylor Reynolds,Maryville (MO)
2025,Cami Kohmetscher,Maryville (MO)
2025,Lily Brown,Maryville (MO)
2025,Ava Cooper,Maryville (MO)
2025,Tess Connolly,Marywood
2025,Julia Strohm,Marywood
2025,Gracee Work,Marywood
2025,Emilie Agnoli,Marywood
2025,Libby Zick,Marywood
2025,Abby Cole,Marywood
2025,Andrea Fraga,Marywood
2025,Taylor Hallam,Marywood
2025,Leah Zambetti,Marywood
2025,Ryleigh Hart,Marywood
2025,Ayla Bransford,Marywood
2025,Taylor Howard,Marywood
2025,Genevieve Pollock,Marywood
2025,Bailey Burns,Marywood
2025,Kameryn Cortinas,Marywood
2025,Carolina Samaniego,Marywood
2025,Catie Woolf,Marywood
2025,Genevieve Mennemeyer,Marywood
2025,Daphne Gavros,MIT
2025,Lexi Foland,MIT
2025,Jennifer Cen,MIT
2025,Emery Fertic,MIT
2025,Ali Gibbs,MIT
2025,Amy Ye,MIT
2025,Jessie Trapp,MIT
2025,Ella Zhou,MIT
2025,Claire Underwood,MIT
2025,Jillian Amaro,MIT
2025,Kayleigh May,MIT
2025,Julia Tolstova,MIT
2025,Maya Licznerski,MIT
2025,Adelyn Wyndham,MIT
2025,Cate Haley,MIT
2025,Sophia Song,MIT
2025,Eileen Sadati,MIT
2025,Carmela Carbone,Augustana (IL)
2025,Kacie Swanson,Augustana (IL)
2025,Katelyn Turley,Augustana (IL)
2025,Mallory Coley,Augustana (IL)
2025,Alyssa Millan,Augustana (IL)
2025,Eva Zimmerman,Augustana (IL)
2025,Lucy Pufundt,Augustana (IL)
2025,Abby Kirchner,Augustana (IL)
2025,Emma McAuliffe,Augustana (IL)
2025,Samantha Carlson,Augustana (IL)
2025,Leah Rizzo,Augustana (IL)
2025,Brianna Rios,Augustana (IL)
2025,Grace Gustafson,Augustana (IL)
2025,Alita Folkening,Augustana (IL)
2025,Alexis Richards,Augustana (IL)
2025,Rory Geroux,Augustana (IL)
2025,Alyse Murphy-Spiteri,Augustana (IL)
2025,Carli Udovich,Augustana (IL)
2025,Breanna Ebert,Augustana (IL)
2025,Lanah Queckboerner,Augustana (IL)
2025,Grace Lichthardt,Augustana (IL)
2025,Emilia Frankiewicz,Augustana (IL)
2025,Kelsey Mathews,Augustana (IL)
2025,Elle Jones,Augustana (IL)
2025,Samantha Cooney,Mercy
2025,Grace Dilena,Mercy
2025,Marichelle Rodriguez,Mercy
2025,Isabella Brown,Mercy
2025,Adriana Rivera Rodriguez,Mercy
2025,Mia Illes-Hair,Mercy
2025,Ella Buonauro,Mercy
2025,Gabriela Bieniek,Mercy
2025,Kori Sessions,Mercy
2025,Sophia Chapman,Mercy
2025,Kamila Colon,Mercy
2025,Sophia Stack,Mercy
2025,Janneliz Rodriguez Fuentes,Mercy
2025,Roslyn Guerra,Mercyhurst
2025,Brice Hansen,Mercyhurst
2025,Celia Koselny,Mercyhurst
2025,Aliyah Angelici,Mercyhurst
2025,Alia Mastromatteo,Mercyhurst
2025,Camryn Ketron,Mercyhurst
2025,Jessica Wilson,Mercyhurst
2025,Madison Miner,Mercyhurst
2025,Payton Melin,Mercyhurst
2025,Kaitlin Murphy,Mercyhurst
2025,Kelsie Gaiter-Davis,Mercyhurst
2025,Trinity Tatupu,Mercyhurst
2025,Mia Mattingly,Mercyhurst
2025,Julia Shepherd,Mercyhurst
2025,Auroya Brown,Mercyhurst
2025,Sarah Barnum,Mercyhurst
2025,Mevelyn Brazoban,Mercyhurst
2025,Alyssa Krause,Mercyhurst
2025,Sydney Forcht,Mercyhurst
2025,Ava Carney,Mercyhurst
2025,Katherine Picozzi,Mercyhurst
2025,Anna Logan,Mercyhurst
2025,Andrea Zaric,Mercyhurst
2025,Megan Murray,Meredith
2025,Katelyn Patterson,Meredith
2025,Mackenzie Pope,Meredith
2025,Emily Haas,Meredith
2025,Caroline Prease,Meredith
2025,Ellie Ward,Meredith
2025,Maddie Aveline,Meredith
2025,Hailey Evans,Meredith
2025,Karaleigh Dodson,Meredith
2025,Callie Branch,Meredith
2025,Caitlyn Russell,Meredith
2025,Kinley Copeland,Meredith
2025,Sara Dees,Meredith
2025,Lillie Davis,Meredith
2025,Delaney Lowery,Meredith
2025,Reagan Kresho,Meredith
2025,Jeallen Holland,Meredith
2025,Daven Brabble,Meredith
2025,Alyssa Poteat,Meredith
2025,Ellie Walker,Augustana (SD)
2025,Lucy Cogan,Augustana (SD)
2025,Mya Vandrovec,Augustana (SD)
2025,Shelby Barwick,Augustana (SD)
2025,Lucy Belisle,Augustana (SD)
2025,Brooke Berens,Augustana (SD)
2025,Kiylah Franke,Augustana (SD)
2025,Maya Wente,Augustana (SD)
2025,Reagan Jansen,Augustana (SD)
2025,Gabby Jones,Augustana (SD)
2025,Kelby Opland,Augustana (SD)
2025,Alexis Nelson,Augustana (SD)
2025,Sydney Tims,Augustana (SD)
2025,Karalynn Leach,Augustana (SD)
2025,Maddie Muellner,Augustana (SD)
2025,Ava Tiahrt,Augustana (SD)
2025,Clara Hoegh,Augustana (SD)
2025,Sierra Fried,Augustana (SD)
2025,Jazmen Kutey,Augustana (SD)
2025,Courtney Wolf,Messiah
2025,Sydney Wolfe,Messiah
2025,Taylor Grove,Messiah
2025,Leah Youtzy,Messiah
2025,Hannah Thomas,Messiah
2025,Erin Eby,Messiah
2025,Claire Marzolino,Messiah
2025,Cassidy Dell,Messiah
2025,Julie-Kathryn Tolar,Messiah
2025,Ellie Hansen,Messiah
2025,Laura Smith,Messiah
2025,Julia Bowen,Messiah
2025,Makenzie Adams,Messiah
2025,Katie Quesenberry,Messiah
2025,Hannah MacCartney,Messiah
2025,Cynthia Boller,Messiah
2025,Shelby,Messiah
2025,Trynity Martin,MSU Denver
2025,Skyler Michael,MSU Denver
2025,Mia Accomazzo,MSU Denver
2025,Brooke Gennerman,MSU Denver
2025,Karyna Werley,MSU Denver
2025,Alivia Huxoll,MSU Denver
2025,Alyssa Boyte,MSU Denver
2025,Annika Helf,MSU Denver
2025,Kailyn Polzin,MSU Denver
2025,Megan Hagar,MSU Denver
2025,Isabel Purrington,MSU Denver
2025,Emerson Dillon,MSU Denver
2025,GabriElle Brewer,MSU Denver
2025,Kryssa Moerman,MSU Denver
2025,Katie Brisk,Aurora
2025,Meredith Milz,Aurora
2025,Trinity Nelson,Aurora
2025,Jessica Williams,Aurora
2025,Izabella Kowalczyk,Aurora
2025,Jalynn Skaggs,Aurora
2025,Carolyn Lippe,Aurora
2025,Joslynn Mehaffy,Aurora
2025,Peyton Darguzis,Aurora
2025,Katelyn Ruse,Aurora
2025,Addyson Timpane,Aurora
2025,Samantha Torres,Aurora
2025,Sophie Knazur,Aurora
2025,Riley Moreno,Aurora
2025,Marie Reichman,Aurora
2025,Alissa Hulst,Aurora
2025,Erin Henkel,Aurora
2025,Ava Knight,Aurora
2025,Amanda Schaffer,Aurora
2025,Coley Di Silvio,Aurora
2025,Izzy Turner,Aurora
2025,Courtlyn Brockway,Aurora
2025,Kayla Trawick,Miles
2025,Tracey Thomas,Miles
2025,Karea Copeland,Miles
2025,Laylah Sanders,Miles
2025,Addisyn Doss,Miles
2025,Trinidy Gaines,Miles
2025,Eliyah McIlwain,Miles
2025,Precious Sturdivant,Miles
2025,Jaida Lloyd,Miles
2025,Kori Brown,Miles
2025,Zion Rucker,Miles
2025,Zahria Jackson,Miles
2025,Zion Williams,Miles
2025,Saraih Taylor,Miles
2025,Kandace Griffin,Miles
2025,Kiersten Hight,Miles
2025,Anya Creecy,Miles
2025,Khloe Johnson,Miles
2025,Makenzie Muscarello,Millersville
2025,Sidonia Cecco,Millersville
2025,Becca Hartranft,Millersville
2025,Julia Chunta,Millersville
2025,Hailey Lazur,Millersville
2025,Margaux Kellum,Millersville
2025,Olivia Jones,Millersville
2025,Marin Esch,Millersville
2025,Addy Van Oosten,Millersville
2025,Amanda Protzman,Millersville
2025,Caitlyn Verespy,Millersville
2025,Caroline Halsey,Millersville
2025,Alex Nava,Millersville
2025,Sam White,Millersville
2025,Taylor Welter,Millersville
2025,Trinity Baldwin,Millersville
2025,Kinsey Reuwer,Millersville
2025,Kat Dalessio,Millersville
2025,Krista Dowling,Millersville
2025,Kylee Schurig,Millersville
2025,Annika Gunderson,Millersville
2025,Danielle Baker,Millersville
2025,Hope Self,Millikin
2025,Kyra Carothers,Millikin
2025,Alexis Stengel,Millikin
2025,Haylee Porter,Millikin
2025,Alice Tomaszewski,Millikin
2025,Emma Laatsch,Millikin
2025,Kylie Ramirez,Millikin
2025,Alyssa Frederking,Millikin
2025,Elle Richards,Millikin
2025,Riley Holliday,Millikin
2025,Isabelle Martinelle,Millikin
2025,Addison Oyer,Millikin
2025,Delaney Higgins,Millikin
2025,Rylie Kuhle,Millikin
2025,Maggie Sternquist,Millikin
2025,Charley Condill,Millikin
2025,Nikkel Johnson,Millikin
2025,Samantha Breckenridge,Millikin
2025,Gabriella Ricci,Millikin
2025,Payton Hale,Millikin
2025,Bre Black,Millikin
2025,Lily Bumpers,Millsaps
2025,Trista Naquin,Millsaps
2025,Caroline Russo,Millsaps
2025,Olivia Danos,Millsaps
2025,Lily Luneau,Millsaps
2025,Mallory Richardson,Millsaps
2025,London Bean,Millsaps
2025,Madelynn Sasser,Millsaps
2025,Mara Colón,Millsaps
2025,Morgan Perry,Millsaps
2025,Sandy Bourgeois,Millsaps
2025,Abigail Drury,Millsaps
2025,Ally Baer,Millsaps
2025,Jenna Nattinger,Millsaps
2025,Atlee Gonzales,Millsaps
2025,Laila Fredieu,Millsaps
2025,Ryan Mika,Millsaps
2025,Tatum Husby,Millsaps
2025,Anna Ware,Millsaps
2025,Kinney Boyle,Millsaps
2025,Zoë LaCaze,Millsaps
2025,Amelia Bohl,Millsaps
2025,McCullough Lawson,Millsaps
2025,Rachel Zamjahn,Millsaps
2025,Abigail Hoelscher,Millsaps
2025,Brietta Tims,Minn. Duluth
2025,Karsyn Winchell,Minn. Duluth
2025,McKenzie Burke,Minn. Duluth
2025,Mollie Rupp,Minn. Duluth
2025,Paige Decker,Minn. Duluth
2025,Kendra Behrens,Minn. Duluth
2025,Brooke Aslakson,Minn. Duluth
2025,Madison Reed,Minn. Duluth
2025,Ava Jones,Minn. Duluth
2025,Georgia Koscielak,Minn. Duluth
2025,Emma Reincke,Minn. Duluth
2025,Grace Mueller,Minn. Duluth
2025,Xada Johnson,Minn. Duluth
2025,Ella Chandler,Minn. Duluth
2025,Julianne Hon,Minn. Duluth
2025,Kylie Broten,Minn. Duluth
2025,Madeline Guetzkow,Minn. Duluth
2025,Elyse Karrels,Minn. Duluth
2025,Felicity Pratt,Mississippi College
2025,Emma Levingston,Mississippi College
2025,Rylie Widener,Mississippi College
2025,Sophia Saxon,Mississippi College
2025,Aubrie Lay,Mississippi College
2025,Audrianna Green,Mississippi College
2025,Mary Grace Foster,Mississippi College
2025,Reese Regner,Mississippi College
2025,Meg Paparella,Mississippi College
2025,Ellie Foco,Mississippi College
2025,Maeve Allen,Mississippi College
2025,Samarin Kipple,Mississippi College
2025,Cydney Mitchell,Mississippi College
2025,Holland Williams,Mississippi College
2025,Rhaia Davey,Mississippi College
2025,Ashlynn Hawkins,Mississippi Valley State
2025,Mikayla Lee,Mississippi Valley State
2025,Brooklyn Brunt,Mississippi Valley State
2025,Jadyn Rambo,Mississippi Valley State
2025,Lyric Edwards,Mississippi Valley State
2025,Aniyah Moore,Mississippi Valley State
2025,Toni Clemons,Mississippi Valley State
2025,Leticia Franco,Mississippi Valley State
2025,Torre Giron,Mississippi Valley State
2025,Madison Conley,Mississippi Valley State
2025,Alaya Rhodes,Mississippi Valley State
2025,Mariana Franco,Mississippi Valley State
2025,Carmella Jones,Mississippi Valley State
2025,Dashaun Pinesette,Mississippi Valley State
2025,Jaazaniah Calvert,Mississippi Valley State
2025,Carrington Archer,Mississippi Valley State
2025,Taylor Wooten,Mississippi Valley State
2025,Mya McClain,Missouri S&T
2025,Adelyn Weiler,Missouri S&T
2025,Anaya Roberts,Missouri S&T
2025,Addie Schoenberger,Missouri S&T
2025,Annie Arand,Missouri S&T
2025,Kaitlyn Brady,Missouri S&T
2025,Elly Decker,Missouri S&T
2025,Reese Massey,Missouri S&T
2025,Avery Patton,Missouri S&T
2025,Danielle Wilke,Missouri S&T
2025,Lexi Kosmopolis,Missouri S&T
2025,Kyra Mueller,Missouri S&T
2025,Selin Ozdemir,Missouri S&T
2025,Elise Mehaffy,Missouri S&T
2025,Kate Zipprich,Missouri S&T
2025,Lydia Hartman,Missouri-St. Louis
2025,Rylee Edson,Missouri-St. Louis
2025,Addison Voorhees,Missouri-St. Louis
2025,Marly Burbach,Missouri-St. Louis
2025,Caitlin Bishop,Missouri-St. Louis
2025,Anna Kohmetscher,Missouri-St. Louis
2025,Bridget Cassady,Missouri-St. Louis
2025,Aline Kellenberger,Missouri-St. Louis
2025,Maggie Johnson,Missouri-St. Louis
2025,Brooklyn Young,Missouri-St. Louis
2025,Iyannah Jackson,Missouri-St. Louis
2025,Skylar Weaver,Missouri-St. Louis
2025,Alayna Santel,Missouri-St. Louis
2025,Reese Baker,Missouri-St. Louis
2025,Hannah Copeland,Missouri-St. Louis
2025,Leah Allan,Monmouth (IL)
2025,Tyla Mattson,Monmouth (IL)
2025,Melina Teunis,Monmouth (IL)
2025,Tayler Raska,Monmouth (IL)
2025,Lauren Aldrich,Monmouth (IL)
2025,Alana Robertson,Monmouth (IL)
2025,Kaylee Celus,Monmouth (IL)
2025,Lily Zapp,Monmouth (IL)
2025,Shea Scott,Monmouth (IL)
2025,Hannah Ivancho,Monmouth (IL)
2025,Hazel Hill,Monmouth (IL)
2025,Ivey Clarke,Monmouth (IL)
2025,CeCe Palladino,Monmouth (IL)
2025,Chloe Strachan,Monmouth (IL)
2025,Bailey Hill,Monmouth (IL)
2025,Zoe Nizzia,Monmouth (IL)
2025,Brynn Hogan,Monmouth (IL)
2025,Bri Woodard,Monmouth (IL)
2025,Rachel Green,Averett
2025,Kadence Woodlief,Averett
2025,Sydney Mounce,Averett
2025,Ella Jabaley,Averett
2025,Nina Moore,Averett
2025,Adeline Fortenberry,Averett
2025,Tahani Villines,Averett
2025,Megan Litman,Averett
2025,Sydney Carbone,Averett
2025,Kyleigh Rains,Averett
2025,Alyssa Hatcher,Averett
2025,Laney Beaver,Averett
2025,Brianna Larios,Averett
2025,Emily Phillips,Averett
2025,Alexa Martin,Averett
2025,Allie Wilkerson,Averett
2025,Dayton Moore,Averett
2025,Fabiola Medina,Penn St.-Abington
2025,Angel Morales,Penn St.-Abington
2025,Hailey Revak,Penn St.-Abington
2025,Isabella Koch,Penn St.-Abington
2025,Naomi Seymour,Penn St.-Abington
2025,Shelleece Genaille,Penn St.-Abington
2025,Ella McDonough,Penn St.-Abington
2025,Brynn Atkins,Penn St.-Abington
2025,Kayla Mason,Penn St.-Abington
2025,Ally Sanders,Penn St.-Abington
2025,Zayna Jamaladdin,Penn St.-Abington
2025,Ryenn Mamrosch,Penn St.-Abington
2025,Maddie Welch,Penn St.-Abington
2025,Ellie Van Otten,Penn St.-Abington
2025,Olivia Juan,Penn St.-Abington
2025,Maya Giles,Penn St.-Abington
2025,Danielle Langham,Penn St.-Abington
2025,Morgan Schaefer,Penn St.-Abington
2025,Alyssa Flickinger,Penn St.-Abington
2025,Mari Banjoff,Penn St.-Abington
2025,Maddie Gajewski,Penn St.-Abington
2025,Jada Williams,Morgan St.
2025,Mya Karrick,Morgan St.
2025,Viktoria Zelubowski,Morgan St.
2025,Isabelle Brown,Morgan St.
2025,Hannah Chappelle,Morgan St.
2025,Tameary Wardlaw,Morgan St.
2025,Jenae Mason,Morgan St.
2025,Hanna Nemeth,Morgan St.
2025,Daniela Ferreira,Morgan St.
2025,Mele Taumoepeau,Morgan St.
2025,Aubrey Wilson,Morgan St.
2025,Selah Brashear,Morgan St.
2025,Tyrah Weems,Morgan St.
2025,Zayda Thomas,Morgan St.
2025,Mikaela Esparza,Morgan St.
2025,Jordan Williams,Morgan St.
2025,Chloe Scott,Morgan St.
2025,Zoe Ackerman,Babson
2025,Misaki Harte,Babson
2025,Hailey Fouche,Babson
2025,Angelina Holm,Babson
2025,Allison Molendyk,Babson
2025,Isabella Allen,Babson
2025,Sofia Ibarra,Babson
2025,Sabina Frosk,Babson
2025,Sophia Shaw,Babson
2025,Harmony Powers,Babson
2025,Emma Watts,Babson
2025,Natalie Molendyk,Babson
2025,Nora Whitehurst,Babson
2025,Cate Wasserman,Babson
2025,Nyapech Gony,Babson
2025,Ailsa Munro,Babson
2025,Devon Burke,Babson
2025,Liberty May,Babson
2025,Quinn Kane,Babson
2025,Paige Staley,CMSV
2025,Gabrielle Mills,CMSV
2025,Olivia Dutzer,CMSV
2025,Jessica Broderick,CMSV
2025,Alexandra-Lyn Caballero,CMSV
2025,Emma Sioson,CMSV
2025,Anna Nolasco,CMSV
2025,Adrianna Euell,CMSV
2025,Earline Mercado-Ford,CMSV
2025,Sophia Mandalakis,CMSV
2025,Dominique Otranto,CMSV
2025,Katherine Torres,CMSV
2025,Emma Contes,CMSV
2025,Alyssa Padgett,CMSV
2025,Carly Snyder,CMSV
2025,Sienna Martin,CMSV
2025,Lauren Leonce,CMSV
2025,Stephanie Rodriguez,CMSV
2025,Ava Bolen,Mount Union
2025,DeLani Durst,Mount Union
2025,Lily Kekic,Mount Union
2025,Skylar Schmidt,Mount Union
2025,Sadie Thomas,Mount Union
2025,Allie Gunn,Mount Union
2025,Lanie Schultz,Mount Union
2025,Ava Norton,Mount Union
2025,Riley Meister,Mount Union
2025,Zoe Sweigart,Mount Union
2025,Abby DeGeorge,Mount Union
2025,Sam Cantrell,Mount Union
2025,Jordin Kauffman,Mount Union
2025,Olivia Hayes,Mount Union
2025,Averi Haley,Mount Union
2025,Ryann Kanable,Mount Union
2025,Cami Welty,Mount Union
2025,Olivia Fehrenbacher,Mount Union
2025,Gracelyn Skupski,Mount Union
2025,Molly McKee,Mount Union
2025,Avery Ollinger,Mount Union
2025,Anna Mihacevich,Mount Union
2025,Layla Scott,Muhlenberg
2025,Abigail Oswari,Muhlenberg
2025,Camila Leyes,Muhlenberg
2025,Jenny Ryan,Muhlenberg
2025,Maddy Budris,Muhlenberg
2025,Natalia Agnolet,Muhlenberg
2025,Olivia Bruno,Muhlenberg
2025,Ansley Asche,Muhlenberg
2025,Emma Laskaj,Muhlenberg
2025,Bailey Crampton,Muhlenberg
2025,Chloe Gaglione,Muhlenberg
2025,Kelliann Keogh,Muhlenberg
2025,Christina Marcin,Muhlenberg
2025,Kelly Stephen,Muhlenberg
2025,Andrea Romero-Agosto,Muhlenberg
2025,Chelsea Plummer,Nazareth
2025,Jenna Mattison,Nazareth
2025,Rylie Loomis,Nazareth
2025,Anna Malbone,Nazareth
2025,Alana Lucey,Nazareth
2025,Madison Wethje,Nazareth
2025,Zipporah Sparkman,Nazareth
2025,Sara Glose,Nazareth
2025,Jennifer Rundell,Nazareth
2025,Alannah Roberts,Nazareth
2025,Madeline Saunders,Nazareth
2025,Hailey Trank,Nazareth
2025,Liz Moran,Nazareth
2025,Leah Fusilli,Nazareth
2025,Sarah Harvey,Nazareth
2025,Sydney Spence,Nazareth
2025,Katie Evans,Nazareth
2025,Olivia Atkins,Nazareth
2025,Lorianna Mattutat,Nazareth
2025,Sydney Benson,Neb. Wesleyan
2025,Raegan Holle,Neb. Wesleyan
2025,McKenna Smith,Neb. Wesleyan
2025,Ava Moffitt,Neb. Wesleyan
2025,Gabi Tederman,Neb. Wesleyan
2025,Elecea Saathoff,Neb. Wesleyan
2025,Ella Foote,Neb. Wesleyan
2025,Claudia Riggert,Neb. Wesleyan
2025,Caroline Eastman,Neb. Wesleyan
2025,Delaney Ferguson,Neb. Wesleyan
2025,Macy Plucker,Neb. Wesleyan
2025,Hailey Anderson,Neb. Wesleyan
2025,Ava Stone,Neb. Wesleyan
2025,Grayson Piening,Neb. Wesleyan
2025,Kobie Patten,Neb. Wesleyan
2025,Grace Dehmer,Neb. Wesleyan
2025,Jera Schuerman,Neb. Wesleyan
2025,Sophia Chavez,Neb. Wesleyan
2025,Addison Stewart,Neb. Wesleyan
2025,Taytum Miller,Neb. Wesleyan
2025,Mikyna Stoppkotte,Neb. Wesleyan
2025,Kimberly Garman,Neb. Wesleyan
2025,Jordyn Hill,Neb. Wesleyan
2025,Molly Ramirez,Neb. Wesleyan
2025,Ellah Hofer,Neb. Wesleyan
2025,Alexandra Seijas-Quea,New England Col.
2025,Tyra Kelly,New England Col.
2025,Kristina Cardello,New England Col.
2025,Lily Cunanan,New England Col.
2025,Aurora Gutierrez-Macias,New England Col.
2025,Victoria Barragan,New England Col.
2025,Naydeen Martinez-Moreno,New England Col.
2025,Maeve Amarosa,New England Col.
2025,Lily-Anne Heywood,New England Col.
2025,Ajaelah Poulin,New England Col.
2025,Kaylee Montgomery,New England Col.
2025,Samantha Winters,New England Col.
2025,Maddy Rollinson,New England Col.
2025,LisaRaye Placencio,New England Col.
2025,Teagan Saner,New England Col.
2025,Jamie Hansen,New England Col.
2025,Brooke Vaughan,Southern N.H.
2025,Laura Haas,Southern N.H.
2025,Jordyn Carroll,Southern N.H.
2025,Jayden Chapman,Southern N.H.
2025,Ariana Davila,Southern N.H.
2025,Ananda Burgos,Southern N.H.
2025,Alexandra Friebolin,Southern N.H.
2025,Julia Petersen,Southern N.H.
2025,Meri Ibrahimi,Southern N.H.
2025,Daya Jean-Baptiste,Southern N.H.
2025,Kyra Pickles,Southern N.H.
2025,Sophie Chevalier,Southern N.H.
2025,Jaelyn Miles,Southern N.H.
2025,Katherine Blinn,Southern N.H.
2025,Alejandra Mejia,New Haven
2025,Payton Malinoski,New Haven
2025,Lauren Fick,New Haven
2025,Hannah Adderly,New Haven
2025,Sophia Patitucci,New Haven
2025,Evelyn Kay Girard,New Haven
2025,Emma Kamau,New Haven
2025,Kassadi Avent,New Haven
2025,Victoria Trunkl,New Haven
2025,Naliah Grannell,New Haven
2025,Sofia Kamke,New Haven
2025,Juli De Acharan,New Haven
2025,Jordan Northcutt,New Haven
2025,Zaira Kearns,New Haven
2025,Emma Logsdon,New Haven
2025,Lauren MacKellar,New Haven
2025,Josie Foster,New Haven
2025,Kira Lynch,New Haven
2025,Caroline Johnston,New Haven
2025,Liahnna Orange,New Haven
2025,Kole Fluckiger,New Haven
2025,Kaitlyn Sato,NYU
2025,Charlotte Reff,NYU
2025,Duru Topcu,NYU
2025,Stella Dillon,NYU
2025,Alden Roberts,NYU
2025,Catherine Maffei,NYU
2025,Casey Cho,NYU
2025,Helena Foord,NYU
2025,Sienna Morales,NYU
2025,Chloe Lemons,NYU
2025,Daniela Laing,NYU
2025,Grace Nelson,NYU
2025,Jessica Spierenburg,NYU
2025,Coco Barton,NYU
2025,Sarah Beville,NYU
2025,Tatum Chase,NYU
2025,Sarah Lattan,NYU
2025,Jessica Ding,NYU
2025,Amiya Kuchibhotla,NYU
2025,Eveliena Pasmooij,NYU
2025,Felicia Wu,NYU
2025,EvaJolie Cavalier,NYU
2025,Ava Launsbach,NYU
2025,Chloe Hynes,NYU
2025,Rosalynda Russo,CCNY
2025,Rachael Reyes,CCNY
2025,Gia Skenderi,CCNY
2025,Kejsi Metko,CCNY
2025,Victoria Hernandez,CCNY
2025,Nila Tom,CCNY
2025,Danuzia Caixeta Palmer,CCNY
2025,Jia Hua Liu,CCNY
2025,Serena Warner,CCNY
2025,Ivanna Zamora Sanchez,CCNY
2025,Rayhanna Bailey,CCNY
2025,Caminea Layman,Nichols
2025,Mairead Frost,Nichols
2025,Alyssa Morse,Nichols
2025,Melina Bezati,Nichols
2025,Jhudny Pierre,Nichols
2025,Regan Hendricks,Nichols
2025,Carly Chapman,Nichols
2025,Maille Ianniruberto,Nichols
2025,Ruby St. Onge,Nichols
2025,Faith Sydoriak,Nichols
2025,Gabrielle McKayle,Nichols
2025,Kya Burdier,Nichols
2025,Elizabeth Mullen,Nichols
2025,Brooke Partridge,Nichols
2025,Angelina Steiger,Nichols
2025,Ava Martindale,North Alabama
2025,Olivia Fenoff,North Alabama
2025,Ally Greenwell,North Alabama
2025,Kinslee McGowan,North Alabama
2025,Lankford Gurner,North Alabama
2025,Kendall Barnes,North Alabama
2025,Nicole Sargent,North Alabama
2025,Landri Ross,North Alabama
2025,Reese Ricketts,North Alabama
2025,Jessi Ritchhart,North Alabama
2025,Jolana Smidlova,North Alabama
2025,Paris McQuirter,North Alabama
2025,Jenna Kolosta,North Alabama
2025,Hayley Martin,North Alabama
2025,Dylann Garner,North Alabama
2025,Amelia Keating,North Alabama
2025,Anahi Alvarado,N.C. A&T
2025,Zariah Winton,N.C. A&T
2025,Tyne Ross,N.C. A&T
2025,Valeria Estrada,N.C. A&T
2025,Charlie Meadoweal,N.C. A&T
2025,Lili Radnai,N.C. A&T
2025,Nicole Ellis,N.C. A&T
2025,Mikala Sampson,N.C. A&T
2025,Daja Warren,N.C. A&T
2025,Leonor Polezzi,N.C. A&T
2025,Luca Radnai,N.C. A&T
2025,Lily Bannister,N.C. A&T
2025,Jada Hampton,N.C. A&T
2025,Camden Scott,N.C. A&T
2025,Gaia Riedmüller,Barry
2025,Varvara Osychenko,Barry
2025,Veronika Eremeeva,Barry
2025,Kennedy Conrad,Barry
2025,Sofya Sinkova,Barry
2025,Sarah Willey,Barry
2025,Petra Brkicic,Barry
2025,Alondra Lebron,Barry
2025,Sophia Custodio,Barry
2025,Ester Pushkarov,Barry
2025,McKayla Theleus,Barry
2025,Thalia Iglesias,Barry
2025,Ivana Žujovic,Barry
2025,Layla Pelly,Barry
2025,Valeriya Kozlova,Barry
2025,Ava Ross,Barry
2025,Frankie Good,Barry
2025,Jadyn Smith,N.C. Wesleyan
2025,Lillian Rafferty,N.C. Wesleyan
2025,Fiona Egan,N.C. Wesleyan
2025,Shay Lunsford,N.C. Wesleyan
2025,Brooklynn Covic,N.C. Wesleyan
2025,Sadie Schramm,N.C. Wesleyan
2025,Cheney Jackson,N.C. Wesleyan
2025,Chloe Baggett,N.C. Wesleyan
2025,Amber Pierce,N.C. Wesleyan
2025,Alexis Pope,N.C. Wesleyan
2025,Emily Foraker,N.C. Wesleyan
2025,Reagan Harris,N.C. Wesleyan
2025,Morgan Smith,N.C. Wesleyan
2025,Jenna Pilkenton,N.C. Wesleyan
2025,Lauren Martin,N.C. Wesleyan
2025,Savannah Banks,N.C. Wesleyan
2025,Emilee Wilson,N.C. Wesleyan
2025,Ashley Hinton,N.C. Wesleyan
2025,Brooke Mandozzi,N.C. Wesleyan
2025,Xenia Gonzales,North Park
2025,SaeAuna Reynolds,North Park
2025,Carolina Aviles,North Park
2025,Tiziana Balestra,North Park
2025,Ivy Newville,North Park
2025,Grace Rapacz,North Park
2025,Rian Hobbs,North Park
2025,Cate Freeman,North Park
2025,Carmella Rio,North Park
2025,Grace Morrow,North Park
2025,Cassidy Mullens,North Park
2025,Kyla Wooden,North Park
2025,Shamyia Collier,North Park
2025,Hafsa Kalami,North Park
2025,Kharlie Simeona-French,North Park
2025,Macarena Rodriguez,North Park
2025,Leila Becovic,North Park
2025,Payton Smith,North Park
2025,Annaliese Rottman,North Park
2025,Kayna Kanemoto,North Park
2025,Maya Huelsman,North Park
2025,Riana Hayes,North Park
2025,Zoë Longeval,North Park
2025,Dyanara Knapp Olivera,North Park
2025,Tessa Wabiszewski,North Park
2025,Kendal Britton,North Park
2025,Meg Rothermel,North Park
2025,Michaela Goad,Truman State
2025,Ella Diercks,Truman State
2025,Tori Creason,Truman State
2025,Kendra Shimon,Truman State
2025,Addy Janssen,Truman State
2025,Adalyn Galbraith,Truman State
2025,Lily Porter,Truman State
2025,Makayla Way,Truman State
2025,Jessie Julius,Truman State
2025,Autumn Erickson,Truman State
2025,Dani Kurth,Truman State
2025,Hannah Hosty,Truman State
2025,Jessica Proszenyak,Truman State
2025,Elise Gibson,Truman State
2025,Molly Lambert,Truman State
2025,Laci Neece,Truman State
2025,Katie Patrinos,Bates
2025,Sofia Castiglioni,Bates
2025,Jordan Blackburn,Bates
2025,Jaime Bartley-Cohen,Bates
2025,Ami Evans,Bates
2025,Ellie Asada,Bates
2025,Isabel Bettencourt,Bates
2025,Emma Patard,Bates
2025,Bella Lomet,Bates
2025,Kate Arés,Bates
2025,Nora Gilmer,Bates
2025,Malina Young,Bates
2025,Kate Norry,Bates
2025,Lauren Croom,Bates
2025,Anaïs Reneaum,Bates
2025,Logan Yogi,Bates
2025,Remi Madison,Northern Michigan
2025,Lauren Cardwell,Northern Michigan
2025,Taylor Smaka,Northern Michigan
2025,McKenzie Gruner,Northern Michigan
2025,Kaysie Bakke,Northern Michigan
2025,Helen Beiring,Northern Michigan
2025,KC Fortune,Northern Michigan
2025,Grace Allen,Northern Michigan
2025,Emilia Gulock,Northern Michigan
2025,Madison York,Northern Michigan
2025,Rayne Thompson,Northern Michigan
2025,Kaylie McIntosh,Northern Michigan
2025,Liesl Haugen,Northern Michigan
2025,Aydan Dalak,Northern Michigan
2025,Sydney Bartels,Northern Michigan
2025,Lyvia Misegades,Northern Michigan
2025,Allie Barlow,Northern Michigan
2025,Morgan Kuhl,Northern Michigan
2025,Larsen Bonnstetter,Northern Michigan
2025,Logan Keller,Northwest Missouri State
2025,Maddie Roenfeld,Northwest Missouri State
2025,Gabrielle Gartner,Northwest Missouri State
2025,Ellery Luhring,Northwest Missouri State
2025,Elle Heckenlively,Northwest Missouri State
2025,Ella Caffery,Northwest Missouri State
2025,Kasidy Mohwinkle,Northwest Missouri State
2025,Sophia Gartner,Northwest Missouri State
2025,Chloee Hayes,Northwest Missouri State
2025,Abby Bulthuis,Northwest Missouri State
2025,Morgan Dominick,Northwest Missouri State
2025,Jada Smith,Northwest Missouri State
2025,Kate Frakes,Northwest Missouri State
2025,Natalie Herrington,Northwest Missouri State
2025,Maja Noehrer,Northwest Missouri State
2025,Karsen VanScoy,Northwest Missouri State
2025,Isabella Vasapolli,Norwich
2025,Sarah DeBot,Norwich
2025,Taylor,Norwich
2025,Grace Davie,Norwich
2025,Kelsey Slane,Norwich
2025,Brook Wolcott,Norwich
2025,Cameryn Jenkins,Norwich
2025,Elexis Powell,Norwich
2025,Vanessa Whitmill,Norwich
2025,Charlotte Johnson,Norwich
2025,Bella Belldina Ray,Norwich
2025,Autumn Parkhurst,Norwich
2025,Iris Archibald,Oberlin
2025,Jillian Jendsen,Oberlin
2025,Josie Macdonald,Oberlin
2025,Nickiah Walker,Oberlin
2025,Brylie Peters,Oberlin
2025,Lucy Goebel,Oberlin
2025,Evelyn Welton,Oberlin
2025,Kate Budde,Oberlin
2025,Makela Reid,Oberlin
2025,Mara Geiger,Oberlin
2025,Zeynep Kaya,Oberlin
2025,Genna Gauthier,Oberlin
2025,Alira Allen,Oberlin
2025,Izzy Knudsen,Occidental
2025,Kendall Taylor,Occidental
2025,Elizabeth Sonza,Occidental
2025,Ariana Carranza,Occidental
2025,Jaleen Tseng,Occidental
2025,Anna Schubert,Occidental
2025,Kayla Owens,Occidental
2025,Anna Curtis-Revelle,Occidental
2025,Elizabeth Hulett,Occidental
2025,Katelyn Cajigas,Occidental
2025,Sarah Boncore,Occidental
2025,Ayla Shores,Occidental
2025,Elizabeth Hermosillo,Occidental
2025,Kayla Moul,Occidental
2025,Maggie Adams,Occidental
2025,Abby Werbel,Occidental
2025,Meara Hayes,Occidental
2025,Corinne Van Haeren,Occidental
2025,Eyleen Sanchez,Occidental
2025,Eliana Channell,Occidental
2025,Sloane Shoop,Occidental
2025,Jasmine Shum,Occidental
2025,Lila Payne,Occidental
2025,Addison Tanton,SUNY Oneonta
2025,Lillian Slattery,SUNY Oneonta
2025,Keira Welsh,SUNY Oneonta
2025,Anna Moller,SUNY Oneonta
2025,Abigail Harper,SUNY Oneonta
2025,Hailey Herrera,SUNY Oneonta
2025,Sabrina Squicciarini,SUNY Oneonta
2025,Mikayla Kendrick,SUNY Oneonta
2025,Cadence Meltz,SUNY Oneonta
2025,Lily Pugliese,SUNY Oneonta
2025,Kayla Kean,SUNY Oneonta
2025,Abby Stevens,SUNY Oneonta
2025,Shea Landversicht,SUNY Oneonta
2025,Layla Pertchik,SUNY Oneonta
2025,Corynna Manjos,SUNY Oneonta
2025,Colleen McCabe,SUNY Oneonta
2025,Emma Morretta,SUNY Oneonta
2025,Sydney Kurtz,SUNY Oneonta
2025,Juliana Santafemia,Oswego St.
2025,Harper Phinney,Oswego St.
2025,Grace Gdovin,Oswego St.
2025,Piper Adams,Oswego St.
2025,Gabriella Bishop,Oswego St.
2025,Lilaina Nelson,Oswego St.
2025,CJ Eidem,Oswego St.
2025,Priscilla McReynolds,Oswego St.
2025,Lauren Cropp,Oswego St.
2025,Samantha Madigan,Oswego St.
2025,Mya Bush,Oswego St.
2025,Gigi Basile,Oswego St.
2025,Alexandra Fairbanks,Oswego St.
2025,Alaina Dudzinski,Oswego St.
2025,Leanna Rupert,Oswego St.
2025,Kalley Vugteveen,Oswego St.
2025,Emily Lyga,Oswego St.
2025,Emma Steiger,Otterbein
2025,Madison Lacy,Otterbein
2025,Gabi Whittenburg,Otterbein
2025,Maddie Mergen,Otterbein
2025,Olivia Krill,Otterbein
2025,Madison Keith,Otterbein
2025,Annie Casper,Otterbein
2025,Brooke Barb,Otterbein
2025,Ashley Kefauver,Otterbein
2025,Ava Wolfe,Otterbein
2025,Kayla Lechnir,Otterbein
2025,Claire Baker,Otterbein
2025,Payton Powell,Otterbein
2025,Grace Ganz,Otterbein
2025,Elise Adelman,Otterbein
2025,Olivia Jurcevic,Otterbein
2025,Lexi Scott,Otterbein
2025,Bailee Toadvine,Otterbein
2025,Makenzie Schellenberger,Otterbein
2025,Lauren Neisel,Otterbein
2025,Addison Matovich,Otterbein
2025,Chandler Crowell,Otterbein
2025,Olivia Vitaz,Otterbein
2025,Emerson Baum,Otterbein
2025,Camila Rodriguez,Pace
2025,Kadence Ackmann,Pace
2025,Sara Griesbauer,Pace
2025,Cyanna Shirley,Pace
2025,Emily Cineus,Pace
2025,Ileann Alessandra Perez,Pace
2025,Alice Bender,Pace
2025,Jaliyah Johnson,Pace
2025,Makenna Crawford,Pace
2025,Aralyn Saulys,Pace
2025,Theodora Kiriakosian,Pace
2025,Keelah Chambliss,Pace
2025,Skyler Tennant,Pace
2025,McKenzie Eddington,Pace
2025,Leah Mendez,Pace
2025,Katie Brandl,Bemidji St.
2025,Taylor Martin,Bemidji St.
2025,Anna Paquette,Bemidji St.
2025,Nevaeh Carlson,Bemidji St.
2025,Zayda Priebe,Bemidji St.
2025,Lily Riese,Bemidji St.
2025,Madison Tripp,Bemidji St.
2025,Kayla Gallagher,Bemidji St.
2025,Kylie Struble,Bemidji St.
2025,Lydia Bengtson,Bemidji St.
2025,Katrina Thompson,Bemidji St.
2025,Ava Athman,Bemidji St.
2025,Ella Kratochvil,Bemidji St.
2025,Jada Wlodarczyk,Bemidji St.
2025,Karley Dunham,Bemidji St.
2025,Ava Boelter,Bemidji St.
2025,Isabella Vander Velden,Bemidji St.
2025,Kylie Gustafson,Bemidji St.
2025,Grace Hoffard,Bemidji St.
2025,Irelynd Lorenzen,Pepperdine
2025,Chloe Pravednikov,Pepperdine
2025,Emma McMahon,Pepperdine
2025,Brynne McGhie,Pepperdine
2025,Iva Popovic,Pepperdine
2025,Charis Kai,Pepperdine
2025,Tristen Raymond,Pepperdine
2025,Grace Jackson,Pepperdine
2025,Ella Irwin,Pepperdine
2025,Maggie Beauer,Pepperdine
2025,Ryan Gilhooly,Pepperdine
2025,Nalani Muniz,Pepperdine
2025,Alice Vigano,Pepperdine
2025,Ella Piskorz,Pepperdine
2025,Vanessa Polk,Pepperdine
2025,Laine Briggs,Pepperdine
2025,Jaysa Even,Jefferson
2025,Victoria Hamby,Jefferson
2025,Evelyn Banks,Jefferson
2025,Danni Fuller,Jefferson
2025,Kate Hines,Jefferson
2025,Yalerie Acevedo,Jefferson
2025,Abby Schessler,Jefferson
2025,Alexa Pomeroy,Jefferson
2025,Emily McKenna,Jefferson
2025,Evelynn Mufalli,Jefferson
2025,Pemi Areola,Jefferson
2025,Gabby Titus,Jefferson
2025,Meredith Adams,Jefferson
2025,Morgan Martin,Jefferson
2025,Liz Tanis,Jefferson
2025,Brianna Gritzman,Jefferson
2025,Jessica Krug,Pitt.-Johnstown
2025,Tatum Hall,Pitt.-Johnstown
2025,Liredys Casiano,Pitt.-Johnstown
2025,Avery Barrett,Pitt.-Johnstown
2025,Ellie Zuro Cirino,Pitt.-Johnstown
2025,Abby Berry,Pitt.-Johnstown
2025,Avery Koontz,Pitt.-Johnstown
2025,Alanna Rivera,Pitt.-Johnstown
2025,Caroline Knight,Pitt.-Johnstown
2025,Mallory Pinske,Pitt.-Johnstown
2025,Journey Welling,Pitt.-Johnstown
2025,Natalie Lippincott,Pitt.-Johnstown
2025,Brooke Pelloni,Pitt.-Johnstown
2025,Dannika Susko,Pitt.-Johnstown
2025,Sadie Reese,Pitt.-Johnstown
2025,Isabella Gomez,Pitt.-Johnstown
2025,Anna Ritter,Pitt.-Johnstown
2025,Kiara Harmon,Pitt.-Johnstown
2025,Sasha Purdin,Pitt.-Johnstown
2025,KC Burke,Plattsburgh St.
2025,Liya Girma,Plattsburgh St.
2025,Darby Collyear,Plattsburgh St.
2025,Taylor Murray,Plattsburgh St.
2025,Kyleigh Ganz,Plattsburgh St.
2025,Katie Salphine,Plattsburgh St.
2025,Melina Morillo,Plattsburgh St.
2025,Elena Stavroulakis,Plattsburgh St.
2025,Alyssa Marcellus,Plattsburgh St.
2025,Iris Mulvey,Plattsburgh St.
2025,Maggie Lyon,Plattsburgh St.
2025,Anabella Almeida,Plattsburgh St.
2025,Emily O'Brien,Plattsburgh St.
2025,Jen Longway,Plattsburgh St.
2025,Cathryn Todd,Plattsburgh St.
2025,Sanaia Estime,Plattsburgh St.
2025,Bridget Ryan,Plattsburgh St.
2025,Lindsay Pedersen,Plattsburgh St.
2025,Nayla Ward,Pomona-Pitzer
2025,Maddie Tately,Pomona-Pitzer
2025,Nicole Rabadi,Pomona-Pitzer
2025,Alex Besteman,Pomona-Pitzer
2025,Hanna Chen,Pomona-Pitzer
2025,Mikayla Hsieh,Pomona-Pitzer
2025,CC Porter,Pomona-Pitzer
2025,Tene Ariyo,Pomona-Pitzer
2025,Sophie Mies,Pomona-Pitzer
2025,Anna Krebs,Pomona-Pitzer
2025,Paige Butler,Pomona-Pitzer
2025,Samantha Grabb,Pomona-Pitzer
2025,Corrina Benson,Pomona-Pitzer
2025,Alena Yang,Pomona-Pitzer
2025,Paige Mountanos,Pomona-Pitzer
2025,Sophia Lee,Pomona-Pitzer
2025,Charlotte Sekerka,Pomona-Pitzer
2025,Ella Mesard,Pomona-Pitzer
2025,Savanna Cespedes,Pomona-Pitzer
2025,Natalie Potter,Pomona-Pitzer
2025,Mackenzie Bravo Woo,Pomona-Pitzer
2025,La'Jai Wilson,Benedict
2025,Jadyn Murry,Benedict
2025,Willow Alls,Benedict
2025,Angelic Carter,Benedict
2025,Dove Jackson,Benedict
2025,Aiyo Price,Benedict
2025,Kylie Jackson,Benedict
2025,DeMyah Jackson,Benedict
2025,Akili Jones,Benedict
2025,Mia Burgess,Benedict
2025,Krislenn Lucas,Benedict
2025,Desire' Young,Benedict
2025,Nyla Troncoso,Benedict
2025,Kennedi Hill,Benedict
2025,Meredith Harnden,SUNY Potsdam
2025,Gabriella Luna,SUNY Potsdam
2025,Carli Knapp,SUNY Potsdam
2025,Rachel Madore,SUNY Potsdam
2025,Raven Sessoms,SUNY Potsdam
2025,Sophia Layer,SUNY Potsdam
2025,Logan Georgia,SUNY Potsdam
2025,Sarah Ruffos,SUNY Potsdam
2025,Ella Murtagh,SUNY Potsdam
2025,Maggie Paluch,SUNY Potsdam
2025,Madison Gilliland,SUNY Potsdam
2025,Olivia Eves,SUNY Potsdam
2025,Noelle Redeye,SUNY Potsdam
2025,Emily Prest,SUNY Potsdam
2025,Jacqueline Fornabia,SUNY Potsdam
2025,Julia Holmes,SUNY Potsdam
2025,Samantha Clookey,SUNY Potsdam
2025,Ashlee Hagerman,SUNY Potsdam
2025,Christa Opeodu,Prairie View A&M
2025,MaKinzie Taplin,Prairie View A&M
2025,Terasita Caldwell,Prairie View A&M
2025,Camille Middleton,Prairie View A&M
2025,Adlene Jideofor,Prairie View A&M
2025,Jade Coates,Prairie View A&M
2025,Ariana Spell,Prairie View A&M
2025,Leila Smalls,Prairie View A&M
2025,Tayler Ruffin,Prairie View A&M
2025,Carrington Cook,Prairie View A&M
2025,Iyonna Sherwood,Prairie View A&M
2025,Kylee Owens,Prairie View A&M
2025,Valencia Wilder,Prairie View A&M
2025,D'Mya Hill,Prairie View A&M
2025,Kenedy Massie,Prairie View A&M
2025,Akira Anderson,Puget Sound
2025,Hadley Haselden,Puget Sound
2025,Viviann Garcia,Puget Sound
2025,Erin Fagan,Puget Sound
2025,Samantha Keightley,Puget Sound
2025,Chamberlin Farley,Puget Sound
2025,Ashley McMaster,Puget Sound
2025,Mackenzie Leith,Puget Sound
2025,Lauren Ly,Puget Sound
2025,Jordan Warner,Puget Sound
2025,Randi Rush,Puget Sound
2025,Amelia Reed,Puget Sound
2025,Calista Davis,Puget Sound
2025,Makela Pick,Puget Sound
2025,Ellery La Fever,Puget Sound
2025,Alexis Higgins,Puget Sound
2025,Nicolette Raduziner,Puget Sound
2025,Gianna Friendy,Puget Sound
2025,Flannery Lundgren,Puget Sound
2025,Ursula Harrington,Puget Sound
2025,Meredith Coleman,Puget Sound
2025,Mia Fedota,Puget Sound
2025,Hattie Villegas,Puget Sound
2025,Maddie Badger,Puget Sound
2025,Skya Favor,Puget Sound
2025,Olivia Hyman,Queens (NY)
2025,Sophie Schonauer,Queens (NY)
2025,Nourhan Hadjeb,Queens (NY)
2025,Kylynn White,Queens (NY)
2025,Asuka Shibue,Queens (NY)
2025,Elena Leung,Queens (NY)
2025,Isabella Garcia Valencia,Queens (NY)
2025,Alex Fernandez,Queens (NY)
2025,Lindsay Osterhoudt,Queens (NY)
2025,Elizabeth Cerullo,Queens (NY)
2025,Jayna Marie Lorenzo,Queens (NY)
2025,Kendall Conrad,Queens (NY)
2025,Maya Angelova,Queens (NY)
2025,Selin Turgut,Quincy
2025,Avery Taylor,Quincy
2025,Milica Stamenic,Quincy
2025,Joya Hurey-Scott,Quincy
2025,Blaike Knolhoff,Quincy
2025,Lily Fjell,Quincy
2025,Shelby Fabbri,Quincy
2025,Amber Glen,Quincy
2025,Erin Matzke,Quincy
2025,Janelle Pye-Blacknard,Quincy
2025,Alice Pavan,Quincy
2025,Elena Kasavica,Quincy
2025,Kenzie Bernard,Quincy
2025,Lilly Marth,Quincy
2025,Sharon Philip,Quincy
2025,Reese Van Duyne,Quincy
2025,Susanna Beretti,Quincy
2025,Zeynep Cetin,Quincy
2025,Suraya Newman,Quincy
2025,Bre Banks,Quincy
2025,Abby Vongsiri,Quincy
2025,Pinar Dugeroglu,Quincy
2025,Ella Dinnie,Quincy
2025,Macey Rocco,Quincy
2025,Anna Hinton,Quincy
2025,Ashley Zent,Quincy
2025,Lilly Krueger,Quincy
2025,Gianna Del Bosque,Quincy
2025,Sofia Torres,Quincy
2025,Asiyah Ba'th,Quincy
2025,Macy Danner,Quincy
2025,Emma Garcia,Ramapo
2025,Natalya Polkowski,Ramapo
2025,Emily Tepale,Ramapo
2025,Claudia Cosme,Ramapo
2025,Jaclyn Neira,Ramapo
2025,Scarlett Melick,Ramapo
2025,Katie Bishop,Ramapo
2025,Jalen Lacy,Ramapo
2025,Kaitlyn Van Zile,Ramapo
2025,Aubrey Agcaoili,Ramapo
2025,Emilia Ristevska,Ramapo
2025,Alyssa Edmond,Ramapo
2025,Catherine Bardzell,Ramapo
2025,Asya Akar,Ramapo
2025,Wendy Palaguachi,Ramapo
2025,Valentina Palen,Ramapo
2025,Jasmine Rolle,Ramapo
2025,Mia Goode,Randolph-Macon
2025,Karen Kwiatek,Randolph-Macon
2025,Caitlin Smith,Randolph-Macon
2025,Marie Hall,Randolph-Macon
2025,Kaitlyn Kaplan,Randolph-Macon
2025,Tennessee Gooch,Randolph-Macon
2025,Lily Macias,Randolph-Macon
2025,Ella Courtney,Randolph-Macon
2025,Delaney McDonald,Randolph-Macon
2025,Sydney Wade,Randolph-Macon
2025,Karlie Morris,Randolph-Macon
2025,Grace Ostvig,Randolph-Macon
2025,Allison Lach,Randolph-Macon
2025,Kennedy McDowney,Randolph-Macon
2025,Carlie Mariano,Randolph-Macon
2025,Trinity Makley,Randolph-Macon
2025,Milly Mach,Randolph-Macon
2025,Maggie O'Hare,Randolph
2025,Tatianna Langston,Randolph
2025,Caroline Towle,Randolph
2025,Jaelle Hinkle,Randolph
2025,Mackenzie Woodson,Randolph
2025,Mary Park,Randolph
2025,Kelsey Bowler,Randolph
2025,Brooklyn Finnerty,Randolph
2025,Jamie Galinis,Randolph
2025,Abby Maldonado,Randolph
2025,Emma Nelson,Randolph
2025,McKayla Padgett,Randolph
2025,Meagan Kesler,Randolph
2025,Caroline York,Randolph
2025,Neiah Lymas,Randolph
2025,Kailee Turner,Randolph
2025,Cameron Cox,Randolph
2025,Nadia Warrior,Randolph
2025,Makenna Vanhofwegen,Redlands
2025,Emily Kitchin,Redlands
2025,Lauren Culala,Redlands
2025,Lilly Klinedinst,Redlands
2025,Whitney Farrell,Redlands
2025,Elizabeth Moyer,Redlands
2025,Lily Houston,Redlands
2025,Kaitlyn DeLong,Redlands
2025,'Ale'amaikalani Paiva,Redlands
2025,Paige Sugg,Redlands
2025,Esha Ball,Redlands
2025,Avery Aminoff,Redlands
2025,Hannah Hajnal,Redlands
2025,Ainsley Dyerly,Redlands
2025,Emma Murphy,Redlands
2025,Lily Kautai,Redlands
2025,Cecily Wagstaff,Redlands
2025,Makaila Brooks,Redlands
2025,Carter Meyers,Redlands
2025,Lauryn Uyemura,Regis (CO)
2025,Kendal Allaire,Regis (CO)
2025,Brooke Sanford,Regis (CO)
2025,Sabrina Landman,Regis (CO)
2025,Bailey Nichols,Regis (CO)
2025,Krissy Brei,Regis (CO)
2025,Alayna Pruitt,Regis (CO)
2025,Isabella Smith,Regis (CO)
2025,Aaliyah Rodrakkwan,Regis (CO)
2025,Braiziah Dixon,Regis (CO)
2025,Jacie Kaniho,Regis (CO)
2025,Paula Pesoa,Rhode Island College
2025,Brookelyn Feola,Rhode Island College
2025,Yuleisy Alvelo,Rhode Island College
2025,Daniella Escudero,Rhode Island College
2025,Caroline Morrell,Rhode Island College
2025,Talia Lewis,Rhode Island College
2025,Olivia Rollinson,Rhode Island College
2025,Andrayah Williams,Rhode Island College
2025,Carolyn Bailey,Rhode Island College
2025,Sarina Marines,Rhode Island College
2025,Grace Luchka,Rhode Island College
2025,Olivia Miranda,Rhode Island College
2025,Bethanie Jean-Philippe,Rhode Island College
2025,Marina Colonis,Rhode Island College
2025,Jocelyn Sigouin-Adorno,Rhode Island College
2025,Mackenzie Marcoux,Rhode Island College
2025,Sydnee Pires,Rhode Island College
2025,Noelle Patenaude,Rhode Island College
2025,Mackenzie Geer,Rhodes
2025,Rachel Clarke,Rhodes
2025,Olivia Wiseman,Rhodes
2025,Ashlyn Martin,Rhodes
2025,Belle Lukemire,Rhodes
2025,Maggie Lukemire,Rhodes
2025,Caroline Short,Rhodes
2025,Sophie Snodgrass,Rhodes
2025,Martha Greene,Rhodes
2025,Meg Gebhart,Rhodes
2025,Hadley Wright,Rhodes
2025,Yzzi Dsamou,Rhodes
2025,Chloe Davis,Rhodes
2025,Isabella Kvetensky,Rhodes
2025,Luca Prest,Rhodes
2025,Emma Clark,Rhodes
2025,KK Sowers,Rhodes
2025,Hope Wehrli,Rhodes
2025,Rilee Fletcher,Ripon
2025,Emily Braun,Ripon
2025,Lainie Heizler,Ripon
2025,Addi Johnson,Ripon
2025,Bryn Carlson,Ripon
2025,Brooklyn Tranberg,Ripon
2025,Mattea Jacobson,Ripon
2025,Sydney Klein,Ripon
2025,Haylee Kast,Ripon
2025,Hannah Michaels,Ripon
2025,Michaela Riege,Ripon
2025,MaKayla Gardner,Ripon
2025,Samantha Differt,Ripon
2025,Evelyn Dominguez Trujillo,Ripon
2025,Alexis Wieczorek,Ripon
2025,Tristin Arlen,Ripon
2025,Makenna Harren,Ripon
2025,Olivia Mills,Baruch
2025,Pei Qiong Ren,Baruch
2025,Diandra Ruiz,Baruch
2025,Jennifer Dong,Baruch
2025,Karolina Lundqvist,Baruch
2025,Maya Rybka,Baruch
2025,Ava Tartour,Baruch
2025,Isabel Torres,Baruch
2025,Haley Castaneda,Baruch
2025,Tika Jones,Baruch
2025,Dibjot Kaur,Baruch
2025,Karen Pozo Castro,Baruch
2025,Alicia Graves,Baruch
2025,Ella Wang,Baruch
2025,Mariajose Ortiz-Marmolejo,Baruch
2025,Raquel Morales,Rochester (NY)
2025,Iliana Balaskas,Rochester (NY)
2025,Valeria Berrios Puig,Rochester (NY)
2025,Paige Stephenson,Rochester (NY)
2025,Ruby Moore,Rochester (NY)
2025,Caroline Hoag,Rochester (NY)
2025,Katie Westerheim,Rochester (NY)
2025,Sancia Williams,Rochester (NY)
2025,McKenzie McDonald,Rochester (NY)
2025,Myla Nover-Estes,Rochester (NY)
2025,Rylee Bergeron,Rochester (NY)
2025,Lilly Kraemer,Rochester (NY)
2025,Juliette Azzariti,Rochester (NY)
2025,Shanya Alvarez,Rochester (NY)
2025,Maren Smith,Rochester (NY)
2025,Isis Pribble,Rochester (NY)
2025,Ellen Porter,Rochester (NY)
2025,Lydia Weeks,Rochester (NY)
2025,Claire Feczko,Rochester (NY)
2025,Keara Ross,Rockford
2025,Kennedy Bryant,Rockford
2025,Amelia Rodriguez,Rockford
2025,Chloe Green,Rockford
2025,Kali Szostek,Rockford
2025,Tamsy Leverton,Rockford
2025,Carlie Buetsch,Rockford
2025,Jalyn Rhodes,Rockford
2025,Ashley Mersch,Rockford
2025,Leila Cooks,Rockford
2025,Chloe Chaffin,Rockford
2025,Jayce Shaw,Rockford
2025,Emmerson Heun,Rockford
2025,Ashley Miller,Rockford
2025,Savannah Crooks,Rockford
2025,Isabella Valdes,Rockford
2025,Adele Kasper,Roger Williams
2025,Izzy Unsworth,Roger Williams
2025,Emma Bosco,Roger Williams
2025,Samantha Devino,Roger Williams
2025,Marianna Hernandez,Roger Williams
2025,Victoria Lisboa,Roger Williams
2025,Peyton Felix,Roger Williams
2025,Jillian Smith,Roger Williams
2025,Zoe Scilbelli,Roger Williams
2025,Kaylee Jackson,Roger Williams
2025,Ava McGonagle,Roger Williams
2025,Kaydence Fish,Roger Williams
2025,Lily Winsten,Roger Williams
2025,Angela West,Roger Williams
2025,Brianna Picchietti,Roger Williams
2025,Samantha Johnson,Roger Williams
2025,Michaela McGovern,Roger Williams
2025,Claire Davis,Roger Williams
2025,Lily Ebright,Rose-Hulman
2025,Morgan Dalebout,Rose-Hulman
2025,Emi Fisher,Rose-Hulman
2025,Amaya Harrell,Rose-Hulman
2025,Desiree Beverley,Rose-Hulman
2025,Shae Clements,Rose-Hulman
2025,Marleena Armstrong,Rose-Hulman
2025,Julia Irmen,Rose-Hulman
2025,Ellie Harshany,Rose-Hulman
2025,Aurora Schmidt,Rose-Hulman
2025,Julia Vamos,Rose-Hulman
2025,Greta Carlson,Rose-Hulman
2025,Emma Blanton,Rose-Hulman
2025,Kierra Leick-Bjorklund,Rose-Hulman
2025,Keira Ohse,Rose-Hulman
2025,Peyton Blackwell-Spangler,Rose-Hulman
2025,Hannah Bergfeld,Rose-Hulman
2025,Angelyse Orellana,Rutgers-Newark
2025,Sabrina Suquinagua,Rutgers-Newark
2025,Miley Clenaghan,Rutgers-Newark
2025,Shayla Moody-Santos,Rutgers-Newark
2025,Jaedyn Simba-Malasarte,Rutgers-Newark
2025,Brianna Walters,Rutgers-Newark
2025,Katelyn Koo,Rutgers-Newark
2025,Kelly Perez,Rutgers-Newark
2025,Cyan Long,Rutgers-Newark
2025,Cameron Corino,Rutgers-Newark
2025,Olivia Neff,Rutgers-Newark
2025,Helen Bilomasur,Rutgers-Newark
2025,Nicole Sullivan,Rutgers-Newark
2025,Mia Espinoza,Rutgers-Newark
2025,Mariam Dosouki Mohamed,Rutgers-Newark
2025,Yasmin Rodrigues,Rutgers-Newark
2025,Tracey Ilderis,Rutgers-Newark
2025,Fabiana Ayala,Rutgers-Newark
2025,Madeline Burke,St. Anselm
2025,Ashley Roinnel,St. Anselm
2025,Hollyn Frano,St. Anselm
2025,Sam Pila,St. Anselm
2025,Petrina Ofori,St. Anselm
2025,Melis Kocak,St. Anselm
2025,Taylor Lacerda,St. Anselm
2025,Annabelle Stabach,St. Anselm
2025,Etta Rocco,St. Anselm
2025,Peyton Elward,St. Anselm
2025,Miia Dembski,St. Anselm
2025,Addison Shelton,St. Anselm
2025,Mckenna O'Connell,St. Anselm
2025,Veronica Gomez,St. Anselm
2025,Skylar Ryan,St. Anselm
2025,Chaeli Haupert,Saint Benedict
2025,Izzy Torve,Saint Benedict
2025,Kate Stadum,Saint Benedict
2025,Ginny Schuler,Saint Benedict
2025,Brooke Andries,Saint Benedict
2025,Brooke Siegle,Saint Benedict
2025,Allison Banse,Saint Benedict
2025,McKenna Moehrle,Saint Benedict
2025,Antonia Chowhan,Saint Benedict
2025,Kali Jones,Saint Benedict
2025,Keira McManus,Saint Benedict
2025,Ingrid Noha,Saint Benedict
2025,Mackenzie Knofczynski,Saint Benedict
2025,Katie Blahoski,Saint Benedict
2025,Libby Burns,Saint Benedict
2025,Sydney Elliott,Saint Benedict
2025,Emma Wasiloski,Saint Benedict
2025,Liz Rosen,St. Catherine
2025,Jalyn Wolle,St. Catherine
2025,Josie Popp,St. Catherine
2025,Grace Nelson,St. Catherine
2025,Manee Mostaghimi,St. Catherine
2025,Claudia Chmielewski,St. Catherine
2025,Alivia Hanover,St. Catherine
2025,Addison Preuss,St. Catherine
2025,Maddie Newton,St. Catherine
2025,Marta Haugen,St. Catherine
2025,Madison Fagan,St. Catherine
2025,Quin Parish,St. Catherine
2025,Mallory Johnson,St. Catherine
2025,Sophia Barbie,St. Catherine
2025,Emily Bredman,St. Catherine
2025,Alexa Carlstrom,St. Catherine
2025,Emma Nordeen,St. Catherine
2025,Addison Vandereide,St. Catherine
2025,Nisaan Martinez,Alabama A&M
2025,Rayishon Jackman,Alabama A&M
2025,Mckenzie Charles,Alabama A&M
2025,Sana Dennis,Alabama A&M
2025,Caitlin Shaw,Alabama A&M
2025,Cailyn Hollinquest,Alabama A&M
2025,Carys Sanabria,Alabama A&M
2025,Nevaeh Johnson,Alabama A&M
2025,Kaydee Smith,Alabama A&M
2025,Samaurya Mahone,Alabama A&M
2025,Tamirea Taylor,Alabama A&M
2025,Fatima Ramirez,Alabama A&M
2025,Cherrish Robinson,Alabama A&M
2025,Nhya Morgan,Alabama A&M
2025,Kemora Coachman,Alabama A&M
2025,Isabella Fleurima,Alabama A&M
2025,Briana Smith,Alabama A&M
2025,Saniya Spalding,Alabama A&M
2025,Aspen Creekmore,Alabama A&M
2025,Keyara Scott-Johnson,Alabama A&M
2025,Bailey Wallace,Alabama A&M
2025,Kelani Talakai,Alabama A&M
2025,Cali Johnson,Bethel (MN)
2025,Lauren Hetfeld,Bethel (MN)
2025,Sara Scherber,Bethel (MN)
2025,Eleanor Pelzel,Bethel (MN)
2025,Peyton Howie,Bethel (MN)
2025,Chiara Houser,Bethel (MN)
2025,Adalyn Hermanson,Bethel (MN)
2025,Bridget Quinn,Bethel (MN)
2025,Mattie Petersen,Bethel (MN)
2025,Ellie Van Namen,Bethel (MN)
2025,Kaylynn Barns,Bethel (MN)
2025,Grace Therrien,Bethel (MN)
2025,Rachel Dieleman,Bethel (MN)
2025,Lexi Tuma,Bethel (MN)
2025,Sophie Jacques,Bethel (MN)
2025,Gabriella Arntson,Bethel (MN)
2025,Jada Henrikson,Bethel (MN)
2025,Olivia Johnson,Bethel (MN)
2025,Cosette Carto,Bethel (MN)
2025,Sophia Rubio,Bethel (MN)
2025,Hannah Penke,Bethel (MN)
2025,Kiera Hartpence,St. John Fisher
2025,Madalyn Bouton,St. John Fisher
2025,Lydia Fraser,St. John Fisher
2025,Erika Edholm,St. John Fisher
2025,Cadence Milligan,St. John Fisher
2025,Sophia Wypyski,St. John Fisher
2025,Reilly Morrow,St. John Fisher
2025,Audrey Vogt,St. John Fisher
2025,Kate Gernold,St. John Fisher
2025,Kaylene Noble,St. John Fisher
2025,Emma Lawler,St. John Fisher
2025,Adeline Phillips,St. John Fisher
2025,Ana Gutman,St. John Fisher
2025,Zofia Keogh,St. John Fisher
2025,Isabella Mahar,St. John Fisher
2025,Kalyna Dannenberg,St. John Fisher
2025,Meadow Berube,St. John Fisher
2025,Teagan Moore,St. John Fisher
2025,Marilyn Whitcavitch,St. John Fisher
2025,Ashlen Croft,St. John Fisher
2025,Jordan Kern,St. John Fisher
2025,Kaitlyn Putman,St. Lawrence
2025,Zoe Lester,St. Lawrence
2025,Bridget Gammons,St. Lawrence
2025,Lily Snide,St. Lawrence
2025,Cassady Smith,St. Lawrence
2025,Kalina Natcheva,St. Lawrence
2025,Audrey Bibbins,St. Lawrence
2025,Sofia Velasquez,St. Lawrence
2025,Berit Brecke,St. Lawrence
2025,Rowan Mottau,St. Lawrence
2025,Araiza Acum-Santos,St. Lawrence
2025,Maggie Layman,St. Lawrence
2025,Vanessa Latam,St. Lawrence
2025,Adeline Riesenberger,St. Lawrence
2025,Kaitlyn Marshall,St. Lawrence
2025,Rose Meihaus,St. Lawrence
2025,Tajma Muharemovic,Saint Leo
2025,Mia Moser,Saint Leo
2025,Brielle Kallberg,Saint Leo
2025,Giada Solorzano,Saint Leo
2025,Summer Krajcir,Saint Leo
2025,Paula Perez Rosales,Saint Leo
2025,Molly Chappell,Saint Leo
2025,Anastasia Azzan,Saint Leo
2025,Sienna Acosta,Saint Leo
2025,Camila Villar,Saint Leo
2025,Lexi Fetters,Saint Leo
2025,Bridget Gallagher,Saint Leo
2025,Alexa Gandolfo,Saint Leo
2025,Gina Stavile,Saint Leo
2025,Sabrina Valentin,Saint Leo
2025,Kaitlyn Anderson,Saint Leo
2025,Effie Emigh,Saint Leo
2025,Jala Drayton,Saint Leo
2025,Monica Brown,Saint Leo
2025,Rose Kailahi,Saint Leo
2025,Emma LeTourneau,Saint Leo
2025,Lauren Panageotou,St. Mary's (MD)
2025,Rocksann Smith,St. Mary's (MD)
2025,Elizabeth Childs,St. Mary's (MD)
2025,Alex Williams,St. Mary's (MD)
2025,Vlada Costenco,St. Mary's (MD)
2025,Arielle Lubeck,St. Mary's (MD)
2025,Stella Marrero,St. Mary's (MD)
2025,Camilla Galeano,St. Mary's (MD)
2025,Sanaa Porter,St. Mary's (MD)
2025,Erianna Mendieta,St. Mary's (MD)
2025,Faith Shockley,St. Mary's (MD)
2025,Maggie Mohler,St. Mary's (MD)
2025,Hope Parrish,St. Mary's (MD)
2025,Julia Bobrowski,St. Mary's (MD)
2025,Kaleigh Wiseman,St. Mary's (MD)
2025,Maya Mauro,St. Mary's (MD)
2025,Caitlin Bakken,Saint Mary's (MN)
2025,Lindsey Rossow,Saint Mary's (MN)
2025,Brianna Hanneken,Saint Mary's (MN)
2025,Claire Rahman,Saint Mary's (MN)
2025,Emma Rommes,Saint Mary's (MN)
2025,Grace King,Saint Mary's (MN)
2025,Maddie Baker,Saint Mary's (MN)
2025,Devann Clemens,Saint Mary's (MN)
2025,Brenna Bruchert,Saint Mary's (MN)
2025,Brooklynn Bolton,Saint Mary's (MN)
2025,Isabella Schei,Saint Mary's (MN)
2025,Kinlee Grattan,Saint Mary's (MN)
2025,Ayla Olson,Saint Mary's (MN)
2025,Paige Klug,Saint Mary's (MN)
2025,Gretchen Bredberg,Saint Mary's (MN)
2025,Kali Olson,Saint Mary's (MN)
2025,Abby Crowley,Saint Michael's
2025,Jillian Becker,Saint Michael's
2025,Caitlin Mediate,Saint Michael's
2025,Grace Almeida,Saint Michael's
2025,Justine Sharkness,Saint Michael's
2025,Lillie King,Saint Michael's
2025,D'Niaya Settles,Saint Michael's
2025,Anna Daggett,Saint Michael's
2025,Kaeleigh Cucura,Saint Michael's
2025,Dana Welch,Saint Michael's
2025,Mahili McKay,Saint Michael's
2025,Ashley Marshall,Saint Michael's
2025,Emily Winefield,Saint Michael's
2025,Ella Patterson,Saint Michael's
2025,Rory Tower,Saint Michael's
2025,Nora Schulze,Saint Michael's
2025,Anna Kudick,St. Norbert
2025,Maddie Kitowski,St. Norbert
2025,Casey Vaughan,St. Norbert
2025,Annabel Stevenson,St. Norbert
2025,Mari Szews,St. Norbert
2025,Reese Sellers,St. Norbert
2025,Sophia Prins,St. Norbert
2025,Keira Ashenfelter,St. Norbert
2025,Mickenzi Benter,St. Norbert
2025,Andrianna Volz,St. Norbert
2025,Heidi Colburn,St. Norbert
2025,Kara Sowinski,St. Norbert
2025,Claire Leynse,St. Norbert
2025,Alli Clark,St. Norbert
2025,Emma Dries,St. Norbert
2025,Kayden Lamon,St. Norbert
2025,Mya Kapalko,St. Norbert
2025,Kirsten Klatt,St. Norbert
2025,Katie Schmidt,St. Norbert
2025,Clare Williams,St. Norbert
2025,Flynn Puttin,St. Norbert
2025,Gracie Buss,St. Norbert
2025,Claire Dailey,St. Norbert
2025,Raeann Baker,Stevens
2025,Lianna Schmieder,Stevens
2025,Mallory Eder,Stevens
2025,Alexa Brucculeri,Stevens
2025,Vivian Lisboa,Stevens
2025,Ella Boland,Stevens
2025,Eva Tarolli,Stevens
2025,Sarah Bolduc,Stevens
2025,Kileen McNeill,Stevens
2025,Jenna Hathaway,Stevens
2025,Ava Stewart,Stevens
2025,Liz Pederson,Stevens
2025,Paulina Miller,Stevens
2025,Molly Harris,Stevens
2025,Ella Kraver,Stevens
2025,Julianne Danis,Stevens
2025,Alyssa O'Neal,Stevens
2025,Natalie Yackley,St. Scholastica
2025,Mahlea Waters,St. Scholastica
2025,Bryn Ziegler,St. Scholastica
2025,Lauren Kahl,St. Scholastica
2025,Lindsey Baribeau,St. Scholastica
2025,Hannah Freberg,St. Scholastica
2025,Aubrey Cherrington,St. Scholastica
2025,Ava Swangstue,St. Scholastica
2025,Cassidy Lustig,St. Scholastica
2025,Ava Decker,St. Scholastica
2025,Mikala Peterson,St. Scholastica
2025,Madalyn Niemala,St. Scholastica
2025,Lilli Rechichi,St. Scholastica
2025,Sophia Alkhatib,St. Scholastica
2025,Abby Zins,St. Scholastica
2025,Tayte Borstad,St. Scholastica
2025,Bailey Husbands,St. Scholastica
2025,Carlie Beckstrand,St. Olaf
2025,Paige Christophersen,St. Olaf
2025,Zahara Johnson,St. Olaf
2025,Anna Hedrick,St. Olaf
2025,Lauren Welch,St. Olaf
2025,Dori Hobbie,St. Olaf
2025,Mehsa Krause,St. Olaf
2025,Britta Hagen,St. Olaf
2025,Liz Pederson,St. Olaf
2025,Cayla Chun,St. Olaf
2025,Iza Russe,St. Olaf
2025,Holly Jelinek,St. Olaf
2025,Karin Fowler,St. Olaf
2025,Sophie Saxton,St. Olaf
2025,Morgan Ryan,St. Olaf
2025,Caitlin Lee,St. Olaf
2025,Evelyn Kreft,St. Olaf
2025,Michaela Dooley,St. Olaf
2025,Andrea Chavarria,St. Olaf
2025,Maren Miller,St. Olaf
2025,Lilah Van Scoyoc,St. Olaf
2025,Alyssa DeWaal,Salisbury
2025,Julie Altieri,Salisbury
2025,Annabelle Weis,Salisbury
2025,Jasmine Nelson,Salisbury
2025,Sidney Morgan,Salisbury
2025,Sadie Wilkinson,Salisbury
2025,Gwen Eustace,Salisbury
2025,Elizabeth Villegas,Salisbury
2025,Sophia Blaufuss,Salisbury
2025,Prudence Marco,Salisbury
2025,Sierra Lenzen,Salisbury
2025,Beitris Boyreau-Millar,Salisbury
2025,Amanda Meschi,Salisbury
2025,Jackie Colucci,Salisbury
2025,Sophia Tapia,Salisbury
2025,Kiley McTaggart,Salisbury
2025,Rylan Lambert,Salisbury
2025,Maura Fay,Salisbury
2025,Grace Witcher,San Fran. St.
2025,Aidan Goodrich,San Fran. St.
2025,Rubi Harrington,San Fran. St.
2025,Tamiya Wilson,San Fran. St.
2025,Téa Bishop,San Fran. St.
2025,Alana Larson,San Fran. St.
2025,Lilly Rix,San Fran. St.
2025,Lindsey Olsen,San Fran. St.
2025,Milani Lee,San Fran. St.
2025,Drew deGuzman,San Fran. St.
2025,Ayden Jacobson,San Fran. St.
2025,Rachael Reyes,San Fran. St.
2025,Maliyah Cooper,San Fran. St.
2025,Taylor Vales,San Fran. St.
2025,Melanie Hewlett,San Fran. St.
2025,Grace Kool,San Fran. St.
2025,Cate Bradley,Scranton
2025,Danielle Kramer,Scranton
2025,Maddie Forry,Scranton
2025,Lexi Brown,Scranton
2025,Sydney Wilt,Scranton
2025,Cammi Quirk,Scranton
2025,Erin Gretsky,Scranton
2025,Macey Brown,Scranton
2025,Gabby Konrad,Scranton
2025,Gwen Koester,Scranton
2025,Camryn Hoffman,Scranton
2025,Deanna Whelpley,Scranton
2025,Isabel Rios,Scranton
2025,Adria Vargas,Scranton
2025,Caitlyn McGonigal,Scranton
2025,Ally Edgington,Scranton
2025,Ava Seidenstein,Scranton
2025,Lauren Angelucci,Scranton
2025,Peyton Ensign,Seattle Pacific
2025,Makayla Hickman,Seattle Pacific
2025,Megan Omlid,Seattle Pacific
2025,Madelyn Benjamin,Seattle Pacific
2025,Sophia Chambers,Seattle Pacific
2025,Amaya Evans,Seattle Pacific
2025,Joslyn Greff,Seattle Pacific
2025,Brooke Williams,Seattle Pacific
2025,Maiya Lester,Seattle Pacific
2025,Madeline Eggerth,Seattle Pacific
2025,Avery Veenendall,Seattle Pacific
2025,Grace Holstrom,Seattle Pacific
2025,Christina Lopez,Seattle Pacific
2025,Audra Rose,Seattle Pacific
2025,Elle McCandless,Seattle Pacific
2025,Samantha Shy,Shenandoah
2025,Autumn Stroop,Shenandoah
2025,Ava Thacker,Shenandoah
2025,Ashlynn Spence,Shenandoah
2025,Kiyah Robinson,Shenandoah
2025,Zandria Burton,Shenandoah
2025,Alana Washington,Shenandoah
2025,Amber Shifflett,Shenandoah
2025,Vanessa Rodriguez,Shenandoah
2025,Ava Pannullo,Shenandoah
2025,Danica Duncan,Shenandoah
2025,Kamryn Keasey,Shenandoah
2025,Kameron Roberts,Shenandoah
2025,Amanda Ingrassia,Shenandoah
2025,Chillis Oke,Shenandoah
2025,Kali Highlander,Shenandoah
2025,Camiya Thomas,Shenandoah
2025,Kylie Danella,Shenandoah
2025,Cara Butler,Shenandoah
2025,Hannah Hylton,Shenandoah
2025,Susan Smith,Shenandoah
2025,Jaiden Anderson,Shippensburg
2025,Elise Bragg,Shippensburg
2025,Berkley Simmons,Shippensburg
2025,Kyra Douglass,Shippensburg
2025,Isabelle Bombas,Shippensburg
2025,Shay Kolivoski,Shippensburg
2025,Natalya Montague,Shippensburg
2025,Gracen Nutt,Shippensburg
2025,Hailey Cappleman,Shippensburg
2025,Kayla Johnson,Shippensburg
2025,Kylie Snyder,Shippensburg
2025,Mya Davis,Shippensburg
2025,Addison Haley,Shippensburg
2025,Riley Blank,Shippensburg
2025,Augusta DeVos,Shippensburg
2025,Shea Stevens,Shippensburg
2025,Clara Wildermuth,Shippensburg
2025,Kearstin Davis,Shippensburg
2025,Sophia Barrera,Shippensburg
2025,Gabrielle Wire,Siena
2025,Oliwia Majtyka,Siena
2025,Jill Frye,Siena
2025,Alandra Hasbrouck,Siena
2025,Autumn Willmott,Siena
2025,Natalia Clifford,Siena
2025,Mary Claire Deacy,Siena
2025,Kayla Jones,Siena
2025,Madison Evans,Siena
2025,Amelia Robertson,Siena
2025,Maggie Seymour,Siena
2025,Ella Treasure,Siena
2025,Sonja Meyer,Siena
2025,Hannah Bowman,Siena
2025,Doga Diraz,Siena
2025,Alara Doganyuz,Siena
2025,Berra Tok,Siena
2025,Elizabeth Phillips,Siena
2025,Emma Ferrigno,Skidmore
2025,Isobel Streeper,Skidmore
2025,Angie Mozrall,Skidmore
2025,Marlowe McIntyre,Skidmore
2025,Natalie Pedersen,Skidmore
2025,Gabriella Imburgia,Skidmore
2025,Chloe Heitman,Skidmore
2025,Samantha McCloskey,Skidmore
2025,Maya Stolarz,Skidmore
2025,Athena Braverman,Skidmore
2025,Catriona Hoelperl,Skidmore
2025,Claire Sabo,Skidmore
2025,Rudi Reyes,Skidmore
2025,Madison Manning,Skidmore
2025,Jazlin Chen,Skidmore
2025,Katy O'Connell,Skidmore
2025,Miranda Oakes,Smith
2025,Maddie Hliboki,Smith
2025,Ruth Tullis,Smith
2025,Anna Feuer,Smith
2025,Hana Suzuki,Smith
2025,Loren Davis,Smith
2025,Skye Higashihara,Smith
2025,Addison Klunder,Smith
2025,Uma Schulz,Smith
2025,Olivia Teske,Smith
2025,Claudia Poehlmann,Smith
2025,Mia Etheridge,Smith
2025,Ruby Woodward,Smith
2025,Sara Warren,Smith
2025,Alison Chapin,Smith
2025,Olivia Mendoza,Smith
2025,Abby Hunt,Smith
2025,Madeleine Manzer,Smith
2025,Jillian Hitt,Sonoma St.
2025,Kaden Young,Sonoma St.
2025,Amy Herman,Sonoma St.
2025,Emily Hernandez,Sonoma St.
2025,Kaili Spooner,Sonoma St.
2025,Amber Walker,Sonoma St.
2025,Netzach Hernadez,Sonoma St.
2025,Theo Hayse,Sonoma St.
2025,Meadow Cooper,Sonoma St.
2025,Brynna Slayton,Sonoma St.
2025,Kya Payne,Sonoma St.
2025,Peyton McBride,Sonoma St.
2025,Jackie Winfield,Sonoma St.
2025,Jules Tan,Sonoma St.
2025,Rahasya Hernandez,Sonoma St.
2025,Abri Rogers,Sonoma St.
2025,Hailey Newell,Sonoma St.
2025,Jordyn Waite-Ward,Sonoma St.
2025,Brooklyn Jackson,Sonoma St.
2025,Sophia Heller,Sonoma St.
2025,Anna Sanzaro,Sonoma St.
2025,Sarah Gooch,South Alabama
2025,Marissa Taix,South Alabama
2025,Addison Hurst,South Alabama
2025,Eva Dittmar,South Alabama
2025,Emily Ready,South Alabama
2025,Elyse Heffner,South Alabama
2025,Dalayla Blackwell,South Alabama
2025,Cambria Gaier,South Alabama
2025,Anna Loberg,South Alabama
2025,Maradith O'Gorman,South Alabama
2025,Rachel Rossman,South Alabama
2025,Briana Wilson,South Alabama
2025,Halle Norvell,South Alabama
2025,Preslee Thompson,South Alabama
2025,Alexa Strandberg,South Alabama
2025,Megan Smith,South Alabama
2025,Kiyah Felder,South Carolina St.
2025,Miya Benson,South Carolina St.
2025,Xaria Pickett,South Carolina St.
2025,Hailey Harris,South Carolina St.
2025,Hedia Lewis,South Carolina St.
2025,Macey McCoy,South Carolina St.
2025,Taelyn Graham,South Carolina St.
2025,Hannah St. Croix,South Carolina St.
2025,Robyn White,South Carolina St.
2025,Jordan Dalland,South Carolina St.
2025,Jade Robinson,South Carolina St.
2025,McKinley Roach,South Carolina St.
2025,Carra Pierre-Louis,South Carolina St.
2025,Jara Davis,South Carolina St.
2025,Arianna James,South Carolina St.
2025,Neviah Johnson,South Carolina St.
2025,Allison Saalfrank,Bloomsburg
2025,Sasha Moody,Bloomsburg
2025,Emily Gustie,Bloomsburg
2025,Marlee Johnson,Bloomsburg
2025,Colleen Doyle,Bloomsburg
2025,Angelina Gaal,Bloomsburg
2025,Clare McKenzie,Bloomsburg
2025,Julia Holmes,Bloomsburg
2025,Jessica Rimbo,Bloomsburg
2025,Hannah Au,Bloomsburg
2025,Erin Clark,Bloomsburg
2025,Hannah Robson,Bloomsburg
2025,Dani Mascolo,Bloomsburg
2025,Jordan Pryor,Bloomsburg
2025,Sophie Wales,Bloomsburg
2025,Alynna Haggadone,Bloomsburg
2025,Katie Kuehl,Bloomsburg
2025,Vendela Moyer,Bloomsburg
2025,Aubrey Pupa,Bloomsburg
2025,Lydia Worthing,Bloomsburg
2025,Sophia Caruso,Sewanee
2025,Jane Gambel,Sewanee
2025,Bela Cancado,Sewanee
2025,Romy Ahn,Sewanee
2025,Maria Kennedy,Sewanee
2025,Emma Meyer,Sewanee
2025,Keira Baldwin,Sewanee
2025,Anna Ellison,Sewanee
2025,Mollie White,Sewanee
2025,Charlotte Lee,Sewanee
2025,Sydney Bixby,Sewanee
2025,Suna Merkler,Sewanee
2025,Josey King,Sewanee
2025,Ella Reynolds,Sewanee
2025,Savannah Gann,Sewanee
2025,Laney Barnes,Sewanee
2025,Scarlett Smith,Sewanee
2025,Eleanor Loggie,Sewanee
2025,Nicole Radford,Sewanee
2025,Allison Pate,UMass Dartmouth
2025,Maddie Carter,UMass Dartmouth
2025,Tehya Killam,UMass Dartmouth
2025,Juliyana Hristova,UMass Dartmouth
2025,Emily Pogorelec,UMass Dartmouth
2025,Ashley Serverius,UMass Dartmouth
2025,Aleek Kuot,UMass Dartmouth
2025,Maria Torres,UMass Dartmouth
2025,Milowa Frias,UMass Dartmouth
2025,Lauren Powers,UMass Dartmouth
2025,Tiffany London,UMass Dartmouth
2025,Skye Peters,UMass Dartmouth
2025,Olivia Seutter,UMass Dartmouth
2025,Lea Selfridge,UMass Dartmouth
2025,Sabrina Bordone,UMass Dartmouth
2025,McKenna Highlander,UMass Dartmouth
2025,Vivian Neyman,UMass Dartmouth
2025,Jasmine Johnson,Southern Conn. St.
2025,Ceci Carter,Southern Conn. St.
2025,Kimi Mitchell,Southern Conn. St.
2025,Sarah Henault,Southern Conn. St.
2025,Katie Bardak,Southern Conn. St.
2025,Lauren Dumont,Southern Conn. St.
2025,Isabel Alvarez,Southern Conn. St.
2025,Aleciyah Brodley,Southern Conn. St.
2025,Morgan Daughters,Southern Conn. St.
2025,Sarah Stark,Southern Conn. St.
2025,Victoria Pascual,Southern Conn. St.
2025,Jasmine Stroud,Southern Conn. St.
2025,Dylan Marney,Southern Conn. St.
2025,Emily Sartell,Southern Conn. St.
2025,Sydney Bennett,Southern Conn. St.
2025,Elena Bianchi,Southern Conn. St.
2025,Kerrigan Habing,Southern Conn. St.
2025,Maria Martinez,Southern Conn. St.
2025,Jaiden Binning,Southern Conn. St.
2025,Julia Jaworowski,Southern Conn. St.
2025,Vienna Elliott,SIUE
2025,Kinley Quast,SIUE
2025,Kyndia Smith,SIUE
2025,Claire Jones,SIUE
2025,Kennedy Pike,SIUE
2025,Morgan Jones,SIUE
2025,Ally Hughes,SIUE
2025,Paige Bernstein,SIUE
2025,Olivia Hogan,SIUE
2025,Sophie Robinson,SIUE
2025,Maddie Determan,SIUE
2025,Teagan Sullivan,SIUE
2025,Tionna Owens,SIUE
2025,Grace Nichols,SIUE
2025,Anika Ivester,SIUE
2025,Aysa Thomas,Southern Ind.
2025,Kerigan Fehr,Southern Ind.
2025,Audrey Small,Southern Ind.
2025,Ashby Willis,Southern Ind.
2025,Carley Wright,Southern Ind.
2025,Ava Carpenter,Southern Ind.
2025,Grace Bach,Southern Ind.
2025,Mariah Minor,Southern Ind.
2025,Keira Moore,Southern Ind.
2025,Mackenzie Nettles,Southern Ind.
2025,McKenzie Murphy,Southern Ind.
2025,Bianca Anderson,Southern Ind.
2025,Maeve Moonan,Southern Ind.
2025,Jillian Moonan,Southern Ind.
2025,Leah Coleman,Southern Ind.
2025,Alicia Beatty,Southern Me.
2025,Amelia Beatty,Southern Me.
2025,Casey Murillo,Southern Me.
2025,Chloe Whittaker,Southern Me.
2025,Lizzy Harbester,Southern Me.
2025,Scarlett Squires,Southern Me.
2025,Reese Helisek,Southern Me.
2025,Sophia Sardella,Southern Me.
2025,Mariah Eaton,Southern Me.
2025,Haylie Bidegain,Southern Me.
2025,Alondra Lopez-Aquino,Southern Me.
2025,Taylor Joyal,Southern Me.
2025,Caitlyn McGranahan,Southern Me.
2025,Kylee Eubanks-Hemme,Southern Me.
2025,Ajia Hughes,Southern Utah
2025,Finley Charapata,Southern Utah
2025,Ezgi Kucuk,Southern Utah
2025,Charlotte Wilson,Southern Utah
2025,Kaitlyn Hoelker,Southern Utah
2025,Aleeya Jones,Southern Utah
2025,Victoria Zibecchi,Southern Utah
2025,Addyson McArthur,Southern Utah
2025,Teniyah Leuluai,Southern Utah
2025,Asya Akbulut,Southern Utah
2025,Lillian Davidson,Southern Utah
2025,Swayzee Mason,Southern Utah
2025,Amaya Tobias,Southern Utah
2025,Kaitlyn Aleshire,Southern Utah
2025,Amanda Mendoza,Southern Utah
2025,Julia Bylund,Southern Utah
2025,Dorina Bogar,Southern Utah
2025,Sydney Bird Allen,Southern Utah
2025,Chloe Judd,Missouri St.
2025,Peyton McKee,Missouri St.
2025,Kya Johnson,Missouri St.
2025,Jenna Walters,Missouri St.
2025,Reagan Baade,Missouri St.
2025,Aniya Joseph,Missouri St.
2025,Lexi Weinberg,Missouri St.
2025,Brooke Eslinger,Missouri St.
2025,Neele’ge’ Sims,Missouri St.
2025,Riley Ourth,Missouri St.
2025,Lizanyela Lopez,Missouri St.
2025,Rossana Papa,Missouri St.
2025,Grace Smith,Missouri St.
2025,Karissa Chase,Missouri St.
2025,Madison Crum,Missouri St.
2025,Rilynn Finley,Missouri St.
2025,Hannah Gardner,Missouri St.
2025,Macy Humble,Missouri St.
2025,Celina Mendez,Staten Island
2025,Arianna Spears,Staten Island
2025,Francesca Castellano,Staten Island
2025,Liliana Vasquez,Staten Island
2025,Arlybeth Rodriguez,Staten Island
2025,Alexandria Boachie-Ansah,Staten Island
2025,Cassandra DiPietro,Staten Island
2025,Jacqueline Roloph,Staten Island
2025,Margaret O'Malley-Rebovich,Staten Island
2025,Jay-La Guy,Staten Island
2025,Caitlin Esposito,Staten Island
2025,Cassidy Iannariello,Staten Island
2025,Julia Kalinowski,Susquehanna
2025,Emma Willow,Susquehanna
2025,Valerie Stoltz,Susquehanna
2025,Sarah Murphy,Susquehanna
2025,Katelyn Dugery,Susquehanna
2025,Lauren Stoudt,Susquehanna
2025,Amelia Secor,Susquehanna
2025,Jessica Sack,Susquehanna
2025,Sami Kline,Susquehanna
2025,Regan Kane,Susquehanna
2025,Mya Durham,Susquehanna
2025,Callie Wince,Susquehanna
2025,Lauren Halsey,Susquehanna
2025,Kyndall Mason,Susquehanna
2025,Addison Dodge,Susquehanna
2025,Makenzie Cober,Susquehanna
2025,Stella Robinson,Susquehanna
2025,Elliott Schleicher,Susquehanna
2025,Ellie Streeper,Swarthmore
2025,Sakura Shimozono,Swarthmore
2025,Emily Sun,Swarthmore
2025,Lois Matsukawa,Swarthmore
2025,Zion Vick,Swarthmore
2025,Aleida Moreno,Swarthmore
2025,Aiste Bardauskaite,Swarthmore
2025,Angelina Heminway,Swarthmore
2025,Isabel Adam,Swarthmore
2025,Nicole Kim,Swarthmore
2025,Maya Sheridan,Swarthmore
2025,Keira Miles,Swarthmore
2025,Zindzhi Montgomery,Swarthmore
2025,Jalyn Miller,Swarthmore
2025,Melissa Eyer,Swarthmore
2025,Alexia Enache,Swarthmore
2025,Madeline Mountcastle,Swarthmore
2025,Lily Janas,Bowdoin
2025,Gillian Colledge,Bowdoin
2025,Skye LaMendola,Bowdoin
2025,Alison Smith,Bowdoin
2025,Mina Mittler,Bowdoin
2025,Kelsey Kim,Bowdoin
2025,Annie Stent,Bowdoin
2025,Zoe Ryu,Bowdoin
2025,Cameron Shelly,Bowdoin
2025,Anna Yeh,Bowdoin
2025,Haley Campau,Bowdoin
2025,Hannah Woolley,Bowdoin
2025,Chloe Snyder,Bowdoin
2025,Mackensie Wolfson,Bowdoin
2025,Tamara Gisiger,Bowdoin
2025,Carsyn Stansberry,Tennessee St.
2025,Julia Culpepper,Tennessee St.
2025,Sydni Poston,Tennessee St.
2025,Eirini Bitsaktsi,Tennessee St.
2025,Mikayla Moore,Tennessee St.
2025,Guilia Gainelli,Tennessee St.
2025,Melae Lacy,Tennessee St.
2025,Italya Carter,Tennessee St.
2025,Aliyah Harris,Tennessee St.
2025,Kennedy Draggs,Tennessee St.
2025,Gabriella Blevins,Tennessee St.
2025,Sagaia Reilly,Tennessee St.
2025,Maygan Miller-Garcia,Tennessee St.
2025,Mariya Henderson,Tennessee St.
2025,I'Onna Jones,Tennessee St.
2025,Tayae-Renae Garcia,Tex. A&M-Kingsville
2025,Cristella Rojas,Tex. A&M-Kingsville
2025,Rylie Barnett,Tex. A&M-Kingsville
2025,Sloane Paugh,Tex. A&M-Kingsville
2025,Kamryn Briggs,Tex. A&M-Kingsville
2025,Allison Warden,Tex. A&M-Kingsville
2025,Kendall Harrington,Tex. A&M-Kingsville
2025,Karrington Crawford,Tex. A&M-Kingsville
2025,Rylan Pollard,Tex. A&M-Kingsville
2025,Monique Gonzalez,Tex. A&M-Kingsville
2025,Elisa Carli,Tex. A&M-Kingsville
2025,Milauni Williams,Tex. A&M-Kingsville
2025,Natalee Rush,Tex. A&M-Kingsville
2025,Kerigan Baumgartner,Tex. A&M-Kingsville
2025,Christin Cowart,Tex. A&M-Kingsville
2025,Kenisha Martinez,Tex. A&M-Kingsville
2025,Kendra Denoon,Tex. A&M-Kingsville
2025,Madelyn Wallace,Tex. A&M-Kingsville
2025,Melisa Anacius,Bowie St.
2025,Nadira Avery,Bowie St.
2025,Mekenna Scott,Bowie St.
2025,Madison Stevens,Bowie St.
2025,Reese Culver,Bowie St.
2025,Corey Bradley,Bowie St.
2025,Bracey Gross,Bowie St.
2025,Nina Edwards,Bowie St.
2025,Madyson Brinson,Bowie St.
2025,Trinity Loundmon,Bowie St.
2025,Haley Pelham,Bowie St.
2025,Iman Wright,Bowie St.
2025,Abena Asomani-Martin,Bowie St.
2025,Lyric Snowden,Bowie St.
2025,Kimiko Evans,Bowie St.
2025,Taylor Johnson,Bowie St.
2025,Madison James,Bowie St.
2025,Gabriella High,Bowie St.
2025,Nicole Taylor,Bowie St.
2025,Marissa Robinson,Bowie St.
2025,Lorena Gómez,Texas Woman's
2025,Miriam Williams,Texas Woman's
2025,Nia Johnson,Texas Woman's
2025,Kaia Lydia,Texas Woman's
2025,Bryanna Stanford,Texas Woman's
2025,Kiana Reed,Texas Woman's
2025,Tori Woods,Texas Woman's
2025,Cat Millsap,Texas Woman's
2025,Myracle Stockman,Texas Woman's
2025,Sydney Garrison,Texas Woman's
2025,Alyssa Rojo,Texas Woman's
2025,Bird Moffitt,Texas Woman's
2025,Gracie Erichsen,Texas Woman's
2025,Benedite Anuman,Texas Woman's
2025,Jonaida Donowa,Texas Woman's
2025,Trinity Blackwood,Texas Woman's
2025,Kenn Jean-Louis,Texas Woman's
2025,Macie Williams,Thiel
2025,Danielle Aulet,Thiel
2025,Devin Rhoads,Thiel
2025,Carlie Reynolds,Thiel
2025,Sarah Wilson,Thiel
2025,Caitlin Stephens,Thiel
2025,Jordan Yoder,Thiel
2025,Kelly Peplowski,Thiel
2025,Emily Bone,Thiel
2025,Madison Fiorentini,Thiel
2025,Aaleeah Brennan,Thiel
2025,Alex Ball,Thiel
2025,Arin DeLattre,Thiel
2025,Madyson Cikosh,Thiel
2025,Kailee Matter,Thiel
2025,Taegan Geiser,Thiel
2025,Lyndzee Amory,Thiel
2025,Kylee Jordan,Thiel
2025,MJ Hernandez,Thiel
2025,Daisy Jenness,Thiel
2025,Kristina Varion,Thiel
2025,Diya Mishra,Chicago
2025,Thalita Marangon,Chicago
2025,Olivia Zamis,Chicago
2025,Hillary Cheung,Chicago
2025,Olivia Ip,Chicago
2025,Caroline Sele,Chicago
2025,Isabel Cai,Chicago
2025,Grace Xu,Chicago
2025,Adelee Kaiton,Chicago
2025,Kennedy Cheung,Chicago
2025,Julia Lewkowitz,Chicago
2025,Klaudia Barbarossa,Chicago
2025,Gabi Spellings,Chicago
2025,Gaby Miriki,Chicago
2025,Monika Brinlee,Chicago
2025,Ellie Maxwell,Chicago
2025,Frances Smith,Chicago
2025,Waverly Cullison,Trinity (CT)
2025,Emma Ewart,Trinity (CT)
2025,Erica Biner,Trinity (CT)
2025,Maggie Barnes,Trinity (CT)
2025,Scarlett Jago,Trinity (CT)
2025,Annette Schlunk,Trinity (CT)
2025,Caroline Howell,Trinity (CT)
2025,Maya Hall,Trinity (CT)
2025,Angelina Allen,Trinity (CT)
2025,Maya Pace,Trinity (CT)
2025,Sarai Davis,Trinity (CT)
2025,Chloe Gentile,Trinity (CT)
2025,Grace Soltis,Trinity (CT)
2025,Amy Boller,Trinity (CT)
2025,Tallulah Glancy,Trinity (CT)
2025,Sarah Jeremias,Trinity (CT)
2025,Madeleine Aldecoa,Trinity (CT)
2025,Bella Nash,Trinity (CT)
2025,Ellie Gordon,Trinity (CT)
2025,Catalina Hendricks,Trinity (CT)
2025,Jozie Dhayer,Trinity (TX)
2025,Madison Smith,Trinity (TX)
2025,Jenna Rodriguez,Trinity (TX)
2025,Katelyn Marion,Trinity (TX)
2025,Annabelle Lanik,Trinity (TX)
2025,Angelica Medina,Trinity (TX)
2025,Reagan Whatley,Trinity (TX)
2025,Kendall DeRivel,Trinity (TX)
2025,Anna Verhoff,Trinity (TX)
2025,Lily Long,Trinity (TX)
2025,Brynn Bishop,Trinity (TX)
2025,Courtney Pope,Trinity (TX)
2025,Lauren McCarthy,Trinity (TX)
2025,Connelley McWilliams,Trinity (TX)
2025,Taylor Starr,Trinity (TX)
2025,Lolo Jose,Trinity (TX)
2025,Marissa Drange,Trinity (TX)
2025,Sophia Burke,Trinity (TX)
2025,Aeris Vera,Trinity (TX)
2025,Grace King,Trinity (TX)
2025,Lola Tortorello,Tufts
2025,Dylan Whisenant,Tufts
2025,Matsa Shi,Tufts
2025,Rianna Liu,Tufts
2025,Keller Mobley,Tufts
2025,Becca DePencier Piñero,Tufts
2025,Amanda Freehill,Tufts
2025,Bridget Lonergan,Tufts
2025,Akpevwe Akpoigbe,Tufts
2025,Ruby Flath,Tufts
2025,Destiny Francis,Tufts
2025,Ellery Clark,Tufts
2025,Hazel Nelson,Tufts
2025,Ella Norris,Tufts
2025,Maiwenn Kamdje,Tufts
2025,Claire Castor,Tufts
2025,Julia Griffiths,Tufts
2025,Emma Heckman,Tufts
2025,Emma Norman,Tufts
2025,Celina Savage,Tufts
2025,Zariah Messick,Tuskegee
2025,Micah Floyd,Tuskegee
2025,Gabriella Jones,Tuskegee
2025,Kayla Coleman,Tuskegee
2025,Najwa Williams,Tuskegee
2025,Asha Greenidge,Tuskegee
2025,Breunna Crawford,Tuskegee
2025,Jordyn Jones,Tuskegee
2025,Kyndal Seals,Tuskegee
2025,Mikea Allen,Tuskegee
2025,Jasmine Brantley,Tuskegee
2025,Sian Sprinkle,Tuskegee
2025,Lauren Canady,Tuskegee
2025,Jameah Chappell,Tuskegee
2025,Sahnee Dillahunt-Nedd,Tuskegee
2025,Brianna Sanders,Tuskegee
2025,Demya Tate,Tuskegee
2025,Limbre Lawrence,Tuskegee
2025,Vickie Mancine,Coast Guard
2025,Bella Samaniego,Coast Guard
2025,Amelia Matson,Coast Guard
2025,Alaina Corbin,Coast Guard
2025,Laila Baameur,Coast Guard
2025,Maddie Oates,Coast Guard
2025,Abby Schweitzer,Coast Guard
2025,Holly Davis,Coast Guard
2025,Julia Gallinger,Coast Guard
2025,Eloise Shirley,Coast Guard
2025,Courtney Shire,Coast Guard
2025,Sophia Rosenberg,Coast Guard
2025,Ava Ahokovi,Coast Guard
2025,Sarah Somer,Coast Guard
2025,Mary Grace Delfino,Coast Guard
2025,Sam Ventimiglia,Coast Guard
2025,Corey Lemmer,Coast Guard
2025,Dylan Elferdink,Coast Guard
2025,Mack Boose,Coast Guard
2025,Eleanor Watson,Union (NY)
2025,Madisen Bailey,Union (NY)
2025,Adrienne Long,Union (NY)
2025,Kayla Martinez Cartagena,Union (NY)
2025,Sydney Scanlon,Union (NY)
2025,Shannon McGrath,Union (NY)
2025,Madelyn Frederick,Union (NY)
2025,Allie Kronenberg,Union (NY)
2025,Georgia Pool,Union (NY)
2025,Georgia Pinciaro,Union (NY)
2025,Shea Ringel,Union (NY)
2025,Emma Main,Union (NY)
2025,Shelby McKim,Union (NY)
2025,Graciela Escobar,Union (NY)
2025,Maddie McCarron,Union (NY)
2025,Sam Janker,Union (NY)
2025,Melody Herrin,Union (NY)
2025,Erin Stevens,Union (NY)
2025,McKenna Diermeier,Upper Iowa
2025,Martha Pace,Upper Iowa
2025,Ellie Modaff,Upper Iowa
2025,Kailani Schroeder,Upper Iowa
2025,Morgan Block,Upper Iowa
2025,Grace Fruzen,Upper Iowa
2025,Amaralyse Rodriguez,Upper Iowa
2025,Erica Conger,Upper Iowa
2025,Alexis Moses,Upper Iowa
2025,Lydia Imbrogno,Upper Iowa
2025,Jaeden Cook,Upper Iowa
2025,Brooke Krogmann,Upper Iowa
2025,Reese Martin,Upper Iowa
2025,Isabella Gomez Jiminez,Upper Iowa
2025,Abby Buchanan-Kenzinger,Upper Iowa
2025,Marissa Becker,Upper Iowa
2025,Carley Jonker,Upper Iowa
2025,Kailey Porter,Upper Iowa
2025,Evelyn Burke,Brandeis
2025,Lara Demoraes,Brandeis
2025,Ava Ferrigno,Brandeis
2025,Katya Belyakova,Brandeis
2025,Isabella Irizarry,Brandeis
2025,Taylor Lewis,Brandeis
2025,Colette Ejang,Brandeis
2025,Megan Margolis,Brandeis
2025,Julia Liang,Brandeis
2025,Alexa Ho,Brandeis
2025,Claudia Aber,Brandeis
2025,Kennedy Lilly,Brandeis
2025,Delainey Berube,Brandeis
2025,Anna Ertischek,Brandeis
2025,Kay Menendez,Brandeis
2025,Olivia Nirode,Brandeis
2025,Madison Haft-Abromovitch,Brandeis
2025,Samara Parihar,Brandeis
2025,Molly Stevenson,Ursinus
2025,Marissa Ortiz,Ursinus
2025,Zoe George,Ursinus
2025,Annabelle Farnsworth,Ursinus
2025,Riley Lincoln,Ursinus
2025,Mel Eglinton,Ursinus
2025,Kayce Titus,Ursinus
2025,Chloe Kamp,Ursinus
2025,Lauren McGinn,Ursinus
2025,Alonna McCummings,Ursinus
2025,Alexa Mazzeo,Ursinus
2025,Erin Dychdala,Ursinus
2025,Lexi Couch,Ursinus
2025,Mackenzie Nardone,Ursinus
2025,Maci Dobbins-Timochenko,Ursinus
2025,Samantha Orlando,Ursinus
2025,Reena Robinson,Ursinus
2025,Dakota Kates,Ursinus
2025,Macy Brown,Valdosta St.
2025,Madison Kilmer,Valdosta St.
2025,Ashton Middleton,Valdosta St.
2025,Mia Verger,Valdosta St.
2025,Ava Young,Valdosta St.
2025,Kennedy Hairston,Valdosta St.
2025,Eimy Negron Domenech,Valdosta St.
2025,Hailey Holder,Valdosta St.
2025,Kinsley Timmons,Valdosta St.
2025,Ava Keuntjes,Valdosta St.
2025,Eva LaRochelle,Valdosta St.
2025,Asia Montagnani,Valdosta St.
2025,Sabrina Oncins,Valdosta St.
2025,Katie Callenberger,Valdosta St.
2025,Avery Mullins,Valdosta St.
2025,Summer Stern,Vassar
2025,Ellie Kogan,Vassar
2025,T Petro,Vassar
2025,Brenna Olson,Vassar
2025,Holland Kaplan,Vassar
2025,Ellen Zwerling,Vassar
2025,Rebecca Gutierrez,Vassar
2025,Erin Lovett,Vassar
2025,Francesca Medrano,Vassar
2025,Amy Melchior,Vassar
2025,Chloe Mau,Vassar
2025,Caroline Brabeck,Vassar
2025,Maura McAusland,Vassar
2025,Eleanor Gegen,Vassar
2025,Elena Feuer,Vassar
2025,Cayla Hoskins-Pfeiffer,Vassar
2025,Caylen Carroll,Va. Wesleyan
2025,Abbey Samples,Va. Wesleyan
2025,Alissa Clabo,Va. Wesleyan
2025,Ava Baker,Va. Wesleyan
2025,Hannah Smith,Va. Wesleyan
2025,Casey Wright,Va. Wesleyan
2025,Skylar Rivers,Va. Wesleyan
2025,Maddie Thompson,Va. Wesleyan
2025,Brianna Clay,Va. Wesleyan
2025,Aajah Vazquez,Va. Wesleyan
2025,Niya Nash,Va. Wesleyan
2025,Breana Brooks,Va. Wesleyan
2025,Alexis Shaw,Va. Wesleyan
2025,Madi Schmidt,Va. Wesleyan
2025,Jada Foster,Va. Wesleyan
2025,Laney Padillia,Va. Wesleyan
2025,Laura Miller,Va. Wesleyan
2025,Kathryn Liles,Va. Wesleyan
2025,Alexis Currie,Bridgewater (VA)
2025,Virginia Collins,Bridgewater (VA)
2025,Marlee Backover,Bridgewater (VA)
2025,Claire Griffith,Bridgewater (VA)
2025,Maya Veselinovic,Bridgewater (VA)
2025,Jillian Levin,Bridgewater (VA)
2025,Faith DePew,Bridgewater (VA)
2025,Julia Bellis,Bridgewater (VA)
2025,Anna Black,Bridgewater (VA)
2025,Rebecca Huddleston,Bridgewater (VA)
2025,Gabby Atwell,Bridgewater (VA)
2025,Brooklyn Williams,Bridgewater (VA)
2025,Olivia Mason,Bridgewater (VA)
2025,Sarah Furst,Bridgewater (VA)
2025,Reagan Stoop,Bridgewater (VA)
2025,Vivi Liquorie,Bridgewater (VA)
2025,Lindsay Kelley,Bridgewater (VA)
2025,Agnes Alford,Bridgewater (VA)
2025,Gracie Hoskins,Wartburg
2025,Peyton Robinson,Wartburg
2025,Sophie Sedgwick,Wartburg
2025,Haedyn Rebelsky,Wartburg
2025,Alexa Melcher,Wartburg
2025,Whitney Klyn,Wartburg
2025,Aubrie Pruess,Wartburg
2025,Ashlynn Hodges,Wartburg
2025,Lexi Noelck,Wartburg
2025,Kaylee Anderson,Wartburg
2025,Macie Huntington,Wartburg
2025,Leah Hayungs,Wartburg
2025,Anna Sash,Wartburg
2025,Liv Anderson,Wartburg
2025,Emma Salvo,Wartburg
2025,Addison Huffman,Wartburg
2025,Zoey Breeding,Wartburg
2025,Karsyn Miller,Wartburg
2025,Kaylee Koudelka,Wartburg
2025,Neah Bunkers,Wartburg
2025,Sophie Williams,Wartburg
2025,Aspen Falk,Wartburg
2025,Ema Roberts,Wartburg
2025,Abigale Merritt,Wartburg
2025,Brooke Burgemeister,Wartburg
2025,Dakota Poen,Wartburg
2025,Callie Welsch,Wartburg
2025,Alyssa Trn,Washington & Jefferson
2025,Mia Matchett,Washington & Jefferson
2025,Bella Anzevino,Washington & Jefferson
2025,Isabella Bottiglieri,Washington & Jefferson
2025,Beyoncè Pierce,Washington & Jefferson
2025,Gabby Leadbitter,Washington & Jefferson
2025,Brielle Moorhouse,Washington & Jefferson
2025,Rian Benz,Washington & Jefferson
2025,Emma Padovano,Washington & Jefferson
2025,Jordan Sirianni,Washington & Jefferson
2025,Abby Tester,Washington & Jefferson
2025,Callie Dorsey,Washington & Jefferson
2025,Faith Fetsko,Washington & Jefferson
2025,Cali Dagen,Washington & Jefferson
2025,Anna Watson,Washington & Jefferson
2025,Stella Stossel,Washington & Jefferson
2025,Anna Boikov,Washington & Jefferson
2025,Abby Oldham,Washington & Jefferson
2025,Sydney Allen,Washington & Jefferson
2025,Piper McFarland,Washington & Jefferson
2025,Lola Jacobs,Washington & Jefferson
2025,Sophie Little,Washington & Jefferson
2025,Ella DiNisio,Washington Col.
2025,Kaysie Lynch,Washington Col.
2025,Gianna Romano,Washington Col.
2025,Alexis Stubbs,Washington Col.
2025,Izzy Diehl,Washington Col.
2025,Grace Salveron,Washington Col.
2025,Allison McKechnie,Washington Col.
2025,Addison Carr,Washington Col.
2025,Giselle Kleinbussink,Washington Col.
2025,Bethany Haughton,Washington Col.
2025,Emma Shaner,Washington Col.
2025,Gianna Folke,Washington Col.
2025,Lyndsey Wessel,Washington Col.
2025,Anna Titter,Washington Col.
2025,Ellie Laird,WashU
2025,Avery Reed,WashU
2025,Isabel Campie,WashU
2025,Emma Quast,WashU
2025,Baylor McInturff,WashU
2025,Alexandria Tookes,WashU
2025,Tori Taylor,WashU
2025,Anna Freeman,WashU
2025,Ela Bartu,WashU
2025,Leah Oyewole,WashU
2025,Abby Krause,WashU
2025,Anaia Montaque-Harrison,WashU
2025,Eileen Chavez,WashU
2025,Maya DeValk,WashU
2025,Megan Manaj,WashU
2025,Sam Buckley,WashU
2025,Nia Jones,WashU
2025,Eva Boling,WashU
2025,Naya Ohuabunwa,WashU
2025,Marley Onken,Wayne St. (MI)
2025,Abby Macalaguim,Wayne St. (MI)
2025,Saige Martin,Wayne St. (MI)
2025,Leigha Baldwin,Wayne St. (MI)
2025,Kayla Dulgar,Wayne St. (MI)
2025,Kendyl Andrews,Wayne St. (MI)
2025,Katie Smith,Wayne St. (MI)
2025,Abby Baushke,Wayne St. (MI)
2025,Aubree Garcia,Wayne St. (MI)
2025,Lauren Essenpreis,Wayne St. (MI)
2025,Kayla Giroux,Wayne St. (MI)
2025,Paige Giehtbrock,Wayne St. (MI)
2025,Nicole Dupre,Wayne St. (MI)
2025,Alina Ike,Wayne St. (MI)
2025,Katerina Stout,Wayne St. (MI)
2025,Kyleigh Weck,Wayne St. (MI)
2025,Amelia Klos,Wayne St. (MI)
2025,Maya Wegand,Wayne St. (MI)
2025,Grace White,Webster
2025,Carley Hersberger,Webster
2025,Jaycee Lewis,Webster
2025,Brynn Peloquin,Webster
2025,Shalamar Szarka,Webster
2025,Catherine Rennier,Webster
2025,Lauren Harms,Webster
2025,Leah McGrath,Webster
2025,Maggie Stanford,Webster
2025,Eva Tarlos,Webster
2025,Abby Murzyn,Webster
2025,Lauren Brown,Webster
2025,Lauren Peterson,Webster
2025,Jessie Leach,Webster
2025,Kate Moleski,Webster
2025,Tyler Ramstack,Webster
2025,Maddie Bock,Webster
2025,Delaney Fullenkamp,Webster
2025,Megan Zablonski,Webster
2025,Delaney Morio,Webster
2025,Macy Cohn,Webster
2025,Riley Watson,Webster
2025,Ella Blair,Wesleyan (CT)
2025,Keira Sweetnam,Wesleyan (CT)
2025,Elliana Moreno,Wesleyan (CT)
2025,Paulina Marino-Bindi,Wesleyan (CT)
2025,Ali Landa,Wesleyan (CT)
2025,Siena Steines,Wesleyan (CT)
2025,Fiona LaCamera,Wesleyan (CT)
2025,Katelyn Olin,Wesleyan (CT)
2025,Claire Buletza,Wesleyan (CT)
2025,Morgan Mattson,Wesleyan (CT)
2025,Maddy Andrews,Wesleyan (CT)
2025,Alexa Schnell,Wesleyan (CT)
2025,Adrienne Nguyen,Wesleyan (CT)
2025,Carly Grumet,Wesleyan (CT)
2025,Coley Cassidy,Wesleyan (CT)
2025,Adelyn Watkins,Wesleyan (CT)
2025,India Clark,Wesleyan (CT)
2025,Mila Chan,Wesleyan (CT)
2025,Bella Brand,Wesleyan (CT)
2025,Ariella Garrell,Wesleyan (CT)
2025,Sophia Lindus,Wesleyan (CT)
2025,Jordan Crespin,Wesleyan (CT)
2025,Emily Krauss,Wesleyan (CT)
2025,Sophie Corbeil,Wesleyan (CT)
2025,Emma Becker,West Texas A&M
2025,Landri Jay,West Texas A&M
2025,Kaycee Cavanaugh,West Texas A&M
2025,Abby Borchardt,West Texas A&M
2025,Hannah Pemberton,West Texas A&M
2025,Currie Marusak,West Texas A&M
2025,Bromli Watson,West Texas A&M
2025,Mary Grace King,West Texas A&M
2025,Cali McKinley,West Texas A&M
2025,Camryn Heiser,West Texas A&M
2025,Parker Gladhill,West Texas A&M
2025,Taytum Stow,West Texas A&M
2025,Casey Loewer,West Texas A&M
2025,Giselle Orellana,West Texas A&M
2025,Miranda Acosta,West Texas A&M
2025,Kael Wilcox,West Texas A&M
2025,Sharlotte McClintock,West Texas A&M
2025,Logan Garcia,West Texas A&M
2025,Pauline Gonzales,West Texas A&M
2025,Jersey Jones,Western Connecticut St.
2025,Sydney Slupatchuk,Western Connecticut St.
2025,Delia Clouden,Western Connecticut St.
2025,Ava Grace Gardner,Western Connecticut St.
2025,Isabella Pincince,Western Connecticut St.
2025,Ella Hubert,Western Connecticut St.
2025,Arianna LaPointe,Western Connecticut St.
2025,Hallie Robillard,Western Connecticut St.
2025,Sophia Siruchek,Western Connecticut St.
2025,Teagan White,Western Connecticut St.
2025,Ali Rondeau,Western Connecticut St.
2025,Noor Eldeib,Western Connecticut St.
2025,Alba Gjikolli,Western Connecticut St.
2025,Jordyn Grey,Western Connecticut St.
2025,Maggie Ferguson,Western Connecticut St.
2025,Julia Stoliker,Western Connecticut St.
2025,Natalia Johnson,McDaniel
2025,Sydney Turner,McDaniel
2025,Stephanie Buttons,McDaniel
2025,Abigail May,McDaniel
2025,Kailey Young,McDaniel
2025,Reese Beck,McDaniel
2025,Chaeli Flotildes,McDaniel
2025,Mariya Carson,McDaniel
2025,Christiana Alapa,McDaniel
2025,Samantha Fadel,McDaniel
2025,Kaylee Comstock,McDaniel
2025,Cassy Poteet,McDaniel
2025,Renita Bankole-Gibson,McDaniel
2025,Abigayle Bowley,McDaniel
2025,Emily Osborne,McDaniel
2025,Kaitlyn Saidat,McDaniel
2025,Adrionne Sharp,Western New Eng.
2025,Olivia Long,Western New Eng.
2025,Sage Pycz,Western New Eng.
2025,Morgan Bonin,Western New Eng.
2025,Leah Warren,Western New Eng.
2025,Abby Krulis,Western New Eng.
2025,Rachel Critz,Western New Eng.
2025,Katie Garland,Western New Eng.
2025,Léa Barber,Western New Eng.
2025,Ariana Barbosa,Western New Eng.
2025,Deana Baez,Western New Eng.
2025,Brianna Manes,Western New Eng.
2025,Abby Thomas,Western New Eng.
2025,Lauren Chagnon,Western New Eng.
2025,Charlei Henkel,Western New Eng.
2025,Laney Melvin,Western New Eng.
2025,Cassie Durocher,Western New Eng.
2025,Evelyn Taylor,Western New Eng.
2025,Madison Stauss,Western New Eng.
2025,Sarah Sanderson,Wheaton (IL)
2025,Cat Wilhite,Wheaton (IL)
2025,Jordan Benford,Wheaton (IL)
2025,Paris Griffin,Wheaton (IL)
2025,Miriam Pozdol-Niego,Wheaton (IL)
2025,Faith Bailey,Wheaton (IL)
2025,Lacey Higgins,Wheaton (IL)
2025,Meghan Shah,Wheaton (IL)
2025,Ashton Major,Wheaton (IL)
2025,Mary Patrick,Wheaton (IL)
2025,Grace Autry,Wheaton (IL)
2025,Reese Donahoe,Wheaton (IL)
2025,Kennedy Kemp,Wheaton (IL)
2025,Mary Hamann,Wheaton (IL)
2025,Sydney Overweg,Wheaton (IL)
2025,Katherine Adkison,Wheaton (IL)
2025,Riley Baird,Wheaton (IL)
2025,Tessa Smith,Wheaton (IL)
2025,Karalyn Osborne,Wheaton (IL)
2025,Dorie McNamara,Wheaton (MA)
2025,Hollis Hanson,Wheaton (MA)
2025,Ajsa Orbán,Wheaton (MA)
2025,Lillie Zickert,Wheaton (MA)
2025,Jackie Hochberg,Wheaton (MA)
2025,Haley Jenkins,Wheaton (MA)
2025,Emily Cordell,Wheaton (MA)
2025,Elena Timo,Wheaton (MA)
2025,Mary Caroline Mazzanti,Wheaton (MA)
2025,Katie de la Pena,Wheaton (MA)
2025,Sydney Lyon,Wheaton (MA)
2025,Molly Gleason,Wheaton (MA)
2025,Arianna Tanksley,Wheaton (MA)
2025,Abbie Dixon,Wheaton (MA)
2025,Celina Henn,Wheaton (MA)
2025,Julia Wingler,Wheaton (MA)
2025,Lauren Fogliani,Whitman
2025,Lindy Stirrat,Whitman
2025,Jamie Bartok,Whitman
2025,Kyndal Koski,Whitman
2025,Moana Massey,Whitman
2025,Lilli Thompson,Whitman
2025,Haylee Pruse,Whitman
2025,Sammy Holmer,Whitman
2025,Lexie Uchima,Whitman
2025,Addie Belt,Whitman
2025,Nadia Shepherd,Whitman
2025,Sophie Broesamle,Whitman
2025,Lola Folk,Whitman
2025,Bella Vickers,Whitman
2025,Taryn Fleharty,Whitman
2025,Arina Gushchina,Whitman
2025,Sam Downey,Whitman
2025,Melia Ferraro,Whitman
2025,Kendall Herman,Whitman
2025,Mira Canali,Widener
2025,Isabella Reilly,Widener
2025,Marissa Miller,Widener
2025,Mary Carter,Widener
2025,Elizabeth Barnes,Widener
2025,Kayla Sicher,Widener
2025,Gabriella Bottino,Widener
2025,Campbell Chronister,Widener
2025,Hayley Haxton,Widener
2025,Azira Benjamin,Widener
2025,Meghan Prior,Widener
2025,Kaitlyn Guessford,Widener
2025,Julia Schwab,Widener
2025,Gabriela Santell,Widener
2025,Airyn Zimmerman,Widener
2025,Ava Kramer,Widener
2025,Kristen Vacca,Widener
2025,Lauren Lokuta,Wilkes
2025,Diana Fuentes,Wilkes
2025,Abby Dornblaser,Wilkes
2025,Maddy Durfee,Wilkes
2025,Ella Fleschut,Wilkes
2025,Rachael Anderson,Wilkes
2025,Makiya Vanderburg,Wilkes
2025,Allyson Gates,Wilkes
2025,Charlize Leukus,Wilkes
2025,Mia Leon,Wilkes
2025,Annalyse Santowasso,Wilkes
2025,Mackenzie Adams,Wilkes
2025,Ava Wahlers,Wilkes
2025,Mikaela Hughes,Wilkes
2025,Ally Sheridan,Wilkes
2025,Emilee Atherholt,Wilkes
2025,Kendra Kalp,Wilkes
2025,Cecilia Miller,William Paterson
2025,Taylor Grady,William Paterson
2025,Leah Molnar,William Paterson
2025,Jillian Hitt,William Paterson
2025,Sofia Zablackis,William Paterson
2025,Tinashe Magura,William Paterson
2025,Korinne Bakken,William Paterson
2025,Emeli Giesler,William Paterson
2025,Abby Houpt,William Paterson
2025,Abigail Hayth,William Paterson
2025,Bella Demers,William Paterson
2025,Dilara Pak,William Paterson
2025,Laura Gruener,William Paterson
2025,Riley Elliott,William Paterson
2025,Kristian Glenn,William Paterson
2025,Anna Hennessy,Winona St.
2025,Jaci Winchell,Winona St.
2025,Kenna Kornely,Winona St.
2025,Ellery Apel,Winona St.
2025,Jayda Berg,Winona St.
2025,Ellie Bruns,Winona St.
2025,Abigail Savatski,Winona St.
2025,Gianna Vollrath,Winona St.
2025,Liv Myhre,Winona St.
2025,Quinn Robak,Winona St.
2025,Abby Ongna,Winona St.
2025,Ashlyn Steding,Winona St.
2025,Lily Shields,Winona St.
2025,Sylvia Marlock,Winona St.
2025,Trinity Pearce,Winona St.
2025,Sophia Armstrong,Winona St.
2025,Ella Zmolek,Winona St.
2025,Zaria Keys,Winston-Salem
2025,Celina Johnson,Winston-Salem
2025,Tiffany Blakely,Winston-Salem
2025,Jahyra Thomas,Winston-Salem
2025,Kamiyah Wilson,Winston-Salem
2025,Aria Caldwell,Winston-Salem
2025,Jordin Whitney,Winston-Salem
2025,Skylar White,Winston-Salem
2025,Malani Martin,Winston-Salem
2025,Sarah Sanders,Winston-Salem
2025,Angelica Turnage,Winston-Salem
2025,Zoe Chesson,Winston-Salem
2025,Jewel Pitt,Winston-Salem
2025,Kalyn Cuthbertson,Winston-Salem
2025,Holiday Ellis,Winston-Salem
2025,Blair Jefferson,Winston-Salem
2025,Alex Kiebel,Wis.-Eau Claire
2025,Abby Stanwood,Wis.-Eau Claire
2025,Mya Cinnamo,Wis.-Eau Claire
2025,Katie Mercure,Wis.-Eau Claire
2025,Mary Zettle,Wis.-Eau Claire
2025,Bailey Leeke,Wis.-Eau Claire
2025,Kaitlyn Erickson,Wis.-Eau Claire
2025,Darienne Andre,Wis.-Eau Claire
2025,Hanne Johnson,Wis.-Eau Claire
2025,Abigail Wherland,Wis.-Eau Claire
2025,Sasha Bovard,Wis.-Eau Claire
2025,Izzy Grace,Wis.-Eau Claire
2025,Norah Erickson,Wis.-Eau Claire
2025,Hannah Thole,Wis.-Eau Claire
2025,Makina Larson,Wis.-Eau Claire
2025,Autumn Stream,Wis.-Eau Claire
2025,Lili Hagg,Wis.-Eau Claire
2025,Rachel Johnson,Wis.-Eau Claire
2025,Marah Gruen,Wis.-Eau Claire
2025,Ivy Manning,Wis.-Eau Claire
2025,Amelia Herrick,Wis.-Eau Claire
2025,Grace Nommensen,Wisconsin-La Crosse
2025,Reese Yocum,Wisconsin-La Crosse
2025,Taylor Larson,Wisconsin-La Crosse
2025,Kailyn Kurth,Wisconsin-La Crosse
2025,Paige Geiser,Wisconsin-La Crosse
2025,Megan Lund,Wisconsin-La Crosse
2025,Kayla Sexton,Wisconsin-La Crosse
2025,Kennedy Myers,Wisconsin-La Crosse
2025,Alli Schauls,Wisconsin-La Crosse
2025,Bella Kottke,Wisconsin-La Crosse
2025,Maddy Wilson,Wisconsin-La Crosse
2025,Laurel Erickson,Wisconsin-La Crosse
2025,Grace Turlais,Wisconsin-La Crosse
2025,Annie Werner,Wisconsin-La Crosse
2025,Sydney Marx,Wisconsin-La Crosse
2025,Megan Jasperson,Wisconsin-La Crosse
2025,Sydney Hoeft,Wisconsin-La Crosse
2025,Natalie Harris,Wisconsin-Parkside
2025,Rachel Mueller,Wisconsin-Parkside
2025,Avary Polavin,Wisconsin-Parkside
2025,Sam Fisch,Wisconsin-Parkside
2025,Kalyn Schueller,Wisconsin-Parkside
2025,Gracyn Meyer,Wisconsin-Parkside
2025,Delanie Voss,Wisconsin-Parkside
2025,Lucy Russ,Wisconsin-Parkside
2025,Sierra Kilbourn,Wisconsin-Parkside
2025,Hallie Neill,Wisconsin-Parkside
2025,Lily Ray,Wisconsin-Parkside
2025,Audrey Musselman,Wisconsin-Parkside
2025,Monica Lukasiewicz,Wisconsin-Parkside
2025,Delaney Molloy,Wisconsin-Parkside
2025,Mariena Coon,Wisconsin-Parkside
2025,Maia Olson,Wisconsin-Parkside
2025,Marisa Lootens,Wisconsin-Parkside
2025,Abby Alms,Wisconsin-Parkside
2025,Ava Irvin,Wisconsin-Parkside
2025,Tiara Diamond,Wisconsin-River Falls
2025,Gracie Tallier,Wisconsin-River Falls
2025,Ellie Mascotti,Wisconsin-River Falls
2025,Emily Brenner,Wisconsin-River Falls
2025,Kelsey Klesner,Wisconsin-River Falls
2025,Audrey Petersen,Wisconsin-River Falls
2025,Cora Sayotovich,Wisconsin-River Falls
2025,Olivia Noble,Wisconsin-River Falls
2025,Grace McDole,Wisconsin-River Falls
2025,Ava Wolff,Wisconsin-River Falls
2025,Amanda Baumann,Wisconsin-River Falls
2025,Ava Goldsberry,Wisconsin-River Falls
2025,Ada Schlenker,Wisconsin-River Falls
2025,Lauren Noth,Wisconsin-River Falls
2025,Hannah Gudknecht,Wisconsin-River Falls
2025,Blessing Adebisi,Wisconsin-River Falls
2025,Reese Bauman,Wisconsin-River Falls
2025,Avery Terning,Wisconsin-River Falls
2025,Kira Klesner,Wisconsin-River Falls
2025,Ella Trieloff,Wisconsin-Stevens Point
2025,Maysen Brissette,Wisconsin-Stevens Point
2025,Tessa Erlandson,Wisconsin-Stevens Point
2025,Savanna Moe,Wisconsin-Stevens Point
2025,Sadie Grabarski,Wisconsin-Stevens Point
2025,Abby Nevins,Wisconsin-Stevens Point
2025,Delilah Hyland,Wisconsin-Stevens Point
2025,Maggie O'Brien,Wisconsin-Stevens Point
2025,Logan Cregan,Wisconsin-Stevens Point
2025,Taytem Shields,Wisconsin-Stevens Point
2025,Madi Abbott,Wisconsin-Stevens Point
2025,Bella Lucero,Wisconsin-Stevens Point
2025,Jadynn Gruner,Wisconsin-Stevens Point
2025,Hannah Strege,Wisconsin-Stevens Point
2025,Lauren Shaw,Wisconsin-Stevens Point
2025,Emma Ballweg,Wisconsin-Stevens Point
2025,Samantha Kempinger,Wisconsin-Stevens Point
2025,Katie Larson,Wisconsin-Stevens Point
2025,Carly Thomka,Wisconsin-Stevens Point
2025,Jaiden Schneiderman,Wisconsin-Stevens Point
2025,Isabella Digman,Wisconsin-Stevens Point
2025,Olivia Paukner,Wisconsin-Stevens Point
2025,Lainey Todd,Wisconsin-Stout
2025,Hailee Gyger,Wisconsin-Stout
2025,Brooke McCune,Wisconsin-Stout
2025,Taylor Mosher,Wisconsin-Stout
2025,Rio Beaulieu,Wisconsin-Stout
2025,Avery McNutt,Wisconsin-Stout
2025,Kailey Kline,Wisconsin-Stout
2025,Brynn Hessel,Wisconsin-Stout
2025,Devyn Masloski,Wisconsin-Stout
2025,Emma Barton,Wisconsin-Stout
2025,Sam Siehr,Wisconsin-Stout
2025,Rylan Fogarty,Wisconsin-Stout
2025,Lauren Duenkel,Wisconsin-Stout
2025,Kyra Giffen,Wisconsin-Stout
2025,Stephanie Petrbok,Wisconsin-Stout
2025,Viv Heidt,Wisconsin-Stout
2025,Nadia Marchionda,Wisconsin-Stout
2025,CC Seibel,Wisconsin-Stout
2025,Sloan Horgan,Wisconsin-Stout
2025,Maja Anderson,Wisconsin-Stout
2025,Hope Bushendorf,Wisconsin-Stout
2025,Maggie Paulsen,Wisconsin-Stout
2025,Gabby Ehlers,Wisconsin-Stout
2025,Allison Hubbard,Wisconsin-Stout
2025,Katlyn Jones,Wisconsin-Superior
2025,Coral Cook,Wisconsin-Superior
2025,Lizzy Schmidt,Wisconsin-Superior
2025,Gabi Schwirtz,Wisconsin-Superior
2025,Carlie Lohman,Wisconsin-Superior
2025,Savanna Hering,Wisconsin-Superior
2025,Melissa Hoff,Wisconsin-Superior
2025,Kyndra Peterson,Wisconsin-Superior
2025,Sydney Smith,Wisconsin-Superior
2025,Kate Jamtgaard,Wisconsin-Superior
2025,Makenna Hohbein,Wisconsin-Superior
2025,Colleen Claude,Wisconsin-Superior
2025,Sidney Bader,Wisconsin-Superior
2025,Kenzie Aber,Wisconsin-Superior
2025,Ella Kapus,Wisconsin-Superior
2025,Maddie Hunter,Wisconsin-Superior
2025,Chesney Phillipp,Wisconsin-Superior
2025,Alaina Wilberg,Wisconsin-Superior
2025,Marena Saeger,Wisconsin-Superior
2025,Ella Jenkins,Wisconsin-Whitewater
2025,Olivia Donovan,Wisconsin-Whitewater
2025,Emma Bludgen,Wisconsin-Whitewater
2025,Emily Lego,Wisconsin-Whitewater
2025,Kyanne Wusterbarth,Wisconsin-Whitewater
2025,Natalie Lawton,Wisconsin-Whitewater
2025,Kameron Brand,Wisconsin-Whitewater
2025,Lexi Jensen,Wisconsin-Whitewater
2025,Gaby DiMotto,Wisconsin-Whitewater
2025,Delaney Ward,Wisconsin-Whitewater
2025,Faith Corbett,Wisconsin-Whitewater
2025,Kylee Altendorf,Wisconsin-Whitewater
2025,Amanda Hillmann,Wisconsin-Whitewater
2025,Michelyn Hansen,Wisconsin-Whitewater
2025,Keaten Davis,Wisconsin-Whitewater
2025,Aubrie Krzus,Wisconsin-Whitewater
2025,Olivia Doppke,Wisconsin-Whitewater
2025,Abbie Dix,Wisconsin-Whitewater
2025,Maura Oslosky,WPI
2025,Julia Colantuoni,WPI
2025,Fiona Gillis,WPI
2025,Preslie Jerebker,WPI
2025,Olivia Hutchinson,WPI
2025,Jay Audrey,WPI
2025,Shayna Hailey,WPI
2025,Abigail Malone,WPI
2025,Bridget Spees,WPI
2025,Zeala VanDamme,WPI
2025,Anastasia Kelnik,WPI
2025,Abby Harrington,WPI
2025,Kylie Welcher,WPI
2025,Alana Harris,WPI
2025,Christina Femino,WPI
2025,Liz Higday,WPI
2025,Lauren Boycourt,WPI
2025,Taylor Simpson,WPI
2025,Victoria Escuer,WPI
2025,Amelia Lynch,WPI
2025,Halle Albers,Westminster (PA)
2025,Maggie Shadle,Westminster (PA)
2025,Meredith Hart,Westminster (PA)
2025,Morgan O'Brien,Westminster (PA)
2025,Angie Nardone,Westminster (PA)
2025,Kylie Anthony,Westminster (PA)
2025,Liv Trent,Westminster (PA)
2025,Rachel LaSalvia,Westminster (PA)
2025,Emma McCosby,Westminster (PA)
2025,Zoie Reid,Westminster (PA)
2025,Lexi Markun,Westminster (PA)
2025,Shelby Rambo,Westminster (PA)
2025,Megan Darno,Westminster (PA)
2025,Ava Commons,Westminster (PA)
2025,Brooke Gecina,Westminster (PA)
2025,Bailey Garbowsky,Westminster (PA)
2025,Charlotte Burgan,Westminster (PA)
2025,Jamie Robertson,Westminster (PA)
2025,Anna-Kate Davis,Westminster (PA)
2025,Mackenzie Ging,Westminster (PA)
2025,Katelyn Adams,York (PA)
2025,Lily Morton,York (PA)
2025,Gabby Gigliotti,York (PA)
2025,Morgan Nolte,York (PA)
2025,Kelsey Fahey,York (PA)
2025,Shae Ramberger,York (PA)
2025,Alex Helm,York (PA)
2025,Kendall Jenkins,York (PA)
2025,Sami Baer,York (PA)
2025,Sophia Peifer-Del Valle,York (PA)
2025,Hannah Runyard,York (PA)
2025,Claire Bond,York (PA)
2025,Ashley Lamme,York (PA)
2025,Gracie Plunkert,York (PA)
2025,Maddie Hoffman,York (PA)
2025,Saniya Esters,York (PA)
2025,Darby Stetter,York (PA)
2025,Tiffani King,York (PA)
2025,Liz Kerin,York (PA)
2025,Brie Habeeb,Youngstown St.
2025,Ava Prince,Youngstown St.
2025,Maria Insana,Youngstown St.
2025,Bianca Giglio,Youngstown St.
2025,Teagan Ng,Youngstown St.
2025,Julia Sell,Youngstown St.
2025,Juliana Rivera,Youngstown St.
2025,Kameron Blizniak,Youngstown St.
2025,Kennedy Dawson,Youngstown St.
2025,Taya Nordmann,Youngstown St.
2025,Ava Stratton,Youngstown St.
2025,Gabriela Machin,Youngstown St.
2025,Presley Stokes,Youngstown St.
2025,Izzy Henry,Youngstown St.
2025,Layne Graffice,Youngstown St.
2025,Abbie Householder,Youngstown St.
2025,Niyah Lester,Youngstown St.
2025,Lindsay Madigan,Hilbert
2025,Charly Mathews,Hilbert
2025,Jessee Jonathan,Hilbert
2025,Jazzelle McLean,Hilbert
2025,Jenna Yauger,Hilbert
2025,Jordan Austin,Hilbert
2025,Mackenzie Mitchell,Hilbert
2025,Riley O'Neill,Hilbert
2025,McKenna Rice,Hilbert
2025,Michaela Rice,Hilbert
2025,Samantha Healy,Hilbert
2025,Jenna Revak,Hilbert
2025,Molly McKinnon,Hilbert
2025,Jade Schiller,Hilbert
2025,Meghan Balen,Hilbert
2025,Lezly McComber,Hilbert
2025,Charley Hernandez,Buena Vista
2025,Lacie Davis,Buena Vista
2025,Kylie Trappe,Buena Vista
2025,Josey Freel,Buena Vista
2025,Macy Welsh,Buena Vista
2025,Merced Ramirez,Buena Vista
2025,Faith Fitzgerald,Buena Vista
2025,Ashlyne Havermann,Buena Vista
2025,Reese Nieuwenhuis,Buena Vista
2025,Keylee Gregg,Buena Vista
2025,Genevieve Livingston,Buena Vista
2025,Nilaya Sluiter,Buena Vista
2025,Haley Wieck,Buena Vista
2025,Sydney Meints,Buena Vista
2025,Sophia Hisek,Buena Vista
2025,Sophia Taylor,Buena Vista
2025,Peyton Ogle,Buena Vista
2025,Hope Vanderlinden,Buena Vista
2025,Kyla Vaughn,Buena Vista
2025,Olivia Gordon,Buena Vista
2025,Marti Flores,Buena Vista
2025,Alyssa Marshall,Hood
2025,Katie Goddard,Hood
2025,Isabelle Garrett,Hood
2025,Sami Betley,Hood
2025,Skylar Plante,Hood
2025,Emma McGraw,Hood
2025,Janiyah Thornton,Hood
2025,Mary LeBlanc,Hood
2025,Kendall Massey,Hood
2025,Madison Powell,Hood
2025,Anna Huber,Hood
2025,Meara Mason,Hood
2025,Anna Daley,Hood
2025,Ann Ofoegbu,Hood
2025,Cam Madden,Hood
2025,Maria Ricketts,Hood
2025,Maelie Cooke,Ark.-Monticello
2025,Mia Smalls,Ark.-Monticello
2025,Jalen Scroggins,Ark.-Monticello
2025,Jordan Wehr,Ark.-Monticello
2025,Licia Echevarria,Ark.-Monticello
2025,Sophia Grubbs,Ark.-Monticello
2025,Brianna Converse,Ark.-Monticello
2025,Isneydy De La Rosa,Ark.-Monticello
2025,Annie Hudson,Ark.-Monticello
2025,Asaiah Littlefield,Ark.-Monticello
2025,Evalyn Dang,Ark.-Monticello
2025,Jocelyn Rios,Ark.-Monticello
2025,Kyonias Chambers,Ark.-Monticello
2025,Xaria Pearson,Ark.-Monticello
2025,Taylor Wilson,Ark.-Monticello
2025,Brooklynn Meredith,Ark.-Monticello
2025,Kaylyn Taylor,LeTourneau
2025,Emma Smith,LeTourneau
2025,Meghan Womack,LeTourneau
2025,Nora Lockhart,LeTourneau
2025,Ashlyn Walther,LeTourneau
2025,Maddy Hirneise,LeTourneau
2025,Logan Lear,LeTourneau
2025,Aidyn Love,LeTourneau
2025,Grace Talkington,LeTourneau
2025,Amya Orn,LeTourneau
2025,Elyse McKinney,LeTourneau
2025,Kylee Marksberry,LeTourneau
2025,Kassidy Meyer,LeTourneau
2025,Emily Mullin,LeTourneau
2025,Hailee Perry,LeTourneau
2025,Aubree McCann,LeTourneau
2025,Chloe Ukle,McMurry
2025,Kiley Wiechring,McMurry
2025,Alexis Dolton,McMurry
2025,Annikah Frank,McMurry
2025,Shaely Rogers,McMurry
2025,Carli Colbert,McMurry
2025,Jaidan Servati,McMurry
2025,Allison Montoya,McMurry
2025,Layleah Williams-Gibson,McMurry
2025,Marcette Williams,McMurry
2025,Rylie Patterson,McMurry
2025,Zoe Aldrich,McMurry
2025,Madi Polasek,McMurry
2025,Isabela Dorsey,McMurry
2025,Lexi Anderson,McMurry
2025,Grace Gustafson,McMurry
2025,Jyllian Phillips,McMurry
2025,Jesi Warren,McMurry
2025,Jalie Miller,McMurry
2025,Mya Krystosek,Southwest Minn. St.
2025,Kennedy Drake,Southwest Minn. St.
2025,Natalie Pilney,Southwest Minn. St.
2025,Sydney Thein,Southwest Minn. St.
2025,Gretchen Seagren,Southwest Minn. St.
2025,Delaney Vold,Southwest Minn. St.
2025,Natalie Wahl,Southwest Minn. St.
2025,Maddy Range,Southwest Minn. St.
2025,Paige Steinmetz,Southwest Minn. St.
2025,Leah Jones,Southwest Minn. St.
2025,McKenzie Tolk,Southwest Minn. St.
2025,Makenzie Sloan,Southwest Minn. St.
2025,Ashlynn Schroeder,Southwest Minn. St.
2025,Kenna Bixby,Southwest Minn. St.
2025,Emily Rohrer,Southwest Minn. St.
2025,Trevyn Smith,Southwest Minn. St.
2025,Josie Pundt,Southwest Minn. St.
2025,Karli Arkell,Southwest Minn. St.
2025,Ashley Peltier,Southwest Minn. St.
2025,Cameron Turner,Southwestern Okla.
2025,Jenna Houk,Southwestern Okla.
2025,Mackenzie Sims,Southwestern Okla.
2025,Morgan Ritchie,Southwestern Okla.
2025,Sydnee Winfrey,Southwestern Okla.
2025,Libbie Hughs,Southwestern Okla.
2025,Hailey Smith,Southwestern Okla.
2025,Paris Patterson,Southwestern Okla.
2025,Jada Permenter,Southwestern Okla.
2025,Preslee Alaniz,Southwestern Okla.
2025,Kaylyn Christy,Southwestern Okla.
2025,Katja Blanchat,Southwestern Okla.
2025,Diana Rodriguez,Chowan
2025,Brooke Hart,Chowan
2025,Jada Caruthers,Chowan
2025,Alyssa Thompson,Chowan
2025,Madison Kilgore,Chowan
2025,Jadyn Brown,Chowan
2025,Alauna Wilson-Linn,Chowan
2025,Gabriella Figueroa,Chowan
2025,Alexandra Liggeri,Chowan
2025,Madison Henderson,Chowan
2025,Lyniah Lee,Chowan
2025,Malyshia Bailey,Chowan
2025,Kiara Lopez,Chowan
2025,Rosa Lynn Collier,Chowan
2025,Isabella Kaplan,Chowan
2025,Jy’Asha Cousins,Chowan
2025,Makeda Edwards,Chowan
2025,Anna Holcombe,Chowan
2025,Hanna Virts,Chowan
2025,Nia Baskin,Chowan
2025,MiLani McGill,Chowan
2025,Kori Rippen,Chowan
2025,Ta'Jah Pittman,Chowan
2025,Marissa Till,Caltech
2025,Jeylin Lee,Caltech
2025,Stephanie Wallen,Caltech
2025,Rena Zhang,Caltech
2025,Alize Bakker,Caltech
2025,Brittany Rosario,Caltech
2025,Shreeya Thuppul,Caltech
2025,Emma Berg,Caltech
2025,Ailsa Shen,Caltech
2025,Veda Chennupati,Caltech
2025,Giulia Murgia,Caltech
2025,Noelle Wilkinson,Caltech
2025,Elexa Varden,Wis. Lutheran
2025,Emily Marohn,Wis. Lutheran
2025,Hannah Rood,Wis. Lutheran
2025,Rebecca Kjenstad,Wis. Lutheran
2025,Sofia Biesterfeld,Wis. Lutheran
2025,Lorelai Gallo,Wis. Lutheran
2025,Brooke Bartelt,Wis. Lutheran
2025,Isabel Baudhuin,Wis. Lutheran
2025,Kayla Wigley,Wis. Lutheran
2025,Lauren Charbonneau,Wis. Lutheran
2025,Brooklyn Lenz,Wis. Lutheran
2025,Willa Hollander,Wis. Lutheran
2025,Faith Smith,Wis. Lutheran
2025,Veronica Tollakson,Wis. Lutheran
2025,Makenna Burg,Wis. Lutheran
2025,Lydia Biggin,Wis. Lutheran
2025,Bree Lyons,Converse
2025,Jayden Johnson,Converse
2025,Lilli Redifer,Converse
2025,Emilia Estrada,Converse
2025,Emma Blackstar,Converse
2025,Ariel Bryant,Converse
2025,Alysha Arroyo,Converse
2025,Noemia Chiacchio,Converse
2025,Ella Ruckman,Converse
2025,Peyton Suggs,Converse
2025,Ava Trentman,Converse
2025,Alayah Robertson,Converse
2025,Landon Garbade,Converse
2025,Hannah Johnson,Converse
2025,Arianna Almonte,Converse
2025,Ariana Bryant,Converse
2025,Samiya Bolton,Converse
2025,Megan Carpenter,Converse
2025,Skylar Lambert,East Central
2025,Paula Ramos,East Central
2025,Valentina Tijerina,East Central
2025,Mia Little,East Central
2025,Peyton Spahn,East Central
2025,Seran Eran,East Central
2025,Emily Pena,East Central
2025,Emma Greenier,East Central
2025,Jaylani Evans,East Central
2025,Adelle McCormick,East Central
2025,Bailey Kaawa,East Central
2025,Faiana Halatoa,East Central
2025,Briley Marion,East Central
2025,Jayla Buford,East Central
2025,Kensington White,East Central
2025,Maleah Thurmond,East Central
2025,Macey Goodwin,East Central
2025,Morgan Menard,East Central
2025,Karielys Maldonado,East Central
2025,Blessing Uchunor,Georgian Court
2025,Ta-Marrae Sears,Georgian Court
2025,Addison Wellington,Georgian Court
2025,Maggy Hallihan,Georgian Court
2025,Saige Harvey,Georgian Court
2025,Jenna Heiser,Georgian Court
2025,Kyla Davis,Georgian Court
2025,Emily Hauptvogel,Georgian Court
2025,Ava Churnesky,Georgian Court
2025,Genesis Simanca,Georgian Court
2025,Carmen Rivera,Georgian Court
2025,Amber Gallo,Georgian Court
2025,Anna Trojan,Georgian Court
2025,Iciar Zayas,Georgian Court
2025,Brooke Bowbliss,Georgian Court
2025,Ziahna Frazier,Georgian Court
2025,Emma Gildea,Georgian Court
2025,Carsyn Cormaney,Fort Hays St.
2025,Abrey Galt,Fort Hays St.
2025,Ella Goodwin,Fort Hays St.
2025,Caiya Stucky Reyes,Fort Hays St.
2025,Annie Eaton,Fort Hays St.
2025,Haylee Wolf,Fort Hays St.
2025,Ashlyn Reeves,Fort Hays St.
2025,Kaitlyn Cure,Fort Hays St.
2025,Gracie Rains,Fort Hays St.
2025,Hope Duncan,Fort Hays St.
2025,Mylie Brown,Fort Hays St.
2025,Delaney Gish,Fort Hays St.
2025,Grace Schmedding,Fort Hays St.
2025,Avery Eshleman,Fort Hays St.
2025,Peyton Bergschneider,Fort Hays St.
2025,Kirsten Evans,Fort Hays St.
2025,Kara Feist,Fort Hays St.
2025,Lauren Clawson,Fort Hays St.
2025,Hanna Lauterbach,Mo. Southern St.
2025,Epifania Salamasina,Mo. Southern St.
2025,Reagan Ashby,Mo. Southern St.
2025,Addysen Alvis,Mo. Southern St.
2025,Kasey Goldberg,Mo. Southern St.
2025,Mataiya Barber,Mo. Southern St.
2025,Ashlee Chavez,Mo. Southern St.
2025,Tiana Simmons,Mo. Southern St.
2025,Tori Hamilton,Mo. Southern St.
2025,Brenna Weaver,Mo. Southern St.
2025,Presli Harts,Mo. Southern St.
2025,Anny Montano,Mo. Southern St.
2025,Ella Breazeale,Mo. Southern St.
2025,Fernanda Merancio,Mo. Southern St.
2025,Alana Moesch,Mo. Southern St.
2025,Hannah Allick,Mo. Southern St.
2025,Anna Weberg,Missouri Western
2025,Caylee Rowley,Missouri Western
2025,Taylor Russell,Missouri Western
2025,Hayley Barsky,Missouri Western
2025,Skylar Walters,Missouri Western
2025,Emily Loy,Missouri Western
2025,Dakota Hendricks,Missouri Western
2025,Anna Strohmeier,Missouri Western
2025,Mackenzie Peters,Missouri Western
2025,Emma Salker,Missouri Western
2025,Brooklyn Gormley,Missouri Western
2025,Trista Marx,Missouri Western
2025,Katelyn Diani-O'Day,Missouri Western
2025,Holly Heldt,Missouri Western
2025,Noelle Sutcliffe,Missouri Western
2025,Lia Graham,Missouri Western
2025,Reagan Hickey,Concordia-St. Paul
2025,Audrey Waterman,Concordia-St. Paul
2025,Makenna Nold,Concordia-St. Paul
2025,Mehlayna Straub,Concordia-St. Paul
2025,Josie Tingelhoff,Concordia-St. Paul
2025,Ellie Sieling,Concordia-St. Paul
2025,Cassie Sieling,Concordia-St. Paul
2025,Annika Swenson,Concordia-St. Paul
2025,Kaelyn Snoozy,Concordia-St. Paul
2025,Natalee Rolbiecki,Concordia-St. Paul
2025,Kelsey Cooper,Concordia-St. Paul
2025,Julia Gordon,Concordia-St. Paul
2025,Olivia Stier,Concordia-St. Paul
2025,Charlotte Koerber,Cal Poly Pomona
2025,Kaden Young,Cal Poly Pomona
2025,Kylie Leopard,Cal Poly Pomona
2025,Elle Walker,Cal Poly Pomona
2025,Rachel Mau,Cal Poly Pomona
2025,Landen Allison-Bullock,Cal Poly Pomona
2025,Kacie Caoili,Cal Poly Pomona
2025,Emeline Hudson,Cal Poly Pomona
2025,Sophie Biehler,Cal Poly Pomona
2025,Addi Knight,Cal Poly Pomona
2025,Amelia Bonnema,Cal Poly Pomona
2025,Lilinoe Spencer,Cal Poly Pomona
2025,Sarah Ybarra,Cal Poly Pomona
2025,Alexia Zammit,Cal Poly Pomona
2025,Kylie Grundman,Cal Poly Pomona
2025,Hanna Schneider,Cal Poly Pomona
2025,Alexia Athans,Cal Poly Pomona
2025,Renee Nachtigall,Cal Poly Pomona
2025,Anastacia Garza,Cal Poly Pomona
2025,Catherine Conlisk,Cal Poly Pomona
2025,Giovannina De Sisto,Cal St. Dom. Hills
2025,Ashlyn Riddle,Cal St. Dom. Hills
2025,Taylor Ditmar,Cal St. Dom. Hills
2025,Ashley Gilbert,Cal St. Dom. Hills
2025,Bailey Fuches,Cal St. Dom. Hills
2025,Nina Robles,Cal St. Dom. Hills
2025,Jade Fuentes,Cal St. Dom. Hills
2025,Ally Sokolow,Cal St. Dom. Hills
2025,Jaiden Mojica,Cal St. Dom. Hills
2025,Sophie Claudio,Cal St. Dom. Hills
2025,Ava Hurry,Cal St. Dom. Hills
2025,Grace Ford,Cal St. Dom. Hills
2025,Shyla Williams,Cal St. Dom. Hills
2025,Maelyn Ramirez,Cal St. Dom. Hills
2025,Natalia Walden-Schulz,Cal St. Dom. Hills
2025,Camryn Perdue,Cal St. Dom. Hills
2025,Anna Sanzaro,Cal St. Dom. Hills
2025,Cassie Taylor,Cal St. Dom. Hills
2025,Ashlyn Jones,Adams St.
2025,Mercy Martinez,Adams St.
2025,Rowan Tribelhorn,Adams St.
2025,Peyton Priddy,Adams St.
2025,Nora Conway,Adams St.
2025,Logan Conlin,Adams St.
2025,Taylor Matthews,Adams St.
2025,Ariel Barrera,Adams St.
2025,Natalie Gallegos,Adams St.
2025,Ella Augustaitus,Adams St.
2025,Amar'e Stout,Adams St.
2025,Makylee Wilson,Adams St.
2025,Hadleigh Richardson,Adams St.
2025,Katie Bauer,Adams St.
2025,Olivia Lunt,Adams St.
2025,Bailey Gittens,Adams St.
2025,Isabella DeLaRosa,Adams St.
2025,Ellie Miller,Adams St.
2025,Haedyn Heyes,Cal St. San Bernardino
2025,Sarai Ross,Cal St. San Bernardino
2025,Allison Legates,Cal St. San Bernardino
2025,Jordan Cherniss,Cal St. San Bernardino
2025,Charli Blackman,Cal St. San Bernardino
2025,Makenna Tillman,Cal St. San Bernardino
2025,Birdie Alford,Cal St. San Bernardino
2025,McKenna Edwards,Cal St. San Bernardino
2025,M'Kera Drake,Cal St. San Bernardino
2025,Savannah Hoffmann,Cal St. San Bernardino
2025,Kailey Ethington,Cal St. San Bernardino
2025,Abbey Clarke,Cal St. San Bernardino
2025,Amy Herman,Cal St. San Bernardino
2025,Cali Tirado,Cal St. San Bernardino
2025,Kacie Pedersen,Cal St. San Bernardino
2025,Kisa Sagiao,Cal St. San Bernardino
2025,Jaiden Van Horn,Cal St. San Bernardino
2025,Jayden Chornomud,Cal St. San Bernardino
2025,Olivia Rohrbaugh,Alvernia
2025,Melina Stinsky,Alvernia
2025,Christianna Figurelli,Alvernia
2025,Presley Carnes,Alvernia
2025,Allie Evangelista,Alvernia
2025,Caroline Buggy,Alvernia
2025,Kendall Miller,Alvernia
2025,Allison Wolf,Alvernia
2025,Hailey McDevitt,Alvernia
2025,Angelina Salera,Alvernia
2025,Emma Remaley,Alvernia
2025,Marli Emrich,Alvernia
2025,Aubrey Mundy,Alvernia
2025,Erika Hernandez,Arkansas Tech
2025,Emma Kiser,Arkansas Tech
2025,Kariela Torres,Arkansas Tech
2025,Samantha Wojtowicz,Arkansas Tech
2025,Kaitlyn Hanger,Arkansas Tech
2025,Alex Newland,Arkansas Tech
2025,Amy Hernandez,Arkansas Tech
2025,Juliana Borchers,Arkansas Tech
2025,Henley Hooks,Arkansas Tech
2025,Erica Vogel,Arkansas Tech
2025,Kenzie Garrett,Arkansas Tech
2025,Millie Allgood,Arkansas Tech
2025,Karis Brinlee,Arkansas Tech
2025,Aspen Jankowski,Arkansas Tech
2025,Allison Jackson,Arkansas Tech
2025,Karlly Dillard,Arkansas Tech
2025,Carson Thiebaud,Arkansas Tech
2025,Savannah Meyer,Arkansas Tech
2025,BryAnna Young,Arkansas Tech
2025,Jessica Ortiz,Chico St.
2025,Sally Winnacker,Chico St.
2025,Lexi Presser,Chico St.
2025,Jessie Camarillo,Chico St.
2025,Catalina Trautner,Chico St.
2025,Brynna Geibel,Chico St.
2025,Hayley Frushon,Chico St.
2025,Kassandra Nall,Chico St.
2025,Sinam Minasian,Chico St.
2025,Cashe Olswang,Chico St.
2025,Maria Wahl,Chico St.
2025,Kailie Flores,Chico St.
2025,Marley Harrison,Chico St.
2025,Claire Nordeen,Chico St.
2025,Wyievee Binda,Chico St.
2025,Gwyneth Wentzel,Chico St.
2025,Jillian Davis,Chico St.
2025,Caitlyn Eichhorst,Chico St.
2025,Kylie Matthews,Chico St.
2025,Sophia Heller,Chico St.
2025,Paola De La Cruz,Bard
2025,Alex Beer,Bard
2025,Evalina Kim,Bard
2025,Carmen Merrick,Bard
2025,Ava Rhinehart,Bard
2025,Xenia Vassou,Bard
2025,Nyla Lawrence,Bard
2025,Becca Wintjen,Bard
2025,Fernanda Julian,Bard
2025,Ninni Ylenius,Bard
2025,Annika Flittie,Bard
2025,Ella Small,Bard
2025,Gia Gomez,Bard
2025,Olivia Spencer,West Va. Wesleyan
2025,Lisdarelyn Grassals,West Va. Wesleyan
2025,Alivia Evans,West Va. Wesleyan
2025,Malaysia Jackson,West Va. Wesleyan
2025,Bethel Shimelis,West Va. Wesleyan
2025,Arianna Crowley,West Va. Wesleyan
2025,Mia Myers,West Va. Wesleyan
2025,Nadia Toussaint,West Va. Wesleyan
2025,Emma Edwards,West Va. Wesleyan
2025,Lacey Guthrie,West Va. Wesleyan
2025,Sydnee Clark,West Va. Wesleyan
2025,Emonie Fennell,West Va. Wesleyan
2025,Kylie Chipps,West Va. Wesleyan
2025,Sydney Workman,West Va. Wesleyan
2025,Meah Doll,West Va. Wesleyan
2025,Sabrina Carleton,West Va. Wesleyan
2025,Faith Grafton,West Va. Wesleyan
2025,Leah Myers,West Va. Wesleyan
2025,Emily Denison,West Va. Wesleyan
2025,Jayna Fabery,West Va. Wesleyan
2025,Alexis Moeschler,West Va. Wesleyan
2025,Claire Wheeler,West Va. Wesleyan
2025,Rae Rupert,West Va. Wesleyan
2025,Braeden Wall,West Va. Wesleyan
2025,Alexandra Mattey,West Va. Wesleyan
2025,Julia Territ,West Va. Wesleyan
2025,Bhrooke Axe,West Va. Wesleyan
2025,Ava Territ,West Va. Wesleyan
2025,MacKenna Halfin,West Va. Wesleyan
2025,Megan Kopp,West Va. Wesleyan
2025,Devon Young,Arcadia
2025,Nina Corazo,Arcadia
2025,Anna Keer,Arcadia
2025,Juliana Bockhaus,Arcadia
2025,Kelsi Warner,Arcadia
2025,Bryana Saenz,Arcadia
2025,Callie McGuire,Arcadia
2025,Kailyn Riggi,Arcadia
2025,Sarah Baker,Arcadia
2025,Julia Archelle,Arcadia
2025,Sydney Steiner,Arcadia
2025,Hannah Fryer,Arcadia
2025,Julianna Lloyd,Arcadia
2025,Maddie Gavin Ruple,Arcadia
2025,Chana Rothschild,Arcadia
2025,Hannah Sanchez,Arcadia
2025,Alliy Kulas,Arcadia
2025,Kylie Strange,Arcadia
2025,Stella Weisbrod,Embry-Riddle (FL)
2025,Ashlyn Koerner,Embry-Riddle (FL)
2025,Fifi Harvey,Embry-Riddle (FL)
2025,Kailey Hrbek,Embry-Riddle (FL)
2025,Dakota Zieman,Embry-Riddle (FL)
2025,Isabella Rujano,Embry-Riddle (FL)
2025,Gabriela Pagan,Embry-Riddle (FL)
2025,Olivia Hartmann,Embry-Riddle (FL)
2025,Dana Gibbons,Embry-Riddle (FL)
2025,Ashley Lunt,Embry-Riddle (FL)
2025,Haley Manjack,Embry-Riddle (FL)
2025,Grace Datil,Embry-Riddle (FL)
2025,Ruby Owen,Embry-Riddle (FL)
2025,Lexie Hage,Embry-Riddle (FL)
2025,Alyssa Wells,St. Elizabeth
2025,Dadlyna Louis,St. Elizabeth
2025,Marissa Jean Baptiste,St. Elizabeth
2025,Sienna Volpe,St. Elizabeth
2025,Amiyah Freeman,St. Elizabeth
2025,Ericka Menaling Trajano,St. Elizabeth
2025,Sophie Galchus,St. Elizabeth
2025,Mia Gonzales,St. Elizabeth
2025,Milliana Senescat,St. Elizabeth
2025,Marissa Heimbaugh,St. Elizabeth
2025,Victoria Compton,St. Elizabeth
2025,Kara Schmit,Berry
2025,Andrea Hurt,Berry
2025,Cadence Maxfield,Berry
2025,Ryn Gaertner,Berry
2025,Hope Kimsey,Berry
2025,Ailee England,Berry
2025,Madie Whitehead,Berry
2025,Cali Armstead,Berry
2025,Keira Kruk,Berry
2025,Izzy Baldwin,Berry
2025,Kat Kelyman,Berry
2025,Maddie Dahl,Berry
2025,Natalie Erickson,Berry
2025,Caroline Hilton,Berry
2025,Blakely Barnes,Berry
2025,Lura Underwood,Berry
2025,Annaliese Neal,Berry
2025,Ava Brovet,Berry
2025,Shelby Harris,Berry
2025,Nicole Martin,UC-Colo. Springs
2025,Michelle Fredrick,UC-Colo. Springs
2025,Alysse Marcoso,UC-Colo. Springs
2025,Maylen Mitrovich,UC-Colo. Springs
2025,Sydnee Walker,UC-Colo. Springs
2025,Audrey Dowd,UC-Colo. Springs
2025,Payton Tompkins,UC-Colo. Springs
2025,Piper DeRuiter,UC-Colo. Springs
2025,Sydney Hyde,UC-Colo. Springs
2025,Charlette Albers,UC-Colo. Springs
2025,Mackenzie Ransom,UC-Colo. Springs
2025,Addison Humphrey,UC-Colo. Springs
2025,Rylee Pitts,UC-Colo. Springs
2025,Kiya Johnson,UC-Colo. Springs
2025,Kinley Gomez,UC-Colo. Springs
2025,Karlee Pinell,UC-Colo. Springs
2025,Rebeca Freitas,Cal St. East Bay
2025,Gianna Navarro,Cal St. East Bay
2025,Kale'a Kuamo'o,Cal St. East Bay
2025,Gisele Garcia,Cal St. East Bay
2025,Trinity Cox,Cal St. East Bay
2025,Barakat Adekola,Cal St. East Bay
2025,Jada Stone,Cal St. East Bay
2025,Fane Paua,Cal St. East Bay
2025,Brooklynne Traficante,Cal St. East Bay
2025,Kaitea Galletes,Cal St. East Bay
2025,Makaiya Gerhardt,Cal St. East Bay
2025,Alyssa Zaragoza,Cal St. East Bay
2025,Pi'ilani Carvalho,Cal St. East Bay
2025,Makena Sacks,Cal St. East Bay
2025,Natali Herrera,Cal St. East Bay
2025,Malayah Adams,Cal St. East Bay
2025,Lauren Au,Cal St. East Bay
2025,Jordyn Taylor,Bluefield St.
2025,Rosalyn Nightingale,Bluefield St.
2025,Maya Morales,Bluefield St.
2025,Londyn Sewer,Bluefield St.
2025,Allyson Martin,Bluefield St.
2025,Nnea Williams,Bluefield St.
2025,Soniya Garner,Bluefield St.
2025,Tessa Heffner,Bluefield St.
2025,Lilly Gray,Bluefield St.
2025,Eniyah Williams,Bluefield St.
2025,Gabrielle Hale,Bluefield St.
2025,Kaileigh Solis,Bluefield St.
2025,Dynasty Andrews,Bluefield St.
2025,Callesta Styles,Bluefield St.
2025,Jordan Mack,Caldwell
2025,Stephanie Ramos,Caldwell
2025,Marley Rudolph,Caldwell
2025,Alexa McEwan,Caldwell
2025,Sienna Reddell,Caldwell
2025,Andrea Enabosi,Caldwell
2025,Kaybri Lowry,Caldwell
2025,Ava Railton,Caldwell
2025,Torrien Jones,Caldwell
2025,Olivia Oakley,Caldwell
2025,Wyette Schubert-Brown,Caldwell
2025,Summer Ciresi,Caldwell
2025,Alexis Nowak,Caldwell
2025,Grace Moliterno,Caldwell
2025,Kornelia Wszolek,Caldwell
2025,Meredith Gatz,Caldwell
2025,Brooke Cvitkovic,Caldwell
2025,Tatum Gehring,Cameron
2025,Rachael White,Cameron
2025,Serah Woosley,Cameron
2025,Kayla Quintana,Cameron
2025,Mavery Salisbury,Cameron
2025,Kayla Eggiman,Cameron
2025,Hailey Baker,Cameron
2025,Jennifer Valdez,Cameron
2025,Shelby Rusch,Cameron
2025,Haley Beggs,Cameron
2025,Addison McClure,Cameron
2025,Clarissa Galindo,Cameron
2025,Gabby Reynolds,Cameron
2025,Presleigh Roest,Cameron
2025,Anastasija Andelic,Cameron
2025,Maria Osorio,Cameron
2025,Ashlyn Yarbrough,Cameron
2025,Hadassah Rivera,Valley Forge
2025,Issy Davila,Valley Forge
2025,Sierra Brown,Valley Forge
2025,Mattayah Lyndaker,Valley Forge
2025,Elizabeth Moore,Valley Forge
2025,Ally Greco,Valley Forge
2025,Abigail Sumego,Valley Forge
2025,Peyton McCray,Valley Forge
2025,Abigail Risi,Valley Forge
2025,Clarissa Lockman,Valley Forge
2025,Unique Castilho,Valley Forge
2025,Alyssa Thumma,Valley Forge
2025,Areigna Dales,Valley Forge
2025,Molly Wright,Pfeiffer
2025,Kelsey Hussey,Pfeiffer
2025,Lannah Huneycutt,Pfeiffer
2025,Ariyan Ford,Pfeiffer
2025,Gabi Gama,Pfeiffer
2025,Shelby Belk,Pfeiffer
2025,Gabby Edwards,Pfeiffer
2025,Marina Mueller,Pfeiffer
2025,Abby Lewis,Pfeiffer
2025,Elisa Landaverde,Pfeiffer
2025,Faith Miller,Pfeiffer
2025,Meagan Mowrey,Pfeiffer
2025,Kennysan Meeks,Pfeiffer
2025,Ellen Butner,Pfeiffer
2025,Rachel Helms,Pfeiffer
2025,Jada Thomas,Pfeiffer
2025,Grace Nelson,Pfeiffer
2025,Anasty Faavesi,Pfeiffer
2025,Haedyn McGrath,Pfeiffer
2025,Kady Collins,Pfeiffer
2025,Brynne Varsamis,Pfeiffer
2025,Madison Tate,Pfeiffer
2025,Karmen Rion,Pfeiffer
2024,Indigo Young,Clemson
2024,Kennedy Wagner,Clemson
2024,Maggie Patterson,Clemson
2024,Lejla Sara Hadžiredžepović,Clemson
2024,Katherine Sandt,Clemson
2024,Aźyah Dailey,Clemson
2024,Becca Micelle,Clemson
2024,Ava Hewitt,Clemson
2024,Addi Rains,Clemson
2024,Claire Luoma,Clemson
2024,Taylor Bahnub,Clemson
2024,Audrey Armbruster,Clemson
2024,Kate Simington,Clemson
2024,Devan Taylor,Clemson
2024,Kate Hansen,Clemson
2024,Sophie Catalano,Clemson
2024,Mia Moore,Clemson
2024,Mia McGrath,Clemson
2024,Neea-Maria Joki,Clemson
2024,Katie Hurta,Clemson
2024,McKenna Gildon,Clemson
2024,Caroline Sele,Clemson
2023,Devin McCormack,Middlebury
2023,Campbell Keller,Middlebury
2023,Molly MacDonald,Middlebury
2023,Lillian Caldwell,Middlebury
2023,Lauren Baxter,Middlebury
2023,Ava Tuccio,Middlebury
2023,Molly Harrison,Middlebury
2023,Sophie Fisher,Middlebury
2023,Kinaree Eichner,Middlebury
2023,Gabby Pribisich,Middlebury
2023,Campbell Bartley,Middlebury
2023,Sophie Horn,Middlebury
2023,Annabella Rando,Middlebury
2023,Ella Beebe,Middlebury
2023,Nora Harapat,Middlebury
2023,Caroline Byrne,Middlebury
2023,Kendall Hickey,Ohio
2023,Gentry Brown,Ohio
2023,Torre Kildow,Ohio
2023,Mady Long,Ohio
2023,Caroline Curran,Ohio
2023,Cienna Lapsley,Ohio
2023,Lexi Grissett,Ohio
2023,Leah Rogers,Ohio
2023,Emily Waddell,Ohio
2023,Kendall White,Ohio
2023,Bryn Janke,Ohio
2023,Sierra Evans,Ohio
2023,Darbi Ricketts,Ohio
2023,Bailey Blair,Ohio
2023,Lacy Marx,Ohio
2023,Olivia Gardner,Ohio
2023,Isabella Dillman,UNC Pembroke
2023,McKenna Hayes,UNC Pembroke
2023,Emily Collings,UNC Pembroke
2023,Savannah Whaley,UNC Pembroke
2023,Brette Doile,UNC Pembroke
2023,Anaya Carter,UNC Pembroke
2023,Ivana Coker,UNC Pembroke
2023,Abby Peduzzi,UNC Pembroke
2023,Caterina Coronelli,UNC Pembroke
2023,Katelynn Swain,UNC Pembroke
2023,Deorri Gaines,UNC Pembroke
2023,Addie Decker,UNC Pembroke
2023,Savannah Jackson,UNC Pembroke
2023,Tyler Patterson,UNC Pembroke
2023,Alexandria Mills,UNC Pembroke
2023,Cameron Grange,Rollins
2023,Jenna Garza,Rollins
2023,Morgan Coughlin,Rollins
2023,Kyla Krimmel,Rollins
2023,Molly Morris,Rollins
2023,Marta Tsaneva,Rollins
2023,Lelolai Paulino-Dinzey,Rollins
2023,Addilyn Kegerreis,Rollins
2023,Kai Hazelett,Rollins
2023,Vivian Scuteri,Rollins
2023,Robinson Repass,Rollins
2023,Kendra Nachtrieb,Rollins
2023,Kayla Goodloe,Rollins
2023,Emma Gongora,Rollins
2023,Makayla Moran,Rollins
2023,Tawnee Shaw,Rollins
2023,Sarah Seabrooke,Rollins
2023,Willow Barron,Rollins
2023,Elena Arnold,Rollins
2023,Rylee Yarborough,Rollins
